pair_id,model_a,model_b,family,fold_id,val_year,status,matched_rows,unmatched_rows,metric_name,mean_delta,median_delta,ci_lower,ci_upper,frac_improved,frac_worse,unit_of_inference,raw_p,adjusted_p,test_method,is_significant_raw_05,is_significant_adj_05
arrival_linear_baseline_v1__vs__arrival_random_forest_baseline_v1__fold_1,arrival_linear_baseline_v1,arrival_random_forest_baseline_v1,point_regression,fold_1,2019,COMPLETED,4000,0,delta_mae,1.2486,0.674,0.9678,1.5271,0.4582,0.5417,day_cluster,0.001,0.01,day_cluster_bootstrap,True,True
arrival_linear_baseline_v1__vs__arrival_random_forest_baseline_v1__fold_1,arrival_linear_baseline_v1,arrival_random_forest_baseline_v1,point_regression,fold_1,2019,COMPLETED,4000,0,delta_rmse,0.6563,0.6687,0.3524,1.0377,0.0,1.0,fold_population,0.001,0.01,paired_bootstrap_test,True,True
arrival_linear_baseline_v1__vs__arrival_random_forest_baseline_v1__fold_1,arrival_linear_baseline_v1,arrival_random_forest_baseline_v1,point_regression,fold_1,2019,COMPLETED,4000,0,delta_r2,-0.0331,-0.0342,-0.0617,-0.0156,0.0,1.0,fold_population,0.001,0.01,paired_bootstrap_test,True,True
arrival_linear_baseline_v1__vs__arrival_random_forest_baseline_v1__fold_1,arrival_linear_baseline_v1,arrival_random_forest_baseline_v1,point_classification,fold_1,2019,COMPLETED,4000,0,delta_brier,0.0351,0.0309,0.0317,0.0385,0.3703,0.6298,day_cluster,0.001,0.01,day_cluster_bootstrap,True,True
arrival_linear_baseline_v1__vs__arrival_random_forest_baseline_v1__fold_1,arrival_linear_baseline_v1,arrival_random_forest_baseline_v1,point_classification,fold_1,2019,COMPLETED,4000,0,delta_log_score,0.0748,0.0665,0.0673,0.0821,0.3703,0.6298,day_cluster,0.001,0.01,day_cluster_bootstrap,True,True
arrival_linear_baseline_v1__vs__arrival_random_forest_baseline_v1__fold_1,arrival_linear_baseline_v1,arrival_random_forest_baseline_v1,point_classification,fold_1,2019,COMPLETED,4000,0,delta_pr_auc,-0.0266,-0.0259,-0.0459,-0.007,0.002,0.998,fold_population,0.007984,0.071856,paired_bootstrap_test,True,False
arrival_linear_baseline_v1__vs__arrival_hist_gradient_boosting_baseline_v1__fold_1,arrival_linear_baseline_v1,arrival_hist_gradient_boosting_baseline_v1,point_regression,fold_1,2019,COMPLETED,4000,0,delta_mae,1.8375,1.2222,1.5447,2.1368,0.4255,0.5745,day_cluster,0.001,0.01,day_cluster_bootstrap,True,True
arrival_linear_baseline_v1__vs__arrival_hist_gradient_boosting_baseline_v1__fold_1,arrival_linear_baseline_v1,arrival_hist_gradient_boosting_baseline_v1,point_regression,fold_1,2019,COMPLETED,4000,0,delta_rmse,0.7449,0.7597,0.4381,1.1407,0.0,1.0,fold_population,0.001,0.01,paired_bootstrap_test,True,True
arrival_linear_baseline_v1__vs__arrival_hist_gradient_boosting_baseline_v1__fold_1,arrival_linear_baseline_v1,arrival_hist_gradient_boosting_baseline_v1,point_regression,fold_1,2019,COMPLETED,4000,0,delta_r2,-0.0376,-0.0384,-0.0679,-0.0196,0.0,1.0,fold_population,0.001,0.01,paired_bootstrap_test,True,True
arrival_linear_baseline_v1__vs__arrival_hist_gradient_boosting_baseline_v1__fold_1,arrival_linear_baseline_v1,arrival_hist_gradient_boosting_baseline_v1,point_classification,fold_1,2019,COMPLETED,4000,0,delta_brier,0.0292,0.0263,0.0254,0.0331,0.4032,0.5968,day_cluster,0.001,0.01,day_cluster_bootstrap,True,True
arrival_linear_baseline_v1__vs__arrival_hist_gradient_boosting_baseline_v1__fold_1,arrival_linear_baseline_v1,arrival_hist_gradient_boosting_baseline_v1,point_classification,fold_1,2019,COMPLETED,4000,0,delta_log_score,0.0629,0.0585,0.0545,0.0712,0.4032,0.5968,day_cluster,0.001,0.01,day_cluster_bootstrap,True,True
arrival_linear_baseline_v1__vs__arrival_hist_gradient_boosting_baseline_v1__fold_1,arrival_linear_baseline_v1,arrival_hist_gradient_boosting_baseline_v1,point_classification,fold_1,2019,COMPLETED,4000,0,delta_pr_auc,-0.0212,-0.0201,-0.0393,-0.0015,0.02,0.98,fold_population,0.043912,0.263472,paired_bootstrap_test,True,False
arrival_linear_baseline_v1__vs__arrival_xgboost_baseline_v1__fold_1,arrival_linear_baseline_v1,arrival_xgboost_baseline_v1,point_regression,fold_1,2019,COMPLETED,4000,0,delta_mae,0.3099,0.6713,-0.0243,0.6489,0.4657,0.5343,day_cluster,0.067966,0.067966,day_cluster_bootstrap,False,False
arrival_linear_baseline_v1__vs__arrival_xgboost_baseline_v1__fold_1,arrival_linear_baseline_v1,arrival_xgboost_baseline_v1,point_regression,fold_1,2019,COMPLETED,4000,0,delta_rmse,-0.4075,-0.4076,-0.7367,-0.0564,0.9875,0.0125,fold_population,0.025987,0.051974,paired_bootstrap_test,True,False
arrival_linear_baseline_v1__vs__arrival_xgboost_baseline_v1__fold_1,arrival_linear_baseline_v1,arrival_xgboost_baseline_v1,point_regression,fold_1,2019,COMPLETED,4000,0,delta_r2,0.0208,0.021,0.0031,0.0382,0.9875,0.0125,fold_population,0.025987,0.051974,paired_bootstrap_test,True,False
arrival_linear_baseline_v1__vs__arrival_xgboost_baseline_v1__fold_1,arrival_linear_baseline_v1,arrival_xgboost_baseline_v1,point_classification,fold_1,2019,COMPLETED,4000,0,delta_brier,0.0406,0.0406,0.0364,0.0445,0.3548,0.6452,day_cluster,0.001,0.01,day_cluster_bootstrap,True,True
arrival_linear_baseline_v1__vs__arrival_xgboost_baseline_v1__fold_1,arrival_linear_baseline_v1,arrival_xgboost_baseline_v1,point_classification,fold_1,2019,COMPLETED,4000,0,delta_log_score,0.0872,0.0919,0.0781,0.096,0.3548,0.6452,day_cluster,0.001,0.01,day_cluster_bootstrap,True,True
arrival_linear_baseline_v1__vs__arrival_xgboost_baseline_v1__fold_1,arrival_linear_baseline_v1,arrival_xgboost_baseline_v1,point_classification,fold_1,2019,COMPLETED,4000,0,delta_pr_auc,-0.0138,-0.0127,-0.0319,0.007,0.096,0.904,fold_population,0.195609,0.8782449999999999,paired_bootstrap_test,False,False
arrival_linear_baseline_v1__vs__arrival_weighted_ensemble_v1__fold_1,arrival_linear_baseline_v1,arrival_weighted_ensemble_v1,point_regression,fold_1,2019,COMPLETED,4000,0,delta_mae,1.0854,0.7874,0.8618,1.3105,0.4303,0.5697,day_cluster,0.001,0.01,day_cluster_bootstrap,True,True
arrival_linear_baseline_v1__vs__arrival_weighted_ensemble_v1__fold_1,arrival_linear_baseline_v1,arrival_weighted_ensemble_v1,point_regression,fold_1,2019,COMPLETED,4000,0,delta_rmse,0.5423,0.5558,0.2898,0.8579,0.0,1.0,fold_population,0.001,0.01,paired_bootstrap_test,True,True
arrival_linear_baseline_v1__vs__arrival_weighted_ensemble_v1__fold_1,arrival_linear_baseline_v1,arrival_weighted_ensemble_v1,point_regression,fold_1,2019,COMPLETED,4000,0,delta_r2,-0.0274,-0.0284,-0.0512,-0.0127,0.0,1.0,fold_population,0.001,0.01,paired_bootstrap_test,True,True
arrival_linear_baseline_v1__vs__arrival_weighted_ensemble_v1__fold_1,arrival_linear_baseline_v1,arrival_weighted_ensemble_v1,point_classification,fold_1,2019,COMPLETED,4000,0,delta_brier,0.0302,0.0255,0.0275,0.0329,0.3675,0.6325,day_cluster,0.001,0.01,day_cluster_bootstrap,True,True
arrival_linear_baseline_v1__vs__arrival_weighted_ensemble_v1__fold_1,arrival_linear_baseline_v1,arrival_weighted_ensemble_v1,point_classification,fold_1,2019,COMPLETED,4000,0,delta_log_score,0.0645,0.0558,0.0584,0.0704,0.3675,0.6325,day_cluster,0.001,0.01,day_cluster_bootstrap,True,True
arrival_linear_baseline_v1__vs__arrival_weighted_ensemble_v1__fold_1,arrival_linear_baseline_v1,arrival_weighted_ensemble_v1,point_classification,fold_1,2019,COMPLETED,4000,0,delta_pr_auc,-0.0233,-0.0227,-0.0401,-0.0063,0.0,1.0,fold_population,0.003992,0.03992,paired_bootstrap_test,True,True
arrival_random_forest_baseline_v1__vs__arrival_hist_gradient_boosting_baseline_v1__fold_1,arrival_random_forest_baseline_v1,arrival_hist_gradient_boosting_baseline_v1,point_regression,fold_1,2019,COMPLETED,4000,0,delta_mae,0.5889,0.5188,0.468,0.7099,0.437,0.563,day_cluster,0.001,0.01,day_cluster_bootstrap,True,True
arrival_random_forest_baseline_v1__vs__arrival_hist_gradient_boosting_baseline_v1__fold_1,arrival_random_forest_baseline_v1,arrival_hist_gradient_boosting_baseline_v1,point_regression,fold_1,2019,COMPLETED,4000,0,delta_rmse,0.0886,0.0899,-0.0412,0.2079,0.0895,0.9105,fold_population,0.17991,0.17991,paired_bootstrap_test,False,False
arrival_random_forest_baseline_v1__vs__arrival_hist_gradient_boosting_baseline_v1__fold_1,arrival_random_forest_baseline_v1,arrival_hist_gradient_boosting_baseline_v1,point_regression,fold_1,2019,COMPLETED,4000,0,delta_r2,-0.0044,-0.0045,-0.0111,0.0022,0.0895,0.9105,fold_population,0.17991,0.17991,paired_bootstrap_test,False,False
arrival_random_forest_baseline_v1__vs__arrival_hist_gradient_boosting_baseline_v1__fold_1,arrival_random_forest_baseline_v1,arrival_hist_gradient_boosting_baseline_v1,point_classification,fold_1,2019,COMPLETED,4000,0,delta_brier,-0.0059,-0.0025,-0.0076,-0.0041,0.5238,0.4763,day_cluster,0.001,0.01,day_cluster_bootstrap,True,True
arrival_random_forest_baseline_v1__vs__arrival_hist_gradient_boosting_baseline_v1__fold_1,arrival_random_forest_baseline_v1,arrival_hist_gradient_boosting_baseline_v1,point_classification,fold_1,2019,COMPLETED,4000,0,delta_log_score,-0.0119,-0.0055,-0.0156,-0.0082,0.5238,0.4763,day_cluster,0.001,0.01,day_cluster_bootstrap,True,True
arrival_random_forest_baseline_v1__vs__arrival_hist_gradient_boosting_baseline_v1__fold_1,arrival_random_forest_baseline_v1,arrival_hist_gradient_boosting_baseline_v1,point_classification,fold_1,2019,COMPLETED,4000,0,delta_pr_auc,0.0054,0.006,-0.0043,0.0158,0.844,0.156,fold_population,0.315369,0.946107,paired_bootstrap_test,False,False
arrival_random_forest_baseline_v1__vs__arrival_xgboost_baseline_v1__fold_1,arrival_random_forest_baseline_v1,arrival_xgboost_baseline_v1,point_regression,fold_1,2019,COMPLETED,4000,0,delta_mae,-0.9386,-0.1104,-1.137,-0.7432,0.5108,0.4893,day_cluster,0.001,0.01,day_cluster_bootstrap,True,True
arrival_random_forest_baseline_v1__vs__arrival_xgboost_baseline_v1__fold_1,arrival_random_forest_baseline_v1,arrival_xgboost_baseline_v1,point_regression,fold_1,2019,COMPLETED,4000,0,delta_rmse,-1.0638,-1.0701,-1.3381,-0.8589,1.0,0.0,fold_population,0.001,0.01,paired_bootstrap_test,True,True
arrival_random_forest_baseline_v1__vs__arrival_xgboost_baseline_v1__fold_1,arrival_random_forest_baseline_v1,arrival_xgboost_baseline_v1,point_regression,fold_1,2019,COMPLETED,4000,0,delta_r2,0.054,0.0548,0.0391,0.0805,1.0,0.0,fold_population,0.001,0.01,paired_bootstrap_test,True,True
arrival_random_forest_baseline_v1__vs__arrival_xgboost_baseline_v1__fold_1,arrival_random_forest_baseline_v1,arrival_xgboost_baseline_v1,point_classification,fold_1,2019,COMPLETED,4000,0,delta_brier,0.0055,0.0122,0.0035,0.0075,0.4103,0.5897,day_cluster,0.001,0.01,day_cluster_bootstrap,True,True
arrival_random_forest_baseline_v1__vs__arrival_xgboost_baseline_v1__fold_1,arrival_random_forest_baseline_v1,arrival_xgboost_baseline_v1,point_classification,fold_1,2019,COMPLETED,4000,0,delta_log_score,0.0124,0.0277,0.0079,0.0169,0.4103,0.5897,day_cluster,0.001,0.01,day_cluster_bootstrap,True,True
arrival_random_forest_baseline_v1__vs__arrival_xgboost_baseline_v1__fold_1,arrival_random_forest_baseline_v1,arrival_xgboost_baseline_v1,point_classification,fold_1,2019,COMPLETED,4000,0,delta_pr_auc,0.0128,0.0131,0.0017,0.0251,0.99,0.01,fold_population,0.023952,0.167664,paired_bootstrap_test,True,False
arrival_random_forest_baseline_v1__vs__arrival_weighted_ensemble_v1__fold_1,arrival_random_forest_baseline_v1,arrival_weighted_ensemble_v1,point_regression,fold_1,2019,COMPLETED,4000,0,delta_mae,-0.1632,0.0097,-0.2648,-0.0625,0.4988,0.5012,day_cluster,0.002999,0.01,day_cluster_bootstrap,True,True
arrival_random_forest_baseline_v1__vs__arrival_weighted_ensemble_v1__fold_1,arrival_random_forest_baseline_v1,arrival_weighted_ensemble_v1,point_regression,fold_1,2019,COMPLETED,4000,0,delta_rmse,-0.114,-0.1141,-0.212,-0.0259,0.995,0.005,fold_population,0.010995,0.032985,paired_bootstrap_test,True,True
arrival_random_forest_baseline_v1__vs__arrival_weighted_ensemble_v1__fold_1,arrival_random_forest_baseline_v1,arrival_weighted_ensemble_v1,point_regression,fold_1,2019,COMPLETED,4000,0,delta_r2,0.0057,0.0057,0.0013,0.0121,0.995,0.005,fold_population,0.010995,0.032985,paired_bootstrap_test,True,True
arrival_random_forest_baseline_v1__vs__arrival_weighted_ensemble_v1__fold_1,arrival_random_forest_baseline_v1,arrival_weighted_ensemble_v1,point_classification,fold_1,2019,COMPLETED,4000,0,delta_brier,-0.0049,-0.0048,-0.006,-0.0038,0.5583,0.4417,day_cluster,0.001,0.01,day_cluster_bootstrap,True,True
arrival_random_forest_baseline_v1__vs__arrival_weighted_ensemble_v1__fold_1,arrival_random_forest_baseline_v1,arrival_weighted_ensemble_v1,point_classification,fold_1,2019,COMPLETED,4000,0,delta_log_score,-0.0103,-0.0105,-0.0127,-0.0079,0.5583,0.4417,day_cluster,0.001,0.01,day_cluster_bootstrap,True,True
arrival_random_forest_baseline_v1__vs__arrival_weighted_ensemble_v1__fold_1,arrival_random_forest_baseline_v1,arrival_weighted_ensemble_v1,point_classification,fold_1,2019,COMPLETED,4000,0,delta_pr_auc,0.0033,0.0034,-0.0052,0.0113,0.768,0.232,fold_population,0.467066,0.946107,paired_bootstrap_test,False,False
arrival_hist_gradient_boosting_baseline_v1__vs__arrival_xgboost_baseline_v1__fold_1,arrival_hist_gradient_boosting_baseline_v1,arrival_xgboost_baseline_v1,point_regression,fold_1,2019,COMPLETED,4000,0,delta_mae,-1.5275,-0.5961,-1.7411,-1.3236,0.5575,0.4425,day_cluster,0.001,0.01,day_cluster_bootstrap,True,True
arrival_hist_gradient_boosting_baseline_v1__vs__arrival_xgboost_baseline_v1__fold_1,arrival_hist_gradient_boosting_baseline_v1,arrival_xgboost_baseline_v1,point_regression,fold_1,2019,COMPLETED,4000,0,delta_rmse,-1.1524,-1.1597,-1.4293,-0.9278,1.0,0.0,fold_population,0.001,0.01,paired_bootstrap_test,True,True
arrival_hist_gradient_boosting_baseline_v1__vs__arrival_xgboost_baseline_v1__fold_1,arrival_hist_gradient_boosting_baseline_v1,arrival_xgboost_baseline_v1,point_regression,fold_1,2019,COMPLETED,4000,0,delta_r2,0.0584,0.0592,0.0427,0.0864,1.0,0.0,fold_population,0.001,0.01,paired_bootstrap_test,True,True
arrival_hist_gradient_boosting_baseline_v1__vs__arrival_xgboost_baseline_v1__fold_1,arrival_hist_gradient_boosting_baseline_v1,arrival_xgboost_baseline_v1,point_classification,fold_1,2019,COMPLETED,4000,0,delta_brier,0.0114,0.0142,0.0092,0.0134,0.3985,0.6015,day_cluster,0.001,0.01,day_cluster_bootstrap,True,True
arrival_hist_gradient_boosting_baseline_v1__vs__arrival_xgboost_baseline_v1__fold_1,arrival_hist_gradient_boosting_baseline_v1,arrival_xgboost_baseline_v1,point_classification,fold_1,2019,COMPLETED,4000,0,delta_log_score,0.0244,0.033,0.0196,0.0288,0.3985,0.6015,day_cluster,0.001,0.01,day_cluster_bootstrap,True,True
arrival_hist_gradient_boosting_baseline_v1__vs__arrival_xgboost_baseline_v1__fold_1,arrival_hist_gradient_boosting_baseline_v1,arrival_xgboost_baseline_v1,point_classification,fold_1,2019,COMPLETED,4000,0,delta_pr_auc,0.0074,0.0077,-0.0031,0.0182,0.914,0.086,fold_population,0.175649,0.8782449999999999,paired_bootstrap_test,False,False
arrival_hist_gradient_boosting_baseline_v1__vs__arrival_weighted_ensemble_v1__fold_1,arrival_hist_gradient_boosting_baseline_v1,arrival_weighted_ensemble_v1,point_regression,fold_1,2019,COMPLETED,4000,0,delta_mae,-0.752,-0.4691,-0.8667,-0.6407,0.5713,0.4288,day_cluster,0.001,0.01,day_cluster_bootstrap,True,True
arrival_hist_gradient_boosting_baseline_v1__vs__arrival_weighted_ensemble_v1__fold_1,arrival_hist_gradient_boosting_baseline_v1,arrival_weighted_ensemble_v1,point_regression,fold_1,2019,COMPLETED,4000,0,delta_rmse,-0.2026,-0.2056,-0.3226,-0.0877,0.9995,0.0005,fold_population,0.001999,0.01,paired_bootstrap_test,True,True
arrival_hist_gradient_boosting_baseline_v1__vs__arrival_weighted_ensemble_v1__fold_1,arrival_hist_gradient_boosting_baseline_v1,arrival_weighted_ensemble_v1,point_regression,fold_1,2019,COMPLETED,4000,0,delta_r2,0.0101,0.0103,0.0045,0.018,0.9995,0.0005,fold_population,0.001999,0.01,paired_bootstrap_test,True,True
arrival_hist_gradient_boosting_baseline_v1__vs__arrival_weighted_ensemble_v1__fold_1,arrival_hist_gradient_boosting_baseline_v1,arrival_weighted_ensemble_v1,point_classification,fold_1,2019,COMPLETED,4000,0,delta_brier,0.001,-0.0019,-0.0005,0.0024,0.5162,0.4838,day_cluster,0.187906,0.187906,day_cluster_bootstrap,False,False
arrival_hist_gradient_boosting_baseline_v1__vs__arrival_weighted_ensemble_v1__fold_1,arrival_hist_gradient_boosting_baseline_v1,arrival_weighted_ensemble_v1,point_classification,fold_1,2019,COMPLETED,4000,0,delta_log_score,0.0016,-0.0042,-0.0015,0.0047,0.5162,0.4838,day_cluster,0.325837,0.325837,day_cluster_bootstrap,False,False
arrival_hist_gradient_boosting_baseline_v1__vs__arrival_weighted_ensemble_v1__fold_1,arrival_hist_gradient_boosting_baseline_v1,arrival_weighted_ensemble_v1,point_classification,fold_1,2019,COMPLETED,4000,0,delta_pr_auc,-0.002,-0.0025,-0.0107,0.0052,0.27,0.73,fold_population,0.542914,0.946107,paired_bootstrap_test,False,False
arrival_xgboost_baseline_v1__vs__arrival_weighted_ensemble_v1__fold_1,arrival_xgboost_baseline_v1,arrival_weighted_ensemble_v1,point_regression,fold_1,2019,COMPLETED,4000,0,delta_mae,0.7755,0.1987,0.6086,0.9312,0.4778,0.5222,day_cluster,0.001,0.01,day_cluster_bootstrap,True,True
arrival_xgboost_baseline_v1__vs__arrival_weighted_ensemble_v1__fold_1,arrival_xgboost_baseline_v1,arrival_weighted_ensemble_v1,point_regression,fold_1,2019,COMPLETED,4000,0,delta_rmse,0.9498,0.9534,0.7787,1.1638,0.0,1.0,fold_population,0.001,0.01,paired_bootstrap_test,True,True
arrival_xgboost_baseline_v1__vs__arrival_weighted_ensemble_v1__fold_1,arrival_xgboost_baseline_v1,arrival_weighted_ensemble_v1,point_regression,fold_1,2019,COMPLETED,4000,0,delta_r2,-0.0483,-0.0488,-0.0705,-0.0357,0.0,1.0,fold_population,0.001,0.01,paired_bootstrap_test,True,True
arrival_xgboost_baseline_v1__vs__arrival_weighted_ensemble_v1__fold_1,arrival_xgboost_baseline_v1,arrival_weighted_ensemble_v1,point_classification,fold_1,2019,COMPLETED,4000,0,delta_brier,-0.0104,-0.0169,-0.012,-0.0087,0.638,0.362,day_cluster,0.001,0.01,day_cluster_bootstrap,True,True
arrival_xgboost_baseline_v1__vs__arrival_weighted_ensemble_v1__fold_1,arrival_xgboost_baseline_v1,arrival_weighted_ensemble_v1,point_classification,fold_1,2019,COMPLETED,4000,0,delta_log_score,-0.0227,-0.039,-0.0265,-0.019,0.638,0.362,day_cluster,0.001,0.01,day_cluster_bootstrap,True,True
arrival_xgboost_baseline_v1__vs__arrival_weighted_ensemble_v1__fold_1,arrival_xgboost_baseline_v1,arrival_weighted_ensemble_v1,point_classification,fold_1,2019,COMPLETED,4000,0,delta_pr_auc,-0.0095,-0.0098,-0.0187,-0.0025,0.004,0.996,fold_population,0.011976,0.095808,paired_bootstrap_test,True,False
arrival_linear_baseline_v1__vs__arrival_random_forest_baseline_v1__fold_2,arrival_linear_baseline_v1,arrival_random_forest_baseline_v1,point_regression,fold_2,2020,COMPLETED,4000,0,delta_mae,0.5576,0.3664,0.3462,0.7576,0.477,0.523,day_cluster,0.001,0.01,day_cluster_bootstrap,True,True
arrival_linear_baseline_v1__vs__arrival_random_forest_baseline_v1__fold_2,arrival_linear_baseline_v1,arrival_random_forest_baseline_v1,point_regression,fold_2,2020,COMPLETED,4000,0,delta_rmse,0.3806,0.3859,0.1614,0.6263,0.0,1.0,fold_population,0.001,0.01,paired_bootstrap_test,True,True
arrival_linear_baseline_v1__vs__arrival_random_forest_baseline_v1__fold_2,arrival_linear_baseline_v1,arrival_random_forest_baseline_v1,point_regression,fold_2,2020,COMPLETED,4000,0,delta_r2,-0.0262,-0.0268,-0.0516,-0.0096,0.0,1.0,fold_population,0.001,0.01,paired_bootstrap_test,True,True
arrival_linear_baseline_v1__vs__arrival_random_forest_baseline_v1__fold_2,arrival_linear_baseline_v1,arrival_random_forest_baseline_v1,point_classification,fold_2,2020,COMPLETED,4000,0,delta_brier,0.0314,0.0312,0.0283,0.0345,0.3688,0.6312,day_cluster,0.001,0.01,day_cluster_bootstrap,True,True
arrival_linear_baseline_v1__vs__arrival_random_forest_baseline_v1__fold_2,arrival_linear_baseline_v1,arrival_random_forest_baseline_v1,point_classification,fold_2,2020,COMPLETED,4000,0,delta_log_score,0.0648,0.0663,0.058,0.0714,0.3688,0.6312,day_cluster,0.001,0.01,day_cluster_bootstrap,True,True
arrival_linear_baseline_v1__vs__arrival_random_forest_baseline_v1__fold_2,arrival_linear_baseline_v1,arrival_random_forest_baseline_v1,point_classification,fold_2,2020,COMPLETED,4000,0,delta_pr_auc,0.0011,0.0007,-0.0109,0.0172,0.54,0.46,fold_population,0.922156,1.0,paired_bootstrap_test,False,False
arrival_linear_baseline_v1__vs__arrival_hist_gradient_boosting_baseline_v1__fold_2,arrival_linear_baseline_v1,arrival_hist_gradient_boosting_baseline_v1,point_regression,fold_2,2020,COMPLETED,4000,0,delta_mae,1.2372,0.8613,1.0253,1.4345,0.4402,0.5597,day_cluster,0.001,0.01,day_cluster_bootstrap,True,True
arrival_linear_baseline_v1__vs__arrival_hist_gradient_boosting_baseline_v1__fold_2,arrival_linear_baseline_v1,arrival_hist_gradient_boosting_baseline_v1,point_regression,fold_2,2020,COMPLETED,4000,0,delta_rmse,0.7776,0.7915,0.4641,1.1289,0.0,1.0,fold_population,0.001,0.01,paired_bootstrap_test,True,True
arrival_linear_baseline_v1__vs__arrival_hist_gradient_boosting_baseline_v1__fold_2,arrival_linear_baseline_v1,arrival_hist_gradient_boosting_baseline_v1,point_regression,fold_2,2020,COMPLETED,4000,0,delta_r2,-0.0531,-0.055,-0.0979,-0.0255,0.0,1.0,fold_population,0.001,0.01,paired_bootstrap_test,True,True
arrival_linear_baseline_v1__vs__arrival_hist_gradient_boosting_baseline_v1__fold_2,arrival_linear_baseline_v1,arrival_hist_gradient_boosting_baseline_v1,point_classification,fold_2,2020,COMPLETED,4000,0,delta_brier,0.0238,0.0215,0.0201,0.0272,0.4185,0.5815,day_cluster,0.001,0.01,day_cluster_bootstrap,True,True
arrival_linear_baseline_v1__vs__arrival_hist_gradient_boosting_baseline_v1__fold_2,arrival_linear_baseline_v1,arrival_hist_gradient_boosting_baseline_v1,point_classification,fold_2,2020,COMPLETED,4000,0,delta_log_score,0.0486,0.0451,0.0407,0.056,0.4185,0.5815,day_cluster,0.001,0.01,day_cluster_bootstrap,True,True
arrival_linear_baseline_v1__vs__arrival_hist_gradient_boosting_baseline_v1__fold_2,arrival_linear_baseline_v1,arrival_hist_gradient_boosting_baseline_v1,point_classification,fold_2,2020,COMPLETED,4000,0,delta_pr_auc,0.0034,0.0032,-0.0079,0.0203,0.712,0.288,fold_population,0.578842,1.0,paired_bootstrap_test,False,False
arrival_linear_baseline_v1__vs__arrival_xgboost_baseline_v1__fold_2,arrival_linear_baseline_v1,arrival_xgboost_baseline_v1,point_regression,fold_2,2020,COMPLETED,4000,0,delta_mae,0.0607,0.5251,-0.2066,0.3135,0.4688,0.5312,day_cluster,0.657671,1.0,day_cluster_bootstrap,False,False
arrival_linear_baseline_v1__vs__arrival_xgboost_baseline_v1__fold_2,arrival_linear_baseline_v1,arrival_xgboost_baseline_v1,point_regression,fold_2,2020,COMPLETED,4000,0,delta_rmse,-0.3616,-0.3627,-0.6176,-0.1036,0.996,0.004,fold_population,0.008996,0.017992,paired_bootstrap_test,True,True
arrival_linear_baseline_v1__vs__arrival_xgboost_baseline_v1__fold_2,arrival_linear_baseline_v1,arrival_xgboost_baseline_v1,point_regression,fold_2,2020,COMPLETED,4000,0,delta_r2,0.0251,0.0253,0.0072,0.0478,0.996,0.004,fold_population,0.008996,0.017992,paired_bootstrap_test,True,True
arrival_linear_baseline_v1__vs__arrival_xgboost_baseline_v1__fold_2,arrival_linear_baseline_v1,arrival_xgboost_baseline_v1,point_classification,fold_2,2020,COMPLETED,4000,0,delta_brier,0.0349,0.0354,0.0313,0.0384,0.3695,0.6305,day_cluster,0.001,0.01,day_cluster_bootstrap,True,True
arrival_linear_baseline_v1__vs__arrival_xgboost_baseline_v1__fold_2,arrival_linear_baseline_v1,arrival_xgboost_baseline_v1,point_classification,fold_2,2020,COMPLETED,4000,0,delta_log_score,0.0716,0.0785,0.0635,0.0793,0.3695,0.6305,day_cluster,0.001,0.01,day_cluster_bootstrap,True,True
arrival_linear_baseline_v1__vs__arrival_xgboost_baseline_v1__fold_2,arrival_linear_baseline_v1,arrival_xgboost_baseline_v1,point_classification,fold_2,2020,COMPLETED,4000,0,delta_pr_auc,0.0009,0.001,-0.0148,0.0176,0.552,0.448,fold_population,0.898204,1.0,paired_bootstrap_test,False,False
arrival_linear_baseline_v1__vs__arrival_weighted_ensemble_v1__fold_2,arrival_linear_baseline_v1,arrival_weighted_ensemble_v1,point_regression,fold_2,2020,COMPLETED,4000,0,delta_mae,1.2372,0.8613,1.0253,1.4345,0.4402,0.5597,day_cluster,0.001,0.01,day_cluster_bootstrap,True,True
arrival_linear_baseline_v1__vs__arrival_weighted_ensemble_v1__fold_2,arrival_linear_baseline_v1,arrival_weighted_ensemble_v1,point_regression,fold_2,2020,COMPLETED,4000,0,delta_rmse,0.7776,0.7915,0.4641,1.1289,0.0,1.0,fold_population,0.001,0.01,paired_bootstrap_test,True,True
arrival_linear_baseline_v1__vs__arrival_weighted_ensemble_v1__fold_2,arrival_linear_baseline_v1,arrival_weighted_ensemble_v1,point_regression,fold_2,2020,COMPLETED,4000,0,delta_r2,-0.0531,-0.055,-0.0979,-0.0255,0.0,1.0,fold_population,0.001,0.01,paired_bootstrap_test,True,True
arrival_linear_baseline_v1__vs__arrival_weighted_ensemble_v1__fold_2,arrival_linear_baseline_v1,arrival_weighted_ensemble_v1,point_classification,fold_2,2020,COMPLETED,4000,0,delta_brier,0.0349,0.0355,0.0313,0.0384,0.3695,0.6305,day_cluster,0.001,0.01,day_cluster_bootstrap,True,True
arrival_linear_baseline_v1__vs__arrival_weighted_ensemble_v1__fold_2,arrival_linear_baseline_v1,arrival_weighted_ensemble_v1,point_classification,fold_2,2020,COMPLETED,4000,0,delta_log_score,0.0716,0.0784,0.0635,0.0793,0.3695,0.6305,day_cluster,0.001,0.01,day_cluster_bootstrap,True,True
arrival_linear_baseline_v1__vs__arrival_weighted_ensemble_v1__fold_2,arrival_linear_baseline_v1,arrival_weighted_ensemble_v1,point_classification,fold_2,2020,COMPLETED,4000,0,delta_pr_auc,0.0009,0.001,-0.0148,0.0176,0.552,0.448,fold_population,0.898204,1.0,paired_bootstrap_test,False,False
arrival_random_forest_baseline_v1__vs__arrival_hist_gradient_boosting_baseline_v1__fold_2,arrival_random_forest_baseline_v1,arrival_hist_gradient_boosting_baseline_v1,point_regression,fold_2,2020,COMPLETED,4000,0,delta_mae,0.6796,0.4328,0.5655,0.7908,0.443,0.557,day_cluster,0.001,0.01,day_cluster_bootstrap,True,True
arrival_random_forest_baseline_v1__vs__arrival_hist_gradient_boosting_baseline_v1__fold_2,arrival_random_forest_baseline_v1,arrival_hist_gradient_boosting_baseline_v1,point_regression,fold_2,2020,COMPLETED,4000,0,delta_rmse,0.397,0.4058,0.2167,0.5832,0.0,1.0,fold_population,0.001,0.01,paired_bootstrap_test,True,True
arrival_random_forest_baseline_v1__vs__arrival_hist_gradient_boosting_baseline_v1__fold_2,arrival_random_forest_baseline_v1,arrival_hist_gradient_boosting_baseline_v1,point_regression,fold_2,2020,COMPLETED,4000,0,delta_r2,-0.027,-0.028,-0.0491,-0.0121,0.0,1.0,fold_population,0.001,0.01,paired_bootstrap_test,True,True
arrival_random_forest_baseline_v1__vs__arrival_hist_gradient_boosting_baseline_v1__fold_2,arrival_random_forest_baseline_v1,arrival_hist_gradient_boosting_baseline_v1,point_classification,fold_2,2020,COMPLETED,4000,0,delta_brier,-0.0076,-0.0067,-0.0092,-0.006,0.5533,0.4467,day_cluster,0.001,0.01,day_cluster_bootstrap,True,True
arrival_random_forest_baseline_v1__vs__arrival_hist_gradient_boosting_baseline_v1__fold_2,arrival_random_forest_baseline_v1,arrival_hist_gradient_boosting_baseline_v1,point_classification,fold_2,2020,COMPLETED,4000,0,delta_log_score,-0.0162,-0.0141,-0.0197,-0.0129,0.5533,0.4467,day_cluster,0.001,0.01,day_cluster_bootstrap,True,True
arrival_random_forest_baseline_v1__vs__arrival_hist_gradient_boosting_baseline_v1__fold_2,arrival_random_forest_baseline_v1,arrival_hist_gradient_boosting_baseline_v1,point_classification,fold_2,2020,COMPLETED,4000,0,delta_pr_auc,0.0023,0.0023,-0.0033,0.0106,0.78,0.22,fold_population,0.443114,1.0,paired_bootstrap_test,False,False
arrival_random_forest_baseline_v1__vs__arrival_xgboost_baseline_v1__fold_2,arrival_random_forest_baseline_v1,arrival_xgboost_baseline_v1,point_regression,fold_2,2020,COMPLETED,4000,0,delta_mae,-0.4969,0.0751,-0.6712,-0.3165,0.492,0.508,day_cluster,0.001,0.01,day_cluster_bootstrap,True,True
arrival_random_forest_baseline_v1__vs__arrival_xgboost_baseline_v1__fold_2,arrival_random_forest_baseline_v1,arrival_xgboost_baseline_v1,point_regression,fold_2,2020,COMPLETED,4000,0,delta_rmse,-0.7422,-0.746,-0.9604,-0.5517,1.0,0.0,fold_population,0.001,0.01,paired_bootstrap_test,True,True
arrival_random_forest_baseline_v1__vs__arrival_xgboost_baseline_v1__fold_2,arrival_random_forest_baseline_v1,arrival_xgboost_baseline_v1,point_regression,fold_2,2020,COMPLETED,4000,0,delta_r2,0.0513,0.0517,0.0324,0.0832,1.0,0.0,fold_population,0.001,0.01,paired_bootstrap_test,True,True
arrival_random_forest_baseline_v1__vs__arrival_xgboost_baseline_v1__fold_2,arrival_random_forest_baseline_v1,arrival_xgboost_baseline_v1,point_classification,fold_2,2020,COMPLETED,4000,0,delta_brier,0.0035,0.0067,0.0017,0.0053,0.4477,0.5523,day_cluster,0.001999,0.01,day_cluster_bootstrap,True,True
arrival_random_forest_baseline_v1__vs__arrival_xgboost_baseline_v1__fold_2,arrival_random_forest_baseline_v1,arrival_xgboost_baseline_v1,point_classification,fold_2,2020,COMPLETED,4000,0,delta_log_score,0.0068,0.0143,0.0028,0.0109,0.4477,0.5523,day_cluster,0.002999,0.01,day_cluster_bootstrap,True,True
arrival_random_forest_baseline_v1__vs__arrival_xgboost_baseline_v1__fold_2,arrival_random_forest_baseline_v1,arrival_xgboost_baseline_v1,point_classification,fold_2,2020,COMPLETED,4000,0,delta_pr_auc,-0.0002,-0.0,-0.0099,0.0082,0.496,0.504,fold_population,0.994012,1.0,paired_bootstrap_test,False,False
arrival_random_forest_baseline_v1__vs__arrival_weighted_ensemble_v1__fold_2,arrival_random_forest_baseline_v1,arrival_weighted_ensemble_v1,point_regression,fold_2,2020,COMPLETED,4000,0,delta_mae,0.6796,0.4328,0.5655,0.7908,0.443,0.557,day_cluster,0.001,0.01,day_cluster_bootstrap,True,True
arrival_random_forest_baseline_v1__vs__arrival_weighted_ensemble_v1__fold_2,arrival_random_forest_baseline_v1,arrival_weighted_ensemble_v1,point_regression,fold_2,2020,COMPLETED,4000,0,delta_rmse,0.397,0.4058,0.2167,0.5832,0.0,1.0,fold_population,0.001,0.01,paired_bootstrap_test,True,True
arrival_random_forest_baseline_v1__vs__arrival_weighted_ensemble_v1__fold_2,arrival_random_forest_baseline_v1,arrival_weighted_ensemble_v1,point_regression,fold_2,2020,COMPLETED,4000,0,delta_r2,-0.027,-0.028,-0.0491,-0.0121,0.0,1.0,fold_population,0.001,0.01,paired_bootstrap_test,True,True
arrival_random_forest_baseline_v1__vs__arrival_weighted_ensemble_v1__fold_2,arrival_random_forest_baseline_v1,arrival_weighted_ensemble_v1,point_classification,fold_2,2020,COMPLETED,4000,0,delta_brier,0.0035,0.0067,0.0017,0.0053,0.4477,0.5523,day_cluster,0.001,0.01,day_cluster_bootstrap,True,True
arrival_random_forest_baseline_v1__vs__arrival_weighted_ensemble_v1__fold_2,arrival_random_forest_baseline_v1,arrival_weighted_ensemble_v1,point_classification,fold_2,2020,COMPLETED,4000,0,delta_log_score,0.0068,0.0142,0.0028,0.0109,0.4477,0.5523,day_cluster,0.002999,0.01,day_cluster_bootstrap,True,True
arrival_random_forest_baseline_v1__vs__arrival_weighted_ensemble_v1__fold_2,arrival_random_forest_baseline_v1,arrival_weighted_ensemble_v1,point_classification,fold_2,2020,COMPLETED,4000,0,delta_pr_auc,-0.0002,-0.0,-0.0099,0.0082,0.496,0.504,fold_population,0.994012,1.0,paired_bootstrap_test,False,False
arrival_hist_gradient_boosting_baseline_v1__vs__arrival_xgboost_baseline_v1__fold_2,arrival_hist_gradient_boosting_baseline_v1,arrival_xgboost_baseline_v1,point_regression,fold_2,2020,COMPLETED,4000,0,delta_mae,-1.1765,-0.3112,-1.359,-0.9826,0.5255,0.4745,day_cluster,0.001,0.01,day_cluster_bootstrap,True,True
arrival_hist_gradient_boosting_baseline_v1__vs__arrival_xgboost_baseline_v1__fold_2,arrival_hist_gradient_boosting_baseline_v1,arrival_xgboost_baseline_v1,point_regression,fold_2,2020,COMPLETED,4000,0,delta_rmse,-1.1392,-1.1437,-1.4803,-0.8525,1.0,0.0,fold_population,0.001,0.01,paired_bootstrap_test,True,True
arrival_hist_gradient_boosting_baseline_v1__vs__arrival_xgboost_baseline_v1__fold_2,arrival_hist_gradient_boosting_baseline_v1,arrival_xgboost_baseline_v1,point_regression,fold_2,2020,COMPLETED,4000,0,delta_r2,0.0783,0.0797,0.0473,0.1292,1.0,0.0,fold_population,0.001,0.01,paired_bootstrap_test,True,True
arrival_hist_gradient_boosting_baseline_v1__vs__arrival_xgboost_baseline_v1__fold_2,arrival_hist_gradient_boosting_baseline_v1,arrival_xgboost_baseline_v1,point_classification,fold_2,2020,COMPLETED,4000,0,delta_brier,0.0111,0.0144,0.0094,0.0129,0.3947,0.6052,day_cluster,0.001,0.01,day_cluster_bootstrap,True,True
arrival_hist_gradient_boosting_baseline_v1__vs__arrival_xgboost_baseline_v1__fold_2,arrival_hist_gradient_boosting_baseline_v1,arrival_xgboost_baseline_v1,point_classification,fold_2,2020,COMPLETED,4000,0,delta_log_score,0.023,0.0319,0.0192,0.0269,0.3947,0.6052,day_cluster,0.001,0.01,day_cluster_bootstrap,True,True
arrival_hist_gradient_boosting_baseline_v1__vs__arrival_xgboost_baseline_v1__fold_2,arrival_hist_gradient_boosting_baseline_v1,arrival_xgboost_baseline_v1,point_classification,fold_2,2020,COMPLETED,4000,0,delta_pr_auc,-0.0025,-0.0026,-0.0114,0.0033,0.18,0.82,fold_population,0.363273,1.0,paired_bootstrap_test,False,False
arrival_hist_gradient_boosting_baseline_v1__vs__arrival_weighted_ensemble_v1__fold_2,arrival_hist_gradient_boosting_baseline_v1,arrival_weighted_ensemble_v1,point_regression,fold_2,2020,COMPLETED,4000,0,delta_mae,-0.0,0.0,-0.0,-0.0,0.0,0.0,day_cluster,1.0,1.0,day_cluster_bootstrap,False,False
arrival_hist_gradient_boosting_baseline_v1__vs__arrival_weighted_ensemble_v1__fold_2,arrival_hist_gradient_boosting_baseline_v1,arrival_weighted_ensemble_v1,point_regression,fold_2,2020,COMPLETED,4000,0,delta_rmse,0.0,0.0,-0.0,0.0,0.0,0.0,fold_population,1.0,1.0,paired_bootstrap_test,False,False
arrival_hist_gradient_boosting_baseline_v1__vs__arrival_weighted_ensemble_v1__fold_2,arrival_hist_gradient_boosting_baseline_v1,arrival_weighted_ensemble_v1,point_regression,fold_2,2020,COMPLETED,4000,0,delta_r2,0.0,0.0,0.0,0.0,0.0,0.0,fold_population,1.0,1.0,paired_bootstrap_test,False,False
arrival_hist_gradient_boosting_baseline_v1__vs__arrival_weighted_ensemble_v1__fold_2,arrival_hist_gradient_boosting_baseline_v1,arrival_weighted_ensemble_v1,point_classification,fold_2,2020,COMPLETED,4000,0,delta_brier,0.0111,0.0144,0.0094,0.0129,0.395,0.605,day_cluster,0.001,0.01,day_cluster_bootstrap,True,True
arrival_hist_gradient_boosting_baseline_v1__vs__arrival_weighted_ensemble_v1__fold_2,arrival_hist_gradient_boosting_baseline_v1,arrival_weighted_ensemble_v1,point_classification,fold_2,2020,COMPLETED,4000,0,delta_log_score,0.023,0.0318,0.0192,0.0269,0.395,0.605,day_cluster,0.001,0.01,day_cluster_bootstrap,True,True
arrival_hist_gradient_boosting_baseline_v1__vs__arrival_weighted_ensemble_v1__fold_2,arrival_hist_gradient_boosting_baseline_v1,arrival_weighted_ensemble_v1,point_classification,fold_2,2020,COMPLETED,4000,0,delta_pr_auc,-0.0025,-0.0026,-0.0114,0.0033,0.184,0.816,fold_population,0.371257,1.0,paired_bootstrap_test,False,False
arrival_xgboost_baseline_v1__vs__arrival_weighted_ensemble_v1__fold_2,arrival_xgboost_baseline_v1,arrival_weighted_ensemble_v1,point_regression,fold_2,2020,COMPLETED,4000,0,delta_mae,1.1765,0.3112,0.9826,1.359,0.4745,0.5255,day_cluster,0.001,0.01,day_cluster_bootstrap,True,True
arrival_xgboost_baseline_v1__vs__arrival_weighted_ensemble_v1__fold_2,arrival_xgboost_baseline_v1,arrival_weighted_ensemble_v1,point_regression,fold_2,2020,COMPLETED,4000,0,delta_rmse,1.1392,1.1437,0.8525,1.4803,0.0,1.0,fold_population,0.001,0.01,paired_bootstrap_test,True,True
arrival_xgboost_baseline_v1__vs__arrival_weighted_ensemble_v1__fold_2,arrival_xgboost_baseline_v1,arrival_weighted_ensemble_v1,point_regression,fold_2,2020,COMPLETED,4000,0,delta_r2,-0.0783,-0.0797,-0.1292,-0.0473,0.0,1.0,fold_population,0.001,0.01,paired_bootstrap_test,True,True
arrival_xgboost_baseline_v1__vs__arrival_weighted_ensemble_v1__fold_2,arrival_xgboost_baseline_v1,arrival_weighted_ensemble_v1,point_classification,fold_2,2020,COMPLETED,4000,0,delta_brier,0.0,-0.0,-0.0,0.0,0.5523,0.4477,day_cluster,0.37981,0.37981,day_cluster_bootstrap,False,False
arrival_xgboost_baseline_v1__vs__arrival_weighted_ensemble_v1__fold_2,arrival_xgboost_baseline_v1,arrival_weighted_ensemble_v1,point_classification,fold_2,2020,COMPLETED,4000,0,delta_log_score,0.0,-0.0001,-0.0,0.0,0.5523,0.4477,day_cluster,0.288856,0.288856,day_cluster_bootstrap,False,False
arrival_xgboost_baseline_v1__vs__arrival_weighted_ensemble_v1__fold_2,arrival_xgboost_baseline_v1,arrival_weighted_ensemble_v1,point_classification,fold_2,2020,COMPLETED,4000,0,delta_pr_auc,0.0,0.0,-0.0,0.0001,0.578,0.422,fold_population,0.846307,1.0,paired_bootstrap_test,False,False
arrival_linear_baseline_v1__vs__arrival_random_forest_baseline_v1__fold_3,arrival_linear_baseline_v1,arrival_random_forest_baseline_v1,point_regression,fold_3,2021,COMPLETED,4000,0,delta_mae,0.3465,0.1842,0.1821,0.5085,0.4843,0.5158,day_cluster,0.001,0.01,day_cluster_bootstrap,True,True
arrival_linear_baseline_v1__vs__arrival_random_forest_baseline_v1__fold_3,arrival_linear_baseline_v1,arrival_random_forest_baseline_v1,point_regression,fold_3,2021,COMPLETED,4000,0,delta_rmse,0.134,0.1381,-0.0561,0.3349,0.081,0.919,fold_population,0.162919,0.8145950000000001,paired_bootstrap_test,False,False
arrival_linear_baseline_v1__vs__arrival_random_forest_baseline_v1__fold_3,arrival_linear_baseline_v1,arrival_random_forest_baseline_v1,point_regression,fold_3,2021,COMPLETED,4000,0,delta_r2,-0.006,-0.0062,-0.0155,0.0027,0.081,0.919,fold_population,0.162919,0.8145950000000001,paired_bootstrap_test,False,False
arrival_linear_baseline_v1__vs__arrival_random_forest_baseline_v1__fold_3,arrival_linear_baseline_v1,arrival_random_forest_baseline_v1,point_classification,fold_3,2021,COMPLETED,4000,0,delta_brier,0.0257,0.0236,0.0229,0.0287,0.3787,0.6212,day_cluster,0.001,0.01,day_cluster_bootstrap,True,True
arrival_linear_baseline_v1__vs__arrival_random_forest_baseline_v1__fold_3,arrival_linear_baseline_v1,arrival_random_forest_baseline_v1,point_classification,fold_3,2021,COMPLETED,4000,0,delta_log_score,0.0537,0.0537,0.0474,0.0602,0.3787,0.6212,day_cluster,0.001,0.01,day_cluster_bootstrap,True,True
arrival_linear_baseline_v1__vs__arrival_random_forest_baseline_v1__fold_3,arrival_linear_baseline_v1,arrival_random_forest_baseline_v1,point_classification,fold_3,2021,COMPLETED,4000,0,delta_pr_auc,0.026,0.0255,0.0062,0.0467,0.996,0.004,fold_population,0.011976,0.11976,paired_bootstrap_test,True,False
arrival_linear_baseline_v1__vs__arrival_hist_gradient_boosting_baseline_v1__fold_3,arrival_linear_baseline_v1,arrival_hist_gradient_boosting_baseline_v1,point_regression,fold_3,2021,COMPLETED,4000,0,delta_mae,0.3076,-0.0017,0.1517,0.4652,0.5002,0.4998,day_cluster,0.001,0.01,day_cluster_bootstrap,True,True
arrival_linear_baseline_v1__vs__arrival_hist_gradient_boosting_baseline_v1__fold_3,arrival_linear_baseline_v1,arrival_hist_gradient_boosting_baseline_v1,point_regression,fold_3,2021,COMPLETED,4000,0,delta_rmse,0.1655,0.1688,-0.0114,0.3425,0.0355,0.9645,fold_population,0.071964,0.503748,paired_bootstrap_test,False,False
arrival_linear_baseline_v1__vs__arrival_hist_gradient_boosting_baseline_v1__fold_3,arrival_linear_baseline_v1,arrival_hist_gradient_boosting_baseline_v1,point_regression,fold_3,2021,COMPLETED,4000,0,delta_r2,-0.0074,-0.0077,-0.0165,0.0005,0.0355,0.9645,fold_population,0.071964,0.503748,paired_bootstrap_test,False,False
arrival_linear_baseline_v1__vs__arrival_hist_gradient_boosting_baseline_v1__fold_3,arrival_linear_baseline_v1,arrival_hist_gradient_boosting_baseline_v1,point_classification,fold_3,2021,COMPLETED,4000,0,delta_brier,0.0166,0.0128,0.0135,0.0195,0.437,0.563,day_cluster,0.001,0.01,day_cluster_bootstrap,True,True
arrival_linear_baseline_v1__vs__arrival_hist_gradient_boosting_baseline_v1__fold_3,arrival_linear_baseline_v1,arrival_hist_gradient_boosting_baseline_v1,point_classification,fold_3,2021,COMPLETED,4000,0,delta_log_score,0.0329,0.0286,0.0262,0.0395,0.437,0.563,day_cluster,0.001,0.01,day_cluster_bootstrap,True,True
arrival_linear_baseline_v1__vs__arrival_hist_gradient_boosting_baseline_v1__fold_3,arrival_linear_baseline_v1,arrival_hist_gradient_boosting_baseline_v1,point_classification,fold_3,2021,COMPLETED,4000,0,delta_pr_auc,0.0229,0.0231,0.004,0.0455,0.992,0.008,fold_population,0.01996,0.17964,paired_bootstrap_test,True,False
arrival_linear_baseline_v1__vs__arrival_xgboost_baseline_v1__fold_3,arrival_linear_baseline_v1,arrival_xgboost_baseline_v1,point_regression,fold_3,2021,COMPLETED,4000,0,delta_mae,0.0368,0.2419,-0.1622,0.2333,0.484,0.516,day_cluster,0.728636,1.0,day_cluster_bootstrap,False,False
arrival_linear_baseline_v1__vs__arrival_xgboost_baseline_v1__fold_3,arrival_linear_baseline_v1,arrival_xgboost_baseline_v1,point_regression,fold_3,2021,COMPLETED,4000,0,delta_rmse,-0.0654,-0.0688,-0.3109,0.1534,0.721,0.279,fold_population,0.558721,1.0,paired_bootstrap_test,False,False
arrival_linear_baseline_v1__vs__arrival_xgboost_baseline_v1__fold_3,arrival_linear_baseline_v1,arrival_xgboost_baseline_v1,point_regression,fold_3,2021,COMPLETED,4000,0,delta_r2,0.0029,0.0031,-0.0064,0.0167,0.721,0.279,fold_population,0.558721,1.0,paired_bootstrap_test,False,False
arrival_linear_baseline_v1__vs__arrival_xgboost_baseline_v1__fold_3,arrival_linear_baseline_v1,arrival_xgboost_baseline_v1,point_classification,fold_3,2021,COMPLETED,4000,0,delta_brier,0.0342,0.0367,0.0307,0.0377,0.318,0.682,day_cluster,0.001,0.01,day_cluster_bootstrap,True,True
arrival_linear_baseline_v1__vs__arrival_xgboost_baseline_v1__fold_3,arrival_linear_baseline_v1,arrival_xgboost_baseline_v1,point_classification,fold_3,2021,COMPLETED,4000,0,delta_log_score,0.0763,0.0923,0.0682,0.0844,0.318,0.682,day_cluster,0.001,0.01,day_cluster_bootstrap,True,True
arrival_linear_baseline_v1__vs__arrival_xgboost_baseline_v1__fold_3,arrival_linear_baseline_v1,arrival_xgboost_baseline_v1,point_classification,fold_3,2021,COMPLETED,4000,0,delta_pr_auc,0.0106,0.0113,-0.0119,0.0332,0.836,0.164,fold_population,0.331337,1.0,paired_bootstrap_test,False,False
arrival_linear_baseline_v1__vs__arrival_weighted_ensemble_v1__fold_3,arrival_linear_baseline_v1,arrival_weighted_ensemble_v1,point_regression,fold_3,2021,COMPLETED,4000,0,delta_mae,0.3076,-0.0017,0.1517,0.4652,0.5002,0.4998,day_cluster,0.001,0.01,day_cluster_bootstrap,True,True
arrival_linear_baseline_v1__vs__arrival_weighted_ensemble_v1__fold_3,arrival_linear_baseline_v1,arrival_weighted_ensemble_v1,point_regression,fold_3,2021,COMPLETED,4000,0,delta_rmse,0.1655,0.1688,-0.0114,0.3425,0.0355,0.9645,fold_population,0.071964,0.503748,paired_bootstrap_test,False,False
arrival_linear_baseline_v1__vs__arrival_weighted_ensemble_v1__fold_3,arrival_linear_baseline_v1,arrival_weighted_ensemble_v1,point_regression,fold_3,2021,COMPLETED,4000,0,delta_r2,-0.0074,-0.0077,-0.0165,0.0005,0.0355,0.9645,fold_population,0.071964,0.503748,paired_bootstrap_test,False,False
arrival_linear_baseline_v1__vs__arrival_weighted_ensemble_v1__fold_3,arrival_linear_baseline_v1,arrival_weighted_ensemble_v1,point_classification,fold_3,2021,COMPLETED,4000,0,delta_brier,0.034,0.0363,0.0305,0.0375,0.3182,0.6817,day_cluster,0.001,0.01,day_cluster_bootstrap,True,True
arrival_linear_baseline_v1__vs__arrival_weighted_ensemble_v1__fold_3,arrival_linear_baseline_v1,arrival_weighted_ensemble_v1,point_classification,fold_3,2021,COMPLETED,4000,0,delta_log_score,0.0756,0.0894,0.0677,0.0836,0.3182,0.6817,day_cluster,0.001,0.01,day_cluster_bootstrap,True,True
arrival_linear_baseline_v1__vs__arrival_weighted_ensemble_v1__fold_3,arrival_linear_baseline_v1,arrival_weighted_ensemble_v1,point_classification,fold_3,2021,COMPLETED,4000,0,delta_pr_auc,0.0112,0.012,-0.012,0.0339,0.846,0.154,fold_population,0.311377,1.0,paired_bootstrap_test,False,False
arrival_random_forest_baseline_v1__vs__arrival_hist_gradient_boosting_baseline_v1__fold_3,arrival_random_forest_baseline_v1,arrival_hist_gradient_boosting_baseline_v1,point_regression,fold_3,2021,COMPLETED,4000,0,delta_mae,-0.0389,-0.1527,-0.1224,0.0448,0.5262,0.4738,day_cluster,0.353823,1.0,day_cluster_bootstrap,False,False
arrival_random_forest_baseline_v1__vs__arrival_hist_gradient_boosting_baseline_v1__fold_3,arrival_random_forest_baseline_v1,arrival_hist_gradient_boosting_baseline_v1,point_regression,fold_3,2021,COMPLETED,4000,0,delta_rmse,0.0315,0.031,-0.0583,0.1171,0.2345,0.7655,fold_population,0.469765,1.0,paired_bootstrap_test,False,False
arrival_random_forest_baseline_v1__vs__arrival_hist_gradient_boosting_baseline_v1__fold_3,arrival_random_forest_baseline_v1,arrival_hist_gradient_boosting_baseline_v1,point_regression,fold_3,2021,COMPLETED,4000,0,delta_r2,-0.0014,-0.0014,-0.0057,0.0026,0.2345,0.7655,fold_population,0.469765,1.0,paired_bootstrap_test,False,False
arrival_random_forest_baseline_v1__vs__arrival_hist_gradient_boosting_baseline_v1__fold_3,arrival_random_forest_baseline_v1,arrival_hist_gradient_boosting_baseline_v1,point_classification,fold_3,2021,COMPLETED,4000,0,delta_brier,-0.0092,-0.0108,-0.0108,-0.0076,0.6062,0.3937,day_cluster,0.001,0.01,day_cluster_bootstrap,True,True
arrival_random_forest_baseline_v1__vs__arrival_hist_gradient_boosting_baseline_v1__fold_3,arrival_random_forest_baseline_v1,arrival_hist_gradient_boosting_baseline_v1,point_classification,fold_3,2021,COMPLETED,4000,0,delta_log_score,-0.0208,-0.0247,-0.0243,-0.0174,0.6062,0.3937,day_cluster,0.001,0.01,day_cluster_bootstrap,True,True
arrival_random_forest_baseline_v1__vs__arrival_hist_gradient_boosting_baseline_v1__fold_3,arrival_random_forest_baseline_v1,arrival_hist_gradient_boosting_baseline_v1,point_classification,fold_3,2021,COMPLETED,4000,0,delta_pr_auc,-0.0031,-0.0023,-0.0156,0.0097,0.324,0.676,fold_population,0.650699,1.0,paired_bootstrap_test,False,False
arrival_random_forest_baseline_v1__vs__arrival_xgboost_baseline_v1__fold_3,arrival_random_forest_baseline_v1,arrival_xgboost_baseline_v1,point_regression,fold_3,2021,COMPLETED,4000,0,delta_mae,-0.3097,-0.0247,-0.4453,-0.1676,0.5048,0.4953,day_cluster,0.001,0.01,day_cluster_bootstrap,True,True
arrival_random_forest_baseline_v1__vs__arrival_xgboost_baseline_v1__fold_3,arrival_random_forest_baseline_v1,arrival_xgboost_baseline_v1,point_regression,fold_3,2021,COMPLETED,4000,0,delta_rmse,-0.1994,-0.2053,-0.3767,-0.0482,0.996,0.004,fold_population,0.008996,0.08996000000000001,paired_bootstrap_test,True,False
arrival_random_forest_baseline_v1__vs__arrival_xgboost_baseline_v1__fold_3,arrival_random_forest_baseline_v1,arrival_xgboost_baseline_v1,point_regression,fold_3,2021,COMPLETED,4000,0,delta_r2,0.009,0.0093,0.0019,0.0205,0.996,0.004,fold_population,0.008996,0.08996000000000001,paired_bootstrap_test,True,False
arrival_random_forest_baseline_v1__vs__arrival_xgboost_baseline_v1__fold_3,arrival_random_forest_baseline_v1,arrival_xgboost_baseline_v1,point_classification,fold_3,2021,COMPLETED,4000,0,delta_brier,0.0085,0.0154,0.0069,0.01,0.3445,0.6555,day_cluster,0.001,0.01,day_cluster_bootstrap,True,True
arrival_random_forest_baseline_v1__vs__arrival_xgboost_baseline_v1__fold_3,arrival_random_forest_baseline_v1,arrival_xgboost_baseline_v1,point_classification,fold_3,2021,COMPLETED,4000,0,delta_log_score,0.0226,0.0393,0.0187,0.0265,0.3445,0.6555,day_cluster,0.001,0.01,day_cluster_bootstrap,True,True
arrival_random_forest_baseline_v1__vs__arrival_xgboost_baseline_v1__fold_3,arrival_random_forest_baseline_v1,arrival_xgboost_baseline_v1,point_classification,fold_3,2021,COMPLETED,4000,0,delta_pr_auc,-0.0154,-0.0144,-0.0265,-0.0015,0.014,0.986,fold_population,0.031936,0.255488,paired_bootstrap_test,True,False
arrival_random_forest_baseline_v1__vs__arrival_weighted_ensemble_v1__fold_3,arrival_random_forest_baseline_v1,arrival_weighted_ensemble_v1,point_regression,fold_3,2021,COMPLETED,4000,0,delta_mae,-0.0389,-0.1527,-0.1224,0.0448,0.5262,0.4738,day_cluster,0.353823,1.0,day_cluster_bootstrap,False,False
arrival_random_forest_baseline_v1__vs__arrival_weighted_ensemble_v1__fold_3,arrival_random_forest_baseline_v1,arrival_weighted_ensemble_v1,point_regression,fold_3,2021,COMPLETED,4000,0,delta_rmse,0.0315,0.031,-0.0583,0.1171,0.2345,0.7655,fold_population,0.469765,1.0,paired_bootstrap_test,False,False
arrival_random_forest_baseline_v1__vs__arrival_weighted_ensemble_v1__fold_3,arrival_random_forest_baseline_v1,arrival_weighted_ensemble_v1,point_regression,fold_3,2021,COMPLETED,4000,0,delta_r2,-0.0014,-0.0014,-0.0057,0.0026,0.2345,0.7655,fold_population,0.469765,1.0,paired_bootstrap_test,False,False
arrival_random_forest_baseline_v1__vs__arrival_weighted_ensemble_v1__fold_3,arrival_random_forest_baseline_v1,arrival_weighted_ensemble_v1,point_classification,fold_3,2021,COMPLETED,4000,0,delta_brier,0.0083,0.0147,0.0068,0.0098,0.3445,0.6555,day_cluster,0.001,0.01,day_cluster_bootstrap,True,True
arrival_random_forest_baseline_v1__vs__arrival_weighted_ensemble_v1__fold_3,arrival_random_forest_baseline_v1,arrival_weighted_ensemble_v1,point_classification,fold_3,2021,COMPLETED,4000,0,delta_log_score,0.022,0.0375,0.0182,0.0257,0.3445,0.6555,day_cluster,0.001,0.01,day_cluster_bootstrap,True,True
arrival_random_forest_baseline_v1__vs__arrival_weighted_ensemble_v1__fold_3,arrival_random_forest_baseline_v1,arrival_weighted_ensemble_v1,point_classification,fold_3,2021,COMPLETED,4000,0,delta_pr_auc,-0.0148,-0.0141,-0.0258,-0.0018,0.016,0.984,fold_population,0.035928,0.255488,paired_bootstrap_test,True,False
arrival_hist_gradient_boosting_baseline_v1__vs__arrival_xgboost_baseline_v1__fold_3,arrival_hist_gradient_boosting_baseline_v1,arrival_xgboost_baseline_v1,point_regression,fold_3,2021,COMPLETED,4000,0,delta_mae,-0.2708,0.1295,-0.4335,-0.1067,0.4898,0.5102,day_cluster,0.002999,0.017994,day_cluster_bootstrap,True,True
arrival_hist_gradient_boosting_baseline_v1__vs__arrival_xgboost_baseline_v1__fold_3,arrival_hist_gradient_boosting_baseline_v1,arrival_xgboost_baseline_v1,point_regression,fold_3,2021,COMPLETED,4000,0,delta_rmse,-0.2309,-0.2355,-0.4268,-0.0759,0.996,0.004,fold_population,0.008996,0.08996000000000001,paired_bootstrap_test,True,False
arrival_hist_gradient_boosting_baseline_v1__vs__arrival_xgboost_baseline_v1__fold_3,arrival_hist_gradient_boosting_baseline_v1,arrival_xgboost_baseline_v1,point_regression,fold_3,2021,COMPLETED,4000,0,delta_r2,0.0104,0.0108,0.003,0.0233,0.996,0.004,fold_population,0.008996,0.08996000000000001,paired_bootstrap_test,True,False
arrival_hist_gradient_boosting_baseline_v1__vs__arrival_xgboost_baseline_v1__fold_3,arrival_hist_gradient_boosting_baseline_v1,arrival_xgboost_baseline_v1,point_classification,fold_3,2021,COMPLETED,4000,0,delta_brier,0.0176,0.0268,0.0157,0.0197,0.2787,0.7212,day_cluster,0.001,0.01,day_cluster_bootstrap,True,True
arrival_hist_gradient_boosting_baseline_v1__vs__arrival_xgboost_baseline_v1__fold_3,arrival_hist_gradient_boosting_baseline_v1,arrival_xgboost_baseline_v1,point_classification,fold_3,2021,COMPLETED,4000,0,delta_log_score,0.0434,0.0664,0.0388,0.0485,0.2787,0.7212,day_cluster,0.001,0.01,day_cluster_bootstrap,True,True
arrival_hist_gradient_boosting_baseline_v1__vs__arrival_xgboost_baseline_v1__fold_3,arrival_hist_gradient_boosting_baseline_v1,arrival_xgboost_baseline_v1,point_classification,fold_3,2021,COMPLETED,4000,0,delta_pr_auc,-0.0123,-0.0121,-0.0255,0.0001,0.026,0.974,fold_population,0.055888,0.335328,paired_bootstrap_test,False,False
arrival_hist_gradient_boosting_baseline_v1__vs__arrival_weighted_ensemble_v1__fold_3,arrival_hist_gradient_boosting_baseline_v1,arrival_weighted_ensemble_v1,point_regression,fold_3,2021,COMPLETED,4000,0,delta_mae,0.0,0.0,0.0,0.0,0.0,0.0,day_cluster,1.0,1.0,day_cluster_bootstrap,False,False
arrival_hist_gradient_boosting_baseline_v1__vs__arrival_weighted_ensemble_v1__fold_3,arrival_hist_gradient_boosting_baseline_v1,arrival_weighted_ensemble_v1,point_regression,fold_3,2021,COMPLETED,4000,0,delta_rmse,0.0,0.0,0.0,0.0,0.0,0.0,fold_population,1.0,1.0,paired_bootstrap_test,False,False
arrival_hist_gradient_boosting_baseline_v1__vs__arrival_weighted_ensemble_v1__fold_3,arrival_hist_gradient_boosting_baseline_v1,arrival_weighted_ensemble_v1,point_regression,fold_3,2021,COMPLETED,4000,0,delta_r2,0.0,0.0,0.0,0.0,0.0,0.0,fold_population,1.0,1.0,paired_bootstrap_test,False,False
arrival_hist_gradient_boosting_baseline_v1__vs__arrival_weighted_ensemble_v1__fold_3,arrival_hist_gradient_boosting_baseline_v1,arrival_weighted_ensemble_v1,point_classification,fold_3,2021,COMPLETED,4000,0,delta_brier,0.0174,0.026,0.0155,0.0195,0.2795,0.7205,day_cluster,0.001,0.01,day_cluster_bootstrap,True,True
arrival_hist_gradient_boosting_baseline_v1__vs__arrival_weighted_ensemble_v1__fold_3,arrival_hist_gradient_boosting_baseline_v1,arrival_weighted_ensemble_v1,point_classification,fold_3,2021,COMPLETED,4000,0,delta_log_score,0.0427,0.0644,0.0382,0.0477,0.2795,0.7205,day_cluster,0.001,0.01,day_cluster_bootstrap,True,True
arrival_hist_gradient_boosting_baseline_v1__vs__arrival_weighted_ensemble_v1__fold_3,arrival_hist_gradient_boosting_baseline_v1,arrival_weighted_ensemble_v1,point_classification,fold_3,2021,COMPLETED,4000,0,delta_pr_auc,-0.0117,-0.0115,-0.0249,0.0006,0.032,0.968,fold_population,0.067864,0.33931999999999995,paired_bootstrap_test,False,False
arrival_xgboost_baseline_v1__vs__arrival_weighted_ensemble_v1__fold_3,arrival_xgboost_baseline_v1,arrival_weighted_ensemble_v1,point_regression,fold_3,2021,COMPLETED,4000,0,delta_mae,0.2708,-0.1295,0.1067,0.4335,0.5102,0.4898,day_cluster,0.002999,0.017994,day_cluster_bootstrap,True,True
arrival_xgboost_baseline_v1__vs__arrival_weighted_ensemble_v1__fold_3,arrival_xgboost_baseline_v1,arrival_weighted_ensemble_v1,point_regression,fold_3,2021,COMPLETED,4000,0,delta_rmse,0.2309,0.2355,0.0759,0.4268,0.004,0.996,fold_population,0.008996,0.08996000000000001,paired_bootstrap_test,True,False
arrival_xgboost_baseline_v1__vs__arrival_weighted_ensemble_v1__fold_3,arrival_xgboost_baseline_v1,arrival_weighted_ensemble_v1,point_regression,fold_3,2021,COMPLETED,4000,0,delta_r2,-0.0104,-0.0108,-0.0233,-0.003,0.004,0.996,fold_population,0.008996,0.08996000000000001,paired_bootstrap_test,True,False
arrival_xgboost_baseline_v1__vs__arrival_weighted_ensemble_v1__fold_3,arrival_xgboost_baseline_v1,arrival_weighted_ensemble_v1,point_classification,fold_3,2021,COMPLETED,4000,0,delta_brier,-0.0002,-0.0007,-0.0002,-0.0001,0.6555,0.3445,day_cluster,0.001,0.01,day_cluster_bootstrap,True,True
arrival_xgboost_baseline_v1__vs__arrival_weighted_ensemble_v1__fold_3,arrival_xgboost_baseline_v1,arrival_weighted_ensemble_v1,point_classification,fold_3,2021,COMPLETED,4000,0,delta_log_score,-0.0006,-0.0018,-0.0008,-0.0004,0.6555,0.3445,day_cluster,0.001,0.01,day_cluster_bootstrap,True,True
arrival_xgboost_baseline_v1__vs__arrival_weighted_ensemble_v1__fold_3,arrival_xgboost_baseline_v1,arrival_weighted_ensemble_v1,point_classification,fold_3,2021,COMPLETED,4000,0,delta_pr_auc,0.0006,0.0003,-0.001,0.0022,0.626,0.374,fold_population,0.750499,1.0,paired_bootstrap_test,False,False
arrival_linear_baseline_v1__vs__arrival_random_forest_baseline_v1__fold_4,arrival_linear_baseline_v1,arrival_random_forest_baseline_v1,point_regression,fold_4,2022,COMPLETED,4000,0,delta_mae,-0.1564,-0.296,-0.3302,0.0133,0.5192,0.4808,day_cluster,0.071964,0.431784,day_cluster_bootstrap,False,False
arrival_linear_baseline_v1__vs__arrival_random_forest_baseline_v1__fold_4,arrival_linear_baseline_v1,arrival_random_forest_baseline_v1,point_regression,fold_4,2022,COMPLETED,4000,0,delta_rmse,0.3691,0.3779,0.2033,0.5397,0.0,1.0,fold_population,0.001,0.01,paired_bootstrap_test,True,True
arrival_linear_baseline_v1__vs__arrival_random_forest_baseline_v1__fold_4,arrival_linear_baseline_v1,arrival_random_forest_baseline_v1,point_regression,fold_4,2022,COMPLETED,4000,0,delta_r2,-0.0127,-0.0131,-0.0206,-0.0064,0.0,1.0,fold_population,0.001,0.01,paired_bootstrap_test,True,True
arrival_linear_baseline_v1__vs__arrival_random_forest_baseline_v1__fold_4,arrival_linear_baseline_v1,arrival_random_forest_baseline_v1,point_classification,fold_4,2022,COMPLETED,4000,0,delta_brier,0.0001,-0.0027,-0.0024,0.0026,0.519,0.481,day_cluster,0.941529,1.0,day_cluster_bootstrap,False,False
arrival_linear_baseline_v1__vs__arrival_random_forest_baseline_v1__fold_4,arrival_linear_baseline_v1,arrival_random_forest_baseline_v1,point_classification,fold_4,2022,COMPLETED,4000,0,delta_log_score,-0.0011,-0.006,-0.0068,0.0045,0.519,0.481,day_cluster,0.678661,1.0,day_cluster_bootstrap,False,False
arrival_linear_baseline_v1__vs__arrival_random_forest_baseline_v1__fold_4,arrival_linear_baseline_v1,arrival_random_forest_baseline_v1,point_classification,fold_4,2022,COMPLETED,4000,0,delta_pr_auc,-0.0285,-0.0278,-0.0492,-0.0071,0.006,0.994,fold_population,0.015968,0.127744,paired_bootstrap_test,True,False
arrival_linear_baseline_v1__vs__arrival_hist_gradient_boosting_baseline_v1__fold_4,arrival_linear_baseline_v1,arrival_hist_gradient_boosting_baseline_v1,point_regression,fold_4,2022,COMPLETED,4000,0,delta_mae,-0.1421,-0.2925,-0.3117,0.0191,0.5275,0.4725,day_cluster,0.094953,0.474765,day_cluster_bootstrap,False,False
arrival_linear_baseline_v1__vs__arrival_hist_gradient_boosting_baseline_v1__fold_4,arrival_linear_baseline_v1,arrival_hist_gradient_boosting_baseline_v1,point_regression,fold_4,2022,COMPLETED,4000,0,delta_rmse,0.305,0.3153,0.1158,0.5168,0.002,0.998,fold_population,0.004998,0.039984,paired_bootstrap_test,True,True
arrival_linear_baseline_v1__vs__arrival_hist_gradient_boosting_baseline_v1__fold_4,arrival_linear_baseline_v1,arrival_hist_gradient_boosting_baseline_v1,point_regression,fold_4,2022,COMPLETED,4000,0,delta_r2,-0.0105,-0.011,-0.0199,-0.0037,0.002,0.998,fold_population,0.004998,0.039984,paired_bootstrap_test,True,True
arrival_linear_baseline_v1__vs__arrival_hist_gradient_boosting_baseline_v1__fold_4,arrival_linear_baseline_v1,arrival_hist_gradient_boosting_baseline_v1,point_classification,fold_4,2022,COMPLETED,4000,0,delta_brier,-0.0126,-0.0203,-0.0157,-0.0099,0.6102,0.3897,day_cluster,0.001,0.01,day_cluster_bootstrap,True,True
arrival_linear_baseline_v1__vs__arrival_hist_gradient_boosting_baseline_v1__fold_4,arrival_linear_baseline_v1,arrival_hist_gradient_boosting_baseline_v1,point_classification,fold_4,2022,COMPLETED,4000,0,delta_log_score,-0.029,-0.0451,-0.0358,-0.0228,0.6102,0.3897,day_cluster,0.001,0.01,day_cluster_bootstrap,True,True
arrival_linear_baseline_v1__vs__arrival_hist_gradient_boosting_baseline_v1__fold_4,arrival_linear_baseline_v1,arrival_hist_gradient_boosting_baseline_v1,point_classification,fold_4,2022,COMPLETED,4000,0,delta_pr_auc,-0.0336,-0.0327,-0.0576,-0.0105,0.006,0.994,fold_population,0.015968,0.127744,paired_bootstrap_test,True,False
arrival_linear_baseline_v1__vs__arrival_xgboost_baseline_v1__fold_4,arrival_linear_baseline_v1,arrival_xgboost_baseline_v1,point_regression,fold_4,2022,COMPLETED,4000,0,delta_mae,-0.311,-0.2366,-0.5063,-0.1004,0.5202,0.4798,day_cluster,0.005997,0.059969999999999996,day_cluster_bootstrap,True,False
arrival_linear_baseline_v1__vs__arrival_xgboost_baseline_v1__fold_4,arrival_linear_baseline_v1,arrival_xgboost_baseline_v1,point_regression,fold_4,2022,COMPLETED,4000,0,delta_rmse,0.4479,0.4494,0.2297,0.6863,0.0,1.0,fold_population,0.001,0.01,paired_bootstrap_test,True,True
arrival_linear_baseline_v1__vs__arrival_xgboost_baseline_v1__fold_4,arrival_linear_baseline_v1,arrival_xgboost_baseline_v1,point_regression,fold_4,2022,COMPLETED,4000,0,delta_r2,-0.0154,-0.0157,-0.0244,-0.0077,0.0,1.0,fold_population,0.001,0.01,paired_bootstrap_test,True,True
arrival_linear_baseline_v1__vs__arrival_xgboost_baseline_v1__fold_4,arrival_linear_baseline_v1,arrival_xgboost_baseline_v1,point_classification,fold_4,2022,COMPLETED,4000,0,delta_brier,0.0009,0.0036,-0.002,0.0037,0.48,0.52,day_cluster,0.541729,1.0,day_cluster_bootstrap,False,False
arrival_linear_baseline_v1__vs__arrival_xgboost_baseline_v1__fold_4,arrival_linear_baseline_v1,arrival_xgboost_baseline_v1,point_classification,fold_4,2022,COMPLETED,4000,0,delta_log_score,0.0025,0.0081,-0.0038,0.0088,0.48,0.52,day_cluster,0.433783,1.0,day_cluster_bootstrap,False,False
arrival_linear_baseline_v1__vs__arrival_xgboost_baseline_v1__fold_4,arrival_linear_baseline_v1,arrival_xgboost_baseline_v1,point_classification,fold_4,2022,COMPLETED,4000,0,delta_pr_auc,-0.0412,-0.0403,-0.0655,-0.0162,0.0,1.0,fold_population,0.003992,0.03992,paired_bootstrap_test,True,True
arrival_linear_baseline_v1__vs__arrival_weighted_ensemble_v1__fold_4,arrival_linear_baseline_v1,arrival_weighted_ensemble_v1,point_regression,fold_4,2022,COMPLETED,4000,0,delta_mae,-0.1421,-0.2925,-0.3117,0.0191,0.5275,0.4725,day_cluster,0.094953,0.474765,day_cluster_bootstrap,False,False
arrival_linear_baseline_v1__vs__arrival_weighted_ensemble_v1__fold_4,arrival_linear_baseline_v1,arrival_weighted_ensemble_v1,point_regression,fold_4,2022,COMPLETED,4000,0,delta_rmse,0.305,0.3153,0.1158,0.5168,0.002,0.998,fold_population,0.004998,0.039984,paired_bootstrap_test,True,True
arrival_linear_baseline_v1__vs__arrival_weighted_ensemble_v1__fold_4,arrival_linear_baseline_v1,arrival_weighted_ensemble_v1,point_regression,fold_4,2022,COMPLETED,4000,0,delta_r2,-0.0105,-0.011,-0.0199,-0.0037,0.002,0.998,fold_population,0.004998,0.039984,paired_bootstrap_test,True,True
arrival_linear_baseline_v1__vs__arrival_weighted_ensemble_v1__fold_4,arrival_linear_baseline_v1,arrival_weighted_ensemble_v1,point_classification,fold_4,2022,COMPLETED,4000,0,delta_brier,0.0009,0.0036,-0.002,0.0037,0.48,0.52,day_cluster,0.541729,1.0,day_cluster_bootstrap,False,False
arrival_linear_baseline_v1__vs__arrival_weighted_ensemble_v1__fold_4,arrival_linear_baseline_v1,arrival_weighted_ensemble_v1,point_classification,fold_4,2022,COMPLETED,4000,0,delta_log_score,0.0025,0.0081,-0.0038,0.0088,0.48,0.52,day_cluster,0.433783,1.0,day_cluster_bootstrap,False,False
arrival_linear_baseline_v1__vs__arrival_weighted_ensemble_v1__fold_4,arrival_linear_baseline_v1,arrival_weighted_ensemble_v1,point_classification,fold_4,2022,COMPLETED,4000,0,delta_pr_auc,-0.0412,-0.0403,-0.0655,-0.0162,0.0,1.0,fold_population,0.003992,0.03992,paired_bootstrap_test,True,True
arrival_random_forest_baseline_v1__vs__arrival_hist_gradient_boosting_baseline_v1__fold_4,arrival_random_forest_baseline_v1,arrival_hist_gradient_boosting_baseline_v1,point_regression,fold_4,2022,COMPLETED,4000,0,delta_mae,0.0143,-0.0747,-0.0693,0.1033,0.5098,0.4903,day_cluster,0.735632,1.0,day_cluster_bootstrap,False,False
arrival_random_forest_baseline_v1__vs__arrival_hist_gradient_boosting_baseline_v1__fold_4,arrival_random_forest_baseline_v1,arrival_hist_gradient_boosting_baseline_v1,point_regression,fold_4,2022,COMPLETED,4000,0,delta_rmse,-0.0642,-0.0598,-0.1786,0.0528,0.856,0.144,fold_population,0.288856,1.0,paired_bootstrap_test,False,False
arrival_random_forest_baseline_v1__vs__arrival_hist_gradient_boosting_baseline_v1__fold_4,arrival_random_forest_baseline_v1,arrival_hist_gradient_boosting_baseline_v1,point_regression,fold_4,2022,COMPLETED,4000,0,delta_r2,0.0022,0.0021,-0.0019,0.0061,0.856,0.144,fold_population,0.288856,1.0,paired_bootstrap_test,False,False
arrival_random_forest_baseline_v1__vs__arrival_hist_gradient_boosting_baseline_v1__fold_4,arrival_random_forest_baseline_v1,arrival_hist_gradient_boosting_baseline_v1,point_classification,fold_4,2022,COMPLETED,4000,0,delta_brier,-0.0128,-0.0158,-0.0143,-0.0113,0.6315,0.3685,day_cluster,0.001,0.01,day_cluster_bootstrap,True,True
arrival_random_forest_baseline_v1__vs__arrival_hist_gradient_boosting_baseline_v1__fold_4,arrival_random_forest_baseline_v1,arrival_hist_gradient_boosting_baseline_v1,point_classification,fold_4,2022,COMPLETED,4000,0,delta_log_score,-0.0278,-0.0347,-0.0312,-0.0246,0.6315,0.3685,day_cluster,0.001,0.01,day_cluster_bootstrap,True,True
arrival_random_forest_baseline_v1__vs__arrival_hist_gradient_boosting_baseline_v1__fold_4,arrival_random_forest_baseline_v1,arrival_hist_gradient_boosting_baseline_v1,point_classification,fold_4,2022,COMPLETED,4000,0,delta_pr_auc,-0.0051,-0.0054,-0.0179,0.0046,0.156,0.844,fold_population,0.315369,1.0,paired_bootstrap_test,False,False
arrival_random_forest_baseline_v1__vs__arrival_xgboost_baseline_v1__fold_4,arrival_random_forest_baseline_v1,arrival_xgboost_baseline_v1,point_regression,fold_4,2022,COMPLETED,4000,0,delta_mae,-0.1546,0.0256,-0.2776,-0.0377,0.4983,0.5018,day_cluster,0.008996,0.08096400000000001,day_cluster_bootstrap,True,False
arrival_random_forest_baseline_v1__vs__arrival_xgboost_baseline_v1__fold_4,arrival_random_forest_baseline_v1,arrival_xgboost_baseline_v1,point_regression,fold_4,2022,COMPLETED,4000,0,delta_rmse,0.0787,0.072,-0.0678,0.2495,0.1875,0.8125,fold_population,0.375812,1.0,paired_bootstrap_test,False,False
arrival_random_forest_baseline_v1__vs__arrival_xgboost_baseline_v1__fold_4,arrival_random_forest_baseline_v1,arrival_xgboost_baseline_v1,point_regression,fold_4,2022,COMPLETED,4000,0,delta_r2,-0.0027,-0.0025,-0.0083,0.0025,0.1875,0.8125,fold_population,0.375812,1.0,paired_bootstrap_test,False,False
arrival_random_forest_baseline_v1__vs__arrival_xgboost_baseline_v1__fold_4,arrival_random_forest_baseline_v1,arrival_xgboost_baseline_v1,point_classification,fold_4,2022,COMPLETED,4000,0,delta_brier,0.0008,0.0058,-0.0008,0.0024,0.4457,0.5543,day_cluster,0.349825,1.0,day_cluster_bootstrap,False,False
arrival_random_forest_baseline_v1__vs__arrival_xgboost_baseline_v1__fold_4,arrival_random_forest_baseline_v1,arrival_xgboost_baseline_v1,point_classification,fold_4,2022,COMPLETED,4000,0,delta_log_score,0.0037,0.0128,0.0003,0.0072,0.4457,0.5543,day_cluster,0.035982,0.215892,day_cluster_bootstrap,True,False
arrival_random_forest_baseline_v1__vs__arrival_xgboost_baseline_v1__fold_4,arrival_random_forest_baseline_v1,arrival_xgboost_baseline_v1,point_classification,fold_4,2022,COMPLETED,4000,0,delta_pr_auc,-0.0127,-0.0128,-0.0247,-0.0009,0.02,0.98,fold_population,0.043912,0.263472,paired_bootstrap_test,True,False
arrival_random_forest_baseline_v1__vs__arrival_weighted_ensemble_v1__fold_4,arrival_random_forest_baseline_v1,arrival_weighted_ensemble_v1,point_regression,fold_4,2022,COMPLETED,4000,0,delta_mae,0.0143,-0.0747,-0.0693,0.1033,0.5098,0.4903,day_cluster,0.735632,1.0,day_cluster_bootstrap,False,False
arrival_random_forest_baseline_v1__vs__arrival_weighted_ensemble_v1__fold_4,arrival_random_forest_baseline_v1,arrival_weighted_ensemble_v1,point_regression,fold_4,2022,COMPLETED,4000,0,delta_rmse,-0.0642,-0.0598,-0.1786,0.0528,0.856,0.144,fold_population,0.288856,1.0,paired_bootstrap_test,False,False
arrival_random_forest_baseline_v1__vs__arrival_weighted_ensemble_v1__fold_4,arrival_random_forest_baseline_v1,arrival_weighted_ensemble_v1,point_regression,fold_4,2022,COMPLETED,4000,0,delta_r2,0.0022,0.0021,-0.0019,0.0061,0.856,0.144,fold_population,0.288856,1.0,paired_bootstrap_test,False,False
arrival_random_forest_baseline_v1__vs__arrival_weighted_ensemble_v1__fold_4,arrival_random_forest_baseline_v1,arrival_weighted_ensemble_v1,point_classification,fold_4,2022,COMPLETED,4000,0,delta_brier,0.0008,0.0058,-0.0008,0.0024,0.4457,0.5543,day_cluster,0.349825,1.0,day_cluster_bootstrap,False,False
arrival_random_forest_baseline_v1__vs__arrival_weighted_ensemble_v1__fold_4,arrival_random_forest_baseline_v1,arrival_weighted_ensemble_v1,point_classification,fold_4,2022,COMPLETED,4000,0,delta_log_score,0.0037,0.0128,0.0003,0.0072,0.4457,0.5543,day_cluster,0.035982,0.215892,day_cluster_bootstrap,True,False
arrival_random_forest_baseline_v1__vs__arrival_weighted_ensemble_v1__fold_4,arrival_random_forest_baseline_v1,arrival_weighted_ensemble_v1,point_classification,fold_4,2022,COMPLETED,4000,0,delta_pr_auc,-0.0127,-0.0128,-0.0247,-0.0009,0.02,0.98,fold_population,0.043912,0.263472,paired_bootstrap_test,True,False
arrival_hist_gradient_boosting_baseline_v1__vs__arrival_xgboost_baseline_v1__fold_4,arrival_hist_gradient_boosting_baseline_v1,arrival_xgboost_baseline_v1,point_regression,fold_4,2022,COMPLETED,4000,0,delta_mae,-0.1689,0.153,-0.3216,-0.0153,0.4853,0.5148,day_cluster,0.025987,0.207896,day_cluster_bootstrap,True,False
arrival_hist_gradient_boosting_baseline_v1__vs__arrival_xgboost_baseline_v1__fold_4,arrival_hist_gradient_boosting_baseline_v1,arrival_xgboost_baseline_v1,point_regression,fold_4,2022,COMPLETED,4000,0,delta_rmse,0.1429,0.1286,-0.0845,0.3918,0.1325,0.8675,fold_population,0.265867,1.0,paired_bootstrap_test,False,False
arrival_hist_gradient_boosting_baseline_v1__vs__arrival_xgboost_baseline_v1__fold_4,arrival_hist_gradient_boosting_baseline_v1,arrival_xgboost_baseline_v1,point_regression,fold_4,2022,COMPLETED,4000,0,delta_r2,-0.0049,-0.0044,-0.0131,0.003,0.1325,0.8675,fold_population,0.265867,1.0,paired_bootstrap_test,False,False
arrival_hist_gradient_boosting_baseline_v1__vs__arrival_xgboost_baseline_v1__fold_4,arrival_hist_gradient_boosting_baseline_v1,arrival_xgboost_baseline_v1,point_classification,fold_4,2022,COMPLETED,4000,0,delta_brier,0.0135,0.0217,0.0117,0.0154,0.344,0.656,day_cluster,0.001,0.01,day_cluster_bootstrap,True,True
arrival_hist_gradient_boosting_baseline_v1__vs__arrival_xgboost_baseline_v1__fold_4,arrival_hist_gradient_boosting_baseline_v1,arrival_xgboost_baseline_v1,point_classification,fold_4,2022,COMPLETED,4000,0,delta_log_score,0.0315,0.0485,0.0275,0.0358,0.344,0.656,day_cluster,0.001,0.01,day_cluster_bootstrap,True,True
arrival_hist_gradient_boosting_baseline_v1__vs__arrival_xgboost_baseline_v1__fold_4,arrival_hist_gradient_boosting_baseline_v1,arrival_xgboost_baseline_v1,point_classification,fold_4,2022,COMPLETED,4000,0,delta_pr_auc,-0.0075,-0.0071,-0.0197,0.0068,0.158,0.842,fold_population,0.319361,1.0,paired_bootstrap_test,False,False
arrival_hist_gradient_boosting_baseline_v1__vs__arrival_weighted_ensemble_v1__fold_4,arrival_hist_gradient_boosting_baseline_v1,arrival_weighted_ensemble_v1,point_regression,fold_4,2022,COMPLETED,4000,0,delta_mae,0.0,0.0,0.0,0.0,0.0,0.0,day_cluster,1.0,1.0,day_cluster_bootstrap,False,False
arrival_hist_gradient_boosting_baseline_v1__vs__arrival_weighted_ensemble_v1__fold_4,arrival_hist_gradient_boosting_baseline_v1,arrival_weighted_ensemble_v1,point_regression,fold_4,2022,COMPLETED,4000,0,delta_rmse,0.0,0.0,0.0,0.0,0.0,0.0,fold_population,1.0,1.0,paired_bootstrap_test,False,False
arrival_hist_gradient_boosting_baseline_v1__vs__arrival_weighted_ensemble_v1__fold_4,arrival_hist_gradient_boosting_baseline_v1,arrival_weighted_ensemble_v1,point_regression,fold_4,2022,COMPLETED,4000,0,delta_r2,0.0,0.0,0.0,0.0,0.0,0.0,fold_population,1.0,1.0,paired_bootstrap_test,False,False
arrival_hist_gradient_boosting_baseline_v1__vs__arrival_weighted_ensemble_v1__fold_4,arrival_hist_gradient_boosting_baseline_v1,arrival_weighted_ensemble_v1,point_classification,fold_4,2022,COMPLETED,4000,0,delta_brier,0.0135,0.0217,0.0117,0.0154,0.344,0.656,day_cluster,0.001,0.01,day_cluster_bootstrap,True,True
arrival_hist_gradient_boosting_baseline_v1__vs__arrival_weighted_ensemble_v1__fold_4,arrival_hist_gradient_boosting_baseline_v1,arrival_weighted_ensemble_v1,point_classification,fold_4,2022,COMPLETED,4000,0,delta_log_score,0.0315,0.0485,0.0275,0.0358,0.344,0.656,day_cluster,0.001,0.01,day_cluster_bootstrap,True,True
arrival_hist_gradient_boosting_baseline_v1__vs__arrival_weighted_ensemble_v1__fold_4,arrival_hist_gradient_boosting_baseline_v1,arrival_weighted_ensemble_v1,point_classification,fold_4,2022,COMPLETED,4000,0,delta_pr_auc,-0.0075,-0.0071,-0.0197,0.0068,0.158,0.842,fold_population,0.319361,1.0,paired_bootstrap_test,False,False
arrival_xgboost_baseline_v1__vs__arrival_weighted_ensemble_v1__fold_4,arrival_xgboost_baseline_v1,arrival_weighted_ensemble_v1,point_regression,fold_4,2022,COMPLETED,4000,0,delta_mae,0.1689,-0.153,0.0153,0.3216,0.5148,0.4853,day_cluster,0.025987,0.207896,day_cluster_bootstrap,True,False
arrival_xgboost_baseline_v1__vs__arrival_weighted_ensemble_v1__fold_4,arrival_xgboost_baseline_v1,arrival_weighted_ensemble_v1,point_regression,fold_4,2022,COMPLETED,4000,0,delta_rmse,-0.1429,-0.1286,-0.3918,0.0845,0.8675,0.1325,fold_population,0.265867,1.0,paired_bootstrap_test,False,False
arrival_xgboost_baseline_v1__vs__arrival_weighted_ensemble_v1__fold_4,arrival_xgboost_baseline_v1,arrival_weighted_ensemble_v1,point_regression,fold_4,2022,COMPLETED,4000,0,delta_r2,0.0049,0.0044,-0.003,0.0131,0.8675,0.1325,fold_population,0.265867,1.0,paired_bootstrap_test,False,False
arrival_xgboost_baseline_v1__vs__arrival_weighted_ensemble_v1__fold_4,arrival_xgboost_baseline_v1,arrival_weighted_ensemble_v1,point_classification,fold_4,2022,COMPLETED,4000,0,delta_brier,-0.0,0.0,0.0,0.0,0.0,0.0,day_cluster,1.0,1.0,day_cluster_bootstrap,False,False
arrival_xgboost_baseline_v1__vs__arrival_weighted_ensemble_v1__fold_4,arrival_xgboost_baseline_v1,arrival_weighted_ensemble_v1,point_classification,fold_4,2022,COMPLETED,4000,0,delta_log_score,0.0,0.0,0.0,0.0,0.0,0.0,day_cluster,1.0,1.0,day_cluster_bootstrap,False,False
arrival_xgboost_baseline_v1__vs__arrival_weighted_ensemble_v1__fold_4,arrival_xgboost_baseline_v1,arrival_weighted_ensemble_v1,point_classification,fold_4,2022,COMPLETED,4000,0,delta_pr_auc,0.0,0.0,0.0,0.0,0.0,0.0,fold_population,1.0,1.0,paired_bootstrap_test,False,False
P1_empirical__vs__P2_xgb_gaussian_oof__fold_1,P1_empirical,P2_xgb_gaussian_oof,probabilistic,fold_1,2019,COMPLETED,4000,0,delta_crps,-4.0215,-5.7166,-4.1764,-3.8776,0.8485,0.1515,day_cluster,0.001,0.01,day_cluster_bootstrap,True,True
P1_empirical__vs__P2_xgb_gaussian_oof__fold_1,P1_empirical,P2_xgb_gaussian_oof,probabilistic,fold_1,2019,COMPLETED,4000,0,delta_coverage_error_80,-0.1445,,,,,,fold_population,,,paired_bootstrap_test,,False
P1_empirical__vs__P2_xgb_gaussian_oof__fold_1,P1_empirical,P2_xgb_gaussian_oof,probabilistic,fold_1,2019,COMPLETED,4000,0,delta_interval_width_80,-77.1433,-81.738,-77.6115,-76.6709,1.0,0.0,day_cluster,0.001,0.01,day_cluster_bootstrap,True,True
P1_empirical__vs__P2_xgb_gaussian_oof__fold_1,P1_empirical,P2_xgb_gaussian_oof,probabilistic,fold_1,2019,COMPLETED,4000,0,delta_coverage_error_90,-0.0577,,,,,,fold_population,,,paired_bootstrap_test,,False
P1_empirical__vs__P2_xgb_gaussian_oof__fold_1,P1_empirical,P2_xgb_gaussian_oof,probabilistic,fold_1,2019,COMPLETED,4000,0,delta_interval_width_90,-79.4805,-78.0995,-80.2755,-78.6304,0.9962,0.0037,day_cluster,0.001,0.01,day_cluster_bootstrap,True,True
P1_empirical__vs__P2_xgb_gaussian_oof__fold_1,P1_empirical,P2_xgb_gaussian_oof,probabilistic,fold_1,2019,COMPLETED,4000,0,delta_brier_delay_15,-0.037,-0.0824,-0.0407,-0.0332,0.8602,0.1398,day_cluster,0.001,0.006,day_cluster_bootstrap,True,True
P1_empirical__vs__P3_ngboost_normal__fold_1,P1_empirical,P3_ngboost_normal,probabilistic,fold_1,2019,COMPLETED,4000,0,delta_crps,-4.0228,-5.9634,-4.2434,-3.8095,0.8273,0.1727,day_cluster,0.001,0.01,day_cluster_bootstrap,True,True
P1_empirical__vs__P3_ngboost_normal__fold_1,P1_empirical,P3_ngboost_normal,probabilistic,fold_1,2019,COMPLETED,4000,0,delta_coverage_error_80,-0.1502,,,,,,fold_population,,,paired_bootstrap_test,,False
P1_empirical__vs__P3_ngboost_normal__fold_1,P1_empirical,P3_ngboost_normal,probabilistic,fold_1,2019,COMPLETED,4000,0,delta_interval_width_80,-71.7493,-70.3693,-72.8694,-70.6768,0.9995,0.0005,day_cluster,0.001,0.01,day_cluster_bootstrap,True,True
P1_empirical__vs__P3_ngboost_normal__fold_1,P1_empirical,P3_ngboost_normal,probabilistic,fold_1,2019,COMPLETED,4000,0,delta_coverage_error_90,-0.0607,,,,,,fold_population,,,paired_bootstrap_test,,False
P1_empirical__vs__P3_ngboost_normal__fold_1,P1_empirical,P3_ngboost_normal,probabilistic,fold_1,2019,COMPLETED,4000,0,delta_interval_width_90,-72.5574,-72.2483,-73.9997,-71.0681,0.9888,0.0112,day_cluster,0.001,0.01,day_cluster_bootstrap,True,True
P1_empirical__vs__P3_ngboost_normal__fold_1,P1_empirical,P3_ngboost_normal,probabilistic,fold_1,2019,COMPLETED,4000,0,delta_brier_delay_15,-0.0623,-0.1223,-0.0673,-0.0571,0.8618,0.1383,day_cluster,0.001,0.006,day_cluster_bootstrap,True,True
P1_empirical__vs__P4_ngboost_student_t__fold_1,P1_empirical,P4_ngboost_student_t,probabilistic,fold_1,2019,COMPLETED,4000,0,delta_crps,-0.23,0.1933,-0.3403,-0.1182,0.4625,0.5375,day_cluster,0.001,0.01,day_cluster_bootstrap,True,True
P1_empirical__vs__P4_ngboost_student_t__fold_1,P1_empirical,P4_ngboost_student_t,probabilistic,fold_1,2019,COMPLETED,4000,0,delta_coverage_error_80,-0.0115,,,,,,fold_population,,,paired_bootstrap_test,,False
P1_empirical__vs__P4_ngboost_student_t__fold_1,P1_empirical,P4_ngboost_student_t,probabilistic,fold_1,2019,COMPLETED,4000,0,delta_interval_width_80,7.035,2.6195,6.5778,7.4875,0.4078,0.5923,day_cluster,0.001,0.01,day_cluster_bootstrap,True,True
P1_empirical__vs__P4_ngboost_student_t__fold_1,P1_empirical,P4_ngboost_student_t,probabilistic,fold_1,2019,COMPLETED,4000,0,delta_coverage_error_90,-0.001,,,,,,fold_population,,,paired_bootstrap_test,,False
P1_empirical__vs__P4_ngboost_student_t__fold_1,P1_empirical,P4_ngboost_student_t,probabilistic,fold_1,2019,COMPLETED,4000,0,delta_interval_width_90,21.0866,21.8244,20.3145,21.9065,0.261,0.739,day_cluster,0.001,0.01,day_cluster_bootstrap,True,True
P1_empirical__vs__P4_ngboost_student_t__fold_1,P1_empirical,P4_ngboost_student_t,probabilistic,fold_1,2019,COMPLETED,4000,0,delta_brier_delay_15,-0.0053,0.0068,-0.0074,-0.0031,0.283,0.717,day_cluster,0.001,0.006,day_cluster_bootstrap,True,True
P1_empirical__vs__P5_quantile_regression__fold_1,P1_empirical,P5_quantile_regression,probabilistic,fold_1,2019,COMPLETED,4000,0,delta_crps,0.0397,0.1073,-0.0328,0.1111,0.4655,0.5345,day_cluster,0.307846,0.615692,day_cluster_bootstrap,False,False
P1_empirical__vs__P5_quantile_regression__fold_1,P1_empirical,P5_quantile_regression,probabilistic,fold_1,2019,COMPLETED,4000,0,delta_coverage_error_80,-0.0377,,,,,,fold_population,,,paired_bootstrap_test,,False
P1_empirical__vs__P5_quantile_regression__fold_1,P1_empirical,P5_quantile_regression,probabilistic,fold_1,2019,COMPLETED,4000,0,delta_interval_width_80,4.4634,4.136,3.992,4.9357,0.3573,0.6428,day_cluster,0.001,0.01,day_cluster_bootstrap,True,True
P1_empirical__vs__P5_quantile_regression__fold_1,P1_empirical,P5_quantile_regression,probabilistic,fold_1,2019,COMPLETED,4000,0,delta_coverage_error_90,-0.0295,,,,,,fold_population,,,paired_bootstrap_test,,False
P1_empirical__vs__P5_quantile_regression__fold_1,P1_empirical,P5_quantile_regression,probabilistic,fold_1,2019,COMPLETED,4000,0,delta_interval_width_90,12.0764,8.7401,11.253,12.9038,0.3118,0.6883,day_cluster,0.001,0.01,day_cluster_bootstrap,True,True
P2_xgb_gaussian_oof__vs__P3_ngboost_normal__fold_1,P2_xgb_gaussian_oof,P3_ngboost_normal,probabilistic,fold_1,2019,COMPLETED,4000,0,delta_crps,-0.0013,-0.5121,-0.1316,0.1198,0.5853,0.4148,day_cluster,0.997501,0.997501,day_cluster_bootstrap,False,False
P2_xgb_gaussian_oof__vs__P3_ngboost_normal__fold_1,P2_xgb_gaussian_oof,P3_ngboost_normal,probabilistic,fold_1,2019,COMPLETED,4000,0,delta_coverage_error_80,-0.0058,,,,,,fold_population,,,paired_bootstrap_test,,False
P2_xgb_gaussian_oof__vs__P3_ngboost_normal__fold_1,P2_xgb_gaussian_oof,P3_ngboost_normal,probabilistic,fold_1,2019,COMPLETED,4000,0,delta_interval_width_80,5.394,9.3428,4.3797,6.3957,0.2092,0.7907,day_cluster,0.001,0.01,day_cluster_bootstrap,True,True
P2_xgb_gaussian_oof__vs__P3_ngboost_normal__fold_1,P2_xgb_gaussian_oof,P3_ngboost_normal,probabilistic,fold_1,2019,COMPLETED,4000,0,delta_coverage_error_90,-0.003,,,,,,fold_population,,,paired_bootstrap_test,,False
P2_xgb_gaussian_oof__vs__P3_ngboost_normal__fold_1,P2_xgb_gaussian_oof,P3_ngboost_normal,probabilistic,fold_1,2019,COMPLETED,4000,0,delta_interval_width_90,6.9231,11.9914,5.6212,8.2088,0.2092,0.7907,day_cluster,0.001,0.01,day_cluster_bootstrap,True,True
P2_xgb_gaussian_oof__vs__P3_ngboost_normal__fold_1,P2_xgb_gaussian_oof,P3_ngboost_normal,probabilistic,fold_1,2019,COMPLETED,4000,0,delta_brier_delay_15,-0.0253,-0.0363,-0.0269,-0.0236,0.8498,0.1502,day_cluster,0.001,0.006,day_cluster_bootstrap,True,True
P2_xgb_gaussian_oof__vs__P4_ngboost_student_t__fold_1,P2_xgb_gaussian_oof,P4_ngboost_student_t,probabilistic,fold_1,2019,COMPLETED,4000,0,delta_crps,3.7915,6.4435,3.5935,3.9935,0.146,0.854,day_cluster,0.001,0.01,day_cluster_bootstrap,True,True
P2_xgb_gaussian_oof__vs__P4_ngboost_student_t__fold_1,P2_xgb_gaussian_oof,P4_ngboost_student_t,probabilistic,fold_1,2019,COMPLETED,4000,0,delta_coverage_error_80,0.133,,,,,,fold_population,,,paired_bootstrap_test,,False
P2_xgb_gaussian_oof__vs__P4_ngboost_student_t__fold_1,P2_xgb_gaussian_oof,P4_ngboost_student_t,probabilistic,fold_1,2019,COMPLETED,4000,0,delta_interval_width_80,84.1782,84.341,84.1511,84.2057,0.0,1.0,day_cluster,0.001,0.01,day_cluster_bootstrap,True,True
P2_xgb_gaussian_oof__vs__P4_ngboost_student_t__fold_1,P2_xgb_gaussian_oof,P4_ngboost_student_t,probabilistic,fold_1,2019,COMPLETED,4000,0,delta_coverage_error_90,0.0567,,,,,,fold_population,,,paired_bootstrap_test,,False
P2_xgb_gaussian_oof__vs__P4_ngboost_student_t__fold_1,P2_xgb_gaussian_oof,P4_ngboost_student_t,probabilistic,fold_1,2019,COMPLETED,4000,0,delta_interval_width_90,100.567,100.992,100.5127,100.6223,0.0,1.0,day_cluster,0.001,0.01,day_cluster_bootstrap,True,True
P2_xgb_gaussian_oof__vs__P4_ngboost_student_t__fold_1,P2_xgb_gaussian_oof,P4_ngboost_student_t,probabilistic,fold_1,2019,COMPLETED,4000,0,delta_brier_delay_15,0.0317,0.095,0.0263,0.0371,0.1383,0.8618,day_cluster,0.001,0.006,day_cluster_bootstrap,True,True
P2_xgb_gaussian_oof__vs__P5_quantile_regression__fold_1,P2_xgb_gaussian_oof,P5_quantile_regression,probabilistic,fold_1,2019,COMPLETED,4000,0,delta_crps,4.0612,5.9105,3.9082,4.2139,0.144,0.856,day_cluster,0.001,0.01,day_cluster_bootstrap,True,True
P2_xgb_gaussian_oof__vs__P5_quantile_regression__fold_1,P2_xgb_gaussian_oof,P5_quantile_regression,probabilistic,fold_1,2019,COMPLETED,4000,0,delta_coverage_error_80,0.1067,,,,,,fold_population,,,paired_bootstrap_test,,False
P2_xgb_gaussian_oof__vs__P5_quantile_regression__fold_1,P2_xgb_gaussian_oof,P5_quantile_regression,probabilistic,fold_1,2019,COMPLETED,4000,0,delta_interval_width_80,81.6067,85.5497,81.1365,82.0787,0.001,0.999,day_cluster,0.001,0.01,day_cluster_bootstrap,True,True
P2_xgb_gaussian_oof__vs__P5_quantile_regression__fold_1,P2_xgb_gaussian_oof,P5_quantile_regression,probabilistic,fold_1,2019,COMPLETED,4000,0,delta_coverage_error_90,0.0282,,,,,,fold_population,,,paired_bootstrap_test,,False
P2_xgb_gaussian_oof__vs__P5_quantile_regression__fold_1,P2_xgb_gaussian_oof,P5_quantile_regression,probabilistic,fold_1,2019,COMPLETED,4000,0,delta_interval_width_90,91.5568,95.9934,90.8776,92.2067,0.0022,0.9978,day_cluster,0.001,0.01,day_cluster_bootstrap,True,True
P3_ngboost_normal__vs__P4_ngboost_student_t__fold_1,P3_ngboost_normal,P4_ngboost_student_t,probabilistic,fold_1,2019,COMPLETED,4000,0,delta_crps,3.7928,6.9325,3.5249,4.0679,0.164,0.836,day_cluster,0.001,0.01,day_cluster_bootstrap,True,True
P3_ngboost_normal__vs__P4_ngboost_student_t__fold_1,P3_ngboost_normal,P4_ngboost_student_t,probabilistic,fold_1,2019,COMPLETED,4000,0,delta_coverage_error_80,0.1388,,,,,,fold_population,,,paired_bootstrap_test,,False
P3_ngboost_normal__vs__P4_ngboost_student_t__fold_1,P3_ngboost_normal,P4_ngboost_student_t,probabilistic,fold_1,2019,COMPLETED,4000,0,delta_interval_width_80,78.7843,75.0671,77.781,79.7943,0.0,1.0,day_cluster,0.001,0.01,day_cluster_bootstrap,True,True
P3_ngboost_normal__vs__P4_ngboost_student_t__fold_1,P3_ngboost_normal,P4_ngboost_student_t,probabilistic,fold_1,2019,COMPLETED,4000,0,delta_coverage_error_90,0.0597,,,,,,fold_population,,,paired_bootstrap_test,,False
P3_ngboost_normal__vs__P4_ngboost_student_t__fold_1,P3_ngboost_normal,P4_ngboost_student_t,probabilistic,fold_1,2019,COMPLETED,4000,0,delta_interval_width_90,93.6439,89.2117,92.361,94.9459,0.0,1.0,day_cluster,0.001,0.01,day_cluster_bootstrap,True,True
P3_ngboost_normal__vs__P4_ngboost_student_t__fold_1,P3_ngboost_normal,P4_ngboost_student_t,probabilistic,fold_1,2019,COMPLETED,4000,0,delta_brier_delay_15,0.057,0.1336,0.0502,0.0637,0.1383,0.8618,day_cluster,0.001,0.006,day_cluster_bootstrap,True,True
P3_ngboost_normal__vs__P5_quantile_regression__fold_1,P3_ngboost_normal,P5_quantile_regression,probabilistic,fold_1,2019,COMPLETED,4000,0,delta_crps,4.0626,6.1173,3.8461,4.2844,0.1633,0.8367,day_cluster,0.001,0.01,day_cluster_bootstrap,True,True
P3_ngboost_normal__vs__P5_quantile_regression__fold_1,P3_ngboost_normal,P5_quantile_regression,probabilistic,fold_1,2019,COMPLETED,4000,0,delta_coverage_error_80,0.1125,,,,,,fold_population,,,paired_bootstrap_test,,False
P3_ngboost_normal__vs__P5_quantile_regression__fold_1,P3_ngboost_normal,P5_quantile_regression,probabilistic,fold_1,2019,COMPLETED,4000,0,delta_interval_width_80,76.2127,75.0055,75.1721,77.284,0.001,0.999,day_cluster,0.001,0.01,day_cluster_bootstrap,True,True
P3_ngboost_normal__vs__P5_quantile_regression__fold_1,P3_ngboost_normal,P5_quantile_regression,probabilistic,fold_1,2019,COMPLETED,4000,0,delta_coverage_error_90,0.0312,,,,,,fold_population,,,paired_bootstrap_test,,False
P3_ngboost_normal__vs__P5_quantile_regression__fold_1,P3_ngboost_normal,P5_quantile_regression,probabilistic,fold_1,2019,COMPLETED,4000,0,delta_interval_width_90,84.6337,83.0555,83.2523,86.0521,0.0022,0.9978,day_cluster,0.001,0.01,day_cluster_bootstrap,True,True
P4_ngboost_student_t__vs__P5_quantile_regression__fold_1,P4_ngboost_student_t,P5_quantile_regression,probabilistic,fold_1,2019,COMPLETED,4000,0,delta_crps,0.2697,-0.0292,0.1731,0.3711,0.5072,0.4928,day_cluster,0.001,0.01,day_cluster_bootstrap,True,True
P4_ngboost_student_t__vs__P5_quantile_regression__fold_1,P4_ngboost_student_t,P5_quantile_regression,probabilistic,fold_1,2019,COMPLETED,4000,0,delta_coverage_error_80,-0.0263,,,,,,fold_population,,,paired_bootstrap_test,,False
P4_ngboost_student_t__vs__P5_quantile_regression__fold_1,P4_ngboost_student_t,P5_quantile_regression,probabilistic,fold_1,2019,COMPLETED,4000,0,delta_interval_width_80,-2.5715,1.2679,-3.0178,-2.1197,0.4565,0.5435,day_cluster,0.001,0.01,day_cluster_bootstrap,True,True
P4_ngboost_student_t__vs__P5_quantile_regression__fold_1,P4_ngboost_student_t,P5_quantile_regression,probabilistic,fold_1,2019,COMPLETED,4000,0,delta_coverage_error_90,-0.0285,,,,,,fold_population,,,paired_bootstrap_test,,False
P4_ngboost_student_t__vs__P5_quantile_regression__fold_1,P4_ngboost_student_t,P5_quantile_regression,probabilistic,fold_1,2019,COMPLETED,4000,0,delta_interval_width_90,-9.0102,-5.1305,-9.6493,-8.4035,0.6085,0.3915,day_cluster,0.001,0.01,day_cluster_bootstrap,True,True
P1_empirical__vs__P2_xgb_gaussian_oof__fold_2,P1_empirical,P2_xgb_gaussian_oof,probabilistic,fold_2,2020,COMPLETED,4000,0,delta_crps,-4.8381,-6.2051,-4.9639,-4.7094,0.8955,0.1045,day_cluster,0.001,0.01,day_cluster_bootstrap,True,True
P1_empirical__vs__P2_xgb_gaussian_oof__fold_2,P1_empirical,P2_xgb_gaussian_oof,probabilistic,fold_2,2020,COMPLETED,4000,0,delta_coverage_error_80,-0.1502,,,,,,fold_population,,,paired_bootstrap_test,,False
P1_empirical__vs__P2_xgb_gaussian_oof__fold_2,P1_empirical,P2_xgb_gaussian_oof,probabilistic,fold_2,2020,COMPLETED,4000,0,delta_interval_width_80,-80.3281,-86.0876,-80.7653,-79.8647,0.9975,0.0025,day_cluster,0.001,0.01,day_cluster_bootstrap,True,True
P1_empirical__vs__P2_xgb_gaussian_oof__fold_2,P1_empirical,P2_xgb_gaussian_oof,probabilistic,fold_2,2020,COMPLETED,4000,0,delta_coverage_error_90,-0.0767,,,,,,fold_population,,,paired_bootstrap_test,,False
P1_empirical__vs__P2_xgb_gaussian_oof__fold_2,P1_empirical,P2_xgb_gaussian_oof,probabilistic,fold_2,2020,COMPLETED,4000,0,delta_interval_width_90,-84.4233,-84.1569,-85.2914,-83.559,0.997,0.003,day_cluster,0.001,0.01,day_cluster_bootstrap,True,True
P1_empirical__vs__P2_xgb_gaussian_oof__fold_2,P1_empirical,P2_xgb_gaussian_oof,probabilistic,fold_2,2020,COMPLETED,4000,0,delta_brier_delay_15,-0.0593,-0.0829,-0.062,-0.0564,0.9305,0.0695,day_cluster,0.001,0.006,day_cluster_bootstrap,True,True
P1_empirical__vs__P3_ngboost_normal__fold_2,P1_empirical,P3_ngboost_normal,probabilistic,fold_2,2020,COMPLETED,4000,0,delta_crps,-5.5055,-7.0654,-5.6786,-5.3276,0.8968,0.1032,day_cluster,0.001,0.01,day_cluster_bootstrap,True,True
P1_empirical__vs__P3_ngboost_normal__fold_2,P1_empirical,P3_ngboost_normal,probabilistic,fold_2,2020,COMPLETED,4000,0,delta_coverage_error_80,-0.155,,,,,,fold_population,,,paired_bootstrap_test,,False
P1_empirical__vs__P3_ngboost_normal__fold_2,P1_empirical,P3_ngboost_normal,probabilistic,fold_2,2020,COMPLETED,4000,0,delta_interval_width_80,-76.5055,-77.9395,-77.097,-75.8945,0.9982,0.0018,day_cluster,0.001,0.01,day_cluster_bootstrap,True,True
P1_empirical__vs__P3_ngboost_normal__fold_2,P1_empirical,P3_ngboost_normal,probabilistic,fold_2,2020,COMPLETED,4000,0,delta_coverage_error_90,-0.0792,,,,,,fold_population,,,paired_bootstrap_test,,False
P1_empirical__vs__P3_ngboost_normal__fold_2,P1_empirical,P3_ngboost_normal,probabilistic,fold_2,2020,COMPLETED,4000,0,delta_interval_width_90,-79.5171,-80.9294,-80.4467,-78.5576,0.9882,0.0118,day_cluster,0.001,0.01,day_cluster_bootstrap,True,True
P1_empirical__vs__P3_ngboost_normal__fold_2,P1_empirical,P3_ngboost_normal,probabilistic,fold_2,2020,COMPLETED,4000,0,delta_brier_delay_15,-0.0983,-0.1288,-0.102,-0.0943,0.938,0.062,day_cluster,0.001,0.006,day_cluster_bootstrap,True,True
P1_empirical__vs__P4_ngboost_student_t__fold_2,P1_empirical,P4_ngboost_student_t,probabilistic,fold_2,2020,COMPLETED,4000,0,delta_crps,0.5299,0.3119,0.4413,0.6171,0.4115,0.5885,day_cluster,0.001,0.01,day_cluster_bootstrap,True,True
P1_empirical__vs__P4_ngboost_student_t__fold_2,P1_empirical,P4_ngboost_student_t,probabilistic,fold_2,2020,COMPLETED,4000,0,delta_coverage_error_80,-0.0677,,,,,,fold_population,,,paired_bootstrap_test,,False
P1_empirical__vs__P4_ngboost_student_t__fold_2,P1_empirical,P4_ngboost_student_t,probabilistic,fold_2,2020,COMPLETED,4000,0,delta_interval_width_80,6.6219,0.8928,6.1939,7.0768,0.4188,0.5813,day_cluster,0.001,0.01,day_cluster_bootstrap,True,True
P1_empirical__vs__P4_ngboost_student_t__fold_2,P1_empirical,P4_ngboost_student_t,probabilistic,fold_2,2020,COMPLETED,4000,0,delta_coverage_error_90,-0.0417,,,,,,fold_population,,,paired_bootstrap_test,,False
P1_empirical__vs__P4_ngboost_student_t__fold_2,P1_empirical,P4_ngboost_student_t,probabilistic,fold_2,2020,COMPLETED,4000,0,delta_interval_width_90,19.7562,18.9763,18.9007,20.5973,0.3015,0.6985,day_cluster,0.001,0.01,day_cluster_bootstrap,True,True
P1_empirical__vs__P4_ngboost_student_t__fold_2,P1_empirical,P4_ngboost_student_t,probabilistic,fold_2,2020,COMPLETED,4000,0,delta_brier_delay_15,0.01,0.0097,0.0085,0.0114,0.198,0.802,day_cluster,0.001,0.006,day_cluster_bootstrap,True,True
P1_empirical__vs__P5_quantile_regression__fold_2,P1_empirical,P5_quantile_regression,probabilistic,fold_2,2020,COMPLETED,4000,0,delta_crps,0.1885,0.1352,0.1278,0.2458,0.4472,0.5527,day_cluster,0.001,0.01,day_cluster_bootstrap,True,True
P1_empirical__vs__P5_quantile_regression__fold_2,P1_empirical,P5_quantile_regression,probabilistic,fold_2,2020,COMPLETED,4000,0,delta_coverage_error_80,0.0245,,,,,,fold_population,,,paired_bootstrap_test,,False
P1_empirical__vs__P5_quantile_regression__fold_2,P1_empirical,P5_quantile_regression,probabilistic,fold_2,2020,COMPLETED,4000,0,delta_interval_width_80,3.6066,3.0311,3.1373,4.0885,0.3762,0.6238,day_cluster,0.001,0.01,day_cluster_bootstrap,True,True
P1_empirical__vs__P5_quantile_regression__fold_2,P1_empirical,P5_quantile_regression,probabilistic,fold_2,2020,COMPLETED,4000,0,delta_coverage_error_90,-0.0045,,,,,,fold_population,,,paired_bootstrap_test,,False
P1_empirical__vs__P5_quantile_regression__fold_2,P1_empirical,P5_quantile_regression,probabilistic,fold_2,2020,COMPLETED,4000,0,delta_interval_width_90,6.263,4.1081,5.4343,7.1352,0.4175,0.5825,day_cluster,0.001,0.01,day_cluster_bootstrap,True,True
P2_xgb_gaussian_oof__vs__P3_ngboost_normal__fold_2,P2_xgb_gaussian_oof,P3_ngboost_normal,probabilistic,fold_2,2020,COMPLETED,4000,0,delta_crps,-0.6674,-1.1914,-0.7564,-0.5753,0.6913,0.3088,day_cluster,0.001,0.01,day_cluster_bootstrap,True,True
P2_xgb_gaussian_oof__vs__P3_ngboost_normal__fold_2,P2_xgb_gaussian_oof,P3_ngboost_normal,probabilistic,fold_2,2020,COMPLETED,4000,0,delta_coverage_error_80,-0.0048,,,,,,fold_population,,,paired_bootstrap_test,,False
P2_xgb_gaussian_oof__vs__P3_ngboost_normal__fold_2,P2_xgb_gaussian_oof,P3_ngboost_normal,probabilistic,fold_2,2020,COMPLETED,4000,0,delta_interval_width_80,3.8226,7.334,3.3911,4.2463,0.2532,0.7468,day_cluster,0.001,0.01,day_cluster_bootstrap,True,True
P2_xgb_gaussian_oof__vs__P3_ngboost_normal__fold_2,P2_xgb_gaussian_oof,P3_ngboost_normal,probabilistic,fold_2,2020,COMPLETED,4000,0,delta_coverage_error_90,-0.0025,,,,,,fold_population,,,paired_bootstrap_test,,False
P2_xgb_gaussian_oof__vs__P3_ngboost_normal__fold_2,P2_xgb_gaussian_oof,P3_ngboost_normal,probabilistic,fold_2,2020,COMPLETED,4000,0,delta_interval_width_90,4.9062,9.4131,4.3524,5.4501,0.2532,0.7468,day_cluster,0.001,0.01,day_cluster_bootstrap,True,True
P2_xgb_gaussian_oof__vs__P3_ngboost_normal__fold_2,P2_xgb_gaussian_oof,P3_ngboost_normal,probabilistic,fold_2,2020,COMPLETED,4000,0,delta_brier_delay_15,-0.0389,-0.0458,-0.0402,-0.0376,0.921,0.079,day_cluster,0.001,0.006,day_cluster_bootstrap,True,True
P2_xgb_gaussian_oof__vs__P4_ngboost_student_t__fold_2,P2_xgb_gaussian_oof,P4_ngboost_student_t,probabilistic,fold_2,2020,COMPLETED,4000,0,delta_crps,5.368,6.8428,5.2262,5.5017,0.0742,0.9257,day_cluster,0.001,0.01,day_cluster_bootstrap,True,True
P2_xgb_gaussian_oof__vs__P4_ngboost_student_t__fold_2,P2_xgb_gaussian_oof,P4_ngboost_student_t,probabilistic,fold_2,2020,COMPLETED,4000,0,delta_coverage_error_80,0.0825,,,,,,fold_population,,,paired_bootstrap_test,,False
P2_xgb_gaussian_oof__vs__P4_ngboost_student_t__fold_2,P2_xgb_gaussian_oof,P4_ngboost_student_t,probabilistic,fold_2,2020,COMPLETED,4000,0,delta_interval_width_80,86.95,87.0828,86.9266,86.9728,0.0,1.0,day_cluster,0.001,0.01,day_cluster_bootstrap,True,True
P2_xgb_gaussian_oof__vs__P4_ngboost_student_t__fold_2,P2_xgb_gaussian_oof,P4_ngboost_student_t,probabilistic,fold_2,2020,COMPLETED,4000,0,delta_coverage_error_90,0.035,,,,,,fold_population,,,paired_bootstrap_test,,False
P2_xgb_gaussian_oof__vs__P4_ngboost_student_t__fold_2,P2_xgb_gaussian_oof,P4_ngboost_student_t,probabilistic,fold_2,2020,COMPLETED,4000,0,delta_interval_width_90,104.1794,104.5741,104.1307,104.2263,0.0,1.0,day_cluster,0.001,0.01,day_cluster_bootstrap,True,True
P2_xgb_gaussian_oof__vs__P4_ngboost_student_t__fold_2,P2_xgb_gaussian_oof,P4_ngboost_student_t,probabilistic,fold_2,2020,COMPLETED,4000,0,delta_brier_delay_15,0.0693,0.0949,0.0656,0.0727,0.062,0.938,day_cluster,0.001,0.006,day_cluster_bootstrap,True,True
P2_xgb_gaussian_oof__vs__P5_quantile_regression__fold_2,P2_xgb_gaussian_oof,P5_quantile_regression,probabilistic,fold_2,2020,COMPLETED,4000,0,delta_crps,5.0266,6.3699,4.9085,5.147,0.0862,0.9137,day_cluster,0.001,0.01,day_cluster_bootstrap,True,True
P2_xgb_gaussian_oof__vs__P5_quantile_regression__fold_2,P2_xgb_gaussian_oof,P5_quantile_regression,probabilistic,fold_2,2020,COMPLETED,4000,0,delta_coverage_error_80,0.1747,,,,,,fold_population,,,paired_bootstrap_test,,False
P2_xgb_gaussian_oof__vs__P5_quantile_regression__fold_2,P2_xgb_gaussian_oof,P5_quantile_regression,probabilistic,fold_2,2020,COMPLETED,4000,0,delta_interval_width_80,83.9347,87.6274,83.4995,84.3866,0.001,0.999,day_cluster,0.001,0.01,day_cluster_bootstrap,True,True
P2_xgb_gaussian_oof__vs__P5_quantile_regression__fold_2,P2_xgb_gaussian_oof,P5_quantile_regression,probabilistic,fold_2,2020,COMPLETED,4000,0,delta_coverage_error_90,0.0722,,,,,,fold_population,,,paired_bootstrap_test,,False
P2_xgb_gaussian_oof__vs__P5_quantile_regression__fold_2,P2_xgb_gaussian_oof,P5_quantile_regression,probabilistic,fold_2,2020,COMPLETED,4000,0,delta_interval_width_90,90.6862,94.3783,90.0365,91.3565,0.002,0.998,day_cluster,0.001,0.01,day_cluster_bootstrap,True,True
P3_ngboost_normal__vs__P4_ngboost_student_t__fold_2,P3_ngboost_normal,P4_ngboost_student_t,probabilistic,fold_2,2020,COMPLETED,4000,0,delta_crps,6.0354,7.9042,5.8333,6.2314,0.0777,0.9223,day_cluster,0.001,0.01,day_cluster_bootstrap,True,True
P3_ngboost_normal__vs__P4_ngboost_student_t__fold_2,P3_ngboost_normal,P4_ngboost_student_t,probabilistic,fold_2,2020,COMPLETED,4000,0,delta_coverage_error_80,0.0873,,,,,,fold_population,,,paired_bootstrap_test,,False
P3_ngboost_normal__vs__P4_ngboost_student_t__fold_2,P3_ngboost_normal,P4_ngboost_student_t,probabilistic,fold_2,2020,COMPLETED,4000,0,delta_interval_width_80,83.1274,79.6305,82.7079,83.56,0.0,1.0,day_cluster,0.001,0.01,day_cluster_bootstrap,True,True
P3_ngboost_normal__vs__P4_ngboost_student_t__fold_2,P3_ngboost_normal,P4_ngboost_student_t,probabilistic,fold_2,2020,COMPLETED,4000,0,delta_coverage_error_90,0.0375,,,,,,fold_population,,,paired_bootstrap_test,,False
P3_ngboost_normal__vs__P4_ngboost_student_t__fold_2,P3_ngboost_normal,P4_ngboost_student_t,probabilistic,fold_2,2020,COMPLETED,4000,0,delta_interval_width_90,99.2732,95.1916,98.728,99.8204,0.0,1.0,day_cluster,0.001,0.01,day_cluster_bootstrap,True,True
P3_ngboost_normal__vs__P4_ngboost_student_t__fold_2,P3_ngboost_normal,P4_ngboost_student_t,probabilistic,fold_2,2020,COMPLETED,4000,0,delta_brier_delay_15,0.1082,0.1421,0.1034,0.1126,0.062,0.938,day_cluster,0.001,0.006,day_cluster_bootstrap,True,True
P3_ngboost_normal__vs__P5_quantile_regression__fold_2,P3_ngboost_normal,P5_quantile_regression,probabilistic,fold_2,2020,COMPLETED,4000,0,delta_crps,5.694,7.2209,5.5244,5.8662,0.0835,0.9165,day_cluster,0.001,0.01,day_cluster_bootstrap,True,True
P3_ngboost_normal__vs__P5_quantile_regression__fold_2,P3_ngboost_normal,P5_quantile_regression,probabilistic,fold_2,2020,COMPLETED,4000,0,delta_coverage_error_80,0.1795,,,,,,fold_population,,,paired_bootstrap_test,,False
P3_ngboost_normal__vs__P5_quantile_regression__fold_2,P3_ngboost_normal,P5_quantile_regression,probabilistic,fold_2,2020,COMPLETED,4000,0,delta_interval_width_80,80.1121,80.2764,79.5565,80.6439,0.001,0.999,day_cluster,0.001,0.01,day_cluster_bootstrap,True,True
P3_ngboost_normal__vs__P5_quantile_regression__fold_2,P3_ngboost_normal,P5_quantile_regression,probabilistic,fold_2,2020,COMPLETED,4000,0,delta_coverage_error_90,0.0747,,,,,,fold_population,,,paired_bootstrap_test,,False
P3_ngboost_normal__vs__P5_quantile_regression__fold_2,P3_ngboost_normal,P5_quantile_regression,probabilistic,fold_2,2020,COMPLETED,4000,0,delta_interval_width_90,85.78,86.2314,85.0848,86.4638,0.0025,0.9975,day_cluster,0.001,0.01,day_cluster_bootstrap,True,True
P4_ngboost_student_t__vs__P5_quantile_regression__fold_2,P4_ngboost_student_t,P5_quantile_regression,probabilistic,fold_2,2020,COMPLETED,4000,0,delta_crps,-0.3414,-0.1956,-0.4139,-0.267,0.57,0.43,day_cluster,0.001,0.01,day_cluster_bootstrap,True,True
P4_ngboost_student_t__vs__P5_quantile_regression__fold_2,P4_ngboost_student_t,P5_quantile_regression,probabilistic,fold_2,2020,COMPLETED,4000,0,delta_coverage_error_80,0.0922,,,,,,fold_population,,,paired_bootstrap_test,,False
P4_ngboost_student_t__vs__P5_quantile_regression__fold_2,P4_ngboost_student_t,P5_quantile_regression,probabilistic,fold_2,2020,COMPLETED,4000,0,delta_interval_width_80,-3.0153,0.4731,-3.4311,-2.5787,0.4815,0.5185,day_cluster,0.001,0.01,day_cluster_bootstrap,True,True
P4_ngboost_student_t__vs__P5_quantile_regression__fold_2,P4_ngboost_student_t,P5_quantile_regression,probabilistic,fold_2,2020,COMPLETED,4000,0,delta_coverage_error_90,0.0372,,,,,,fold_population,,,paired_bootstrap_test,,False
P4_ngboost_student_t__vs__P5_quantile_regression__fold_2,P4_ngboost_student_t,P5_quantile_regression,probabilistic,fold_2,2020,COMPLETED,4000,0,delta_interval_width_90,-13.4932,-10.1333,-14.1217,-12.8527,0.7043,0.2958,day_cluster,0.001,0.01,day_cluster_bootstrap,True,True
P1_empirical__vs__P2_xgb_gaussian_oof__fold_3,P1_empirical,P2_xgb_gaussian_oof,probabilistic,fold_3,2021,COMPLETED,4000,0,delta_crps,-4.2984,-5.9327,-4.4385,-4.1592,0.8678,0.1323,day_cluster,0.001,0.01,day_cluster_bootstrap,True,True
P1_empirical__vs__P2_xgb_gaussian_oof__fold_3,P1_empirical,P2_xgb_gaussian_oof,probabilistic,fold_3,2021,COMPLETED,4000,0,delta_coverage_error_80,-0.1458,,,,,,fold_population,,,paired_bootstrap_test,,False
P1_empirical__vs__P2_xgb_gaussian_oof__fold_3,P1_empirical,P2_xgb_gaussian_oof,probabilistic,fold_3,2021,COMPLETED,4000,0,delta_interval_width_80,-78.2399,-81.2976,-78.6748,-77.8336,1.0,0.0,day_cluster,0.001,0.01,day_cluster_bootstrap,True,True
P1_empirical__vs__P2_xgb_gaussian_oof__fold_3,P1_empirical,P2_xgb_gaussian_oof,probabilistic,fold_3,2021,COMPLETED,4000,0,delta_coverage_error_90,-0.0693,,,,,,fold_population,,,paired_bootstrap_test,,False
P1_empirical__vs__P2_xgb_gaussian_oof__fold_3,P1_empirical,P2_xgb_gaussian_oof,probabilistic,fold_3,2021,COMPLETED,4000,0,delta_interval_width_90,-84.5814,-92.1838,-85.3515,-83.8279,0.9938,0.0063,day_cluster,0.001,0.01,day_cluster_bootstrap,True,True
P1_empirical__vs__P2_xgb_gaussian_oof__fold_3,P1_empirical,P2_xgb_gaussian_oof,probabilistic,fold_3,2021,COMPLETED,4000,0,delta_brier_delay_15,-0.0318,-0.0699,-0.0352,-0.0283,0.8722,0.1278,day_cluster,0.001,0.006,day_cluster_bootstrap,True,True
P1_empirical__vs__P3_ngboost_normal__fold_3,P1_empirical,P3_ngboost_normal,probabilistic,fold_3,2021,COMPLETED,4000,0,delta_crps,-3.373,-4.8346,-3.5367,-3.2098,0.8293,0.1708,day_cluster,0.001,0.01,day_cluster_bootstrap,True,True
P1_empirical__vs__P3_ngboost_normal__fold_3,P1_empirical,P3_ngboost_normal,probabilistic,fold_3,2021,COMPLETED,4000,0,delta_coverage_error_80,-0.142,,,,,,fold_population,,,paired_bootstrap_test,,False
P1_empirical__vs__P3_ngboost_normal__fold_3,P1_empirical,P3_ngboost_normal,probabilistic,fold_3,2021,COMPLETED,4000,0,delta_interval_width_80,-60.7996,-60.6651,-61.4303,-60.1775,0.9965,0.0035,day_cluster,0.001,0.01,day_cluster_bootstrap,True,True
P1_empirical__vs__P3_ngboost_normal__fold_3,P1_empirical,P3_ngboost_normal,probabilistic,fold_3,2021,COMPLETED,4000,0,delta_coverage_error_90,-0.066,,,,,,fold_population,,,paired_bootstrap_test,,False
P1_empirical__vs__P3_ngboost_normal__fold_3,P1_empirical,P3_ngboost_normal,probabilistic,fold_3,2021,COMPLETED,4000,0,delta_interval_width_90,-62.197,-64.1459,-63.2409,-61.2296,0.9865,0.0135,day_cluster,0.001,0.01,day_cluster_bootstrap,True,True
P1_empirical__vs__P3_ngboost_normal__fold_3,P1_empirical,P3_ngboost_normal,probabilistic,fold_3,2021,COMPLETED,4000,0,delta_brier_delay_15,-0.0456,-0.0868,-0.0495,-0.0416,0.8812,0.1187,day_cluster,0.001,0.006,day_cluster_bootstrap,True,True
P1_empirical__vs__P4_ngboost_student_t__fold_3,P1_empirical,P4_ngboost_student_t,probabilistic,fold_3,2021,COMPLETED,4000,0,delta_crps,-0.2812,-0.0497,-0.3652,-0.1984,0.5155,0.4845,day_cluster,0.001,0.01,day_cluster_bootstrap,True,True
P1_empirical__vs__P4_ngboost_student_t__fold_3,P1_empirical,P4_ngboost_student_t,probabilistic,fold_3,2021,COMPLETED,4000,0,delta_coverage_error_80,-0.0112,,,,,,fold_population,,,paired_bootstrap_test,,False
P1_empirical__vs__P4_ngboost_student_t__fold_3,P1_empirical,P4_ngboost_student_t,probabilistic,fold_3,2021,COMPLETED,4000,0,delta_interval_width_80,5.2096,1.7405,4.7771,5.6051,0.4713,0.5288,day_cluster,0.001,0.01,day_cluster_bootstrap,True,True
P1_empirical__vs__P4_ngboost_student_t__fold_3,P1_empirical,P4_ngboost_student_t,probabilistic,fold_3,2021,COMPLETED,4000,0,delta_coverage_error_90,-0.0065,,,,,,fold_population,,,paired_bootstrap_test,,False
P1_empirical__vs__P4_ngboost_student_t__fold_3,P1_empirical,P4_ngboost_student_t,probabilistic,fold_3,2021,COMPLETED,4000,0,delta_interval_width_90,16.0424,9.0199,15.2661,16.7726,0.3172,0.6827,day_cluster,0.001,0.01,day_cluster_bootstrap,True,True
P1_empirical__vs__P4_ngboost_student_t__fold_3,P1_empirical,P4_ngboost_student_t,probabilistic,fold_3,2021,COMPLETED,4000,0,delta_brier_delay_15,-0.0042,0.0064,-0.006,-0.0024,0.184,0.816,day_cluster,0.001,0.006,day_cluster_bootstrap,True,True
P1_empirical__vs__P5_quantile_regression__fold_3,P1_empirical,P5_quantile_regression,probabilistic,fold_3,2021,COMPLETED,4000,0,delta_crps,-0.088,0.3204,-0.1744,-0.0032,0.4022,0.5978,day_cluster,0.044978,0.044978,day_cluster_bootstrap,True,True
P1_empirical__vs__P5_quantile_regression__fold_3,P1_empirical,P5_quantile_regression,probabilistic,fold_3,2021,COMPLETED,4000,0,delta_coverage_error_80,-0.0513,,,,,,fold_population,,,paired_bootstrap_test,,False
P1_empirical__vs__P5_quantile_regression__fold_3,P1_empirical,P5_quantile_regression,probabilistic,fold_3,2021,COMPLETED,4000,0,delta_interval_width_80,10.7437,9.1359,10.3203,11.1487,0.1517,0.8482,day_cluster,0.001,0.01,day_cluster_bootstrap,True,True
P1_empirical__vs__P5_quantile_regression__fold_3,P1_empirical,P5_quantile_regression,probabilistic,fold_3,2021,COMPLETED,4000,0,delta_coverage_error_90,-0.0453,,,,,,fold_population,,,paired_bootstrap_test,,False
P1_empirical__vs__P5_quantile_regression__fold_3,P1_empirical,P5_quantile_regression,probabilistic,fold_3,2021,COMPLETED,4000,0,delta_interval_width_90,20.4626,18.102,19.7339,21.1636,0.1515,0.8485,day_cluster,0.001,0.01,day_cluster_bootstrap,True,True
P2_xgb_gaussian_oof__vs__P3_ngboost_normal__fold_3,P2_xgb_gaussian_oof,P3_ngboost_normal,probabilistic,fold_3,2021,COMPLETED,4000,0,delta_crps,0.9254,0.8214,0.8481,1.0034,0.343,0.657,day_cluster,0.001,0.01,day_cluster_bootstrap,True,True
P2_xgb_gaussian_oof__vs__P3_ngboost_normal__fold_3,P2_xgb_gaussian_oof,P3_ngboost_normal,probabilistic,fold_3,2021,COMPLETED,4000,0,delta_coverage_error_80,0.0038,,,,,,fold_population,,,paired_bootstrap_test,,False
P2_xgb_gaussian_oof__vs__P3_ngboost_normal__fold_3,P2_xgb_gaussian_oof,P3_ngboost_normal,probabilistic,fold_3,2021,COMPLETED,4000,0,delta_interval_width_80,17.4403,22.2347,16.9356,17.926,0.1105,0.8895,day_cluster,0.001,0.01,day_cluster_bootstrap,True,True
P2_xgb_gaussian_oof__vs__P3_ngboost_normal__fold_3,P2_xgb_gaussian_oof,P3_ngboost_normal,probabilistic,fold_3,2021,COMPLETED,4000,0,delta_coverage_error_90,0.0032,,,,,,fold_population,,,paired_bootstrap_test,,False
P2_xgb_gaussian_oof__vs__P3_ngboost_normal__fold_3,P2_xgb_gaussian_oof,P3_ngboost_normal,probabilistic,fold_3,2021,COMPLETED,4000,0,delta_interval_width_90,22.3844,28.5379,21.7366,23.0078,0.1105,0.8895,day_cluster,0.001,0.01,day_cluster_bootstrap,True,True
P2_xgb_gaussian_oof__vs__P3_ngboost_normal__fold_3,P2_xgb_gaussian_oof,P3_ngboost_normal,probabilistic,fold_3,2021,COMPLETED,4000,0,delta_brier_delay_15,-0.0138,-0.0138,-0.0148,-0.0128,0.7622,0.2377,day_cluster,0.001,0.006,day_cluster_bootstrap,True,True
P2_xgb_gaussian_oof__vs__P4_ngboost_student_t__fold_3,P2_xgb_gaussian_oof,P4_ngboost_student_t,probabilistic,fold_3,2021,COMPLETED,4000,0,delta_crps,4.0172,6.211,3.8488,4.1891,0.1353,0.8648,day_cluster,0.001,0.01,day_cluster_bootstrap,True,True
P2_xgb_gaussian_oof__vs__P4_ngboost_student_t__fold_3,P2_xgb_gaussian_oof,P4_ngboost_student_t,probabilistic,fold_3,2021,COMPLETED,4000,0,delta_coverage_error_80,0.1345,,,,,,fold_population,,,paired_bootstrap_test,,False
P2_xgb_gaussian_oof__vs__P4_ngboost_student_t__fold_3,P2_xgb_gaussian_oof,P4_ngboost_student_t,probabilistic,fold_3,2021,COMPLETED,4000,0,delta_interval_width_80,83.4495,83.5145,83.4286,83.4704,0.0,1.0,day_cluster,0.001,0.01,day_cluster_bootstrap,True,True
P2_xgb_gaussian_oof__vs__P4_ngboost_student_t__fold_3,P2_xgb_gaussian_oof,P4_ngboost_student_t,probabilistic,fold_3,2021,COMPLETED,4000,0,delta_coverage_error_90,0.0627,,,,,,fold_population,,,paired_bootstrap_test,,False
P2_xgb_gaussian_oof__vs__P4_ngboost_student_t__fold_3,P2_xgb_gaussian_oof,P4_ngboost_student_t,probabilistic,fold_3,2021,COMPLETED,4000,0,delta_interval_width_90,100.6238,100.8625,100.5833,100.6642,0.0,1.0,day_cluster,0.001,0.01,day_cluster_bootstrap,True,True
P2_xgb_gaussian_oof__vs__P4_ngboost_student_t__fold_3,P2_xgb_gaussian_oof,P4_ngboost_student_t,probabilistic,fold_3,2021,COMPLETED,4000,0,delta_brier_delay_15,0.0276,0.0804,0.0229,0.0321,0.1185,0.8815,day_cluster,0.001,0.006,day_cluster_bootstrap,True,True
P2_xgb_gaussian_oof__vs__P5_quantile_regression__fold_3,P2_xgb_gaussian_oof,P5_quantile_regression,probabilistic,fold_3,2021,COMPLETED,4000,0,delta_crps,4.2104,6.4457,4.038,4.3828,0.1452,0.8548,day_cluster,0.001,0.01,day_cluster_bootstrap,True,True
P2_xgb_gaussian_oof__vs__P5_quantile_regression__fold_3,P2_xgb_gaussian_oof,P5_quantile_regression,probabilistic,fold_3,2021,COMPLETED,4000,0,delta_coverage_error_80,0.0945,,,,,,fold_population,,,paired_bootstrap_test,,False
P2_xgb_gaussian_oof__vs__P5_quantile_regression__fold_3,P2_xgb_gaussian_oof,P5_quantile_regression,probabilistic,fold_3,2021,COMPLETED,4000,0,delta_interval_width_80,88.9836,90.5059,88.7113,89.2484,0.0,1.0,day_cluster,0.001,0.01,day_cluster_bootstrap,True,True
P2_xgb_gaussian_oof__vs__P5_quantile_regression__fold_3,P2_xgb_gaussian_oof,P5_quantile_regression,probabilistic,fold_3,2021,COMPLETED,4000,0,delta_coverage_error_90,0.024,,,,,,fold_population,,,paired_bootstrap_test,,False
P2_xgb_gaussian_oof__vs__P5_quantile_regression__fold_3,P2_xgb_gaussian_oof,P5_quantile_regression,probabilistic,fold_3,2021,COMPLETED,4000,0,delta_interval_width_90,105.0439,107.0991,104.6389,105.4418,0.0,1.0,day_cluster,0.001,0.01,day_cluster_bootstrap,True,True
P3_ngboost_normal__vs__P4_ngboost_student_t__fold_3,P3_ngboost_normal,P4_ngboost_student_t,probabilistic,fold_3,2021,COMPLETED,4000,0,delta_crps,3.0918,5.3162,2.8936,3.2967,0.1578,0.8423,day_cluster,0.001,0.01,day_cluster_bootstrap,True,True
P3_ngboost_normal__vs__P4_ngboost_student_t__fold_3,P3_ngboost_normal,P4_ngboost_student_t,probabilistic,fold_3,2021,COMPLETED,4000,0,delta_coverage_error_80,0.1308,,,,,,fold_population,,,paired_bootstrap_test,,False
P3_ngboost_normal__vs__P4_ngboost_student_t__fold_3,P3_ngboost_normal,P4_ngboost_student_t,probabilistic,fold_3,2021,COMPLETED,4000,0,delta_interval_width_80,66.0092,61.0614,65.5227,66.5047,0.0,1.0,day_cluster,0.001,0.01,day_cluster_bootstrap,True,True
P3_ngboost_normal__vs__P4_ngboost_student_t__fold_3,P3_ngboost_normal,P4_ngboost_student_t,probabilistic,fold_3,2021,COMPLETED,4000,0,delta_coverage_error_90,0.0595,,,,,,fold_population,,,paired_bootstrap_test,,False
P3_ngboost_normal__vs__P4_ngboost_student_t__fold_3,P3_ngboost_normal,P4_ngboost_student_t,probabilistic,fold_3,2021,COMPLETED,4000,0,delta_interval_width_90,78.2394,72.0794,77.6156,78.8691,0.0,1.0,day_cluster,0.001,0.01,day_cluster_bootstrap,True,True
P3_ngboost_normal__vs__P4_ngboost_student_t__fold_3,P3_ngboost_normal,P4_ngboost_student_t,probabilistic,fold_3,2021,COMPLETED,4000,0,delta_brier_delay_15,0.0414,0.0953,0.0362,0.0465,0.1185,0.8815,day_cluster,0.001,0.006,day_cluster_bootstrap,True,True
P3_ngboost_normal__vs__P5_quantile_regression__fold_3,P3_ngboost_normal,P5_quantile_regression,probabilistic,fold_3,2021,COMPLETED,4000,0,delta_crps,3.285,5.4378,3.0816,3.4921,0.1737,0.8263,day_cluster,0.001,0.01,day_cluster_bootstrap,True,True
P3_ngboost_normal__vs__P5_quantile_regression__fold_3,P3_ngboost_normal,P5_quantile_regression,probabilistic,fold_3,2021,COMPLETED,4000,0,delta_coverage_error_80,0.0907,,,,,,fold_population,,,paired_bootstrap_test,,False
P3_ngboost_normal__vs__P5_quantile_regression__fold_3,P3_ngboost_normal,P5_quantile_regression,probabilistic,fold_3,2021,COMPLETED,4000,0,delta_interval_width_80,71.5433,68.5502,71.0771,72.0039,0.0,1.0,day_cluster,0.001,0.01,day_cluster_bootstrap,True,True
P3_ngboost_normal__vs__P5_quantile_regression__fold_3,P3_ngboost_normal,P5_quantile_regression,probabilistic,fold_3,2021,COMPLETED,4000,0,delta_coverage_error_90,0.0208,,,,,,fold_population,,,paired_bootstrap_test,,False
P3_ngboost_normal__vs__P5_quantile_regression__fold_3,P3_ngboost_normal,P5_quantile_regression,probabilistic,fold_3,2021,COMPLETED,4000,0,delta_interval_width_90,82.6595,79.8733,82.0969,83.239,0.0,1.0,day_cluster,0.001,0.01,day_cluster_bootstrap,True,True
P4_ngboost_student_t__vs__P5_quantile_regression__fold_3,P4_ngboost_student_t,P5_quantile_regression,probabilistic,fold_3,2021,COMPLETED,4000,0,delta_crps,0.1932,0.2989,0.1551,0.2321,0.397,0.603,day_cluster,0.001,0.01,day_cluster_bootstrap,True,True
P4_ngboost_student_t__vs__P5_quantile_regression__fold_3,P4_ngboost_student_t,P5_quantile_regression,probabilistic,fold_3,2021,COMPLETED,4000,0,delta_coverage_error_80,-0.04,,,,,,fold_population,,,paired_bootstrap_test,,False
P4_ngboost_student_t__vs__P5_quantile_regression__fold_3,P4_ngboost_student_t,P5_quantile_regression,probabilistic,fold_3,2021,COMPLETED,4000,0,delta_interval_width_80,5.5341,7.0488,5.2721,5.7889,0.1832,0.8167,day_cluster,0.001,0.01,day_cluster_bootstrap,True,True
P4_ngboost_student_t__vs__P5_quantile_regression__fold_3,P4_ngboost_student_t,P5_quantile_regression,probabilistic,fold_3,2021,COMPLETED,4000,0,delta_coverage_error_90,-0.0387,,,,,,fold_population,,,paired_bootstrap_test,,False
P4_ngboost_student_t__vs__P5_quantile_regression__fold_3,P4_ngboost_student_t,P5_quantile_regression,probabilistic,fold_3,2021,COMPLETED,4000,0,delta_interval_width_90,4.4202,6.4561,4.0334,4.8019,0.296,0.704,day_cluster,0.001,0.01,day_cluster_bootstrap,True,True
P1_empirical__vs__P2_xgb_gaussian_oof__fold_4,P1_empirical,P2_xgb_gaussian_oof,probabilistic,fold_4,2022,COMPLETED,4000,0,delta_crps,-3.6874,-5.493,-3.8386,-3.5292,0.839,0.161,day_cluster,0.001,0.01,day_cluster_bootstrap,True,True
P1_empirical__vs__P2_xgb_gaussian_oof__fold_4,P1_empirical,P2_xgb_gaussian_oof,probabilistic,fold_4,2022,COMPLETED,4000,0,delta_coverage_error_80,-0.115,,,,,,fold_population,,,paired_bootstrap_test,,False
P1_empirical__vs__P2_xgb_gaussian_oof__fold_4,P1_empirical,P2_xgb_gaussian_oof,probabilistic,fold_4,2022,COMPLETED,4000,0,delta_interval_width_80,-76.3484,-80.9273,-76.7856,-75.9404,0.9995,0.0005,day_cluster,0.001,0.01,day_cluster_bootstrap,True,True
P1_empirical__vs__P2_xgb_gaussian_oof__fold_4,P1_empirical,P2_xgb_gaussian_oof,probabilistic,fold_4,2022,COMPLETED,4000,0,delta_coverage_error_90,-0.035,,,,,,fold_population,,,paired_bootstrap_test,,False
P1_empirical__vs__P2_xgb_gaussian_oof__fold_4,P1_empirical,P2_xgb_gaussian_oof,probabilistic,fold_4,2022,COMPLETED,4000,0,delta_interval_width_90,-80.5691,-88.9848,-81.2592,-79.8659,0.9982,0.0018,day_cluster,0.001,0.01,day_cluster_bootstrap,True,True
P1_empirical__vs__P2_xgb_gaussian_oof__fold_4,P1_empirical,P2_xgb_gaussian_oof,probabilistic,fold_4,2022,COMPLETED,4000,0,delta_brier_delay_15,-0.0191,-0.0691,-0.0229,-0.0152,0.84,0.16,day_cluster,0.001,0.006,day_cluster_bootstrap,True,True
P1_empirical__vs__P3_ngboost_normal__fold_4,P1_empirical,P3_ngboost_normal,probabilistic,fold_4,2022,COMPLETED,4000,0,delta_crps,-2.9555,-5.242,-3.1684,-2.736,0.797,0.203,day_cluster,0.001,0.01,day_cluster_bootstrap,True,True
P1_empirical__vs__P3_ngboost_normal__fold_4,P1_empirical,P3_ngboost_normal,probabilistic,fold_4,2022,COMPLETED,4000,0,delta_coverage_error_80,-0.1192,,,,,,fold_population,,,paired_bootstrap_test,,False
P1_empirical__vs__P3_ngboost_normal__fold_4,P1_empirical,P3_ngboost_normal,probabilistic,fold_4,2022,COMPLETED,4000,0,delta_interval_width_80,-68.3946,-69.4862,-68.9222,-67.9125,0.9995,0.0005,day_cluster,0.001,0.01,day_cluster_bootstrap,True,True
P1_empirical__vs__P3_ngboost_normal__fold_4,P1_empirical,P3_ngboost_normal,probabilistic,fold_4,2022,COMPLETED,4000,0,delta_coverage_error_90,-0.038,,,,,,fold_population,,,paired_bootstrap_test,,False
P1_empirical__vs__P3_ngboost_normal__fold_4,P1_empirical,P3_ngboost_normal,probabilistic,fold_4,2022,COMPLETED,4000,0,delta_interval_width_90,-70.3606,-72.4233,-71.1742,-69.5764,0.9965,0.0035,day_cluster,0.001,0.01,day_cluster_bootstrap,True,True
P1_empirical__vs__P3_ngboost_normal__fold_4,P1_empirical,P3_ngboost_normal,probabilistic,fold_4,2022,COMPLETED,4000,0,delta_brier_delay_15,-0.0378,-0.1055,-0.0429,-0.0327,0.8407,0.1593,day_cluster,0.001,0.006,day_cluster_bootstrap,True,True
P1_empirical__vs__P4_ngboost_student_t__fold_4,P1_empirical,P4_ngboost_student_t,probabilistic,fold_4,2022,COMPLETED,4000,0,delta_crps,-0.5583,-0.0318,-0.6521,-0.4565,0.5165,0.4835,day_cluster,0.001,0.01,day_cluster_bootstrap,True,True
P1_empirical__vs__P4_ngboost_student_t__fold_4,P1_empirical,P4_ngboost_student_t,probabilistic,fold_4,2022,COMPLETED,4000,0,delta_coverage_error_80,0.0003,,,,,,fold_population,,,paired_bootstrap_test,,False
P1_empirical__vs__P4_ngboost_student_t__fold_4,P1_empirical,P4_ngboost_student_t,probabilistic,fold_4,2022,COMPLETED,4000,0,delta_interval_width_80,4.4989,0.2253,4.0739,4.9018,0.4808,0.5192,day_cluster,0.001,0.01,day_cluster_bootstrap,True,True
P1_empirical__vs__P4_ngboost_student_t__fold_4,P1_empirical,P4_ngboost_student_t,probabilistic,fold_4,2022,COMPLETED,4000,0,delta_coverage_error_90,-0.028,,,,,,fold_population,,,paired_bootstrap_test,,False
P1_empirical__vs__P4_ngboost_student_t__fold_4,P1_empirical,P4_ngboost_student_t,probabilistic,fold_4,2022,COMPLETED,4000,0,delta_interval_width_90,16.4019,9.3985,15.7265,17.0985,0.2973,0.7027,day_cluster,0.001,0.01,day_cluster_bootstrap,True,True
P1_empirical__vs__P4_ngboost_student_t__fold_4,P1_empirical,P4_ngboost_student_t,probabilistic,fold_4,2022,COMPLETED,4000,0,delta_brier_delay_15,-0.0104,0.0053,-0.0125,-0.0083,0.2527,0.7472,day_cluster,0.001,0.006,day_cluster_bootstrap,True,True
P1_empirical__vs__P5_quantile_regression__fold_4,P1_empirical,P5_quantile_regression,probabilistic,fold_4,2022,COMPLETED,4000,0,delta_crps,-0.0691,0.0921,-0.1312,-0.0003,0.4698,0.5302,day_cluster,0.049975,0.049975,day_cluster_bootstrap,True,True
P1_empirical__vs__P5_quantile_regression__fold_4,P1_empirical,P5_quantile_regression,probabilistic,fold_4,2022,COMPLETED,4000,0,delta_coverage_error_80,-0.033,,,,,,fold_population,,,paired_bootstrap_test,,False
P1_empirical__vs__P5_quantile_regression__fold_4,P1_empirical,P5_quantile_regression,probabilistic,fold_4,2022,COMPLETED,4000,0,delta_interval_width_80,4.5317,3.4626,4.2027,4.8605,0.3187,0.6813,day_cluster,0.001,0.01,day_cluster_bootstrap,True,True
P1_empirical__vs__P5_quantile_regression__fold_4,P1_empirical,P5_quantile_regression,probabilistic,fold_4,2022,COMPLETED,4000,0,delta_coverage_error_90,-0.0195,,,,,,fold_population,,,paired_bootstrap_test,,False
P1_empirical__vs__P5_quantile_regression__fold_4,P1_empirical,P5_quantile_regression,probabilistic,fold_4,2022,COMPLETED,4000,0,delta_interval_width_90,10.9329,7.5534,10.3441,11.5403,0.3005,0.6995,day_cluster,0.001,0.01,day_cluster_bootstrap,True,True
P2_xgb_gaussian_oof__vs__P3_ngboost_normal__fold_4,P2_xgb_gaussian_oof,P3_ngboost_normal,probabilistic,fold_4,2022,COMPLETED,4000,0,delta_crps,0.732,-0.1815,0.6409,0.8272,0.5128,0.4873,day_cluster,0.001,0.01,day_cluster_bootstrap,True,True
P2_xgb_gaussian_oof__vs__P3_ngboost_normal__fold_4,P2_xgb_gaussian_oof,P3_ngboost_normal,probabilistic,fold_4,2022,COMPLETED,4000,0,delta_coverage_error_80,-0.0042,,,,,,fold_population,,,paired_bootstrap_test,,False
P2_xgb_gaussian_oof__vs__P3_ngboost_normal__fold_4,P2_xgb_gaussian_oof,P3_ngboost_normal,probabilistic,fold_4,2022,COMPLETED,4000,0,delta_interval_width_80,7.9538,10.1541,7.6126,8.2561,0.1638,0.8363,day_cluster,0.001,0.01,day_cluster_bootstrap,True,True
P2_xgb_gaussian_oof__vs__P3_ngboost_normal__fold_4,P2_xgb_gaussian_oof,P3_ngboost_normal,probabilistic,fold_4,2022,COMPLETED,4000,0,delta_coverage_error_90,-0.003,,,,,,fold_population,,,paired_bootstrap_test,,False
P2_xgb_gaussian_oof__vs__P3_ngboost_normal__fold_4,P2_xgb_gaussian_oof,P3_ngboost_normal,probabilistic,fold_4,2022,COMPLETED,4000,0,delta_interval_width_90,10.2085,13.0327,9.7707,10.5966,0.1638,0.8363,day_cluster,0.001,0.01,day_cluster_bootstrap,True,True
P2_xgb_gaussian_oof__vs__P3_ngboost_normal__fold_4,P2_xgb_gaussian_oof,P3_ngboost_normal,probabilistic,fold_4,2022,COMPLETED,4000,0,delta_brier_delay_15,-0.0187,-0.0333,-0.0201,-0.0174,0.837,0.163,day_cluster,0.001,0.006,day_cluster_bootstrap,True,True
P2_xgb_gaussian_oof__vs__P4_ngboost_student_t__fold_4,P2_xgb_gaussian_oof,P4_ngboost_student_t,probabilistic,fold_4,2022,COMPLETED,4000,0,delta_crps,3.1291,5.9615,2.9303,3.3241,0.1727,0.8273,day_cluster,0.001,0.01,day_cluster_bootstrap,True,True
P2_xgb_gaussian_oof__vs__P4_ngboost_student_t__fold_4,P2_xgb_gaussian_oof,P4_ngboost_student_t,probabilistic,fold_4,2022,COMPLETED,4000,0,delta_coverage_error_80,0.1152,,,,,,fold_population,,,paired_bootstrap_test,,False
P2_xgb_gaussian_oof__vs__P4_ngboost_student_t__fold_4,P2_xgb_gaussian_oof,P4_ngboost_student_t,probabilistic,fold_4,2022,COMPLETED,4000,0,delta_interval_width_80,80.8472,80.9342,80.8275,80.867,0.0,1.0,day_cluster,0.001,0.01,day_cluster_bootstrap,True,True
P2_xgb_gaussian_oof__vs__P4_ngboost_student_t__fold_4,P2_xgb_gaussian_oof,P4_ngboost_student_t,probabilistic,fold_4,2022,COMPLETED,4000,0,delta_coverage_error_90,0.007,,,,,,fold_population,,,paired_bootstrap_test,,False
P2_xgb_gaussian_oof__vs__P4_ngboost_student_t__fold_4,P2_xgb_gaussian_oof,P4_ngboost_student_t,probabilistic,fold_4,2022,COMPLETED,4000,0,delta_interval_width_90,96.971,97.1044,96.9366,97.0056,0.0,1.0,day_cluster,0.001,0.01,day_cluster_bootstrap,True,True
P2_xgb_gaussian_oof__vs__P4_ngboost_student_t__fold_4,P2_xgb_gaussian_oof,P4_ngboost_student_t,probabilistic,fold_4,2022,COMPLETED,4000,0,delta_brier_delay_15,0.0087,0.0788,0.0035,0.0139,0.1593,0.8407,day_cluster,0.001,0.006,day_cluster_bootstrap,True,True
P2_xgb_gaussian_oof__vs__P5_quantile_regression__fold_4,P2_xgb_gaussian_oof,P5_quantile_regression,probabilistic,fold_4,2022,COMPLETED,4000,0,delta_crps,3.6184,5.8064,3.4488,3.7838,0.1675,0.8325,day_cluster,0.001,0.01,day_cluster_bootstrap,True,True
P2_xgb_gaussian_oof__vs__P5_quantile_regression__fold_4,P2_xgb_gaussian_oof,P5_quantile_regression,probabilistic,fold_4,2022,COMPLETED,4000,0,delta_coverage_error_80,0.082,,,,,,fold_population,,,paired_bootstrap_test,,False
P2_xgb_gaussian_oof__vs__P5_quantile_regression__fold_4,P2_xgb_gaussian_oof,P5_quantile_regression,probabilistic,fold_4,2022,COMPLETED,4000,0,delta_interval_width_80,80.8801,82.7364,80.5774,81.2073,0.0,1.0,day_cluster,0.001,0.01,day_cluster_bootstrap,True,True
P2_xgb_gaussian_oof__vs__P5_quantile_regression__fold_4,P2_xgb_gaussian_oof,P5_quantile_regression,probabilistic,fold_4,2022,COMPLETED,4000,0,delta_coverage_error_90,0.0155,,,,,,fold_population,,,paired_bootstrap_test,,False
P2_xgb_gaussian_oof__vs__P5_quantile_regression__fold_4,P2_xgb_gaussian_oof,P5_quantile_regression,probabilistic,fold_4,2022,COMPLETED,4000,0,delta_interval_width_90,91.502,93.677,91.0508,91.9411,0.0,1.0,day_cluster,0.001,0.01,day_cluster_bootstrap,True,True
P3_ngboost_normal__vs__P4_ngboost_student_t__fold_4,P3_ngboost_normal,P4_ngboost_student_t,probabilistic,fold_4,2022,COMPLETED,4000,0,delta_crps,2.3972,5.8282,2.1368,2.6632,0.2013,0.7987,day_cluster,0.001,0.01,day_cluster_bootstrap,True,True
P3_ngboost_normal__vs__P4_ngboost_student_t__fold_4,P3_ngboost_normal,P4_ngboost_student_t,probabilistic,fold_4,2022,COMPLETED,4000,0,delta_coverage_error_80,0.1195,,,,,,fold_population,,,paired_bootstrap_test,,False
P3_ngboost_normal__vs__P4_ngboost_student_t__fold_4,P3_ngboost_normal,P4_ngboost_student_t,probabilistic,fold_4,2022,COMPLETED,4000,0,delta_interval_width_80,72.8935,70.6982,72.59,73.2365,0.0,1.0,day_cluster,0.001,0.01,day_cluster_bootstrap,True,True
P3_ngboost_normal__vs__P4_ngboost_student_t__fold_4,P3_ngboost_normal,P4_ngboost_student_t,probabilistic,fold_4,2022,COMPLETED,4000,0,delta_coverage_error_90,0.01,,,,,,fold_population,,,paired_bootstrap_test,,False
P3_ngboost_normal__vs__P4_ngboost_student_t__fold_4,P3_ngboost_normal,P4_ngboost_student_t,probabilistic,fold_4,2022,COMPLETED,4000,0,delta_interval_width_90,86.7625,84.0249,86.3745,87.2031,0.0,1.0,day_cluster,0.001,0.01,day_cluster_bootstrap,True,True
P3_ngboost_normal__vs__P4_ngboost_student_t__fold_4,P3_ngboost_normal,P4_ngboost_student_t,probabilistic,fold_4,2022,COMPLETED,4000,0,delta_brier_delay_15,0.0274,0.1156,0.0208,0.0339,0.1593,0.8407,day_cluster,0.001,0.006,day_cluster_bootstrap,True,True
P3_ngboost_normal__vs__P5_quantile_regression__fold_4,P3_ngboost_normal,P5_quantile_regression,probabilistic,fold_4,2022,COMPLETED,4000,0,delta_crps,2.8864,5.584,2.6543,3.1145,0.2052,0.7947,day_cluster,0.001,0.01,day_cluster_bootstrap,True,True
P3_ngboost_normal__vs__P5_quantile_regression__fold_4,P3_ngboost_normal,P5_quantile_regression,probabilistic,fold_4,2022,COMPLETED,4000,0,delta_coverage_error_80,0.0862,,,,,,fold_population,,,paired_bootstrap_test,,False
P3_ngboost_normal__vs__P5_quantile_regression__fold_4,P3_ngboost_normal,P5_quantile_regression,probabilistic,fold_4,2022,COMPLETED,4000,0,delta_interval_width_80,72.9263,72.8493,72.5123,73.3921,0.0,1.0,day_cluster,0.001,0.01,day_cluster_bootstrap,True,True
P3_ngboost_normal__vs__P5_quantile_regression__fold_4,P3_ngboost_normal,P5_quantile_regression,probabilistic,fold_4,2022,COMPLETED,4000,0,delta_coverage_error_90,0.0185,,,,,,fold_population,,,paired_bootstrap_test,,False
P3_ngboost_normal__vs__P5_quantile_regression__fold_4,P3_ngboost_normal,P5_quantile_regression,probabilistic,fold_4,2022,COMPLETED,4000,0,delta_interval_width_90,81.2934,80.7674,80.748,81.8659,0.0,1.0,day_cluster,0.001,0.01,day_cluster_bootstrap,True,True
P4_ngboost_student_t__vs__P5_quantile_regression__fold_4,P4_ngboost_student_t,P5_quantile_regression,probabilistic,fold_4,2022,COMPLETED,4000,0,delta_crps,0.4892,0.1701,0.416,0.5569,0.4417,0.5583,day_cluster,0.001,0.01,day_cluster_bootstrap,True,True
P4_ngboost_student_t__vs__P5_quantile_regression__fold_4,P4_ngboost_student_t,P5_quantile_regression,probabilistic,fold_4,2022,COMPLETED,4000,0,delta_coverage_error_80,-0.0333,,,,,,fold_population,,,paired_bootstrap_test,,False
P4_ngboost_student_t__vs__P5_quantile_regression__fold_4,P4_ngboost_student_t,P5_quantile_regression,probabilistic,fold_4,2022,COMPLETED,4000,0,delta_interval_width_80,0.0328,1.9923,-0.2602,0.3474,0.4165,0.5835,day_cluster,0.834583,0.834583,day_cluster_bootstrap,False,False
P4_ngboost_student_t__vs__P5_quantile_regression__fold_4,P4_ngboost_student_t,P5_quantile_regression,probabilistic,fold_4,2022,COMPLETED,4000,0,delta_coverage_error_90,0.0085,,,,,,fold_population,,,paired_bootstrap_test,,False
P4_ngboost_student_t__vs__P5_quantile_regression__fold_4,P4_ngboost_student_t,P5_quantile_regression,probabilistic,fold_4,2022,COMPLETED,4000,0,delta_interval_width_90,-5.469,-3.3952,-5.8978,-5.0523,0.6138,0.3862,day_cluster,0.001,0.01,day_cluster_bootstrap,True,True
