flight_key,carrier,fl_num,flight_code,direction,origin,dest,aircraft_type,session_id,session_type,sim_aircraft_id,chain_group_id,turnaround_time_min,dwell_time_min,assigned_gate,p_delay,p_delay_pct,delay_est_min,effective_delay_min,sched_time_min,sched_time_hhmm,pred_time_min,pred_time_hhmm,actual_time_min,actual_time_hhmm,actual_delay_min,actual_deviation_str,occupancy_start_min,occupancy_start_hhmm,occupancy_end_min,occupancy_end_hhmm,occupancy_duration_min,gate_window_hhmm,is_covered_by_gate_window,buffer_margin_min,evaluation_status
flight_key_v1_0ea1de1868b7a3a389f9b900782befeb,WN,1579,WN 1579,ARR,DEN,ATL,NARROWBODY,TURN_0650,UNMATCHED_ARR,SIM_AC_0650,2024-01-01_WN_1579,40,45,G161,0.5608,56.1%,4.1,2.28,25,00:25,29,00:29,35,00:35,10.0,Trễ 10p ⏳,12,00:12,82,01:22,70,[00:12 ➔ 01:22],True,47,An toàn tuyệt đối (Được bảo vệ)
flight_key_v1_96f840eff45e9e5fb568f29944058f53,AA,659,AA 659,ARR,MIA,ATL,NARROWBODY,TURN_0651,UNMATCHED_ARR,SIM_AC_0651,2024-01-01_AA_659,40,45,G33,0.4237,42.4%,4.1,1.72,28,00:28,32,00:32,19,00:19,-9.0,Sớm 9p ⚡,14,00:14,84,01:24,70,[00:14 ➔ 01:24],True,65,An toàn tuyệt đối (Được bảo vệ)
flight_key_v1_a9694ecdf5da9db77992990c69fcac84,NK,1600,NK 1600,ARR,IAH,ATL,NARROWBODY,TURN_0652,UNMATCHED_ARR,SIM_AC_0652,2024-01-01_NK_1600,40,45,G48,0.4072,40.7%,4.3,1.75,31,00:31,35,00:35,20,00:20,-11.0,Sớm 11p ⚡,17,00:17,87,01:27,70,[00:17 ➔ 01:27],True,67,An toàn tuyệt đối (Được bảo vệ)
flight_key_v1_20869c24b24c2aa456ec24c26bd88c1b,WN,643,WN 643,ARR,DAL,ATL,NARROWBODY,TURN_0653,UNMATCHED_ARR,SIM_AC_0653,2024-01-01_WN_643,40,45,G98,0.4861,48.6%,4.1,1.97,35,00:35,39,00:39,18,00:18,-17.0,Sớm 17p ⚡,21,00:21,91,01:31,70,[00:21 ➔ 01:31],False,73,Hạ cánh sớm hơn đệm (3p)
flight_key_v1_e586427d2b4266174399b981646f09df,WN,2675,WN 2675,ARR,LAS,ATL,WIDEBODY,TURN_0654,UNMATCHED_ARR,SIM_AC_0654,2024-01-01_WN_2675,75,60,G10,0.5807,58.1%,4.1,2.36,40,00:40,44,00:44,68,01:08,28.0,Trễ 28p ⏳,27,00:27,132,02:12,105,[00:27 ➔ 02:12],True,64,An toàn tuyệt đối (Được bảo vệ)
flight_key_v1_d2f6b67eace337ce61b866be18daa52f,F9,4027,F9 4027,ARR,MCO,ATL,NARROWBODY,TURN_0655,UNMATCHED_ARR,SIM_AC_0655,2024-01-01_F9_4027,40,45,G88,0.6431,64.3%,4.2,2.68,41,00:41,45,00:45,39,00:39,-2.0,Sớm 2p ⚡,28,00:28,98,01:38,70,[00:28 ➔ 01:38],True,59,An toàn tuyệt đối (Được bảo vệ)
flight_key_v1_f83afb034a54ffdd648397d60cfb66d6,NK,1594,NK 1594,ARR,EWR,ATL,NARROWBODY,TURN_0656,UNMATCHED_ARR,SIM_AC_0656,2024-01-01_NK_1594,40,45,G04,0.4795,47.9%,4.4,2.13,44,00:44,48,00:48,10,00:10,-34.0,Sớm 34p ⚡,31,00:31,101,01:41,70,[00:31 ➔ 01:41],False,91,Hạ cánh sớm hơn đệm (21p)
flight_key_v1_ff2d156375bb0e76ff326d25042baca4,NK,3065,NK 3065,ARR,MCO,ATL,NARROWBODY,TURN_0657,UNMATCHED_ARR,SIM_AC_0657,2024-01-01_NK_3065,40,45,G87,0.4346,43.5%,4.7,2.03,45,00:45,49,00:49,62,01:02,17.0,Trễ 17p ⏳,32,00:32,102,01:42,70,[00:32 ➔ 01:42],True,40,An toàn tuyệt đối (Được bảo vệ)
flight_key_v1_a2b5b1e25355ceeb037d6e7d9f32ea9c,F9,4917,F9 4917,ARR,SJU,ATL,NARROWBODY,TURN_0069,PAIRED_TURN,SIM_AC_0069,2024-01-01_F9_4917,40,45,G49,0.5925,59.2%,3.3,1.97,243,04:03,246,04:06,267,04:27,24.0,Trễ 24p ⏳,229,03:49,366,06:06,137,[03:49 ➔ 06:06],True,99,An toàn tuyệt đối (Được bảo vệ)
flight_key_v1_e53740121b8da89ad765c6dbc80e4a53,DL,730,DL 730,ARR,SAN,ATL,WIDEBODY,TURN_0070,PAIRED_TURN,SIM_AC_0070,2024-01-01_DL_730,75,60,G64,0.1751,17.5%,0.7,0.13,300,05:00,300,05:00,283,04:43,-17.0,Sớm 17p ⚡,285,04:45,495,08:15,210,[04:45 ➔ 08:15],False,212,Hạ cánh sớm hơn đệm (2p)
flight_key_v1_fe58040ddf716ded0a685d9fe43945ec,DL,2796,DL 2796,ARR,LAS,ATL,NARROWBODY,TURN_0071,PAIRED_TURN,SIM_AC_0071,2024-01-01_DL_2796,40,45,G127,0.2383,23.8%,1.8,0.44,311,05:11,312,05:12,295,04:55,-16.0,Sớm 16p ⚡,296,04:56,375,06:15,79,[04:56 ➔ 06:15],False,80,Hạ cánh sớm hơn đệm (1p)
flight_key_v1_b0555a294e46b636352e7a816d3e6c19,DL,823,DL 823,ARR,SFO,ATL,WIDEBODY,TURN_0072,PAIRED_TURN,SIM_AC_0072,2024-01-01_DL_823,75,60,G45,0.2315,23.2%,1.5,0.35,315,05:15,316,05:16,312,05:12,-3.0,Sớm 3p ⚡,300,05:00,499,08:19,199,[05:00 ➔ 08:19],True,187,An toàn tuyệt đối (Được bảo vệ)
flight_key_v1_fda60f243624933b0483bcabc312e72b,NK,403,NK 403,DEP,ATL,FLL,NARROWBODY,TURN_0746,UNMATCHED_DEP,SIM_AC_0746,2024-01-01_NK_403,40,45,G28,0.1737,17.4%,4.1,0.72,321,05:21,328,05:28,336,05:36,15.0,Trễ 15p ⏳,261,04:21,336,05:36,75,[04:21 ➔ 05:36],True,0,An toàn tuyệt đối (Được bảo vệ)
flight_key_v1_df0fd8038c398b8aa4b186a86a122652,DL,414,DL 414,ARR,PHX,ATL,NARROWBODY,TURN_0073,PAIRED_TURN,SIM_AC_0073,2024-01-01_DL_414,40,45,G11,0.1998,20.0%,1.1,0.22,329,05:29,330,05:30,304,05:04,-25.0,Sớm 25p ⚡,314,05:14,440,07:20,126,[05:14 ➔ 07:20],False,136,Hạ cánh sớm hơn đệm (10p)
flight_key_v1_26dd8bc018117d5889c56946afc05ebd,NK,3389,NK 3389,DEP,ATL,LGA,NARROWBODY,TURN_0747,UNMATCHED_DEP,SIM_AC_0747,2024-01-01_NK_3389,40,45,G07,0.1703,17.0%,3.6,0.62,335,05:35,341,05:41,341,05:41,6.0,Trễ 6p ⏳,275,04:35,350,05:50,75,[04:35 ➔ 05:50],True,9,An toàn tuyệt đối (Được bảo vệ)
flight_key_v1_8632b145ac8056167e2d35ebf5b2cf35,AA,1151,AA 1151,DEP,ATL,MIA,NARROWBODY,TURN_0748,UNMATCHED_DEP,SIM_AC_0748,2024-01-01_AA_1151,40,45,G164,0.1634,16.3%,3.3,0.54,336,05:36,341,05:41,327,05:27,-9.0,Sớm 9p ⚡,276,04:36,351,05:51,75,[04:36 ➔ 05:51],True,24,An toàn tuyệt đối (Được bảo vệ)
flight_key_v1_97bab9963f0d39cc62f3b229b1d97f11,NK,1828,NK 1828,ARR,LAX,ATL,NARROWBODY,TURN_0074,PAIRED_TURN,SIM_AC_0074,2024-01-01_NK_1828,40,45,G58,0.4321,43.2%,4.2,1.83,343,05:43,347,05:47,330,05:30,-13.0,Sớm 13p ⚡,329,05:29,418,06:58,89,[05:29 ➔ 06:58],True,88,An toàn tuyệt đối (Được bảo vệ)
flight_key_v1_df7f38fc5a605d745e27c045e72a4f8d,DL,738,DL 738,ARR,SEA,ATL,NARROWBODY,TURN_0075,PAIRED_TURN,SIM_AC_0075,2024-01-01_DL_738,40,45,G44,0.2363,23.6%,1.8,0.43,344,05:44,345,05:45,342,05:42,-2.0,Sớm 2p ⚡,329,05:29,440,07:20,111,[05:29 ➔ 07:20],True,98,An toàn tuyệt đối (Được bảo vệ)
flight_key_v1_9324dbd810f2f4b119ee2f3dc4fc6bc5,AA,2770,AA 2770,DEP,ATL,DFW,NARROWBODY,TURN_0749,UNMATCHED_DEP,SIM_AC_0749,2024-01-01_AA_2770,40,45,G74,0.1634,16.3%,3.0,0.49,347,05:47,351,05:51,337,05:37,-10.0,Sớm 10p ⚡,287,04:47,362,06:02,75,[04:47 ➔ 06:02],True,25,An toàn tuyệt đối (Được bảo vệ)
flight_key_v1_36ca44a65db86a7fc429b7a45ec1b345,F9,4026,F9 4026,DEP,ATL,MCO,NARROWBODY,TURN_0069,PAIRED_TURN,SIM_AC_0069,2024-01-01_F9_4917,40,45,G49,0.5925,59.2%,2.7,1.59,350,05:50,361,06:01,340,05:40,-10.0,Sớm 10p ⚡,229,03:49,366,06:06,137,[03:49 ➔ 06:06],True,26,An toàn tuyệt đối (Được bảo vệ)
flight_key_v1_f1bb81568c691f488accb5310f760583,F9,4754,F9 4754,ARR,SAN,ATL,NARROWBODY,TURN_0076,PAIRED_TURN,SIM_AC_0076,2024-01-01_F9_4754,40,45,G156,0.4657,46.6%,3.3,1.55,350,05:50,353,05:53,297,04:57,-53.0,Sớm 53p ⚡,336,05:36,421,07:01,85,[05:36 ➔ 07:01],False,124,Hạ cánh sớm hơn đệm (39p)
flight_key_v1_2077b679633db3c8c5efe95a6058097f,F9,1450,F9 1450,ARR,DEN,ATL,NARROWBODY,TURN_0077,PAIRED_TURN,SIM_AC_0077,2024-01-01_F9_1450,40,45,G82,0.5502,55.0%,3.4,1.87,354,05:54,357,05:57,548,09:08,194.0,Trễ 194p ⏳,340,05:40,520,08:40,180,[05:40 ➔ 08:40],False,-28,Trễ vượt đệm an toàn (+28p)
flight_key_v1_239ce8bb92b60c4d61c627bb7f283d7f,B6,467,B6 467,DEP,ATL,FLL,NARROWBODY,TURN_0750,UNMATCHED_DEP,SIM_AC_0750,2024-01-01_B6_467,40,45,G29,0.1634,16.3%,1.6,0.26,360,06:00,363,06:03,353,05:53,-7.0,Sớm 7p ⚡,300,05:00,375,06:15,75,[05:00 ➔ 06:15],True,22,An toàn tuyệt đối (Được bảo vệ)
flight_key_v1_62646dda0768e620dc14e9ed361cd1fa,DL,8783,DL 8783,DEP,ATL,LAX,NARROWBODY,TURN_0071,PAIRED_TURN,SIM_AC_0071,2024-01-01_DL_2796,40,45,G127,0.2383,23.8%,3.4,0.81,360,06:00,367,06:07,356,05:56,-4.0,Sớm 4p ⚡,296,04:56,375,06:15,79,[04:56 ➔ 06:15],True,19,An toàn tuyệt đối (Được bảo vệ)
flight_key_v1_a49be62e9ce18e82a2ff3b4db862fa48,WN,1221,WN 1221,DEP,ATL,HOU,NARROWBODY,TURN_0751,UNMATCHED_DEP,SIM_AC_0751,2024-01-01_WN_1221,40,45,G59,0.1321,13.2%,1.5,0.2,365,06:05,368,06:08,363,06:03,-2.0,Sớm 2p ⚡,305,05:05,380,06:20,75,[05:05 ➔ 06:20],True,17,An toàn tuyệt đối (Được bảo vệ)
flight_key_v1_20d700d5cf733bfcf073227f20003d42,DL,899,DL 899,ARR,LAX,ATL,NARROWBODY,TURN_0078,PAIRED_TURN,SIM_AC_0078,2024-01-01_DL_899,40,45,G78,0.2947,29.5%,1.8,0.54,366,06:06,367,06:07,339,05:39,-27.0,Sớm 27p ⚡,351,05:51,449,07:29,98,[05:51 ➔ 07:29],False,110,Hạ cánh sớm hơn đệm (12p)
flight_key_v1_4175c733e814bbe3cb9f5705ac43bb3d,NK,768,NK 768,DEP,ATL,DTW,WIDEBODY,TURN_0752,UNMATCHED_DEP,SIM_AC_0752,2024-01-01_NK_768,75,60,G105,0.1703,17.0%,3.1,0.53,370,06:10,376,06:16,365,06:05,-5.0,Sớm 5p ⚡,295,04:55,385,06:25,90,[04:55 ➔ 06:25],True,20,An toàn tuyệt đối (Được bảo vệ)
flight_key_v1_898d55329c0fb679f3d9d70839921fee,WN,3089,WN 3089,DEP,ATL,DEN,WIDEBODY,TURN_0753,UNMATCHED_DEP,SIM_AC_0753,2024-01-01_WN_3089,75,60,G110,0.1355,13.6%,1.7,0.23,370,06:10,373,06:13,373,06:13,3.0,Trễ 3p ⏳,295,04:55,385,06:25,90,[04:55 ➔ 06:25],True,12,An toàn tuyệt đối (Được bảo vệ)
flight_key_v1_706bd7b37d5566112015439983bd4e57,F9,1595,F9 1595,DEP,ATL,ORD,NARROWBODY,TURN_0755,UNMATCHED_DEP,SIM_AC_0755,2024-01-01_F9_1595,40,45,G117,0.1737,17.4%,2.6,0.46,375,06:15,380,06:20,419,06:59,44.0,Trễ 44p ⏳,315,05:15,390,06:30,75,[05:15 ➔ 06:30],False,-29,Trễ vượt đệm an toàn (+29p)
flight_key_v1_f9ef85125a658c0538bcdbd1963d2198,WN,3741,WN 3741,DEP,ATL,LGA,NARROWBODY,TURN_0754,UNMATCHED_DEP,SIM_AC_0754,2024-01-01_WN_3741,40,45,G148,0.1321,13.2%,1.4,0.18,375,06:15,378,06:18,374,06:14,-1.0,Sớm 1p ⚡,315,05:15,390,06:30,75,[05:15 ➔ 06:30],True,16,An toàn tuyệt đối (Được bảo vệ)
flight_key_v1_d63abe4ac4eae62f8c01f058cfea1790,DL,303,DL 303,ARR,SLC,ATL,NARROWBODY,TURN_0079,PAIRED_TURN,SIM_AC_0079,2024-01-01_DL_303,40,45,G128,0.1936,19.4%,0.0,0.01,379,06:19,379,06:19,346,05:46,-33.0,Sớm 33p ⚡,364,06:04,450,07:30,86,[06:04 ➔ 07:30],False,104,Hạ cánh sớm hơn đệm (18p)
flight_key_v1_4976d24fd913bb9a3e90fd2fd84abc77,NK,1081,NK 1081,DEP,ATL,MSP,NARROWBODY,TURN_0756,UNMATCHED_DEP,SIM_AC_0756,2024-01-01_NK_1081,40,45,G89,0.1737,17.4%,4.4,0.77,380,06:20,387,06:27,378,06:18,-2.0,Sớm 2p ⚡,320,05:20,395,06:35,75,[05:20 ➔ 06:35],True,17,An toàn tuyệt đối (Được bảo vệ)
flight_key_v1_c8d8c103a6e374a55dd41154e777d5f1,WN,2870,WN 2870,DEP,ATL,PHX,NARROWBODY,TURN_0757,UNMATCHED_DEP,SIM_AC_0757,2024-01-01_WN_2870,40,45,G51,0.1321,13.2%,1.8,0.24,380,06:20,383,06:23,383,06:23,3.0,Trễ 3p ⏳,320,05:20,395,06:35,75,[05:20 ➔ 06:35],True,12,An toàn tuyệt đối (Được bảo vệ)
flight_key_v1_a851eab2de8be861f0c295f2dbe08709,NK,1362,NK 1362,ARR,LAS,ATL,NARROWBODY,TURN_0080,PAIRED_TURN,SIM_AC_0080,2024-01-01_NK_1362,40,45,G165,0.4406,44.1%,4.4,1.94,385,06:25,389,06:29,405,06:45,20.0,Trễ 20p ⏳,371,06:11,441,07:21,70,[06:11 ➔ 07:21],True,36,An toàn tuyệt đối (Được bảo vệ)
flight_key_v1_b06f725c4870dfb29ea727620458ff8a,WN,1951,WN 1951,DEP,ATL,BNA,NARROWBODY,TURN_0758,UNMATCHED_DEP,SIM_AC_0758,2024-01-01_WN_1951,40,45,G145,0.1321,13.2%,1.3,0.17,385,06:25,388,06:28,385,06:25,0.0,Đúng giờ ✓,325,05:25,400,06:40,75,[05:25 ➔ 06:40],True,15,An toàn tuyệt đối (Được bảo vệ)
flight_key_v1_ce78b05a4885559a90cc14c55025802d,DL,836,DL 836,ARR,HNL,ATL,NARROWBODY,TURN_0081,PAIRED_TURN,SIM_AC_0081,2024-01-01_DL_836,40,45,G111,0.3093,30.9%,1.8,0.57,389,06:29,390,06:30,359,05:59,-30.0,Sớm 30p ⚡,374,06:14,455,07:35,81,[06:14 ➔ 07:35],False,96,Hạ cánh sớm hơn đệm (15p)
flight_key_v1_3893cc3e105037762ce9ac12c386ef36,UA,222,UA 222,DEP,ATL,EWR,WIDEBODY,TURN_0759,UNMATCHED_DEP,SIM_AC_0759,2024-01-01_UA_222,75,60,G33,0.1536,15.4%,2.1,0.32,390,06:30,394,06:34,674,11:14,284.0,Trễ 284p ⏳,315,05:15,405,06:45,90,[05:15 ➔ 06:45],False,-269,Trễ vượt đệm an toàn (+269p)
flight_key_v1_8ab6fb5fa3eda0e27bee0b7a5a6434ca,DL,722,DL 722,ARR,LAS,ATL,NARROWBODY,TURN_0082,PAIRED_TURN,SIM_AC_0082,2024-01-01_DL_722,40,45,G112,0.2664,26.6%,1.9,0.52,390,06:30,391,06:31,363,06:03,-27.0,Sớm 27p ⚡,375,06:15,474,07:54,99,[06:15 ➔ 07:54],False,111,Hạ cánh sớm hơn đệm (12p)
flight_key_v1_607c799bf72b0dd4ce140f6b44c6d7a6,F9,4892,F9 4892,ARR,PHX,ATL,WIDEBODY,TURN_0658,UNMATCHED_ARR,SIM_AC_0658,2024-01-01_F9_4892,75,60,G68,0.5242,52.4%,2.6,1.34,390,06:30,392,06:32,382,06:22,-8.0,Sớm 8p ⚡,376,06:16,481,08:01,105,[06:16 ➔ 08:01],True,99,An toàn tuyệt đối (Được bảo vệ)
flight_key_v1_88c1385a9c7c144fdd4aaf1533c7c487,AA,2893,AA 2893,DEP,ATL,ORD,WIDEBODY,TURN_0760,UNMATCHED_DEP,SIM_AC_0760,2024-01-01_AA_2893,75,60,G35,0.1634,16.3%,2.5,0.41,391,06:31,395,06:35,379,06:19,-12.0,Sớm 12p ⚡,316,05:16,406,06:46,90,[05:16 ➔ 06:46],True,27,An toàn tuyệt đối (Được bảo vệ)
flight_key_v1_6b66309d77f3d63a474d7973fd616fb3,WN,249,WN 249,DEP,ATL,AUS,WIDEBODY,TURN_0761,UNMATCHED_DEP,SIM_AC_0761,2024-01-01_WN_249,75,60,G131,0.1321,13.2%,1.5,0.2,395,06:35,398,06:38,395,06:35,0.0,Đúng giờ ✓,320,05:20,410,06:50,90,[05:20 ➔ 06:50],True,15,An toàn tuyệt đối (Được bảo vệ)
flight_key_v1_7c6801a29bcb073b7833259a31c0e9de,UA,1888,UA 1888,DEP,ATL,ORD,WIDEBODY,TURN_0762,UNMATCHED_DEP,SIM_AC_0762,2024-01-01_UA_1888,75,60,G84,0.1634,16.3%,2.6,0.43,400,06:40,404,06:44,391,06:31,-9.0,Sớm 9p ⚡,325,05:25,415,06:55,90,[05:25 ➔ 06:55],True,24,An toàn tuyệt đối (Được bảo vệ)
flight_key_v1_f865b7c2e43af2738dd5eeb7ebe1d85e,WN,3103,WN 3103,DEP,ATL,DAL,NARROWBODY,TURN_0763,UNMATCHED_DEP,SIM_AC_0763,2024-01-01_WN_3103,40,45,G154,0.1321,13.2%,1.4,0.18,400,06:40,403,06:43,410,06:50,10.0,Trễ 10p ⏳,340,05:40,415,06:55,75,[05:40 ➔ 06:55],True,5,An toàn tuyệt đối (Được bảo vệ)
flight_key_v1_0c26dbc5af3e3030485b4be3b8210fe2,F9,1116,F9 1116,ARR,LAS,ATL,NARROWBODY,TURN_0083,PAIRED_TURN,SIM_AC_0083,2024-01-01_F9_1116,40,45,G92,0.6056,60.6%,4.4,2.67,401,06:41,405,06:45,420,07:00,19.0,Trễ 19p ⏳,388,06:28,567,09:27,179,[06:28 ➔ 09:27],True,147,An toàn tuyệt đối (Được bảo vệ)
flight_key_v1_07b3bab7964c4c8cc5983b021f812748,NK,3066,NK 3066,DEP,ATL,MCO,NARROWBODY,TURN_0074,PAIRED_TURN,SIM_AC_0074,2024-01-01_NK_1828,40,45,G58,0.4321,43.2%,3.9,1.66,402,06:42,411,06:51,398,06:38,-4.0,Sớm 4p ⚡,329,05:29,418,06:58,89,[05:29 ➔ 06:58],True,20,An toàn tuyệt đối (Được bảo vệ)
flight_key_v1_238328242addda5e4d567d695ef3f0d3,WN,596,WN 596,DEP,ATL,LAS,NARROWBODY,TURN_0764,UNMATCHED_DEP,SIM_AC_0764,2024-01-01_WN_596,40,45,G17,0.1321,13.2%,2.8,0.36,405,06:45,409,06:49,407,06:47,2.0,Trễ 2p ⏳,345,05:45,420,07:00,75,[05:45 ➔ 07:00],True,13,An toàn tuyệt đối (Được bảo vệ)
flight_key_v1_622dbd1a70914f1eb4e20363c8121cf6,NK,1589,NK 1589,DEP,ATL,EWR,NARROWBODY,TURN_0765,UNMATCHED_DEP,SIM_AC_0765,2024-01-01_NK_1589,40,45,G96,0.1721,17.2%,3.8,0.65,405,06:45,411,06:51,404,06:44,-1.0,Sớm 1p ⚡,345,05:45,420,07:00,75,[05:45 ➔ 07:00],True,16,An toàn tuyệt đối (Được bảo vệ)
flight_key_v1_09c4cf915a4aa18b62491e4dc047784a,F9,3604,F9 3604,DEP,ATL,CLE,NARROWBODY,TURN_0076,PAIRED_TURN,SIM_AC_0076,2024-01-01_F9_4754,40,45,G156,0.4657,46.6%,2.6,1.21,405,06:45,414,06:54,421,07:01,16.0,Trễ 16p ⏳,336,05:36,421,07:01,85,[05:36 ➔ 07:01],True,0,An toàn tuyệt đối (Được bảo vệ)
flight_key_v1_ae2c944c9ea937425f4211c6efd5bc69,WN,3652,WN 3652,DEP,ATL,TPA,NARROWBODY,TURN_0766,UNMATCHED_DEP,SIM_AC_0766,2024-01-01_WN_3652,40,45,G151,0.1321,13.2%,1.5,0.19,410,06:50,413,06:53,406,06:46,-4.0,Sớm 4p ⚡,350,05:50,425,07:05,75,[05:50 ➔ 07:05],True,19,An toàn tuyệt đối (Được bảo vệ)
flight_key_v1_c38c7cc33fccfc99ca9ede9f4447aafd,WN,850,WN 850,DEP,ATL,MCO,NARROWBODY,TURN_0767,UNMATCHED_DEP,SIM_AC_0767,2024-01-01_WN_850,40,45,G07,0.1396,14.0%,1.7,0.24,415,06:55,418,06:58,413,06:53,-2.0,Sớm 2p ⚡,355,05:55,430,07:10,75,[05:55 ➔ 07:10],True,17,An toàn tuyệt đối (Được bảo vệ)
flight_key_v1_09d00a90251a15a06038d2723025acd9,AS,377,AS 377,DEP,ATL,SEA,NARROWBODY,TURN_0768,UNMATCHED_DEP,SIM_AC_0768,2024-01-01_AS_377,40,45,G106,0.151,15.1%,-0.6,-0.09,420,07:00,421,07:01,464,07:44,44.0,Trễ 44p ⏳,360,06:00,435,07:15,75,[06:00 ➔ 07:15],False,-29,Trễ vượt đệm an toàn (+29p)
flight_key_v1_ca0b241a882cef6e744bfd1079a42e09,WN,1065,WN 1065,DEP,ATL,STL,NARROWBODY,TURN_0770,UNMATCHED_DEP,SIM_AC_0770,2024-01-01_WN_1065,40,45,G06,0.1468,14.7%,1.8,0.26,420,07:00,423,07:03,419,06:59,-1.0,Sớm 1p ⚡,360,06:00,435,07:15,75,[06:00 ➔ 07:15],True,16,An toàn tuyệt đối (Được bảo vệ)
flight_key_v1_46a482cbe81bf7bc744b39bd9b83c5b8,AA,1718,AA 1718,DEP,ATL,CLT,WIDEBODY,TURN_0769,UNMATCHED_DEP,SIM_AC_0769,2024-01-01_AA_1718,75,60,G66,0.1582,15.8%,0.9,0.15,420,07:00,422,07:02,413,06:53,-7.0,Sớm 7p ⚡,345,05:45,435,07:15,90,[05:45 ➔ 07:15],True,22,An toàn tuyệt đối (Được bảo vệ)
flight_key_v1_fd36425bf5694a4ef4920145a71b0e03,DL,2409,DL 2409,ARR,GSP,ATL,NARROWBODY,TURN_0084,PAIRED_TURN,SIM_AC_0084,2024-01-01_DL_2409,40,45,G14,0.1692,16.9%,-0.8,-0.14,423,07:03,422,07:02,407,06:47,-16.0,Sớm 16p ⚡,408,06:48,495,08:15,87,[06:48 ➔ 08:15],False,88,Hạ cánh sớm hơn đệm (1p)
flight_key_v1_2771f4cf62799d98a8420a75d5bdf063,WN,1199,WN 1199,DEP,ATL,MDW,WIDEBODY,TURN_0771,UNMATCHED_DEP,SIM_AC_0771,2024-01-01_WN_1199,75,60,G88,0.1468,14.7%,1.8,0.26,425,07:05,428,07:08,423,07:03,-2.0,Sớm 2p ⚡,350,05:50,440,07:20,90,[05:50 ➔ 07:20],True,17,An toàn tuyệt đối (Được bảo vệ)
flight_key_v1_e7600d404283e5010550996e271056fb,DL,1303,DL 1303,DEP,ATL,MIA,NARROWBODY,TURN_0075,PAIRED_TURN,SIM_AC_0075,2024-01-01_DL_738,40,45,G44,0.2363,23.6%,4.0,0.94,425,07:05,432,07:12,423,07:03,-2.0,Sớm 2p ⚡,329,05:29,440,07:20,111,[05:29 ➔ 07:20],True,17,An toàn tuyệt đối (Được bảo vệ)
flight_key_v1_13497e1ed58e8e75534cd2d7d0cf9a75,NK,1829,NK 1829,DEP,ATL,LAX,NARROWBODY,TURN_0080,PAIRED_TURN,SIM_AC_0080,2024-01-01_NK_1362,40,45,G165,0.4406,44.1%,5.9,2.61,425,07:05,437,07:17,422,07:02,-3.0,Sớm 3p ⚡,371,06:11,441,07:21,70,[06:11 ➔ 07:21],True,19,An toàn tuyệt đối (Được bảo vệ)
flight_key_v1_ef57997fb21c82508401bfa699cc7446,DL,2668,DL 2668,DEP,ATL,MSP,NARROWBODY,TURN_0073,PAIRED_TURN,SIM_AC_0073,2024-01-01_DL_414,40,45,G11,0.1998,20.0%,3.2,0.65,425,07:05,431,07:11,424,07:04,-1.0,Sớm 1p ⚡,314,05:14,440,07:20,126,[05:14 ➔ 07:20],True,16,An toàn tuyệt đối (Được bảo vệ)
flight_key_v1_8e001568337d9660fa1405a8148d6e76,DL,1609,DL 1609,ARR,TLH,ATL,NARROWBODY,TURN_0085,PAIRED_TURN,SIM_AC_0085,2024-01-01_DL_1609,40,45,G09,0.1692,16.9%,-0.5,-0.08,427,07:07,426,07:06,421,07:01,-6.0,Sớm 6p ⚡,412,06:52,495,08:15,83,[06:52 ➔ 08:15],True,74,An toàn tuyệt đối (Được bảo vệ)
flight_key_v1_05c1e71d63e832984a7c999cfbed202b,DL,2712,DL 2712,ARR,AVL,ATL,WIDEBODY,TURN_0086,PAIRED_TURN,SIM_AC_0086,2024-01-01_DL_2712,75,60,G28,0.2093,20.9%,-0.9,-0.2,428,07:08,427,07:07,414,06:54,-14.0,Sớm 14p ⚡,413,06:53,555,09:15,142,[06:53 ➔ 09:15],True,141,An toàn tuyệt đối (Được bảo vệ)
flight_key_v1_2851729618c47d602883c6dac8d8d152,WN,454,WN 454,DEP,ATL,BWI,NARROWBODY,TURN_0772,UNMATCHED_DEP,SIM_AC_0772,2024-01-01_WN_454,40,45,G12,0.1468,14.7%,1.8,0.26,430,07:10,433,07:13,439,07:19,9.0,Trễ 9p ⏳,370,06:10,445,07:25,75,[06:10 ➔ 07:25],True,6,An toàn tuyệt đối (Được bảo vệ)
flight_key_v1_1c14a0d9851ebb5cb21d85acbecbd067,DL,1579,DL 1579,ARR,CHA,ATL,NARROWBODY,TURN_0087,PAIRED_TURN,SIM_AC_0087,2024-01-01_DL_1579,40,45,G15,0.1636,16.4%,-0.5,-0.08,432,07:12,431,07:11,420,07:00,-12.0,Sớm 12p ⚡,417,06:57,505,08:25,88,[06:57 ➔ 08:25],True,85,An toàn tuyệt đối (Được bảo vệ)
flight_key_v1_8991d2a378e3a574bef9c4e497837f38,DL,712,DL 712,DEP,ATL,LAX,NARROWBODY,TURN_0078,PAIRED_TURN,SIM_AC_0078,2024-01-01_DL_899,40,45,G78,0.2947,29.5%,4.1,1.22,434,07:14,442,07:22,432,07:12,-2.0,Sớm 2p ⚡,351,05:51,449,07:29,98,[05:51 ➔ 07:29],True,17,An toàn tuyệt đối (Được bảo vệ)
flight_key_v1_69e680dd66917411ed4321ba4d374a96,DL,335,DL 335,DEP,ATL,LGA,NARROWBODY,TURN_0079,PAIRED_TURN,SIM_AC_0079,2024-01-01_DL_303,40,45,G128,0.1936,19.4%,2.6,0.5,435,07:15,440,07:20,434,07:14,-1.0,Sớm 1p ⚡,364,06:04,450,07:30,86,[06:04 ➔ 07:30],True,16,An toàn tuyệt đối (Được bảo vệ)
flight_key_v1_37364af5a8620740e6d2c7acc86a9d0c,9E,5053,9E 5053,ARR,TRI,ATL,NARROWBODY,TURN_0088,PAIRED_TURN,SIM_AC_0088,2024-01-01_9E_5053,40,45,G53,0.1608,16.1%,-1.0,-0.16,435,07:15,433,07:13,435,07:15,0.0,Đúng giờ ✓,420,07:00,515,08:35,95,[07:00 ➔ 08:35],True,80,An toàn tuyệt đối (Được bảo vệ)
flight_key_v1_4f220aa1c28bc581c907c4bc1072e194,DL,2039,DL 2039,DEP,ATL,FLL,NARROWBODY,TURN_0081,PAIRED_TURN,SIM_AC_0081,2024-01-01_DL_836,40,45,G111,0.3093,30.9%,3.1,0.96,440,07:20,448,07:28,439,07:19,-1.0,Sớm 1p ⚡,374,06:14,455,07:35,81,[06:14 ➔ 07:35],True,16,An toàn tuyệt đối (Được bảo vệ)
flight_key_v1_406bed449167ea2719cb01eeb1a6ab89,DL,2041,DL 2041,ARR,SAV,ATL,NARROWBODY,TURN_0089,PAIRED_TURN,SIM_AC_0089,2024-01-01_DL_2041,40,45,G121,0.1729,17.3%,-1.0,-0.18,440,07:20,438,07:18,426,07:06,-14.0,Sớm 14p ⚡,425,07:05,505,08:25,80,[07:05 ➔ 08:25],True,79,An toàn tuyệt đối (Được bảo vệ)
flight_key_v1_f83fb9bf78f0ededa41e376f60020e2c,DL,2254,DL 2254,ARR,GNV,ATL,NARROWBODY,TURN_0090,PAIRED_TURN,SIM_AC_0090,2024-01-01_DL_2254,40,45,G95,0.1787,17.9%,-0.5,-0.09,440,07:20,439,07:19,423,07:03,-17.0,Sớm 17p ⚡,425,07:05,505,08:25,80,[07:05 ➔ 08:25],False,82,Hạ cánh sớm hơn đệm (2p)
flight_key_v1_9068b23d849f842ee80bf1cdc0dc7326,B6,2713,B6 2713,DEP,ATL,LGA,NARROWBODY,TURN_0773,UNMATCHED_DEP,SIM_AC_0773,2024-01-01_B6_2713,40,45,G87,0.1625,16.2%,1.5,0.24,440,07:20,443,07:23,432,07:12,-8.0,Sớm 8p ⚡,380,06:20,455,07:35,75,[06:20 ➔ 07:35],True,23,An toàn tuyệt đối (Được bảo vệ)
flight_key_v1_0e1f57fca7994f2e3aa5865792ef44bf,AA,1567,AA 1567,DEP,ATL,DFW,NARROWBODY,TURN_0774,UNMATCHED_DEP,SIM_AC_0774,2024-01-01_AA_1567,40,45,G31,0.1721,17.2%,3.2,0.56,441,07:21,447,07:27,431,07:11,-10.0,Sớm 10p ⚡,381,06:21,456,07:36,75,[06:21 ➔ 07:36],True,25,An toàn tuyệt đối (Được bảo vệ)
flight_key_v1_07014cff99ff8684b7c20a485d0335d4,DL,2172,DL 2172,ARR,CLT,ATL,WIDEBODY,TURN_0091,PAIRED_TURN,SIM_AC_0091,2024-01-01_DL_2172,75,60,G48,0.1937,19.4%,-0.5,-0.09,442,07:22,441,07:21,418,06:58,-24.0,Sớm 24p ⚡,427,07:07,555,09:15,128,[07:07 ➔ 09:15],False,137,Hạ cánh sớm hơn đệm (9p)
flight_key_v1_7969cd77e0d2a40194de8a8121e8629e,OO,4115,OO 4115,ARR,CSG,ATL,NARROWBODY,TURN_0092,PAIRED_TURN,SIM_AC_0092,2024-01-01_OO_4115,40,45,G149,0.3236,32.4%,2.2,0.7,444,07:24,446,07:26,431,07:11,-13.0,Sớm 13p ⚡,429,07:09,525,08:45,96,[07:09 ➔ 08:45],True,94,An toàn tuyệt đối (Được bảo vệ)
flight_key_v1_90d8d52a0b52e8822feaaaf485210f77,WN,983,WN 983,DEP,ATL,HOU,NARROWBODY,TURN_0775,UNMATCHED_DEP,SIM_AC_0775,2024-01-01_WN_983,40,45,G123,0.1468,14.7%,1.9,0.28,445,07:25,448,07:28,440,07:20,-5.0,Sớm 5p ⚡,385,06:25,460,07:40,75,[06:25 ➔ 07:40],True,20,An toàn tuyệt đối (Được bảo vệ)
flight_key_v1_06df3787fb4d11ccec275d0750171fd0,DL,2967,DL 2967,ARR,MYR,ATL,NARROWBODY,TURN_0093,PAIRED_TURN,SIM_AC_0093,2024-01-01_DL_2967,40,45,G03,0.1697,17.0%,-1.2,-0.2,446,07:26,444,07:24,425,07:05,-21.0,Sớm 21p ⚡,431,07:11,510,08:30,79,[07:11 ➔ 08:30],False,85,Hạ cánh sớm hơn đệm (6p)
flight_key_v1_f3bdc1330c821a51f9fb145148db41ef,DL,1675,DL 1675,ARR,GSO,ATL,NARROWBODY,TURN_0095,PAIRED_TURN,SIM_AC_0095,2024-01-01_DL_1675,40,45,G126,0.1636,16.4%,-1.1,-0.17,447,07:27,445,07:25,438,07:18,-9.0,Sớm 9p ⚡,432,07:12,510,08:30,78,[07:12 ➔ 08:30],True,72,An toàn tuyệt đối (Được bảo vệ)
flight_key_v1_8716352a1910c766e35a3d7f282dbcec,9E,5255,9E 5255,ARR,VLD,ATL,NARROWBODY,TURN_0094,PAIRED_TURN,SIM_AC_0094,2024-01-01_9E_5255,40,45,G38,0.2382,23.8%,-0.1,-0.03,447,07:27,446,07:26,428,07:08,-19.0,Sớm 19p ⚡,432,07:12,520,08:40,88,[07:12 ➔ 08:40],False,92,Hạ cánh sớm hơn đệm (4p)
flight_key_v1_ba025b102d50cd34584a8e1333179c23,DL,2299,DL 2299,ARR,DAB,ATL,NARROWBODY,TURN_0096,PAIRED_TURN,SIM_AC_0096,2024-01-01_DL_2299,40,45,G163,0.1695,17.0%,-0.5,-0.08,449,07:29,448,07:28,433,07:13,-16.0,Sớm 16p ⚡,434,07:14,515,08:35,81,[07:14 ➔ 08:35],False,82,Hạ cánh sớm hơn đệm (1p)
flight_key_v1_b772661b4ee550610bdf6e441f214dc9,YX,4291,YX 4291,DEP,ATL,PHL,NARROWBODY,TURN_0776,UNMATCHED_DEP,SIM_AC_0776,2024-01-01_YX_4291,40,45,G19,0.1625,16.2%,2.4,0.39,450,07:30,454,07:34,446,07:26,-4.0,Sớm 4p ⚡,390,06:30,465,07:45,75,[06:30 ➔ 07:45],True,19,An toàn tuyệt đối (Được bảo vệ)
flight_key_v1_e9628553963e5d702f8e6031ed9c8df5,YX,4376,YX 4376,DEP,ATL,DCA,NARROWBODY,TURN_0777,UNMATCHED_DEP,SIM_AC_0777,2024-01-01_YX_4376,40,45,G140,0.1625,16.2%,1.9,0.3,451,07:31,454,07:34,443,07:23,-8.0,Sớm 8p ⚡,391,06:31,466,07:46,75,[06:31 ➔ 07:46],True,23,An toàn tuyệt đối (Được bảo vệ)
flight_key_v1_0f1f7403fa0b8c6f06654ff0e3d5bd74,AS,376,AS 376,ARR,SEA,ATL,NARROWBODY,TURN_0097,PAIRED_TURN,SIM_AC_0097,2024-01-01_AS_376,40,45,G27,0.3251,32.5%,1.4,0.46,452,07:32,453,07:33,445,07:25,-7.0,Sớm 7p ⚡,437,07:17,555,09:15,118,[07:17 ➔ 09:15],True,110,An toàn tuyệt đối (Được bảo vệ)
flight_key_v1_c49ab6551e70fc51a8633f48d8cb1136,F9,1448,F9 1448,ARR,SFO,ATL,NARROWBODY,TURN_0098,PAIRED_TURN,SIM_AC_0098,2024-01-01_F9_1448,40,45,G139,0.4346,43.5%,3.8,1.64,452,07:32,455,07:35,466,07:46,14.0,Trễ 14p ⏳,438,07:18,577,09:37,139,[07:18 ➔ 09:37],True,111,An toàn tuyệt đối (Được bảo vệ)
flight_key_v1_b4ce421db4774fc6be30af4c6f51aeef,DL,2407,DL 2407,ARR,CAE,ATL,NARROWBODY,TURN_0099,PAIRED_TURN,SIM_AC_0099,2024-01-01_DL_2407,40,45,G108,0.1751,17.5%,-0.8,-0.14,453,07:33,452,07:32,452,07:32,-1.0,Sớm 1p ⚡,438,07:18,515,08:35,77,[07:18 ➔ 08:35],True,63,An toàn tuyệt đối (Được bảo vệ)
flight_key_v1_b75c60d9b1287e07aa27d2e1ccc0957f,DL,1289,DL 1289,ARR,RSW,ATL,NARROWBODY,TURN_0100,PAIRED_TURN,SIM_AC_0100,2024-01-01_DL_1289,40,45,G129,0.1636,16.4%,-0.8,-0.14,454,07:34,453,07:33,437,07:17,-17.0,Sớm 17p ⚡,439,07:19,515,08:35,76,[07:19 ➔ 08:35],False,78,Hạ cánh sớm hơn đệm (2p)
flight_key_v1_331d8a7d07e9b2f9a4b5a2cb7a7cbf55,DL,1077,DL 1077,ARR,FAY,ATL,NARROWBODY,TURN_0102,PAIRED_TURN,SIM_AC_0102,2024-01-01_DL_1077,40,45,G76,0.1954,19.5%,-0.1,-0.03,455,07:35,454,07:34,447,07:27,-8.0,Sớm 8p ⚡,440,07:20,520,08:40,80,[07:20 ➔ 08:40],True,73,An toàn tuyệt đối (Được bảo vệ)
flight_key_v1_c9d4c872175e0345476cb697e09ce28d,DL,1607,DL 1607,ARR,RDU,ATL,NARROWBODY,TURN_0104,PAIRED_TURN,SIM_AC_0104,2024-01-01_DL_1607,40,45,G60,0.1636,16.4%,-0.6,-0.1,455,07:35,454,07:34,450,07:30,-5.0,Sớm 5p ⚡,440,07:20,525,08:45,85,[07:20 ➔ 08:45],True,75,An toàn tuyệt đối (Được bảo vệ)
flight_key_v1_6da11d69cea217002a10c3136c5572ba,DL,2362,DL 2362,ARR,TPA,ATL,NARROWBODY,TURN_0101,PAIRED_TURN,SIM_AC_0101,2024-01-01_DL_2362,40,45,G08,0.1966,19.7%,-0.8,-0.16,455,07:35,454,07:34,449,07:29,-6.0,Sớm 6p ⚡,440,07:20,515,08:35,75,[07:20 ➔ 08:35],True,66,An toàn tuyệt đối (Được bảo vệ)
flight_key_v1_4c35e81045d77eac05f77e51a8f9a001,DL,2574,DL 2574,ARR,SDF,ATL,NARROWBODY,TURN_0103,PAIRED_TURN,SIM_AC_0103,2024-01-01_DL_2574,40,45,G18,0.2143,21.4%,-0.8,-0.17,455,07:35,454,07:34,438,07:18,-17.0,Sớm 17p ⚡,440,07:20,524,08:44,84,[07:20 ➔ 08:44],False,86,Hạ cánh sớm hơn đệm (2p)
flight_key_v1_a55e4daab56e9ab063aef0acdeae38b5,DL,2621,DL 2621,ARR,ILM,ATL,NARROWBODY,TURN_0105,PAIRED_TURN,SIM_AC_0105,2024-01-01_DL_2621,40,45,G56,0.1636,16.4%,-0.7,-0.12,455,07:35,454,07:34,439,07:19,-16.0,Sớm 16p ⚡,440,07:20,525,08:45,85,[07:20 ➔ 08:45],False,86,Hạ cánh sớm hơn đệm (1p)
flight_key_v1_c26c40eac943fc0b151ec91f61903070,OO,3816,OO 3816,ARR,AGS,ATL,NARROWBODY,TURN_0106,PAIRED_TURN,SIM_AC_0106,2024-01-01_OO_3816,40,45,G33,0.4109,41.1%,3.0,1.22,455,07:35,457,07:37,441,07:21,-14.0,Sớm 14p ⚡,441,07:21,596,09:56,155,[07:21 ➔ 09:56],True,155,An toàn tuyệt đối (Được bảo vệ)
flight_key_v1_c14b4eb2efe69af8c8692dbb6034a8de,DL,409,DL 409,DEP,ATL,JFK,NARROWBODY,TURN_0082,PAIRED_TURN,SIM_AC_0082,2024-01-01_DL_722,40,45,G112,0.2664,26.6%,2.6,0.69,459,07:39,465,07:45,474,07:54,15.0,Trễ 15p ⏳,375,06:15,474,07:54,99,[06:15 ➔ 07:54],True,0,An toàn tuyệt đối (Được bảo vệ)
flight_key_v1_2d8fa821d99e02ab3cbd37150f191a0b,DL,965,DL 965,DEP,ATL,SEA,NARROWBODY,TURN_0778,UNMATCHED_DEP,SIM_AC_0778,2024-01-01_DL_965,40,45,G37,0.1624,16.2%,3.2,0.52,460,07:40,465,07:45,461,07:41,1.0,Trễ 1p ⏳,400,06:40,475,07:55,75,[06:40 ➔ 07:55],True,14,An toàn tuyệt đối (Được bảo vệ)
flight_key_v1_638cab53aa8a3da262422481f4ba92bb,DL,2931,DL 2931,ARR,MLB,ATL,NARROWBODY,TURN_0107,PAIRED_TURN,SIM_AC_0107,2024-01-01_DL_2931,40,45,G107,0.1756,17.6%,-1.3,-0.23,460,07:40,458,07:38,445,07:25,-15.0,Sớm 15p ⚡,445,07:25,538,08:58,93,[07:25 ➔ 08:58],True,93,An toàn tuyệt đối (Được bảo vệ)
flight_key_v1_198509dd324167900bb70343064e1e5d,WN,2977,WN 2977,ARR,RSW,ATL,NARROWBODY,TURN_0043,PAIRED_TURN,SIM_AC_0043,2024-01-01_WN_2977,40,45,G160,0.1641,16.4%,-0.6,-0.1,460,07:40,459,07:39,448,07:28,-12.0,Sớm 12p ⚡,445,07:25,535,08:55,90,[07:25 ➔ 08:55],True,87,An toàn tuyệt đối (Được bảo vệ)
flight_key_v1_3ecbc1e210d81d134324f9cf35e9388a,DL,1036,DL 1036,ARR,MCO,ATL,WIDEBODY,TURN_0108,PAIRED_TURN,SIM_AC_0108,2024-01-01_DL_1036,75,60,G43,0.182,18.2%,-0.5,-0.09,461,07:41,460,07:40,467,07:47,6.0,Trễ 6p ⏳,446,07:26,570,09:30,124,[07:26 ➔ 09:30],True,103,An toàn tuyệt đối (Được bảo vệ)
flight_key_v1_97113d0b2a89c1ee910b304bf63fbee6,DL,1352,DL 1352,ARR,ROA,ATL,NARROWBODY,TURN_0112,PAIRED_TURN,SIM_AC_0112,2024-01-01_DL_1352,40,45,G138,0.2677,26.8%,-0.1,-0.03,462,07:42,461,07:41,432,07:12,-30.0,Sớm 30p ⚡,447,07:27,540,09:00,93,[07:27 ➔ 09:00],False,108,Hạ cánh sớm hơn đệm (15p)
flight_key_v1_c2a795d55d110cac74c30d1ff2974c90,AA,1777,AA 1777,DEP,ATL,PHX,NARROWBODY,TURN_0779,UNMATCHED_DEP,SIM_AC_0779,2024-01-01_AA_1777,40,45,G26,0.1625,16.2%,1.9,0.32,462,07:42,465,07:45,456,07:36,-6.0,Sớm 6p ⚡,402,06:42,477,07:57,75,[06:42 ➔ 07:57],True,21,An toàn tuyệt đối (Được bảo vệ)
flight_key_v1_163ae8915e478c03579d0a134d0fe34c,DL,2441,DL 2441,ARR,CVG,ATL,NARROWBODY,TURN_0109,PAIRED_TURN,SIM_AC_0109,2024-01-01_DL_2441,40,45,G55,0.2167,21.7%,-0.5,-0.1,462,07:42,461,07:41,449,07:29,-13.0,Sớm 13p ⚡,447,07:27,540,09:00,93,[07:27 ➔ 09:00],True,91,An toàn tuyệt đối (Được bảo vệ)
flight_key_v1_899f7d89002bb7fb1bfa911c2f4da0a8,DL,2469,DL 2469,ARR,CMH,ATL,WIDEBODY,TURN_0111,PAIRED_TURN,SIM_AC_0111,2024-01-01_DL_2469,75,60,G148,0.1912,19.1%,-1.0,-0.2,462,07:42,460,07:40,472,07:52,10.0,Trễ 10p ⏳,447,07:27,575,09:35,128,[07:27 ➔ 09:35],True,103,An toàn tuyệt đối (Được bảo vệ)
flight_key_v1_7c52dada7dab2db11075643c517c2e79,9E,5239,9E 5239,ARR,LEX,ATL,NARROWBODY,TURN_0110,PAIRED_TURN,SIM_AC_0110,2024-01-01_9E_5239,40,45,G97,0.2464,24.6%,-0.5,-0.12,462,07:42,461,07:41,434,07:14,-28.0,Sớm 28p ⚡,447,07:27,555,09:15,108,[07:27 ➔ 09:15],False,121,Hạ cánh sớm hơn đệm (13p)
flight_key_v1_626bae707de90cd0b2955a2ecc9baadc,WN,245,WN 245,ARR,FLL,ATL,NARROWBODY,TURN_0035,PAIRED_TURN,SIM_AC_0035,2024-01-01_WN_245,75,45,G170,0.1697,17.0%,-0.4,-0.06,465,07:45,464,07:44,454,07:34,-11.0,Sớm 11p ⚡,450,07:30,535,08:55,85,[07:30 ➔ 08:55],True,81,An toàn tuyệt đối (Được bảo vệ)
flight_key_v1_072b3d8eec28bae9119e9e298c9eb838,NK,3100,NK 3100,ARR,MIA,ATL,NARROWBODY,TURN_0113,PAIRED_TURN,SIM_AC_0113,2024-01-01_NK_3100,40,45,G150,0.2327,23.3%,2.1,0.49,465,07:45,467,07:47,451,07:31,-14.0,Sớm 14p ⚡,450,07:30,536,08:56,86,[07:30 ➔ 08:56],True,85,An toàn tuyệt đối (Được bảo vệ)
flight_key_v1_d60497a9bdaa540a44baa1cfd10fb7f5,WN,3705,WN 3705,ARR,RDU,ATL,NARROWBODY,TURN_0114,PAIRED_TURN,SIM_AC_0114,2024-01-01_WN_3705,40,45,G02,0.1641,16.4%,-0.4,-0.06,465,07:45,464,07:44,451,07:31,-14.0,Sớm 14p ⚡,450,07:30,530,08:50,80,[07:30 ➔ 08:50],True,79,An toàn tuyệt đối (Được bảo vệ)
flight_key_v1_3f223ba8553b0ad5dde63fdad8a13df6,DL,1108,DL 1108,ARR,SRQ,ATL,WIDEBODY,TURN_0116,PAIRED_TURN,SIM_AC_0116,2024-01-01_DL_1108,75,60,G32,0.182,18.2%,-0.6,-0.11,466,07:46,465,07:45,466,07:46,0.0,Đúng giờ ✓,451,07:31,602,10:02,151,[07:31 ➔ 10:02],True,136,An toàn tuyệt đối (Được bảo vệ)
flight_key_v1_47287de274dd68f226505178e6c476b9,DL,2637,DL 2637,ARR,BNA,ATL,NARROWBODY,TURN_0115,PAIRED_TURN,SIM_AC_0115,2024-01-01_DL_2637,40,45,G51,0.1692,16.9%,-0.5,-0.08,466,07:46,465,07:45,444,07:24,-22.0,Sớm 22p ⚡,451,07:31,550,09:10,99,[07:31 ➔ 09:10],False,106,Hạ cánh sớm hơn đệm (7p)
flight_key_v1_e493ef9ad251dd78cef92574c2f346c5,DL,2623,DL 2623,ARR,IND,ATL,NARROWBODY,TURN_0117,PAIRED_TURN,SIM_AC_0117,2024-01-01_DL_2623,40,45,G113,0.1636,16.4%,-1.0,-0.17,468,07:48,466,07:46,464,07:44,-4.0,Sớm 4p ⚡,453,07:33,550,09:10,97,[07:33 ➔ 09:10],True,86,An toàn tuyệt đối (Được bảo vệ)
flight_key_v1_e2e0353e8ce453a230e3c7fb491aa887,WN,790,WN 790,ARR,MCO,ATL,NARROWBODY,TURN_0066,PAIRED_TURN,SIM_AC_0066,2024-01-01_WN_790,40,45,G132,0.1862,18.6%,-0.2,-0.04,470,07:50,469,07:49,481,08:01,11.0,Trễ 11p ⏳,455,07:35,530,08:50,75,[07:35 ➔ 08:50],True,49,An toàn tuyệt đối (Được bảo vệ)
flight_key_v1_2e00d7b0d44b63ce1123e3ea3b1751a4,WN,1110,WN 1110,ARR,TPA,ATL,NARROWBODY,TURN_0008,PAIRED_TURN,SIM_AC_0008,2024-01-01_WN_1110,40,45,G116,0.1697,17.0%,-0.6,-0.1,470,07:50,469,07:49,476,07:56,6.0,Trễ 6p ⏳,455,07:35,540,09:00,85,[07:35 ➔ 09:00],True,64,An toàn tuyệt đối (Được bảo vệ)
flight_key_v1_4f8cba20b541c507d497a4c9187f5777,NK,1306,NK 1306,DEP,ATL,ORD,WIDEBODY,TURN_0780,UNMATCHED_DEP,SIM_AC_0780,2024-01-01_NK_1306,75,60,G118,0.194,19.4%,4.7,0.92,470,07:50,477,07:57,462,07:42,-8.0,Sớm 8p ⚡,395,06:35,485,08:05,90,[06:35 ➔ 08:05],True,23,An toàn tuyệt đối (Được bảo vệ)
flight_key_v1_a3ef9f96ffc09ae81afd979700fe22d2,WN,2094,WN 2094,ARR,PBI,ATL,NARROWBODY,TURN_0027,PAIRED_TURN,SIM_AC_0027,2024-01-01_WN_2094,40,45,G110,0.1697,17.0%,-0.7,-0.12,470,07:50,469,07:49,458,07:38,-12.0,Sớm 12p ⚡,455,07:35,535,08:55,80,[07:35 ➔ 08:55],True,77,An toàn tuyệt đối (Được bảo vệ)
flight_key_v1_910aab0ac9923d89ea94317bfea4030e,DL,2724,DL 2724,ARR,DAY,ATL,NARROWBODY,TURN_0118,PAIRED_TURN,SIM_AC_0118,2024-01-01_DL_2724,40,45,G23,0.1636,16.4%,-0.9,-0.15,473,07:53,472,07:52,463,07:43,-10.0,Sớm 10p ⚡,458,07:38,550,09:10,92,[07:38 ➔ 09:10],True,87,An toàn tuyệt đối (Được bảo vệ)
flight_key_v1_87dde2a64416d400e05499962a2d1a76,WN,152,WN 152,ARR,SRQ,ATL,NARROWBODY,TURN_0013,PAIRED_TURN,SIM_AC_0013,2024-01-01_WN_152,40,45,G115,0.1641,16.4%,-0.4,-0.06,475,07:55,474,07:54,478,07:58,3.0,Trễ 3p ⏳,460,07:40,535,08:55,75,[07:40 ➔ 08:55],True,57,An toàn tuyệt đối (Được bảo vệ)
flight_key_v1_683d42858d90e42b24e0e498116f2e4c,WN,457,WN 457,ARR,JAX,ATL,NARROWBODY,TURN_0058,PAIRED_TURN,SIM_AC_0058,2024-01-01_WN_457,75,45,G175,0.1641,16.4%,-0.9,-0.14,475,07:55,474,07:54,471,07:51,-4.0,Sớm 4p ⚡,460,07:40,535,08:55,75,[07:40 ➔ 08:55],True,64,An toàn tuyệt đối (Được bảo vệ)
flight_key_v1_620a534643e1ab4e96dbd204a87b0546,WN,576,WN 576,ARR,GSP,ATL,NARROWBODY,TURN_0062,PAIRED_TURN,SIM_AC_0062,2024-01-01_WN_576,40,45,G102,0.1641,16.4%,-0.1,-0.01,475,07:55,474,07:54,460,07:40,-15.0,Sớm 15p ⚡,460,07:40,545,09:05,85,[07:40 ➔ 09:05],True,85,An toàn tuyệt đối (Được bảo vệ)
flight_key_v1_09120c4a367e8218a5144786b3e2a814,DL,1132,DL 1132,ARR,PBI,ATL,WIDEBODY,TURN_0119,PAIRED_TURN,SIM_AC_0119,2024-01-01_DL_1132,75,60,G93,0.182,18.2%,-1.0,-0.17,475,07:55,474,07:54,474,07:54,-1.0,Sớm 1p ⚡,460,07:40,607,10:07,147,[07:40 ➔ 10:07],True,133,An toàn tuyệt đối (Được bảo vệ)
flight_key_v1_3782a53dab7d6b16ac80c8e3c04f71e8,DL,2585,DL 2585,ARR,RIC,ATL,NARROWBODY,TURN_0120,PAIRED_TURN,SIM_AC_0120,2024-01-01_DL_2585,40,45,G104,0.1889,18.9%,-0.6,-0.12,475,07:55,474,07:54,454,07:34,-21.0,Sớm 21p ⚡,460,07:40,550,09:10,90,[07:40 ➔ 09:10],False,96,Hạ cánh sớm hơn đệm (6p)
flight_key_v1_d3523ff05d9ca479f645dae307532af9,DL,2506,DL 2506,ARR,MSY,ATL,NARROWBODY,TURN_0121,PAIRED_TURN,SIM_AC_0121,2024-01-01_DL_2506,40,45,G85,0.1636,16.4%,-0.5,-0.08,477,07:57,476,07:56,469,07:49,-8.0,Sớm 8p ⚡,462,07:42,550,09:10,88,[07:42 ➔ 09:10],True,81,An toàn tuyệt đối (Được bảo vệ)
flight_key_v1_52a6f103c58078826670521f42c84810,9E,4999,9E 4999,ARR,OAJ,ATL,NARROWBODY,TURN_0122,PAIRED_TURN,SIM_AC_0122,2024-01-01_9E_4999,40,45,G78,0.182,18.2%,-1.2,-0.21,478,07:58,476,07:56,458,07:38,-20.0,Sớm 20p ⚡,463,07:43,557,09:17,94,[07:43 ➔ 09:17],False,99,Hạ cánh sớm hơn đệm (5p)
flight_key_v1_e81ca88619bb616736448631ef08a1d1,9E,5109,9E 5109,ARR,CRW,ATL,NARROWBODY,TURN_0123,PAIRED_TURN,SIM_AC_0123,2024-01-01_9E_5109,40,45,G58,0.2745,27.5%,-0.5,-0.13,479,07:59,478,07:58,473,07:53,-6.0,Sớm 6p ⚡,464,07:44,570,09:30,106,[07:44 ➔ 09:30],True,97,An toàn tuyệt đối (Được bảo vệ)
flight_key_v1_db457b7939b5f30fa01235d31fab4d7e,WN,259,WN 259,ARR,MIA,ATL,NARROWBODY,TURN_0124,PAIRED_TURN,SIM_AC_0124,2024-01-01_WN_259,40,45,G165,0.1838,18.4%,-0.2,-0.04,480,08:00,479,07:59,463,07:43,-17.0,Sớm 17p ⚡,465,07:45,580,09:40,115,[07:45 ➔ 09:40],False,117,Hạ cánh sớm hơn đệm (2p)
flight_key_v1_9ada892de43e16be2463b3b230ebce6c,DL,346,DL 346,DEP,ATL,DEN,NARROWBODY,TURN_0085,PAIRED_TURN,SIM_AC_0085,2024-01-01_DL_1609,40,45,G09,0.1692,16.9%,3.3,0.56,480,08:00,486,08:06,487,08:07,7.0,Trễ 7p ⏳,412,06:52,495,08:15,83,[06:52 ➔ 08:15],True,8,An toàn tuyệt đối (Được bảo vệ)
flight_key_v1_ddb2eee170f749e6e28eace8a980ea18,DL,830,DL 830,DEP,ATL,SLC,NARROWBODY,TURN_0084,PAIRED_TURN,SIM_AC_0084,2024-01-01_DL_2409,40,45,G14,0.1692,16.9%,2.7,0.45,480,08:00,485,08:05,476,07:56,-4.0,Sớm 4p ⚡,408,06:48,495,08:15,87,[06:48 ➔ 08:15],True,19,An toàn tuyệt đối (Được bảo vệ)
flight_key_v1_43882bc00ff4e088a90b30e8c2de3577,AA,1049,AA 1049,DEP,ATL,MIA,NARROWBODY,TURN_0781,UNMATCHED_DEP,SIM_AC_0781,2024-01-01_AA_1049,40,45,G24,0.1768,17.7%,4.4,0.77,480,08:00,487,08:07,474,07:54,-6.0,Sớm 6p ⚡,420,07:00,495,08:15,75,[07:00 ➔ 08:15],True,21,An toàn tuyệt đối (Được bảo vệ)
flight_key_v1_ba16904827858e726e24db50b4f2f886,WN,1078,WN 1078,DEP,ATL,FLL,NARROWBODY,TURN_0782,UNMATCHED_DEP,SIM_AC_0782,2024-01-01_WN_1078,40,45,G162,0.17,17.0%,3.2,0.54,480,08:00,486,08:06,481,08:01,1.0,Trễ 1p ⏳,420,07:00,495,08:15,75,[07:00 ➔ 08:15],True,14,An toàn tuyệt đối (Được bảo vệ)
flight_key_v1_764bf2d660025a547089dd2a42c1e4e8,DL,2075,DL 2075,ARR,PHL,ATL,NARROWBODY,TURN_0126,PAIRED_TURN,SIM_AC_0126,2024-01-01_DL_2075,40,45,G59,0.1636,16.4%,-1.2,-0.2,480,08:00,478,07:58,471,07:51,-9.0,Sớm 9p ⚡,465,07:45,550,09:10,85,[07:45 ➔ 09:10],True,79,An toàn tuyệt đối (Được bảo vệ)
flight_key_v1_c02921fdee36248be4810a149ed4e17f,DL,2934,DL 2934,DEP,ATL,MIA,WIDEBODY,TURN_0070,PAIRED_TURN,SIM_AC_0070,2024-01-01_DL_730,75,60,G64,0.1751,17.5%,4.6,0.81,480,08:00,487,08:07,476,07:56,-4.0,Sớm 4p ⚡,285,04:45,495,08:15,210,[04:45 ➔ 08:15],True,19,An toàn tuyệt đối (Được bảo vệ)
flight_key_v1_0c3d8d8778bca160cf49674031bfe1c6,WN,3303,WN 3303,ARR,RIC,ATL,WIDEBODY,TURN_0125,PAIRED_TURN,SIM_AC_0125,2024-01-01_WN_3303,75,60,G137,0.2043,20.4%,-0.4,-0.08,480,08:00,479,07:59,463,07:43,-17.0,Sớm 17p ⚡,465,07:45,600,10:00,135,[07:45 ➔ 10:00],False,137,Hạ cánh sớm hơn đệm (2p)
flight_key_v1_b12ca84737d2fcf7b464aaa1ecb76fe9,DL,2734,DL 2734,ARR,CLE,ATL,NARROWBODY,TURN_0127,PAIRED_TURN,SIM_AC_0127,2024-01-01_DL_2734,40,45,G133,0.3108,31.1%,-0.2,-0.06,482,08:02,481,08:01,464,07:44,-18.0,Sớm 18p ⚡,467,07:47,550,09:10,83,[07:47 ➔ 09:10],False,86,Hạ cánh sớm hơn đệm (3p)
flight_key_v1_cb17d1c42d8aa995ce4366396d01ef50,OO,3714,OO 3714,ARR,ABY,ATL,NARROWBODY,TURN_0128,PAIRED_TURN,SIM_AC_0128,2024-01-01_OO_3714,40,45,G41,0.259,25.9%,2.9,0.75,482,08:02,484,08:04,465,07:45,-17.0,Sớm 17p ⚡,467,07:47,605,10:05,138,[07:47 ➔ 10:05],False,140,Hạ cánh sớm hơn đệm (2p)
flight_key_v1_f1c895f242e1bbf9b56e8fc09d31fe49,DL,2440,DL 2440,ARR,JAX,ATL,NARROWBODY,TURN_0130,PAIRED_TURN,SIM_AC_0130,2024-01-01_DL_2440,40,45,G50,0.1692,16.9%,-1.1,-0.19,483,08:03,481,08:01,467,07:47,-16.0,Sớm 16p ⚡,468,07:48,554,09:14,86,[07:48 ➔ 09:14],False,87,Hạ cánh sớm hơn đệm (1p)
flight_key_v1_95ef670514d5c344141a6cc9346375de,DL,2852,DL 2852,ARR,PIT,ATL,NARROWBODY,TURN_0131,PAIRED_TURN,SIM_AC_0131,2024-01-01_DL_2852,40,45,G83,0.1636,16.4%,-1.6,-0.26,483,08:03,481,08:01,485,08:05,2.0,Trễ 2p ⏳,468,07:48,554,09:14,86,[07:48 ➔ 09:14],True,69,An toàn tuyệt đối (Được bảo vệ)
flight_key_v1_a9ab0237fd7bc5bf664e04a61190e41a,OO,3721,OO 3721,ARR,BQK,ATL,NARROWBODY,TURN_0129,PAIRED_TURN,SIM_AC_0129,2024-01-01_OO_3721,40,45,G44,0.4099,41.0%,2.7,1.09,483,08:03,485,08:05,482,08:02,-1.0,Sớm 1p ⚡,469,07:49,631,10:31,162,[07:49 ➔ 10:31],True,149,An toàn tuyệt đối (Được bảo vệ)
flight_key_v1_470c14262119a0d27d09551c9781b715,DL,410,DL 410,ARR,DCA,ATL,NARROWBODY,TURN_0132,PAIRED_TURN,SIM_AC_0132,2024-01-01_DL_410,40,45,G69,0.1881,18.8%,-1.2,-0.22,484,08:04,482,08:02,459,07:39,-25.0,Sớm 25p ⚡,469,07:49,555,09:15,86,[07:49 ➔ 09:15],False,96,Hạ cánh sớm hơn đệm (10p)
flight_key_v1_37c6f205ec6953f604d001fd2af022ca,DL,2069,DL 2069,DEP,ATL,BDL,WIDEBODY,TURN_0072,PAIRED_TURN,SIM_AC_0072,2024-01-01_DL_823,75,60,G45,0.2315,23.2%,2.7,0.62,484,08:04,489,08:09,472,07:52,-12.0,Sớm 12p ⚡,300,05:00,499,08:19,199,[05:00 ➔ 08:19],True,27,An toàn tuyệt đối (Được bảo vệ)
flight_key_v1_60e14655d387ef698e146cc8bf3754c6,9E,5317,9E 5317,ARR,TYS,ATL,NARROWBODY,TURN_0133,PAIRED_TURN,SIM_AC_0133,2024-01-01_9E_5317,40,45,G146,0.182,18.2%,-0.9,-0.17,484,08:04,483,08:03,457,07:37,-27.0,Sớm 27p ⚡,469,07:49,570,09:30,101,[07:49 ➔ 09:30],False,113,Hạ cánh sớm hơn đệm (12p)
flight_key_v1_80e98bccf11d46b97b997d50c5e26823,DL,1404,DL 1404,ARR,MIA,ATL,NARROWBODY,TURN_0136,PAIRED_TURN,SIM_AC_0136,2024-01-01_DL_1404,40,45,G13,0.1912,19.1%,-0.5,-0.09,485,08:05,484,08:04,479,07:59,-6.0,Sớm 6p ⚡,470,07:50,555,09:15,85,[07:50 ➔ 09:15],True,76,An toàn tuyệt đối (Được bảo vệ)
flight_key_v1_8a2dbaaec57ac62cc0e73cf2182b09d9,DL,2305,DL 2305,ARR,GPT,ATL,NARROWBODY,TURN_0137,PAIRED_TURN,SIM_AC_0137,2024-01-01_DL_2305,40,45,G119,0.182,18.2%,-0.8,-0.15,485,08:05,484,08:04,470,07:50,-15.0,Sớm 15p ⚡,470,07:50,560,09:20,90,[07:50 ➔ 09:20],True,90,An toàn tuyệt đối (Được bảo vệ)
flight_key_v1_6d7dd1c69f467d31c79bf354f2f712a5,DL,2683,DL 2683,ARR,MEM,ATL,NARROWBODY,TURN_0135,PAIRED_TURN,SIM_AC_0135,2024-01-01_DL_2683,40,45,G22,0.182,18.2%,-0.5,-0.09,485,08:05,484,08:04,466,07:46,-19.0,Sớm 19p ⚡,470,07:50,555,09:15,85,[07:50 ➔ 09:15],False,89,Hạ cánh sớm hơn đệm (4p)
flight_key_v1_1293a95a9774868460d8dfa19ce92bc6,DL,2741,DL 2741,ARR,JAN,ATL,NARROWBODY,TURN_0134,PAIRED_TURN,SIM_AC_0134,2024-01-01_DL_2741,40,45,G25,0.1912,19.1%,-0.7,-0.13,485,08:05,484,08:04,473,07:53,-12.0,Sớm 12p ⚡,470,07:50,555,09:15,85,[07:50 ➔ 09:15],True,82,An toàn tuyệt đối (Được bảo vệ)
flight_key_v1_e12b0eb33f7ea6cc6fefb7d5f772499b,DL,2804,DL 2804,ARR,HSV,ATL,NARROWBODY,TURN_0139,PAIRED_TURN,SIM_AC_0139,2024-01-01_DL_2804,40,45,G101,0.1912,19.1%,-1.2,-0.23,488,08:08,486,08:06,469,07:49,-19.0,Sớm 19p ⚡,473,07:53,565,09:25,92,[07:53 ➔ 09:25],False,96,Hạ cánh sớm hơn đệm (4p)
flight_key_v1_df5846ad536a233c94047fa21bec8bab,DL,2950,DL 2950,ARR,BWI,ATL,NARROWBODY,TURN_0138,PAIRED_TURN,SIM_AC_0138,2024-01-01_DL_2950,40,45,G125,0.182,18.2%,-1.0,-0.17,488,08:08,487,08:07,482,08:02,-6.0,Sớm 6p ⚡,473,07:53,560,09:20,87,[07:53 ➔ 09:20],True,78,An toàn tuyệt đối (Được bảo vệ)
flight_key_v1_3979bb4372eb9a840c14d7a1e2eedd65,DL,2453,DL 2453,ARR,GRR,ATL,NARROWBODY,TURN_0140,PAIRED_TURN,SIM_AC_0140,2024-01-01_DL_2453,40,45,G20,0.1912,19.1%,-0.9,-0.18,489,08:09,488,08:08,456,07:36,-33.0,Sớm 33p ⚡,474,07:54,565,09:25,91,[07:54 ➔ 09:25],False,109,Hạ cánh sớm hơn đệm (18p)
flight_key_v1_adf4d6b8a25715176f10ca46f96c5f9d,DL,573,DL 573,DEP,ATL,SJU,NARROWBODY,TURN_0090,PAIRED_TURN,SIM_AC_0090,2024-01-01_DL_2254,40,45,G95,0.1787,17.9%,4.8,0.87,490,08:10,497,08:17,489,08:09,-1.0,Sớm 1p ⚡,425,07:05,505,08:25,80,[07:05 ➔ 08:25],True,16,An toàn tuyệt đối (Được bảo vệ)
flight_key_v1_acd0812a7007a639d28e1182a476a844,DL,1089,DL 1089,DEP,ATL,RSW,NARROWBODY,TURN_0089,PAIRED_TURN,SIM_AC_0089,2024-01-01_DL_2041,40,45,G121,0.1729,17.3%,3.0,0.52,490,08:10,496,08:16,488,08:08,-2.0,Sớm 2p ⚡,425,07:05,505,08:25,80,[07:05 ➔ 08:25],True,17,An toàn tuyệt đối (Được bảo vệ)
flight_key_v1_1144f569e6ebd81040a0e4477b44caf1,DL,1311,DL 1311,DEP,ATL,PBI,WIDEBODY,TURN_0784,UNMATCHED_DEP,SIM_AC_0784,2024-01-01_DL_1311,75,60,G40,0.1751,17.5%,3.7,0.64,490,08:10,496,08:16,491,08:11,1.0,Trễ 1p ⏳,415,06:55,505,08:25,90,[06:55 ➔ 08:25],True,14,An toàn tuyệt đối (Được bảo vệ)
flight_key_v1_04e177151a77df35c23bf6f38ba3b391,DL,2207,DL 2207,DEP,ATL,IAH,WIDEBODY,TURN_0783,UNMATCHED_DEP,SIM_AC_0783,2024-01-01_DL_2207,75,60,G35,0.1636,16.4%,2.7,0.44,490,08:10,494,08:14,487,08:07,-3.0,Sớm 3p ⚡,415,06:55,505,08:25,90,[06:55 ➔ 08:25],True,18,An toàn tuyệt đối (Được bảo vệ)
flight_key_v1_a7bde8dd8f4a36dfc847e719d2582ecf,DL,2766,DL 2766,DEP,ATL,HOU,NARROWBODY,TURN_0087,PAIRED_TURN,SIM_AC_0087,2024-01-01_DL_1579,40,45,G15,0.1636,16.4%,2.9,0.47,490,08:10,494,08:14,485,08:05,-5.0,Sớm 5p ⚡,417,06:57,505,08:25,88,[06:57 ➔ 08:25],True,20,An toàn tuyệt đối (Được bảo vệ)
flight_key_v1_1fd9e034b144042d6a96ab57b4d773a6,WN,3453,WN 3453,ARR,STL,ATL,NARROWBODY,TURN_0049,PAIRED_TURN,SIM_AC_0049,2024-01-01_WN_3453,40,45,G120,0.1686,16.9%,-0.2,-0.04,490,08:10,489,08:09,478,07:58,-12.0,Sớm 12p ⚡,475,07:55,545,09:05,70,[07:55 ➔ 09:05],True,67,An toàn tuyệt đối (Được bảo vệ)
flight_key_v1_c217c8fa62dc6ef73136ce797f4a9f86,DL,2847,DL 2847,ARR,ECP,ATL,NARROWBODY,TURN_0142,PAIRED_TURN,SIM_AC_0142,2024-01-01_DL_2847,40,45,G67,0.1984,19.8%,-0.5,-0.1,493,08:13,492,08:12,493,08:13,0.0,Đúng giờ ✓,478,07:58,565,09:25,87,[07:58 ➔ 09:25],True,72,An toàn tuyệt đối (Được bảo vệ)
flight_key_v1_ef365d726dcd78279a483a7051eee428,OO,3684,OO 3684,ARR,MGM,ATL,NARROWBODY,TURN_0141,PAIRED_TURN,SIM_AC_0141,2024-01-01_OO_3684,40,45,G144,0.266,26.6%,2.3,0.62,493,08:13,495,08:15,479,07:59,-14.0,Sớm 14p ⚡,478,07:58,675,11:15,197,[07:58 ➔ 11:15],True,196,An toàn tuyệt đối (Được bảo vệ)
flight_key_v1_92b54000e81b275d7dae4628f2a8421c,DL,849,DL 849,DEP,ATL,BOS,NARROWBODY,TURN_0093,PAIRED_TURN,SIM_AC_0093,2024-01-01_DL_2967,40,45,G03,0.1697,17.0%,2.3,0.39,495,08:15,500,08:20,495,08:15,0.0,Đúng giờ ✓,431,07:11,510,08:30,79,[07:11 ➔ 08:30],True,15,An toàn tuyệt đối (Được bảo vệ)
flight_key_v1_1343ba78009db42839099b78423763ed,DL,1213,DL 1213,DEP,ATL,MCO,WIDEBODY,TURN_0785,UNMATCHED_DEP,SIM_AC_0785,2024-01-01_DL_1213,75,60,G47,0.1695,17.0%,3.4,0.58,495,08:15,501,08:21,532,08:52,37.0,Trễ 37p ⏳,420,07:00,510,08:30,90,[07:00 ➔ 08:30],False,-22,Trễ vượt đệm an toàn (+22p)
flight_key_v1_ed229d112b66ebfe98c7c56732ea74de,DL,2403,DL 2403,DEP,ATL,AUS,NARROWBODY,TURN_0095,PAIRED_TURN,SIM_AC_0095,2024-01-01_DL_1675,40,45,G126,0.1636,16.4%,2.7,0.44,495,08:15,499,08:19,493,08:13,-2.0,Sớm 2p ⚡,432,07:12,510,08:30,78,[07:12 ➔ 08:30],True,17,An toàn tuyệt đối (Được bảo vệ)
flight_key_v1_38d25758e5ecf79fffcff143dcbb1a0a,DL,2550,DL 2550,ARR,IAD,ATL,NARROWBODY,TURN_0143,PAIRED_TURN,SIM_AC_0143,2024-01-01_DL_2550,40,45,G147,0.1912,19.1%,-1.2,-0.23,495,08:15,493,08:13,480,08:00,-15.0,Sớm 15p ⚡,480,08:00,565,09:25,85,[08:00 ➔ 09:25],True,85,An toàn tuyệt đối (Được bảo vệ)
flight_key_v1_4a62490fdf0b25f23149b58e3e208dd7,DL,1060,DL 1060,ARR,FLL,ATL,NARROWBODY,TURN_0144,PAIRED_TURN,SIM_AC_0144,2024-01-01_DL_1060,40,45,G39,0.182,18.2%,-0.6,-0.11,496,08:16,495,08:15,490,08:10,-6.0,Sớm 6p ⚡,481,08:01,565,09:25,84,[08:01 ➔ 09:25],True,75,An toàn tuyệt đối (Được bảo vệ)
flight_key_v1_7eb4eba5ca7bbdfad4d449202068282d,DL,2463,DL 2463,ARR,PNS,ATL,NARROWBODY,TURN_0145,PAIRED_TURN,SIM_AC_0145,2024-01-01_DL_2463,40,45,G114,0.182,18.2%,-0.5,-0.09,497,08:17,496,08:16,475,07:55,-22.0,Sớm 22p ⚡,482,08:02,570,09:30,88,[08:02 ➔ 09:30],False,95,Hạ cánh sớm hơn đệm (7p)
flight_key_v1_c0fee8495f0409213508ce12f25d1968,9E,5102,9E 5102,ARR,CHO,ATL,NARROWBODY,TURN_0146,PAIRED_TURN,SIM_AC_0146,2024-01-01_9E_5102,40,45,G12,0.2168,21.7%,-0.5,-0.1,497,08:17,496,08:16,471,07:51,-26.0,Sớm 26p ⚡,482,08:02,575,09:35,93,[08:02 ➔ 09:35],False,104,Hạ cánh sớm hơn đệm (11p)
flight_key_v1_b99553124217a0490f4a0aa4c77f87e1,DL,955,DL 955,ARR,CHS,ATL,NARROWBODY,TURN_0149,PAIRED_TURN,SIM_AC_0149,2024-01-01_DL_955,40,45,G84,0.182,18.2%,-0.6,-0.11,499,08:19,498,08:18,485,08:05,-14.0,Sớm 14p ⚡,484,08:04,570,09:30,86,[08:04 ➔ 09:30],True,85,An toàn tuyệt đối (Được bảo vệ)
flight_key_v1_73a772590cc7fb4b152f2b3a29826346,DL,2650,DL 2650,ARR,MDT,ATL,NARROWBODY,TURN_0147,PAIRED_TURN,SIM_AC_0147,2024-01-01_DL_2650,40,45,G131,0.1869,18.7%,-1.1,-0.2,499,08:19,497,08:17,474,07:54,-25.0,Sớm 25p ⚡,484,08:04,570,09:30,86,[08:04 ➔ 09:30],False,96,Hạ cánh sớm hơn đệm (10p)
flight_key_v1_818d8e6a3fdc96626fe1d73baa7749f2,OO,3677,OO 3677,ARR,FWA,ATL,NARROWBODY,TURN_0148,PAIRED_TURN,SIM_AC_0148,2024-01-01_OO_3677,40,45,G143,0.3417,34.2%,3.0,1.02,499,08:19,501,08:21,462,07:42,-37.0,Sớm 37p ⚡,485,08:05,681,11:21,196,[08:05 ➔ 11:21],False,219,Hạ cánh sớm hơn đệm (23p)
flight_key_v1_9a177db57fc39b5639379f59a83a569a,DL,373,DL 373,DEP,ATL,DFW,NARROWBODY,TURN_0099,PAIRED_TURN,SIM_AC_0099,2024-01-01_DL_2407,40,45,G108,0.1751,17.5%,4.4,0.77,500,08:20,507,08:27,497,08:17,-3.0,Sớm 3p ⚡,438,07:18,515,08:35,77,[07:18 ➔ 08:35],True,18,An toàn tuyệt đối (Được bảo vệ)
flight_key_v1_89c62890f1ff1499b0db3cabc2b1e0ed,DL,1134,DL 1134,DEP,ATL,SRQ,NARROWBODY,TURN_0101,PAIRED_TURN,SIM_AC_0101,2024-01-01_DL_2362,40,45,G08,0.1966,19.7%,4.1,0.81,500,08:20,507,08:27,512,08:32,12.0,Trễ 12p ⏳,440,07:20,515,08:35,75,[07:20 ➔ 08:35],True,3,An toàn tuyệt đối (Được bảo vệ)
flight_key_v1_95dc20a470aade2e2719c9915439e857,DL,1676,DL 1676,DEP,ATL,SAT,NARROWBODY,TURN_0100,PAIRED_TURN,SIM_AC_0100,2024-01-01_DL_1289,40,45,G129,0.1636,16.4%,2.9,0.47,500,08:20,504,08:24,497,08:17,-3.0,Sớm 3p ⚡,439,07:19,515,08:35,76,[07:19 ➔ 08:35],True,18,An toàn tuyệt đối (Được bảo vệ)
flight_key_v1_4682f58d9a8c4aeadf9da8e0fb2ebef1,DL,1709,DL 1709,DEP,ATL,FLL,NARROWBODY,TURN_0096,PAIRED_TURN,SIM_AC_0096,2024-01-01_DL_2299,40,45,G163,0.1695,17.0%,3.5,0.6,500,08:20,506,08:26,494,08:14,-6.0,Sớm 6p ⚡,434,07:14,515,08:35,81,[07:14 ➔ 08:35],True,21,An toàn tuyệt đối (Được bảo vệ)
flight_key_v1_235d610dd38c15a362c677b3ef6138a6,DL,2390,DL 2390,ARR,VPS,ATL,NARROWBODY,TURN_0150,PAIRED_TURN,SIM_AC_0150,2024-01-01_DL_2390,40,45,G77,0.182,18.2%,-0.6,-0.11,500,08:20,499,08:19,516,08:36,16.0,Trễ 16p ⏳,485,08:05,570,09:30,85,[08:05 ➔ 09:30],True,54,An toàn tuyệt đối (Được bảo vệ)
flight_key_v1_474402cec976441b615d2ccc2dd6ba74,DL,2707,DL 2707,ARR,MOB,ATL,WIDEBODY,TURN_0151,PAIRED_TURN,SIM_AC_0151,2024-01-01_DL_2707,75,60,G109,0.182,18.2%,-0.7,-0.12,500,08:20,499,08:19,500,08:20,0.0,Đúng giờ ✓,485,08:05,608,10:08,123,[08:05 ➔ 10:08],True,108,An toàn tuyệt đối (Được bảo vệ)
flight_key_v1_5a9dbbac007ad210cc153056d0338089,DL,2781,DL 2781,ARR,ORF,ATL,NARROWBODY,TURN_0152,PAIRED_TURN,SIM_AC_0152,2024-01-01_DL_2781,40,45,G81,0.1912,19.1%,-0.5,-0.09,500,08:20,499,08:19,492,08:12,-8.0,Sớm 8p ⚡,485,08:05,572,09:32,87,[08:05 ➔ 09:32],True,80,An toàn tuyệt đối (Được bảo vệ)
flight_key_v1_5280282b658d3c8d61327ce4402f8ce0,9E,5221,9E 5221,DEP,ATL,HSV,NARROWBODY,TURN_0088,PAIRED_TURN,SIM_AC_0088,2024-01-01_9E_5053,40,45,G53,0.1608,16.1%,2.2,0.36,500,08:20,504,08:24,495,08:15,-5.0,Sớm 5p ⚡,420,07:00,515,08:35,95,[07:00 ➔ 08:35],True,20,An toàn tuyệt đối (Được bảo vệ)
flight_key_v1_76603ba0ed5f4d7a53dff6363207815f,DL,2375,DL 2375,ARR,DTW,ATL,NARROWBODY,TURN_0153,PAIRED_TURN,SIM_AC_0153,2024-01-01_DL_2375,40,45,G94,0.19,19.0%,-1.5,-0.29,502,08:22,500,08:20,473,07:53,-29.0,Sớm 29p ⚡,487,08:07,574,09:34,87,[08:07 ➔ 09:34],False,101,Hạ cánh sớm hơn đệm (14p)
flight_key_v1_e76ee5034086c1310f66b863b163103a,DL,1027,DL 1027,ARR,SAT,ATL,WIDEBODY,TURN_0154,PAIRED_TURN,SIM_AC_0154,2024-01-01_DL_1027,75,60,G74,0.196,19.6%,-0.5,-0.09,504,08:24,503,08:23,497,08:17,-7.0,Sớm 7p ⚡,489,08:09,624,10:24,135,[08:09 ➔ 10:24],True,127,An toàn tuyệt đối (Được bảo vệ)
flight_key_v1_587adedc82dbd87c6963e747037845b9,F9,3508,F9 3508,DEP,ATL,MCO,NARROWBODY,TURN_0077,PAIRED_TURN,SIM_AC_0077,2024-01-01_F9_1450,40,45,G82,0.5502,55.0%,3.9,2.12,504,08:24,515,08:35,588,09:48,0.0,Đúng giờ ✓,340,05:40,520,08:40,180,[05:40 ➔ 08:40],False,-68,Trễ vượt đệm an toàn (+68p)
flight_key_v1_b68f8fc82c97888f08581c4c1e39f521,DL,884,DL 884,DEP,ATL,SFO,NARROWBODY,TURN_0102,PAIRED_TURN,SIM_AC_0102,2024-01-01_DL_1077,40,45,G76,0.1954,19.5%,7.9,1.55,505,08:25,515,08:35,503,08:23,-2.0,Sớm 2p ⚡,440,07:20,520,08:40,80,[07:20 ➔ 08:40],True,17,An toàn tuyệt đối (Được bảo vệ)
flight_key_v1_bfe39fbe7e2e34d8ae1ef044d214b5a3,9E,4927,9E 4927,ARR,GTR,ATL,WIDEBODY,TURN_0155,PAIRED_TURN,SIM_AC_0155,2024-01-01_9E_4927,75,60,G100,0.2377,23.8%,-0.9,-0.22,505,08:25,504,08:24,491,08:11,-14.0,Sớm 14p ⚡,490,08:10,614,10:14,124,[08:10 ➔ 10:14],True,123,An toàn tuyệt đối (Được bảo vệ)
flight_key_v1_641103979a868b5bb606748ae65b7304,9E,5035,9E 5035,DEP,ATL,JAN,NARROWBODY,TURN_0094,PAIRED_TURN,SIM_AC_0094,2024-01-01_9E_5255,40,45,G38,0.2382,23.8%,2.2,0.53,505,08:25,511,08:31,501,08:21,-4.0,Sớm 4p ⚡,432,07:12,520,08:40,88,[07:12 ➔ 08:40],True,19,An toàn tuyệt đối (Được bảo vệ)
flight_key_v1_fe05b3a8e87d6cbc00a6606b47b01b1f,DL,401,DL 401,ARR,DFW,ATL,NARROWBODY,TURN_0156,PAIRED_TURN,SIM_AC_0156,2024-01-01_DL_401,40,45,G11,0.182,18.2%,-0.5,-0.09,507,08:27,506,08:26,497,08:17,-10.0,Sớm 10p ⚡,492,08:12,575,09:35,83,[08:12 ➔ 09:35],True,78,An toàn tuyệt đối (Được bảo vệ)
flight_key_v1_44a70bee701da50c67a168ca3c099875,DL,2937,DL 2937,ARR,HPN,ATL,NARROWBODY,TURN_0157,PAIRED_TURN,SIM_AC_0157,2024-01-01_DL_2937,40,45,G86,0.1881,18.8%,-0.5,-0.09,508,08:28,507,08:27,703,11:43,195.0,Trễ 195p ⏳,493,08:13,576,09:36,83,[08:13 ➔ 09:36],False,-127,Trễ vượt đệm an toàn (+127p)
flight_key_v1_742e6a8c886f27d7302c0f38a6ada121,DL,1227,DL 1227,DEP,ATL,TPA,NARROWBODY,TURN_0103,PAIRED_TURN,SIM_AC_0103,2024-01-01_DL_2574,40,45,G18,0.2143,21.4%,2.9,0.62,509,08:29,514,08:34,507,08:27,-2.0,Sớm 2p ⚡,440,07:20,524,08:44,84,[07:20 ➔ 08:44],True,17,An toàn tuyệt đối (Được bảo vệ)
flight_key_v1_d1ba55fa668bf18517a75e161ac39234,DL,2249,DL 2249,ARR,BTR,ATL,NARROWBODY,TURN_0158,PAIRED_TURN,SIM_AC_0158,2024-01-01_DL_2249,40,45,G103,0.1912,19.1%,-1.0,-0.19,509,08:29,507,08:27,502,08:22,-7.0,Sớm 7p ⚡,494,08:14,580,09:40,86,[08:14 ➔ 09:40],True,78,An toàn tuyệt đối (Được bảo vệ)
flight_key_v1_43e27f0341611f0476e291c9540851b6,DL,733,DL 733,DEP,ATL,PHX,NARROWBODY,TURN_0105,PAIRED_TURN,SIM_AC_0105,2024-01-01_DL_2621,40,45,G56,0.1636,16.4%,3.0,0.5,510,08:30,515,08:35,508,08:28,-2.0,Sớm 2p ⚡,440,07:20,525,08:45,85,[07:20 ➔ 08:45],True,17,An toàn tuyệt đối (Được bảo vệ)
flight_key_v1_9bc5ebcf5fcc613583c8964402a38b84,DL,777,DL 777,DEP,ATL,LAS,NARROWBODY,TURN_0104,PAIRED_TURN,SIM_AC_0104,2024-01-01_DL_1607,40,45,G60,0.1636,16.4%,4.2,0.68,510,08:30,516,08:36,508,08:28,-2.0,Sớm 2p ⚡,440,07:20,525,08:45,85,[07:20 ➔ 08:45],True,17,An toàn tuyệt đối (Được bảo vệ)
flight_key_v1_606f902701e5d9c2e2f05dc738880699,OO,3711,OO 3711,DEP,ATL,AGS,NARROWBODY,TURN_0092,PAIRED_TURN,SIM_AC_0092,2024-01-01_OO_4115,40,45,G149,0.3236,32.4%,3.0,0.98,510,08:30,518,08:38,503,08:23,-7.0,Sớm 7p ⚡,429,07:09,525,08:45,96,[07:09 ➔ 08:45],True,22,An toàn tuyệt đối (Được bảo vệ)
flight_key_v1_1428ef2ef093be5d7ffbfdf88cc36018,DL,2266,DL 2266,ARR,EWR,ATL,NARROWBODY,TURN_0159,PAIRED_TURN,SIM_AC_0159,2024-01-01_DL_2266,40,45,G161,0.1868,18.7%,-0.6,-0.12,511,08:31,510,08:30,501,08:21,-10.0,Sớm 10p ⚡,496,08:16,582,09:42,86,[08:16 ➔ 09:42],True,81,An toàn tuyệt đối (Được bảo vệ)
flight_key_v1_2a5c66fdb7d36f2f82e52bb21ece880c,UA,340,UA 340,DEP,ATL,DEN,NARROWBODY,TURN_0786,UNMATCHED_DEP,SIM_AC_0786,2024-01-01_UA_340,40,45,G171,0.1709,17.1%,3.6,0.62,512,08:32,518,08:38,505,08:25,-7.0,Sớm 7p ⚡,452,07:32,527,08:47,75,[07:32 ➔ 08:47],True,22,An toàn tuyệt đối (Được bảo vệ)
flight_key_v1_eb35bc2484b4d0aca766ac5652a52830,DL,2664,DL 2664,ARR,BUF,ATL,NARROWBODY,TURN_0160,PAIRED_TURN,SIM_AC_0160,2024-01-01_DL_2664,40,45,G159,0.5016,50.2%,9.5,4.78,512,08:32,521,08:41,511,08:31,-1.0,Sớm 1p ⚡,501,08:21,589,09:49,88,[08:21 ➔ 09:49],True,78,An toàn tuyệt đối (Được bảo vệ)
flight_key_v1_c096c75ea404bcf01d21ff5492bf6795,9E,5251,9E 5251,ARR,ABE,ATL,WIDEBODY,TURN_0659,UNMATCHED_ARR,SIM_AC_0659,2024-01-01_9E_5251,75,60,G172,0.2455,24.6%,-0.6,-0.16,512,08:32,511,08:31,477,07:57,-35.0,Sớm 35p ⚡,497,08:17,602,10:02,105,[08:17 ➔ 10:02],False,125,Hạ cánh sớm hơn đệm (20p)
flight_key_v1_3337bde6899e5081a0db17ba512e801f,NK,1305,NK 1305,ARR,BWI,ATL,NARROWBODY,TURN_0161,PAIRED_TURN,SIM_AC_0161,2024-01-01_NK_1305,40,45,G01,0.2853,28.5%,1.4,0.4,513,08:33,514,08:34,511,08:31,-2.0,Sớm 2p ⚡,498,08:18,585,09:45,87,[08:18 ➔ 09:45],True,74,An toàn tuyệt đối (Được bảo vệ)
flight_key_v1_f5d90af03c628d6fcca1d79a36903b78,DL,1561,DL 1561,ARR,RSW,ATL,NARROWBODY,TURN_0162,PAIRED_TURN,SIM_AC_0162,2024-01-01_DL_1561,40,45,G153,0.182,18.2%,-0.8,-0.15,514,08:34,513,08:33,506,08:26,-8.0,Sớm 8p ⚡,499,08:19,589,09:49,90,[08:19 ➔ 09:49],True,83,An toàn tuyệt đối (Được bảo vệ)
flight_key_v1_867da9ff38b43af9d49b5b2c4951d142,WN,259,WN 259,DEP,ATL,DCA,WIDEBODY,TURN_0787,UNMATCHED_DEP,SIM_AC_0787,2024-01-01_WN_259,75,60,G34,0.1697,17.0%,1.9,0.32,515,08:35,519,08:39,523,08:43,8.0,Trễ 8p ⏳,440,07:20,530,08:50,90,[07:20 ➔ 08:50],True,7,An toàn tuyệt đối (Được bảo vệ)
flight_key_v1_285e50f7b1266a52cab9cd3a8ef7bba2,WN,790,WN 790,DEP,ATL,MKE,NARROWBODY,TURN_0066,PAIRED_TURN,SIM_AC_0066,2024-01-01_WN_790,40,45,G132,0.1862,18.6%,2.1,0.39,515,08:35,520,08:40,521,08:41,6.0,Trễ 6p ⏳,455,07:35,530,08:50,75,[07:35 ➔ 08:50],True,9,An toàn tuyệt đối (Được bảo vệ)
flight_key_v1_fb9c6c8ab6171c9bdbe7ffcd83fcdf88,WN,1021,WN 1021,DEP,ATL,BWI,NARROWBODY,TURN_0114,PAIRED_TURN,SIM_AC_0114,2024-01-01_WN_3705,40,45,G02,0.1641,16.4%,2.3,0.38,515,08:35,519,08:39,514,08:34,-1.0,Sớm 1p ⚡,450,07:30,530,08:50,80,[07:30 ➔ 08:50],True,16,An toàn tuyệt đối (Được bảo vệ)
flight_key_v1_6c1ac579a94536fbe0dd0712f13f276e,DL,2782,DL 2782,ARR,LIT,ATL,NARROWBODY,TURN_0163,PAIRED_TURN,SIM_AC_0163,2024-01-01_DL_2782,40,45,G155,0.1881,18.8%,-0.6,-0.11,516,08:36,515,08:35,486,08:06,-30.0,Sớm 30p ⚡,501,08:21,595,09:55,94,[08:21 ➔ 09:55],False,109,Hạ cánh sớm hơn đệm (15p)
flight_key_v1_2d947b18c37d14922d74fcbaa5cde4da,DL,1306,DL 1306,ARR,JFK,ATL,NARROWBODY,TURN_0164,PAIRED_TURN,SIM_AC_0164,2024-01-01_DL_1306,40,45,G24,0.1881,18.8%,-1.6,-0.3,517,08:37,515,08:35,507,08:27,-10.0,Sớm 10p ⚡,502,08:22,595,09:55,93,[08:22 ➔ 09:55],True,88,An toàn tuyệt đối (Được bảo vệ)
flight_key_v1_91265896f9d843520926c7472f0858e7,DL,1464,DL 1464,ARR,OMA,ATL,WIDEBODY,TURN_0166,PAIRED_TURN,SIM_AC_0166,2024-01-01_DL_1464,75,60,G124,0.1866,18.7%,-1.1,-0.2,519,08:39,517,08:37,501,08:21,-18.0,Sớm 18p ⚡,504,08:24,630,10:30,126,[08:24 ➔ 10:30],False,129,Hạ cánh sớm hơn đệm (3p)
flight_key_v1_0fa68fdc5416406135a2a1dccf3d3775,DL,2038,DL 2038,ARR,MKE,ATL,NARROWBODY,TURN_0165,PAIRED_TURN,SIM_AC_0165,2024-01-01_DL_2038,40,45,G122,0.193,19.3%,-1.6,-0.31,519,08:39,517,08:37,513,08:33,-6.0,Sớm 6p ⚡,504,08:24,596,09:56,92,[08:24 ➔ 09:56],True,83,An toàn tuyệt đối (Được bảo vệ)
flight_key_v1_9dbf97335ec4f8569cb49225c4e78bc4,WN,152,WN 152,DEP,ATL,IND,NARROWBODY,TURN_0013,PAIRED_TURN,SIM_AC_0013,2024-01-01_WN_152,40,45,G115,0.1641,16.4%,2.3,0.38,520,08:40,524,08:44,530,08:50,10.0,Trễ 10p ⏳,460,07:40,535,08:55,75,[07:40 ➔ 08:55],True,5,An toàn tuyệt đối (Được bảo vệ)
flight_key_v1_6c9b596fc6df68d5a2b7710f2cf5b815,WN,245,WN 245,DEP,ATL,MCI,NARROWBODY,TURN_0035,PAIRED_TURN,SIM_AC_0035,2024-01-01_WN_245,75,45,G170,0.1697,17.0%,2.1,0.36,520,08:40,542,09:02,519,08:39,-1.0,Sớm 1p ⚡,450,07:30,535,08:55,85,[07:30 ➔ 08:55],True,16,An toàn tuyệt đối (Được bảo vệ)
flight_key_v1_7404b9d5eada98cd2ee9316cf94cab1b,WN,457,WN 457,DEP,ATL,AUS,NARROWBODY,TURN_0058,PAIRED_TURN,SIM_AC_0058,2024-01-01_WN_457,75,45,G175,0.1641,16.4%,2.5,0.4,520,08:40,551,09:11,527,08:47,7.0,Trễ 7p ⏳,460,07:40,535,08:55,75,[07:40 ➔ 08:55],True,8,An toàn tuyệt đối (Được bảo vệ)
flight_key_v1_070ec89fc24c08ef3e039c1dbc7a7cbf,WN,2094,WN 2094,DEP,ATL,DEN,NARROWBODY,TURN_0027,PAIRED_TURN,SIM_AC_0027,2024-01-01_WN_2094,40,45,G110,0.1697,17.0%,2.8,0.48,520,08:40,525,08:45,516,08:36,-4.0,Sớm 4p ⚡,455,07:35,535,08:55,80,[07:35 ➔ 08:55],True,19,An toàn tuyệt đối (Được bảo vệ)
flight_key_v1_13dd50451f41e714e4d99d894e386c40,WN,2977,WN 2977,DEP,ATL,JAN,NARROWBODY,TURN_0043,PAIRED_TURN,SIM_AC_0043,2024-01-01_WN_2977,40,45,G160,0.1641,16.4%,2.3,0.38,520,08:40,524,08:44,516,08:36,-4.0,Sớm 4p ⚡,445,07:25,535,08:55,90,[07:25 ➔ 08:55],True,19,An toàn tuyệt đối (Được bảo vệ)
flight_key_v1_46931a9aa739ac0d21d93a644f6cb06e,NK,1209,NK 1209,DEP,ATL,MCO,NARROWBODY,TURN_0113,PAIRED_TURN,SIM_AC_0113,2024-01-01_NK_3100,40,45,G150,0.2327,23.3%,5.2,1.21,521,08:41,529,08:49,513,08:33,-8.0,Sớm 8p ⚡,450,07:30,536,08:56,86,[07:30 ➔ 08:56],True,23,An toàn tuyệt đối (Được bảo vệ)
flight_key_v1_dd14b6fc0cc4bb7448b8b7864dc33f9e,DL,2298,DL 2298,ARR,STL,ATL,NARROWBODY,TURN_0167,PAIRED_TURN,SIM_AC_0167,2024-01-01_DL_2298,40,45,G79,0.182,18.2%,-0.5,-0.09,522,08:42,521,08:41,540,09:00,18.0,Trễ 18p ⏳,507,08:27,597,09:57,90,[08:27 ➔ 09:57],True,57,An toàn tuyệt đối (Được bảo vệ)
flight_key_v1_bd6b54951a11700f7a489b3628c832c6,DL,474,DL 474,DEP,ATL,ORD,NARROWBODY,TURN_0107,PAIRED_TURN,SIM_AC_0107,2024-01-01_DL_2931,40,45,G107,0.1756,17.6%,3.8,0.66,523,08:43,529,08:49,523,08:43,0.0,Đúng giờ ✓,445,07:25,538,08:58,93,[07:25 ➔ 08:58],True,15,An toàn tuyệt đối (Được bảo vệ)
flight_key_v1_fd3a6b6c773eab9b48e896f40353676a,DL,747,DL 747,ARR,LGA,ATL,NARROWBODY,TURN_0168,PAIRED_TURN,SIM_AC_0168,2024-01-01_DL_747,40,45,G31,0.2045,20.4%,-1.6,-0.33,523,08:43,521,08:41,499,08:19,-24.0,Sớm 24p ⚡,508,08:28,600,10:00,92,[08:28 ➔ 10:00],False,101,Hạ cánh sớm hơn đệm (9p)
flight_key_v1_fbb19e18c5eb2df85d95f6e1f8103365,DL,1051,DL 1051,ARR,RDU,ATL,NARROWBODY,TURN_0172,PAIRED_TURN,SIM_AC_0172,2024-01-01_DL_1051,40,45,G173,0.2059,20.6%,-0.5,-0.1,524,08:44,523,08:43,537,08:57,13.0,Trễ 13p ⏳,509,08:29,605,10:05,96,[08:29 ➔ 10:05],True,68,An toàn tuyệt đối (Được bảo vệ)
flight_key_v1_6290cc6cab37a15b8dc06a309dede14c,DL,1344,DL 1344,ARR,AUS,ATL,NARROWBODY,TURN_0170,PAIRED_TURN,SIM_AC_0170,2024-01-01_DL_1344,40,45,G174,0.1836,18.4%,-0.5,-0.09,524,08:44,523,08:43,506,08:26,-18.0,Sớm 18p ⚡,509,08:29,605,10:05,96,[08:29 ➔ 10:05],False,99,Hạ cánh sớm hơn đệm (3p)
flight_key_v1_13460927f97b1e539ecddc0d361b15d0,DL,1701,DL 1701,ARR,ORD,ATL,NARROWBODY,TURN_0169,PAIRED_TURN,SIM_AC_0169,2024-01-01_DL_1701,40,45,G166,0.1999,20.0%,-0.5,-0.1,524,08:44,523,08:43,522,08:42,-2.0,Sớm 2p ⚡,509,08:29,600,10:00,91,[08:29 ➔ 10:00],True,78,An toàn tuyệt đối (Được bảo vệ)
flight_key_v1_ab6b51ea10d73d28a33458102dfe9c65,DL,2691,DL 2691,ARR,GRB,ATL,NARROWBODY,TURN_0171,PAIRED_TURN,SIM_AC_0171,2024-01-01_DL_2691,40,45,G96,0.182,18.2%,-1.5,-0.27,524,08:44,522,08:42,495,08:15,-29.0,Sớm 29p ⚡,509,08:29,605,10:05,96,[08:29 ➔ 10:05],False,110,Hạ cánh sớm hơn đệm (14p)
flight_key_v1_2606658f947a00de03a246009c2d9881,DL,898,DL 898,DEP,ATL,LAX,NARROWBODY,TURN_0109,PAIRED_TURN,SIM_AC_0109,2024-01-01_DL_2441,40,45,G55,0.2167,21.7%,4.6,1.0,525,08:45,532,08:52,534,08:54,9.0,Trễ 9p ⏳,447,07:27,540,09:00,93,[07:27 ➔ 09:00],True,6,An toàn tuyệt đối (Được bảo vệ)
flight_key_v1_f5c6209f690d3f5920c71b8384731bba,WN,1110,WN 1110,DEP,ATL,CMH,NARROWBODY,TURN_0008,PAIRED_TURN,SIM_AC_0008,2024-01-01_WN_1110,40,45,G116,0.1697,17.0%,12.4,2.1,525,08:45,540,09:00,532,08:52,7.0,Trễ 7p ⏳,455,07:35,540,09:00,85,[07:35 ➔ 09:00],True,8,An toàn tuyệt đối (Được bảo vệ)
flight_key_v1_502465b4984c5fe731306b8dada3a5a7,DL,2703,DL 2703,DEP,ATL,MSY,NARROWBODY,TURN_0112,PAIRED_TURN,SIM_AC_0112,2024-01-01_DL_1352,40,45,G138,0.2677,26.8%,2.4,0.65,525,08:45,531,08:51,524,08:44,-1.0,Sớm 1p ⚡,447,07:27,540,09:00,93,[07:27 ➔ 09:00],True,16,An toàn tuyệt đối (Được bảo vệ)
flight_key_v1_0b0c21d460a6707b8dbb18940454ddd3,NK,3102,NK 3102,DEP,ATL,LAX,NARROWBODY,TURN_0788,UNMATCHED_DEP,SIM_AC_0788,2024-01-01_NK_3102,40,45,G158,0.2007,20.1%,6.5,1.3,525,08:45,534,08:54,517,08:37,-8.0,Sớm 8p ⚡,466,07:46,541,09:01,75,[07:46 ➔ 09:01],True,24,An toàn tuyệt đối (Được bảo vệ)
flight_key_v1_6bde4dd3656233fd81751e4d8c465bc3,WN,3303,WN 3303,DEP,ATL,MCO,WIDEBODY,TURN_0789,UNMATCHED_DEP,SIM_AC_0789,2024-01-01_WN_3303,75,60,G57,0.17,17.0%,3.1,0.54,525,08:45,531,08:51,521,08:41,-4.0,Sớm 4p ⚡,450,07:30,540,09:00,90,[07:30 ➔ 09:00],True,19,An toàn tuyệt đối (Được bảo vệ)
flight_key_v1_53f27f724a746b3f473d2d4d35ff95f1,DL,2767,DL 2767,ARR,CMH,ATL,NARROWBODY,TURN_0173,PAIRED_TURN,SIM_AC_0173,2024-01-01_DL_2767,40,45,G36,0.182,18.2%,-0.9,-0.17,526,08:46,525,08:45,544,09:04,18.0,Trễ 18p ⏳,511,08:31,610,10:10,99,[08:31 ➔ 10:10],True,66,An toàn tuyệt đối (Được bảo vệ)
flight_key_v1_a8b2a138b47cb14a751e4609732ec019,OO,3938,OO 3938,ARR,EVV,ATL,NARROWBODY,TURN_0174,PAIRED_TURN,SIM_AC_0174,2024-01-01_OO_3938,40,45,G47,0.2595,25.9%,1.8,0.46,527,08:47,528,08:48,486,08:06,-41.0,Sớm 41p ⚡,512,08:32,734,12:14,222,[08:32 ➔ 12:14],False,248,Hạ cánh sớm hơn đệm (26p)
flight_key_v1_174b368e01dfda8aca93ad71c57c4509,DL,2652,DL 2652,ARR,BDL,ATL,NARROWBODY,TURN_0176,PAIRED_TURN,SIM_AC_0176,2024-01-01_DL_2652,40,45,G99,0.1912,19.1%,-1.6,-0.31,528,08:48,526,08:46,516,08:36,-12.0,Sớm 12p ⚡,513,08:33,610,10:10,97,[08:33 ➔ 10:10],True,94,An toàn tuyệt đối (Được bảo vệ)
flight_key_v1_4cce14a810ae90bed8c6833c7d3b6241,9E,5488,9E 5488,ARR,MLU,ATL,NARROWBODY,TURN_0175,PAIRED_TURN,SIM_AC_0175,2024-01-01_9E_5488,40,45,G09,0.182,18.2%,-0.5,-0.09,528,08:48,527,08:47,501,08:21,-27.0,Sớm 27p ⚡,513,08:33,595,09:55,82,[08:33 ➔ 09:55],False,94,Hạ cánh sớm hơn đệm (12p)
flight_key_v1_9b0b1fbf0bd5d5a0b16217a4b6b04971,DL,1169,DL 1169,ARR,SYR,ATL,NARROWBODY,TURN_0178,PAIRED_TURN,SIM_AC_0178,2024-01-01_DL_1169,40,45,G49,0.2264,22.6%,-1.1,-0.25,529,08:49,527,08:47,542,09:02,13.0,Trễ 13p ⏳,514,08:34,611,10:11,97,[08:34 ➔ 10:11],True,69,An toàn tuyệt đối (Được bảo vệ)
flight_key_v1_a9b5e546968c58e5c06fd92600bf5e74,9E,5183,9E 5183,ARR,MSN,ATL,NARROWBODY,TURN_0177,PAIRED_TURN,SIM_AC_0177,2024-01-01_9E_5183,40,45,G06,0.182,18.2%,-1.5,-0.27,529,08:49,527,08:47,520,08:40,-9.0,Sớm 9p ⚡,514,08:34,595,09:55,81,[08:34 ➔ 09:55],True,75,An toàn tuyệt đối (Được bảo vệ)
flight_key_v1_482aa2e6723495f9fb4cc9495c76858e,WN,576,WN 576,DEP,ATL,SDF,NARROWBODY,TURN_0062,PAIRED_TURN,SIM_AC_0062,2024-01-01_WN_576,40,45,G102,0.1641,16.4%,2.3,0.38,530,08:50,534,08:54,525,08:45,-5.0,Sớm 5p ⚡,460,07:40,545,09:05,85,[07:40 ➔ 09:05],True,20,An toàn tuyệt đối (Được bảo vệ)
flight_key_v1_c74b2c0f45a7a2b49b6ab78350912e7a,WN,2466,WN 2466,ARR,PHL,ATL,NARROWBODY,TURN_0180,PAIRED_TURN,SIM_AC_0180,2024-01-01_WN_2466,40,45,G65,0.1838,18.4%,-0.9,-0.16,530,08:50,529,08:49,514,08:34,-16.0,Sớm 16p ⚡,515,08:35,585,09:45,70,[08:35 ➔ 09:45],False,71,Hạ cánh sớm hơn đệm (1p)
flight_key_v1_203b6ceaa3aa0a70eddc090ae92c72f8,WN,3453,WN 3453,DEP,ATL,SAT,NARROWBODY,TURN_0049,PAIRED_TURN,SIM_AC_0049,2024-01-01_WN_3453,40,45,G120,0.1686,16.9%,2.4,0.41,530,08:50,535,08:55,527,08:47,-3.0,Sớm 3p ⚡,475,07:55,545,09:05,70,[07:55 ➔ 09:05],True,18,An toàn tuyệt đối (Được bảo vệ)
flight_key_v1_5808acdb303adc75b9a186ba184a7793,9E,5015,9E 5015,ARR,AEX,ATL,NARROWBODY,TURN_0179,PAIRED_TURN,SIM_AC_0179,2024-01-01_9E_5015,40,45,G162,0.1865,18.6%,-0.5,-0.09,530,08:50,529,08:49,501,08:21,-29.0,Sớm 29p ⚡,515,08:35,610,10:10,95,[08:35 ➔ 10:10],False,109,Hạ cánh sớm hơn đệm (14p)
flight_key_v1_1809702eb9af43990ced33769e29b52e,DL,1200,DL 1200,ARR,MCO,ATL,NARROWBODY,TURN_0181,PAIRED_TURN,SIM_AC_0181,2024-01-01_DL_1200,40,45,G145,0.1943,19.4%,-0.4,-0.07,532,08:52,531,08:51,512,08:32,-20.0,Sớm 20p ⚡,517,08:37,612,10:12,95,[08:37 ➔ 10:12],False,100,Hạ cánh sớm hơn đệm (5p)
flight_key_v1_c6649daaf5c8f00a10fa46480791ef58,DL,2459,DL 2459,ARR,CID,ATL,NARROWBODY,TURN_0183,PAIRED_TURN,SIM_AC_0183,2024-01-01_DL_2459,40,45,G90,0.2034,20.3%,-0.5,-0.1,533,08:53,532,08:52,506,08:26,-27.0,Sớm 27p ⚡,518,08:38,614,10:14,96,[08:38 ➔ 10:14],False,108,Hạ cánh sớm hơn đệm (12p)
flight_key_v1_3919417daf3b9afbaceaf0130e08d2d5,DL,2851,DL 2851,ARR,BTV,ATL,WIDEBODY,TURN_0182,PAIRED_TURN,SIM_AC_0182,2024-01-01_DL_2851,75,60,G130,0.2615,26.2%,-0.5,-0.13,533,08:53,532,08:52,503,08:23,-30.0,Sớm 30p ⚡,518,08:38,673,11:13,155,[08:38 ➔ 11:13],False,170,Hạ cánh sớm hơn đệm (15p)
flight_key_v1_d69d53bf711e63e7fc1e407b2ba6622c,OO,3910,OO 3910,ARR,SHV,ATL,NARROWBODY,TURN_0184,PAIRED_TURN,SIM_AC_0184,2024-01-01_OO_3910,40,45,G63,0.2813,28.1%,2.9,0.82,533,08:53,535,08:55,514,08:34,-19.0,Sớm 19p ⚡,518,08:38,778,12:58,260,[08:38 ➔ 12:58],False,264,Hạ cánh sớm hơn đệm (4p)
flight_key_v1_73eab427377e63292389b7b4f2cdd33e,DL,2903,DL 2903,ARR,MCI,ATL,NARROWBODY,TURN_0187,PAIRED_TURN,SIM_AC_0187,2024-01-01_DL_2903,40,45,G61,0.1917,19.2%,-1.0,-0.19,534,08:54,532,08:52,511,08:31,-23.0,Sớm 23p ⚡,519,08:39,614,10:14,95,[08:39 ➔ 10:14],False,103,Hạ cánh sớm hơn đệm (8p)
flight_key_v1_11475051fcf68e16759b5c67879c8911,9E,4912,9E 4912,ARR,DHN,ATL,NARROWBODY,TURN_0186,PAIRED_TURN,SIM_AC_0186,2024-01-01_9E_4912,40,45,G169,0.2702,27.0%,-0.8,-0.22,534,08:54,533,08:53,544,09:04,10.0,Trễ 10p ⏳,519,08:39,620,10:20,101,[08:39 ➔ 10:20],True,76,An toàn tuyệt đối (Được bảo vệ)
flight_key_v1_815cbea7560593b56519471108f218a5,9E,5025,9E 5025,ARR,ATW,ATL,NARROWBODY,TURN_0188,PAIRED_TURN,SIM_AC_0188,2024-01-01_9E_5025,40,45,G118,0.324,32.4%,-0.5,-0.16,534,08:54,533,08:53,516,08:36,-18.0,Sớm 18p ⚡,519,08:39,635,10:35,116,[08:39 ➔ 10:35],False,119,Hạ cánh sớm hơn đệm (3p)
flight_key_v1_5f88883549a63a59220dc79088d93272,9E,5084,9E 5084,ARR,LFT,ATL,NARROWBODY,TURN_0185,PAIRED_TURN,SIM_AC_0185,2024-01-01_9E_5084,40,45,G40,0.2403,24.0%,-0.5,-0.12,534,08:54,533,08:53,512,08:32,-22.0,Sớm 22p ⚡,519,08:39,615,10:15,96,[08:39 ➔ 10:15],False,103,Hạ cánh sớm hơn đệm (7p)
flight_key_v1_183640989bf4ece5b333a52eb90d6bd6,WN,434,WN 434,ARR,SDF,ATL,NARROWBODY,TURN_0190,PAIRED_TURN,SIM_AC_0190,2024-01-01_WN_434,40,45,G156,0.2229,22.3%,-0.2,-0.03,535,08:55,534,08:54,520,08:40,-15.0,Sớm 15p ⚡,520,08:40,660,11:00,140,[08:40 ➔ 11:00],True,140,An toàn tuyệt đối (Được bảo vệ)
flight_key_v1_83d367f41e7ff9433ab2a330056fccd3,WN,564,WN 564,ARR,HOU,ATL,NARROWBODY,TURN_0061,PAIRED_TURN,SIM_AC_0061,2024-01-01_WN_564,75,45,G38,0.1838,18.4%,0.2,0.03,535,08:55,535,08:55,525,08:45,-10.0,Sớm 10p ⚡,520,08:40,595,09:55,75,[08:40 ➔ 09:55],True,70,An toàn tuyệt đối (Được bảo vệ)
flight_key_v1_1a1d976f2dd51a413f49cc3e2ce9c505,DL,569,DL 569,DEP,ATL,LGA,NARROWBODY,TURN_0117,PAIRED_TURN,SIM_AC_0117,2024-01-01_DL_2623,40,45,G113,0.1636,16.4%,2.8,0.46,535,08:55,539,08:59,534,08:54,-1.0,Sớm 1p ⚡,453,07:33,550,09:10,97,[07:33 ➔ 09:10],True,16,An toàn tuyệt đối (Được bảo vệ)
flight_key_v1_1fd90d06a54a288bdce18199ce521ba6,DL,1428,DL 1428,DEP,ATL,EWR,NARROWBODY,TURN_0118,PAIRED_TURN,SIM_AC_0118,2024-01-01_DL_2724,40,45,G23,0.1636,16.4%,2.8,0.46,535,08:55,539,08:59,529,08:49,-6.0,Sớm 6p ⚡,458,07:38,550,09:10,92,[07:38 ➔ 09:10],True,21,An toàn tuyệt đối (Được bảo vệ)
flight_key_v1_3633bab94de7839abcd294a6f0ae0b04,DL,1493,DL 1493,DEP,ATL,BWI,NARROWBODY,TURN_0121,PAIRED_TURN,SIM_AC_0121,2024-01-01_DL_2506,40,45,G85,0.1636,16.4%,2.6,0.43,535,08:55,539,08:59,531,08:51,-4.0,Sớm 4p ⚡,462,07:42,550,09:10,88,[07:42 ➔ 09:10],True,19,An toàn tuyệt đối (Được bảo vệ)
flight_key_v1_153902c4f9979588e55aadaa4442d0d8,DL,1494,DL 1494,ARR,PBI,ATL,WIDEBODY,TURN_0189,PAIRED_TURN,SIM_AC_0189,2024-01-01_DL_1494,75,60,G154,0.2029,20.3%,-0.8,-0.17,535,08:55,534,08:54,520,08:40,-15.0,Sớm 15p ⚡,520,08:40,675,11:15,155,[08:40 ➔ 11:15],True,155,An toàn tuyệt đối (Được bảo vệ)
flight_key_v1_0547b9de04908f023f45574bc060cf72,DL,2632,DL 2632,DEP,ATL,OMA,NARROWBODY,TURN_0115,PAIRED_TURN,SIM_AC_0115,2024-01-01_DL_2637,40,45,G51,0.1692,16.9%,2.6,0.45,535,08:55,540,09:00,532,08:52,-3.0,Sớm 3p ⚡,451,07:31,550,09:10,99,[07:31 ➔ 09:10],True,18,An toàn tuyệt đối (Được bảo vệ)
flight_key_v1_4565c3be9a586d9a934b21ae90e30a74,DL,2633,DL 2633,DEP,ATL,RDU,NARROWBODY,TURN_0127,PAIRED_TURN,SIM_AC_0127,2024-01-01_DL_2734,40,45,G133,0.3108,31.1%,2.7,0.84,535,08:55,542,09:02,533,08:53,-2.0,Sớm 2p ⚡,467,07:47,550,09:10,83,[07:47 ➔ 09:10],True,17,An toàn tuyệt đối (Được bảo vệ)
flight_key_v1_61284d6166fbe0e88f938b4d613a1382,DL,2892,DL 2892,DEP,ATL,EYW,NARROWBODY,TURN_0126,PAIRED_TURN,SIM_AC_0126,2024-01-01_DL_2075,40,45,G59,0.1636,16.4%,2.6,0.43,535,08:55,539,08:59,530,08:50,-5.0,Sớm 5p ⚡,465,07:45,550,09:10,85,[07:45 ➔ 09:10],True,20,An toàn tuyệt đối (Được bảo vệ)
flight_key_v1_1b011ec15786eb0cc1cb1234feef9123,DL,2983,DL 2983,DEP,ATL,MLB,NARROWBODY,TURN_0120,PAIRED_TURN,SIM_AC_0120,2024-01-01_DL_2585,40,45,G104,0.1889,18.9%,2.6,0.5,535,08:55,540,09:00,529,08:49,-6.0,Sớm 6p ⚡,460,07:40,550,09:10,90,[07:40 ➔ 09:10],True,21,An toàn tuyệt đối (Được bảo vệ)
flight_key_v1_870e256e7ebb0db6252dfbff6b7c1784,9E,5383,9E 5383,ARR,BMI,ATL,NARROWBODY,TURN_0191,PAIRED_TURN,SIM_AC_0191,2024-01-01_9E_5383,40,45,G26,0.2421,24.2%,-0.5,-0.12,537,08:57,536,08:56,516,08:36,-21.0,Sớm 21p ⚡,522,08:42,675,11:15,153,[08:42 ➔ 11:15],False,159,Hạ cánh sớm hơn đệm (6p)
flight_key_v1_cbde786ff0ee781b4ee03e21ba875238,DL,1235,DL 1235,ARR,TUL,ATL,WIDEBODY,TURN_0194,PAIRED_TURN,SIM_AC_0194,2024-01-01_DL_1235,75,60,G112,0.202,20.2%,-0.5,-0.1,538,08:58,537,08:57,538,08:58,0.0,Đúng giờ ✓,523,08:43,675,11:15,152,[08:43 ➔ 11:15],True,137,An toàn tuyệt đối (Được bảo vệ)
flight_key_v1_440acfef2b22106a6e79843a06b76376,DL,2216,DL 2216,ARR,ICT,ATL,NARROWBODY,TURN_0192,PAIRED_TURN,SIM_AC_0192,2024-01-01_DL_2216,40,45,G16,0.1912,19.1%,-0.5,-0.09,538,08:58,537,08:57,522,08:42,-16.0,Sớm 16p ⚡,523,08:43,614,10:14,91,[08:43 ➔ 10:14],False,92,Hạ cánh sớm hơn đệm (1p)
flight_key_v1_774ec79ee91f1bdca66471019d7169fb,DL,2429,DL 2429,ARR,ALB,ATL,NARROWBODY,TURN_0193,PAIRED_TURN,SIM_AC_0193,2024-01-01_DL_2429,40,45,G19,0.2543,25.4%,-1.1,-0.29,538,08:58,536,08:56,538,08:58,0.0,Đúng giờ ✓,523,08:43,615,10:15,92,[08:43 ➔ 10:15],True,77,An toàn tuyệt đối (Được bảo vệ)
flight_key_v1_65d7cdec8b28ffd8bba8f208c37f2752,DL,695,DL 695,ARR,BOS,ATL,NARROWBODY,TURN_0195,PAIRED_TURN,SIM_AC_0195,2024-01-01_DL_695,40,45,G10,0.1866,18.7%,-1.5,-0.28,539,08:59,537,08:57,540,09:00,1.0,Trễ 1p ⏳,524,08:44,615,10:15,91,[08:44 ➔ 10:15],True,75,An toàn tuyệt đối (Được bảo vệ)
flight_key_v1_ac3aee51695a888e118758268963385d,DL,1240,DL 1240,DEP,ATL,DTW,NARROWBODY,TURN_0130,PAIRED_TURN,SIM_AC_0130,2024-01-01_DL_2440,40,45,G50,0.1692,16.9%,2.5,0.43,539,08:59,544,09:04,536,08:56,-3.0,Sớm 3p ⚡,468,07:48,554,09:14,86,[07:48 ➔ 09:14],True,18,An toàn tuyệt đối (Được bảo vệ)
flight_key_v1_b155ae7985e80e7e7697df1de3bda87e,DL,2270,DL 2270,DEP,ATL,PHL,NARROWBODY,TURN_0131,PAIRED_TURN,SIM_AC_0131,2024-01-01_DL_2852,40,45,G83,0.1636,16.4%,2.8,0.46,539,08:59,543,09:03,534,08:54,-5.0,Sớm 5p ⚡,468,07:48,554,09:14,86,[07:48 ➔ 09:14],True,20,An toàn tuyệt đối (Được bảo vệ)
flight_key_v1_d6d7c2b2b1c56f92b75cc288841bd2ed,DL,471,DL 471,DEP,ATL,CVG,NARROWBODY,TURN_0136,PAIRED_TURN,SIM_AC_0136,2024-01-01_DL_1404,40,45,G13,0.1912,19.1%,3.2,0.61,540,09:00,546,09:06,544,09:04,4.0,Trễ 4p ⏳,470,07:50,555,09:15,85,[07:50 ➔ 09:15],True,11,An toàn tuyệt đối (Được bảo vệ)
flight_key_v1_c2f0518284a39090ba579d5011dc0b56,NK,481,NK 481,DEP,ATL,MSY,NARROWBODY,TURN_0790,UNMATCHED_DEP,SIM_AC_0790,2024-01-01_NK_481,40,45,G164,0.1956,19.6%,4.9,0.96,540,09:00,547,09:07,648,10:48,108.0,Trễ 108p ⏳,480,08:00,555,09:15,75,[08:00 ➔ 09:15],False,-93,Trễ vượt đệm an toàn (+93p)
flight_key_v1_6463afb4defe84641b91c0824e8e00bf,AS,497,AS 497,DEP,ATL,SEA,NARROWBODY,TURN_0097,PAIRED_TURN,SIM_AC_0097,2024-01-01_AS_376,40,45,G27,0.3251,32.5%,0.4,0.13,540,09:00,545,09:05,541,09:01,1.0,Trễ 1p ⏳,437,07:17,555,09:15,118,[07:17 ➔ 09:15],True,14,An toàn tuyệt đối (Được bảo vệ)
flight_key_v1_9ae9662f4804b7e0b06c9805ca381ecb,DL,1304,DL 1304,DEP,ATL,MSP,WIDEBODY,TURN_0091,PAIRED_TURN,SIM_AC_0091,2024-01-01_DL_2172,75,60,G48,0.1937,19.4%,4.0,0.78,540,09:00,547,09:07,537,08:57,-3.0,Sớm 3p ⚡,427,07:07,555,09:15,128,[07:07 ➔ 09:15],True,18,An toàn tuyệt đối (Được bảo vệ)
flight_key_v1_2b6f751c43af27b468f7ae3db00dc796,DL,1366,DL 1366,DEP,ATL,CLE,NARROWBODY,TURN_0134,PAIRED_TURN,SIM_AC_0134,2024-01-01_DL_2741,40,45,G25,0.1912,19.1%,14.2,2.71,540,09:00,557,09:17,538,08:58,-2.0,Sớm 2p ⚡,470,07:50,555,09:15,85,[07:50 ➔ 09:15],True,17,An toàn tuyệt đối (Được bảo vệ)
flight_key_v1_273f7bd4dfdc72b2085898e440acd2d6,DL,1510,DL 1510,DEP,ATL,MIA,NARROWBODY,TURN_0132,PAIRED_TURN,SIM_AC_0132,2024-01-01_DL_410,40,45,G69,0.1881,18.8%,4.5,0.86,540,09:00,547,09:07,537,08:57,-3.0,Sớm 3p ⚡,469,07:49,555,09:15,86,[07:49 ➔ 09:15],True,18,An toàn tuyệt đối (Được bảo vệ)
flight_key_v1_ee30765c6d985391eb35ab801014a3ea,DL,2174,DL 2174,DEP,ATL,DAB,WIDEBODY,TURN_0086,PAIRED_TURN,SIM_AC_0086,2024-01-01_DL_2712,75,60,G28,0.2093,20.9%,3.2,0.66,540,09:00,546,09:06,537,08:57,-3.0,Sớm 3p ⚡,413,06:53,555,09:15,142,[06:53 ➔ 09:15],True,18,An toàn tuyệt đối (Được bảo vệ)
flight_key_v1_445cc67941d09110a65439de8ccb02a2,DL,2326,DL 2326,DEP,ATL,JAX,NARROWBODY,TURN_0135,PAIRED_TURN,SIM_AC_0135,2024-01-01_DL_2683,40,45,G22,0.182,18.2%,3.0,0.56,540,09:00,546,09:06,535,08:55,-5.0,Sớm 5p ⚡,470,07:50,555,09:15,85,[07:50 ➔ 09:15],True,20,An toàn tuyệt đối (Được bảo vệ)
flight_key_v1_f9aced2271f00e5a3b1505c76ebe88af,WN,2379,WN 2379,ARR,MDW,ATL,NARROWBODY,TURN_0033,PAIRED_TURN,SIM_AC_0033,2024-01-01_WN_2379,40,45,G168,0.2239,22.4%,0.2,0.03,540,09:00,540,09:00,523,08:43,-17.0,Sớm 17p ⚡,525,08:45,605,10:05,80,[08:45 ➔ 10:05],False,82,Hạ cánh sớm hơn đệm (2p)
flight_key_v1_e2081fa53f563664e692884f5ecba551,DL,2557,DL 2557,ARR,HOU,ATL,NARROWBODY,TURN_0196,PAIRED_TURN,SIM_AC_0196,2024-01-01_DL_2557,40,45,G152,0.196,19.6%,-0.5,-0.09,540,09:00,539,08:59,541,09:01,1.0,Trễ 1p ⏳,525,08:45,615,10:15,90,[08:45 ➔ 10:15],True,74,An toàn tuyệt đối (Được bảo vệ)
flight_key_v1_8d63e0cd19b41541f745c8e3efd48c5e,9E,4933,9E 4933,DEP,ATL,TYS,WIDEBODY,TURN_0791,UNMATCHED_DEP,SIM_AC_0791,2024-01-01_9E_4933,75,60,G98,0.182,18.2%,3.0,0.55,540,09:00,546,09:06,536,08:56,-4.0,Sớm 4p ⚡,465,07:45,555,09:15,90,[07:45 ➔ 09:15],True,19,An toàn tuyệt đối (Được bảo vệ)
flight_key_v1_c31613498c0091ba635446cd4bf7ce3e,9E,4935,9E 4935,DEP,ATL,ILM,NARROWBODY,TURN_0110,PAIRED_TURN,SIM_AC_0110,2024-01-01_9E_5239,40,45,G97,0.2464,24.6%,3.0,0.74,540,09:00,547,09:07,551,09:11,11.0,Trễ 11p ⏳,447,07:27,555,09:15,108,[07:27 ➔ 09:15],True,4,An toàn tuyệt đối (Được bảo vệ)
flight_key_v1_764724338ca433666d5380dfd6bc086e,DL,1604,DL 1604,ARR,MSP,ATL,NARROWBODY,TURN_0197,PAIRED_TURN,SIM_AC_0197,2024-01-01_DL_1604,40,45,G42,0.1866,18.7%,-1.6,-0.3,542,09:02,540,09:00,522,08:42,-20.0,Sớm 20p ⚡,527,08:47,615,10:15,88,[08:47 ➔ 10:15],False,93,Hạ cánh sớm hơn đệm (5p)
flight_key_v1_52860c9c04e68c2783672c9234631677,9E,5039,9E 5039,DEP,ATL,CHA,NARROWBODY,TURN_0122,PAIRED_TURN,SIM_AC_0122,2024-01-01_9E_4999,40,45,G78,0.182,18.2%,3.0,0.55,542,09:02,548,09:08,538,08:58,-4.0,Sớm 4p ⚡,463,07:43,557,09:17,94,[07:43 ➔ 09:17],True,19,An toàn tuyệt đối (Được bảo vệ)
flight_key_v1_7fe64ed084265fb311672f0184adcafc,DL,2548,DL 2548,ARR,MDW,ATL,NARROWBODY,TURN_0199,PAIRED_TURN,SIM_AC_0199,2024-01-01_DL_2548,40,45,G128,0.1974,19.7%,-0.5,-0.09,544,09:04,543,09:03,532,08:52,-12.0,Sớm 12p ⚡,529,08:49,620,10:20,91,[08:49 ➔ 10:20],True,88,An toàn tuyệt đối (Được bảo vệ)
flight_key_v1_59f79a877d54be1f0fb0ecd82d214c25,DL,2673,DL 2673,ARR,PVD,ATL,NARROWBODY,TURN_0198,PAIRED_TURN,SIM_AC_0198,2024-01-01_DL_2673,40,45,G141,0.2074,20.7%,-1.5,-0.31,544,09:04,542,09:02,548,09:08,4.0,Trễ 4p ⏳,529,08:49,615,10:15,86,[08:49 ➔ 10:15],True,67,An toàn tuyệt đối (Được bảo vệ)
flight_key_v1_9c908a6d516f6707edeeeb91de826132,DL,2780,DL 2780,ARR,OKC,ATL,NARROWBODY,TURN_0200,PAIRED_TURN,SIM_AC_0200,2024-01-01_DL_2780,40,45,G105,0.1866,18.7%,-0.6,-0.11,544,09:04,543,09:03,534,08:54,-10.0,Sớm 10p ⚡,529,08:49,620,10:20,91,[08:49 ➔ 10:20],True,86,An toàn tuyệt đối (Được bảo vệ)
flight_key_v1_51b25bdb90ea81e53e432c28ebab81b3,DL,809,DL 809,DEP,ATL,SJC,NARROWBODY,TURN_0138,PAIRED_TURN,SIM_AC_0138,2024-01-01_DL_2950,40,45,G125,0.182,18.2%,3.6,0.66,545,09:05,551,09:11,543,09:03,-2.0,Sớm 2p ⚡,473,07:53,560,09:20,87,[07:53 ➔ 09:20],True,17,An toàn tuyệt đối (Được bảo vệ)
flight_key_v1_8f69020590a939dd0799ff69dd7209bb,DL,1069,DL 1069,ARR,IAH,ATL,NARROWBODY,TURN_0203,PAIRED_TURN,SIM_AC_0203,2024-01-01_DL_1069,40,45,G17,0.2108,21.1%,-0.5,-0.1,545,09:05,544,09:04,564,09:24,19.0,Trễ 19p ⏳,530,08:50,625,10:25,95,[08:50 ➔ 10:25],True,61,An toàn tuyệt đối (Được bảo vệ)
flight_key_v1_bf546eb3404edc730389458c552bac47,DL,1101,DL 1101,ARR,MIA,ATL,NARROWBODY,TURN_0205,PAIRED_TURN,SIM_AC_0205,2024-01-01_DL_1101,40,45,G02,0.1866,18.7%,-0.4,-0.07,545,09:05,544,09:04,543,09:03,-2.0,Sớm 2p ⚡,530,08:50,625,10:25,95,[08:50 ➔ 10:25],True,82,An toàn tuyệt đối (Được bảo vệ)
flight_key_v1_edef835d9d6d0eeb80c445a216c04796,DL,1318,DL 1318,ARR,DAL,ATL,WIDEBODY,TURN_0208,PAIRED_TURN,SIM_AC_0208,2024-01-01_DL_1318,75,60,G127,0.2064,20.6%,-0.5,-0.1,545,09:05,544,09:04,589,09:49,44.0,Trễ 44p ⏳,530,08:50,700,11:40,170,[08:50 ➔ 11:40],True,111,An toàn tuyệt đối (Được bảo vệ)
flight_key_v1_d6e58b1cb79282e43cee115225681473,DL,2115,DL 2115,ARR,ROC,ATL,NARROWBODY,TURN_0209,PAIRED_TURN,SIM_AC_0209,2024-01-01_DL_2115,40,45,G34,0.2259,22.6%,-1.5,-0.33,545,09:05,543,09:03,541,09:01,-4.0,Sớm 4p ⚡,530,08:50,627,10:27,97,[08:50 ➔ 10:27],True,86,An toàn tuyệt đối (Được bảo vệ)
flight_key_v1_c2c7ef87d1bf7e81010d0bfa660186c9,DL,2264,DL 2264,ARR,FSD,ATL,NARROWBODY,TURN_0207,PAIRED_TURN,SIM_AC_0207,2024-01-01_DL_2264,40,45,G21,0.2252,22.5%,-0.6,-0.14,545,09:05,544,09:04,550,09:10,5.0,Trễ 5p ⏳,530,08:50,625,10:25,95,[08:50 ➔ 10:25],True,75,An toàn tuyệt đối (Được bảo vệ)
flight_key_v1_25c000abb3023e1221dedf69b5449356,DL,2290,DL 2290,DEP,ATL,STL,NARROWBODY,TURN_0137,PAIRED_TURN,SIM_AC_0137,2024-01-01_DL_2305,40,45,G119,0.182,18.2%,3.2,0.58,545,09:05,551,09:11,539,08:59,-6.0,Sớm 6p ⚡,470,07:50,560,09:20,90,[07:50 ➔ 09:20],True,21,An toàn tuyệt đối (Được bảo vệ)
flight_key_v1_8533958b429d253d569c0f336df17b83,DL,2318,DL 2318,ARR,CLT,ATL,WIDEBODY,TURN_0202,PAIRED_TURN,SIM_AC_0202,2024-01-01_DL_2318,75,60,G62,0.1992,19.9%,-0.4,-0.07,545,09:05,544,09:04,549,09:09,4.0,Trễ 4p ⏳,530,08:50,679,11:19,149,[08:50 ➔ 11:19],True,130,An toàn tuyệt đối (Được bảo vệ)
flight_key_v1_a0593659f67cac3d203d78dfb75b2f63,DL,2638,DL 2638,ARR,DSM,ATL,WIDEBODY,TURN_0201,PAIRED_TURN,SIM_AC_0201,2024-01-01_DL_2638,75,60,G136,0.2002,20.0%,-0.5,-0.1,545,09:05,544,09:04,535,08:55,-10.0,Sớm 10p ⚡,530,08:50,676,11:16,146,[08:50 ➔ 11:16],True,141,An toàn tuyệt đối (Được bảo vệ)
flight_key_v1_d844b9528a7919d6722c69670c97153a,DL,2773,DL 2773,ARR,PWM,ATL,NARROWBODY,TURN_0204,PAIRED_TURN,SIM_AC_0204,2024-01-01_DL_2773,40,45,G15,0.2397,24.0%,-0.5,-0.12,545,09:05,544,09:04,499,08:19,-46.0,Sớm 46p ⚡,530,08:50,625,10:25,95,[08:50 ➔ 10:25],False,126,Hạ cánh sớm hơn đệm (31p)
flight_key_v1_3a25a9c4af2b285f9d2e689f929bf43c,OO,3877,OO 3877,ARR,SBN,ATL,NARROWBODY,TURN_0662,UNMATCHED_ARR,SIM_AC_0662,2024-01-01_OO_3877,40,45,G149,0.3419,34.2%,2.0,0.69,545,09:05,547,09:07,504,08:24,-41.0,Sớm 41p ⚡,530,08:50,600,10:00,70,[08:50 ➔ 10:00],False,96,Hạ cánh sớm hơn đệm (26p)
flight_key_v1_7f746e14ff24eb7f2a633450b2ed405f,9E,5022,9E 5022,ARR,MLI,ATL,WIDEBODY,TURN_0660,UNMATCHED_ARR,SIM_AC_0660,2024-01-01_9E_5022,75,60,G167,0.2976,29.8%,-0.9,-0.28,545,09:05,544,09:04,555,09:15,10.0,Trễ 10p ⏳,530,08:50,635,10:35,105,[08:50 ➔ 10:35],True,80,An toàn tuyệt đối (Được bảo vệ)
flight_key_v1_5b69c0b304c46597b52f4151332c3e0e,9E,5313,9E 5313,ARR,SGF,ATL,WIDEBODY,TURN_0661,UNMATCHED_ARR,SIM_AC_0661,2024-01-01_9E_5313,75,60,G14,0.3383,33.8%,-0.1,-0.04,545,09:05,544,09:04,540,09:00,-5.0,Sớm 5p ⚡,530,08:50,635,10:35,105,[08:50 ➔ 10:35],True,95,An toàn tuyệt đối (Được bảo vệ)
flight_key_v1_f821ffc356e6aa49c53fd9df10e7ec6d,9E,5419,9E 5419,ARR,XNA,ATL,NARROWBODY,TURN_0206,PAIRED_TURN,SIM_AC_0206,2024-01-01_9E_5419,40,45,G64,0.3507,35.1%,-0.6,-0.21,545,09:05,544,09:04,542,09:02,-3.0,Sớm 3p ⚡,530,08:50,689,11:29,159,[08:50 ➔ 11:29],True,147,An toàn tuyệt đối (Được bảo vệ)
flight_key_v1_dd1f1d4397a68fabd9de9056e374b005,9E,5189,9E 5189,DEP,ATL,BTR,WIDEBODY,TURN_0792,UNMATCHED_DEP,SIM_AC_0792,2024-01-01_9E_5189,75,60,G134,0.182,18.2%,3.0,0.55,547,09:07,553,09:13,543,09:03,-4.0,Sớm 4p ⚡,472,07:52,562,09:22,90,[07:52 ➔ 09:22],True,19,An toàn tuyệt đối (Được bảo vệ)
flight_key_v1_57d9b3514bace6629717c26a1ce8fc61,DL,558,DL 558,DEP,ATL,EGE,NARROWBODY,TURN_0140,PAIRED_TURN,SIM_AC_0140,2024-01-01_DL_2453,40,45,G20,0.1912,19.1%,3.8,0.73,550,09:10,556,09:16,543,09:03,-7.0,Sớm 7p ⚡,474,07:54,565,09:25,91,[07:54 ➔ 09:25],True,22,An toàn tuyệt đối (Được bảo vệ)
flight_key_v1_975a39852d22375eaafe8f5aa320ff3c,DL,1345,DL 1345,DEP,ATL,CMH,NARROWBODY,TURN_0144,PAIRED_TURN,SIM_AC_0144,2024-01-01_DL_1060,40,45,G39,0.182,18.2%,3.2,0.58,550,09:10,556,09:16,548,09:08,-2.0,Sớm 2p ⚡,481,08:01,565,09:25,84,[08:01 ➔ 09:25],True,17,An toàn tuyệt đối (Được bảo vệ)
flight_key_v1_5e8a9f4dd77ceb3d8c61dc15f55b44a1,WN,1923,WN 1923,ARR,MSY,ATL,NARROWBODY,TURN_0021,PAIRED_TURN,SIM_AC_0021,2024-01-01_WN_1923,40,45,G129,0.1838,18.4%,-0.2,-0.04,550,09:10,549,09:09,535,08:55,-15.0,Sớm 15p ⚡,535,08:55,605,10:05,70,[08:55 ➔ 10:05],True,70,An toàn tuyệt đối (Được bảo vệ)
flight_key_v1_32e7004c099a3583eb512ecbf5ba8947,DL,2107,DL 2107,DEP,ATL,MKE,NARROWBODY,TURN_0139,PAIRED_TURN,SIM_AC_0139,2024-01-01_DL_2804,40,45,G101,0.1912,19.1%,3.2,0.61,550,09:10,556,09:16,545,09:05,-5.0,Sớm 5p ⚡,473,07:53,565,09:25,92,[07:53 ➔ 09:25],True,20,An toàn tuyệt đối (Được bảo vệ)
flight_key_v1_36b86787b4b747b94aa39b6424e25927,DL,2223,DL 2223,DEP,ATL,SDF,NARROWBODY,TURN_0142,PAIRED_TURN,SIM_AC_0142,2024-01-01_DL_2847,40,45,G67,0.1984,19.8%,3.2,0.63,550,09:10,556,09:16,544,09:04,-6.0,Sớm 6p ⚡,478,07:58,565,09:25,87,[07:58 ➔ 09:25],True,21,An toàn tuyệt đối (Được bảo vệ)
flight_key_v1_dd19529606e02085299b987550bfa042,DL,2490,DL 2490,DEP,ATL,OKC,NARROWBODY,TURN_0143,PAIRED_TURN,SIM_AC_0143,2024-01-01_DL_2550,40,45,G147,0.1912,19.1%,3.2,0.62,550,09:10,556,09:16,546,09:06,-4.0,Sớm 4p ⚡,480,08:00,565,09:25,85,[08:00 ➔ 09:25],True,19,An toàn tuyệt đối (Được bảo vệ)
flight_key_v1_ec40feaa64ad9d45086d7b56b2d8539f,F9,2634,F9 2634,DEP,ATL,BWI,NARROWBODY,TURN_0083,PAIRED_TURN,SIM_AC_0083,2024-01-01_F9_1116,40,45,G92,0.6056,60.6%,4.1,2.46,550,09:10,563,09:23,547,09:07,-3.0,Sớm 3p ⚡,388,06:28,567,09:27,179,[06:28 ➔ 09:27],True,20,An toàn tuyệt đối (Được bảo vệ)
flight_key_v1_104ddbcfeb903556bc7f3a95b7ade2c0,NK,740,NK 740,ARR,FLL,ATL,NARROWBODY,TURN_0210,PAIRED_TURN,SIM_AC_0210,2024-01-01_NK_740,40,45,G175,0.2704,27.0%,1.9,0.5,551,09:11,552,09:12,612,10:12,61.0,Trễ 61p ⏳,536,08:56,619,10:19,83,[08:56 ➔ 10:19],True,7,An toàn tuyệt đối (Được bảo vệ)
flight_key_v1_9981d852f49fd9ebe13f53e55dd77d19,DL,380,DL 380,DEP,ATL,DCA,NARROWBODY,TURN_0147,PAIRED_TURN,SIM_AC_0147,2024-01-01_DL_2650,40,45,G131,0.1869,18.7%,3.0,0.55,555,09:15,560,09:20,550,09:10,-5.0,Sớm 5p ⚡,484,08:04,570,09:30,86,[08:04 ➔ 09:30],True,20,An toàn tuyệt đối (Được bảo vệ)
flight_key_v1_4e1d7e5bbef05484aa63ce16cd383f48,DL,786,DL 786,DEP,ATL,PDX,NARROWBODY,TURN_0145,PAIRED_TURN,SIM_AC_0145,2024-01-01_DL_2463,40,45,G114,0.182,18.2%,3.5,0.63,555,09:15,561,09:21,554,09:14,-1.0,Sớm 1p ⚡,482,08:02,570,09:30,88,[08:02 ➔ 09:30],True,16,An toàn tuyệt đối (Được bảo vệ)
flight_key_v1_ee014864c1f39765787498dfeae7cea3,DL,904,DL 904,DEP,ATL,SMF,NARROWBODY,TURN_0149,PAIRED_TURN,SIM_AC_0149,2024-01-01_DL_955,40,45,G84,0.182,18.2%,4.0,0.73,555,09:15,562,09:22,558,09:18,3.0,Trễ 3p ⏳,484,08:04,570,09:30,86,[08:04 ➔ 09:30],True,12,An toàn tuyệt đối (Được bảo vệ)
flight_key_v1_574316f08392f76e28dec427dae92cf3,DL,1063,DL 1063,DEP,ATL,MDW,WIDEBODY,TURN_0108,PAIRED_TURN,SIM_AC_0108,2024-01-01_DL_1036,75,60,G43,0.182,18.2%,3.2,0.58,555,09:15,561,09:21,552,09:12,-3.0,Sớm 3p ⚡,446,07:26,570,09:30,124,[07:26 ➔ 09:30],True,18,An toàn tuyệt đối (Được bảo vệ)
flight_key_v1_eaa1e1d2224c896e1bddac0b21a1a94d,DL,1618,DL 1618,ARR,BHM,ATL,NARROWBODY,TURN_0211,PAIRED_TURN,SIM_AC_0211,2024-01-01_DL_1618,40,45,G08,0.1866,18.7%,-0.4,-0.07,555,09:15,554,09:14,544,09:04,-11.0,Sớm 11p ⚡,540,09:00,628,10:28,88,[09:00 ➔ 10:28],True,84,An toàn tuyệt đối (Được bảo vệ)
flight_key_v1_902846e45c8a95989da5dd021e04ddb3,UA,1850,UA 1850,DEP,ATL,IAH,NARROWBODY,TURN_0793,UNMATCHED_DEP,SIM_AC_0793,2024-01-01_UA_1850,40,45,G73,0.1838,18.4%,3.5,0.65,555,09:15,561,09:21,550,09:10,-5.0,Sớm 5p ⚡,495,08:15,570,09:30,75,[08:15 ➔ 09:30],True,20,An toàn tuyệt đối (Được bảo vệ)
flight_key_v1_82577ac26392c419c1ecc4f93ab96d9a,DL,2820,DL 2820,DEP,ATL,IAD,NARROWBODY,TURN_0150,PAIRED_TURN,SIM_AC_0150,2024-01-01_DL_2390,40,45,G77,0.182,18.2%,2.9,0.52,555,09:15,560,09:20,551,09:11,-4.0,Sớm 4p ⚡,485,08:05,570,09:30,85,[08:05 ➔ 09:30],True,19,An toàn tuyệt đối (Được bảo vệ)
flight_key_v1_262c6667e20a6118658e753f9b140894,AA,2977,AA 2977,DEP,ATL,CLT,NARROWBODY,TURN_0794,UNMATCHED_DEP,SIM_AC_0794,2024-01-01_AA_2977,40,45,G54,0.182,18.2%,2.1,0.38,555,09:15,560,09:20,555,09:15,0.0,Đúng giờ ✓,495,08:15,570,09:30,75,[08:15 ➔ 09:30],True,15,An toàn tuyệt đối (Được bảo vệ)
flight_key_v1_0f71306025918a6f9150d0f861bc82a4,9E,5272,9E 5272,DEP,ATL,TRI,NARROWBODY,TURN_0123,PAIRED_TURN,SIM_AC_0123,2024-01-01_9E_5109,40,45,G58,0.2745,27.5%,3.0,0.83,555,09:15,562,09:22,550,09:10,-5.0,Sớm 5p ⚡,464,07:44,570,09:30,106,[07:44 ➔ 09:30],True,20,An toàn tuyệt đối (Được bảo vệ)
flight_key_v1_fae108a98507b3b2e0d296f36b2e74bd,9E,5460,9E 5460,DEP,ATL,LEX,NARROWBODY,TURN_0133,PAIRED_TURN,SIM_AC_0133,2024-01-01_9E_5317,40,45,G146,0.182,18.2%,3.0,0.55,555,09:15,561,09:21,543,09:03,-12.0,Sớm 12p ⚡,469,07:49,570,09:30,101,[07:49 ➔ 09:30],True,27,An toàn tuyệt đối (Được bảo vệ)
flight_key_v1_c0c75a8166564b08a118874679f79588,DL,340,DL 340,DEP,ATL,BZN,NARROWBODY,TURN_0152,PAIRED_TURN,SIM_AC_0152,2024-01-01_DL_2781,40,45,G81,0.1912,19.1%,3.8,0.73,557,09:17,563,09:23,549,09:09,-8.0,Sớm 8p ⚡,485,08:05,572,09:32,87,[08:05 ➔ 09:32],True,23,An toàn tuyệt đối (Được bảo vệ)
flight_key_v1_30582f93735d88821212aec5f8f7e93b,DL,1044,DL 1044,ARR,TPA,ATL,NARROWBODY,TURN_0212,PAIRED_TURN,SIM_AC_0212,2024-01-01_DL_1044,40,45,G30,0.1866,18.7%,-0.7,-0.13,559,09:19,558,09:18,548,09:08,-11.0,Sớm 11p ⚡,544,09:04,630,10:30,86,[09:04 ➔ 10:30],True,82,An toàn tuyệt đối (Được bảo vệ)
flight_key_v1_25545980cd5ac414cb7435a519bb48b7,DL,1658,DL 1658,DEP,ATL,MCO,NARROWBODY,TURN_0153,PAIRED_TURN,SIM_AC_0153,2024-01-01_DL_2375,40,45,G94,0.19,19.0%,3.9,0.74,559,09:19,565,09:25,584,09:44,25.0,Trễ 25p ⏳,487,08:07,574,09:34,87,[08:07 ➔ 09:34],False,-10,Trễ vượt đệm an toàn (+10p)
flight_key_v1_d84a536c00608263a8382d9c067ed841,DL,787,DL 787,DEP,ATL,GEG,NARROWBODY,TURN_0156,PAIRED_TURN,SIM_AC_0156,2024-01-01_DL_401,40,45,G11,0.182,18.2%,3.7,0.67,560,09:20,566,09:26,557,09:17,-3.0,Sớm 3p ⚡,492,08:12,575,09:35,83,[08:12 ➔ 09:35],True,18,An toàn tuyệt đối (Được bảo vệ)
flight_key_v1_8d8640865b589e01301d84257d6cd22d,DL,2315,DL 2315,DEP,ATL,ECP,WIDEBODY,TURN_0111,PAIRED_TURN,SIM_AC_0111,2024-01-01_DL_2469,75,60,G148,0.1912,19.1%,3.2,0.61,560,09:20,566,09:26,557,09:17,-3.0,Sớm 3p ⚡,447,07:27,575,09:35,128,[07:27 ➔ 09:35],True,18,An toàn tuyệt đối (Được bảo vệ)
flight_key_v1_3644ae67f5ad7b36fb2ef00fe4fe8a38,9E,4858,9E 4858,DEP,ATL,TLH,WIDEBODY,TURN_0795,UNMATCHED_DEP,SIM_AC_0795,2024-01-01_9E_4858,75,60,G37,0.182,18.2%,3.0,0.55,560,09:20,566,09:26,555,09:15,-5.0,Sớm 5p ⚡,485,08:05,575,09:35,90,[08:05 ➔ 09:35],True,20,An toàn tuyệt đối (Được bảo vệ)
flight_key_v1_e40143594486496be301d93cd9fc57a4,9E,4949,9E 4949,DEP,ATL,TUL,NARROWBODY,TURN_0146,PAIRED_TURN,SIM_AC_0146,2024-01-01_9E_5102,40,45,G12,0.2168,21.7%,3.1,0.67,560,09:20,566,09:26,558,09:18,-2.0,Sớm 2p ⚡,482,08:02,575,09:35,93,[08:02 ➔ 09:35],True,17,An toàn tuyệt đối (Được bảo vệ)
flight_key_v1_24cc872484b996806957ac9dbb857305,F9,1102,F9 1102,DEP,ATL,PHL,NARROWBODY,TURN_0098,PAIRED_TURN,SIM_AC_0098,2024-01-01_F9_1448,40,45,G139,0.4346,43.5%,4.1,1.76,561,09:21,572,09:32,555,09:15,-6.0,Sớm 6p ⚡,438,07:18,577,09:37,139,[07:18 ➔ 09:37],True,22,An toàn tuyệt đối (Được bảo vệ)
flight_key_v1_94e6a89270b1bd730a6454965a9d4447,DL,1620,DL 1620,DEP,ATL,FLL,NARROWBODY,TURN_0157,PAIRED_TURN,SIM_AC_0157,2024-01-01_DL_2937,40,45,G86,0.1881,18.8%,4.2,0.79,561,09:21,568,09:28,743,12:23,-1.0,Sớm 1p ⚡,493,08:13,576,09:36,83,[08:13 ➔ 09:36],False,-167,Trễ vượt đệm an toàn (+167p)
flight_key_v1_c648f59cc245f6e6b123ca0d29ff295e,DL,2336,DL 2336,ARR,BWI,ATL,WIDEBODY,TURN_0213,PAIRED_TURN,SIM_AC_0213,2024-01-01_DL_2336,75,60,G121,0.2022,20.2%,-0.8,-0.17,562,09:22,561,09:21,538,08:58,-24.0,Sớm 24p ⚡,547,09:07,703,11:43,156,[09:07 ➔ 11:43],False,165,Hạ cánh sớm hơn đệm (9p)
flight_key_v1_c414073180e146724fa922354695fb3c,DL,2071,DL 2071,DEP,ATL,MEM,NARROWBODY,TURN_0158,PAIRED_TURN,SIM_AC_0158,2024-01-01_DL_2249,40,45,G103,0.1912,19.1%,3.2,0.61,565,09:25,571,09:31,563,09:23,-2.0,Sớm 2p ⚡,494,08:14,580,09:40,86,[08:14 ➔ 09:40],True,17,An toàn tuyệt đối (Được bảo vệ)
flight_key_v1_d356798bbb357df1db0b648d0d018747,WN,2466,WN 2466,DEP,ATL,STL,NARROWBODY,TURN_0124,PAIRED_TURN,SIM_AC_0124,2024-01-01_WN_259,40,45,G165,0.1838,18.4%,3.6,0.66,565,09:25,571,09:31,567,09:27,2.0,Trễ 2p ⏳,465,07:45,580,09:40,115,[07:45 ➔ 09:40],True,13,An toàn tuyệt đối (Được bảo vệ)
flight_key_v1_bdf0e165d116a873cc2656f9e166a4d1,OO,4176,OO 4176,DEP,ATL,FWA,WIDEBODY,TURN_0796,UNMATCHED_DEP,SIM_AC_0796,2024-01-01_OO_4176,75,60,G70,0.1838,18.4%,3.6,0.66,565,09:25,571,09:31,553,09:13,-12.0,Sớm 12p ⚡,490,08:10,580,09:40,90,[08:10 ➔ 09:40],True,27,An toàn tuyệt đối (Được bảo vệ)
flight_key_v1_ef8d7fc834c4aa02ef826522797c527c,DL,2952,DL 2952,DEP,ATL,IND,NARROWBODY,TURN_0159,PAIRED_TURN,SIM_AC_0159,2024-01-01_DL_2266,40,45,G161,0.1868,18.7%,3.3,0.62,567,09:27,573,09:33,561,09:21,-6.0,Sớm 6p ⚡,496,08:16,582,09:42,86,[08:16 ➔ 09:42],True,21,An toàn tuyệt đối (Được bảo vệ)
flight_key_v1_70c667360dd7b4957506fe2d86e6efa7,WN,971,WN 971,ARR,DCA,ATL,NARROWBODY,TURN_0214,PAIRED_TURN,SIM_AC_0214,2024-01-01_WN_971,40,45,G107,0.2158,21.6%,-0.8,-0.17,570,09:30,569,09:29,541,09:01,-29.0,Sớm 29p ⚡,555,09:15,675,11:15,120,[09:15 ➔ 11:15],False,134,Hạ cánh sớm hơn đệm (14p)
flight_key_v1_8aa2c2ac1b3694bbee620b24b4c50efa,NK,1079,NK 1079,DEP,ATL,FLL,NARROWBODY,TURN_0161,PAIRED_TURN,SIM_AC_0161,2024-01-01_NK_1305,40,45,G01,0.2853,28.5%,6.3,1.79,570,09:30,580,09:40,582,09:42,12.0,Trễ 12p ⏳,498,08:18,585,09:45,87,[08:18 ➔ 09:45],True,3,An toàn tuyệt đối (Được bảo vệ)
flight_key_v1_9a17ba149ef3f44a7f765f11ee81dbca,WN,1301,WN 1301,DEP,ATL,MDW,NARROWBODY,TURN_0180,PAIRED_TURN,SIM_AC_0180,2024-01-01_WN_2466,40,45,G65,0.1838,18.4%,3.6,0.66,570,09:30,576,09:36,575,09:35,5.0,Trễ 5p ⏳,515,08:35,585,09:45,70,[08:35 ➔ 09:45],True,10,An toàn tuyệt đối (Được bảo vệ)
flight_key_v1_05193410b17b6f0c119497a604239aad,DL,1316,DL 1316,DEP,ATL,BNA,NARROWBODY,TURN_0160,PAIRED_TURN,SIM_AC_0160,2024-01-01_DL_2664,40,45,G159,0.5016,50.2%,3.2,1.59,570,09:30,581,09:41,568,09:28,-2.0,Sớm 2p ⚡,501,08:21,589,09:49,88,[08:21 ➔ 09:49],True,21,An toàn tuyệt đối (Được bảo vệ)
flight_key_v1_19d7697d9db790f0d9c3e834e6406455,DL,1421,DL 1421,ARR,BNA,ATL,NARROWBODY,TURN_0215,PAIRED_TURN,SIM_AC_0215,2024-01-01_DL_1421,40,45,G123,0.196,19.6%,-0.4,-0.07,572,09:32,571,09:31,556,09:16,-16.0,Sớm 16p ⚡,557,09:17,632,10:32,75,[09:17 ➔ 10:32],False,76,Hạ cánh sớm hơn đệm (1p)
flight_key_v1_37e537cc33e40751bf38d5e7a0068dd9,DL,2517,DL 2517,DEP,ATL,MYR,NARROWBODY,TURN_0162,PAIRED_TURN,SIM_AC_0162,2024-01-01_DL_1561,40,45,G153,0.182,18.2%,3.2,0.58,574,09:34,580,09:40,569,09:29,-5.0,Sớm 5p ⚡,499,08:19,589,09:49,90,[08:19 ➔ 09:49],True,20,An toàn tuyệt đối (Được bảo vệ)
flight_key_v1_f8d2b288515022d9d181ff560b647852,DL,959,DL 959,ARR,DCA,ATL,NARROWBODY,TURN_0217,PAIRED_TURN,SIM_AC_0217,2024-01-01_DL_959,40,45,G104,0.1905,19.1%,-1.0,-0.2,575,09:35,573,09:33,551,09:11,-24.0,Sớm 24p ⚡,560,09:20,639,10:39,79,[09:20 ➔ 10:39],False,88,Hạ cánh sớm hơn đệm (9p)
flight_key_v1_5c44e00c43365b5b4d7da44d2be7c6b8,DL,2499,DL 2499,ARR,PHL,ATL,NARROWBODY,TURN_0216,PAIRED_TURN,SIM_AC_0216,2024-01-01_DL_2499,40,45,G88,0.1914,19.1%,-1.1,-0.21,575,09:35,573,09:33,550,09:10,-25.0,Sớm 25p ⚡,560,09:20,636,10:36,76,[09:20 ➔ 10:36],False,86,Hạ cánh sớm hơn đệm (10p)
flight_key_v1_b9f2021b3d8973e6a85110453f16d3eb,DL,2387,DL 2387,ARR,SDF,ATL,NARROWBODY,TURN_0218,PAIRED_TURN,SIM_AC_0218,2024-01-01_DL_2387,40,45,G140,0.2003,20.0%,-0.7,-0.13,576,09:36,575,09:35,560,09:20,-16.0,Sớm 16p ⚡,561,09:21,640,10:40,79,[09:21 ➔ 10:40],False,80,Hạ cánh sớm hơn đệm (1p)
flight_key_v1_1ecf0c8a6d4b39c4c5ac088a46a0ce61,B6,1097,B6 1097,ARR,BOS,ATL,NARROWBODY,TURN_0219,PAIRED_TURN,SIM_AC_0219,2024-01-01_B6_1097,40,45,G13,0.3508,35.1%,0.6,0.2,579,09:39,579,09:39,534,08:54,-45.0,Sớm 45p ⚡,564,09:24,650,10:50,86,[09:24 ➔ 10:50],False,116,Hạ cánh sớm hơn đệm (30p)
flight_key_v1_25d215193fe3c27f71376d0af591aa86,WN,564,WN 564,DEP,ATL,BWI,NARROWBODY,TURN_0061,PAIRED_TURN,SIM_AC_0061,2024-01-01_WN_564,75,45,G38,0.1838,18.4%,3.9,0.71,580,09:40,613,10:13,578,09:38,-2.0,Sớm 2p ⚡,520,08:40,595,09:55,75,[08:40 ➔ 09:55],True,17,An toàn tuyệt đối (Được bảo vệ)
flight_key_v1_241c9bfcbc5a6e551b5dfb954938f4fc,DL,1028,DL 1028,DEP,ATL,MIA,NARROWBODY,TURN_0163,PAIRED_TURN,SIM_AC_0163,2024-01-01_DL_2782,40,45,G155,0.1881,18.8%,4.8,0.9,580,09:40,587,09:47,575,09:35,-5.0,Sớm 5p ⚡,501,08:21,595,09:55,94,[08:21 ➔ 09:55],True,20,An toàn tuyệt đối (Được bảo vệ)
flight_key_v1_85bc89bb46114a1a2af522b6bc0a04d2,DL,2381,DL 2381,DEP,ATL,PBI,NARROWBODY,TURN_0164,PAIRED_TURN,SIM_AC_0164,2024-01-01_DL_1306,40,45,G24,0.1881,18.8%,4.0,0.76,580,09:40,587,09:47,584,09:44,4.0,Trễ 4p ⏳,502,08:22,595,09:55,93,[08:22 ➔ 09:55],True,11,An toàn tuyệt đối (Được bảo vệ)
flight_key_v1_dfd482bbec04977b4ae67ee02fd0517e,OO,3841,OO 3841,DEP,ATL,EVV,NARROWBODY,TURN_0106,PAIRED_TURN,SIM_AC_0106,2024-01-01_OO_3816,40,45,G33,0.4109,41.1%,3.5,1.46,580,09:40,589,09:49,578,09:38,-2.0,Sớm 2p ⚡,441,07:21,596,09:56,155,[07:21 ➔ 09:56],True,18,An toàn tuyệt đối (Được bảo vệ)
flight_key_v1_bc6bc855bc2d6b87a6530f3530f8a41a,9E,4968,9E 4968,DEP,ATL,CLT,NARROWBODY,TURN_0177,PAIRED_TURN,SIM_AC_0177,2024-01-01_9E_5183,40,45,G06,0.182,18.2%,2.8,0.52,580,09:40,585,09:45,579,09:39,-1.0,Sớm 1p ⚡,514,08:34,595,09:55,81,[08:34 ➔ 09:55],True,16,An toàn tuyệt đối (Được bảo vệ)
flight_key_v1_7b230ab362abbaa4c9381666e6a3f742,9E,5381,9E 5381,DEP,ATL,ABE,NARROWBODY,TURN_0175,PAIRED_TURN,SIM_AC_0175,2024-01-01_9E_5488,40,45,G09,0.182,18.2%,3.3,0.6,580,09:40,586,09:46,590,09:50,10.0,Trễ 10p ⏳,513,08:33,595,09:55,82,[08:33 ➔ 09:55],True,5,An toàn tuyệt đối (Được bảo vệ)
flight_key_v1_4f16968bcc2bcf4e8053d819ea8a947d,DL,1950,DL 1950,DEP,ATL,STT,NARROWBODY,TURN_0165,PAIRED_TURN,SIM_AC_0165,2024-01-01_DL_2038,40,45,G122,0.193,19.3%,6.2,1.21,581,09:41,590,09:50,579,09:39,-2.0,Sớm 2p ⚡,504,08:24,596,09:56,92,[08:24 ➔ 09:56],True,17,An toàn tuyệt đối (Được bảo vệ)
flight_key_v1_68df347dfba334dc6d37973bfb542fe9,DL,2025,DL 2025,ARR,MCO,ATL,NARROWBODY,TURN_0220,PAIRED_TURN,SIM_AC_0220,2024-01-01_DL_2025,40,45,G75,0.2155,21.6%,-0.4,-0.08,581,09:41,580,09:40,598,09:58,17.0,Trễ 17p ⏳,566,09:26,640,10:40,74,[09:26 ➔ 10:40],True,42,An toàn tuyệt đối (Được bảo vệ)
flight_key_v1_944e0afd17af174d77f1f3a288c810c2,DL,1587,DL 1587,DEP,ATL,TPA,NARROWBODY,TURN_0167,PAIRED_TURN,SIM_AC_0167,2024-01-01_DL_2298,40,45,G79,0.182,18.2%,3.6,0.66,582,09:42,588,09:48,577,09:37,-5.0,Sớm 5p ⚡,507,08:27,597,09:57,90,[08:27 ➔ 09:57],True,20,An toàn tuyệt đối (Được bảo vệ)
flight_key_v1_1476303eef7bea3b733554d682b918b0,DL,2411,DL 2411,ARR,SAV,ATL,NARROWBODY,TURN_0221,PAIRED_TURN,SIM_AC_0221,2024-01-01_DL_2411,40,45,G126,0.196,19.6%,-0.9,-0.18,583,09:43,582,09:42,559,09:19,-24.0,Sớm 24p ⚡,568,09:28,642,10:42,74,[09:28 ➔ 10:42],False,83,Hạ cánh sớm hơn đệm (9p)
flight_key_v1_a0cd0f36463abf23ce30777ce74b335a,DL,2932,DL 2932,ARR,FLL,ATL,NARROWBODY,TURN_0222,PAIRED_TURN,SIM_AC_0222,2024-01-01_DL_2932,40,45,G78,0.1855,18.6%,-0.5,-0.09,583,09:43,582,09:42,569,09:29,-14.0,Sớm 14p ⚡,568,09:28,645,10:45,77,[09:28 ➔ 10:45],True,76,An toàn tuyệt đối (Được bảo vệ)
flight_key_v1_737420445b0c0a235b4b4728228b3229,DL,2396,DL 2396,ARR,MSY,ATL,NARROWBODY,TURN_0223,PAIRED_TURN,SIM_AC_0223,2024-01-01_DL_2396,40,45,G25,0.1866,18.7%,-0.4,-0.07,584,09:44,583,09:43,568,09:28,-16.0,Sớm 16p ⚡,569,09:29,645,10:45,76,[09:29 ➔ 10:45],False,77,Hạ cánh sớm hơn đệm (1p)
flight_key_v1_b456a162ba7039a7b96a19e6778b1a29,WN,1061,WN 1061,ARR,DAL,ATL,WIDEBODY,TURN_0224,PAIRED_TURN,SIM_AC_0224,2024-01-01_WN_1061,75,60,G82,0.231,23.1%,-0.2,-0.06,585,09:45,584,09:44,565,09:25,-20.0,Sớm 20p ⚡,570,09:30,780,13:00,210,[09:30 ➔ 13:00],False,215,Hạ cánh sớm hơn đệm (5p)
flight_key_v1_2fe2fd689f9ad13897050595657cadba,WN,1286,WN 1286,ARR,CMH,ATL,NARROWBODY,TURN_0010,PAIRED_TURN,SIM_AC_0010,2024-01-01_WN_1286,40,45,G163,0.3906,39.1%,2.9,1.14,585,09:45,587,09:47,587,09:47,2.0,Trễ 2p ⏳,571,09:31,661,11:01,90,[09:31 ➔ 11:01],True,74,An toàn tuyệt đối (Được bảo vệ)
flight_key_v1_8d838bc0ff7812e32eac721f127841f3,WN,1467,WN 1467,DEP,ATL,MEM,WIDEBODY,TURN_0125,PAIRED_TURN,SIM_AC_0125,2024-01-01_WN_3303,75,60,G137,0.2043,20.4%,3.4,0.69,585,09:45,591,09:51,583,09:43,-2.0,Sớm 2p ⚡,465,07:45,600,10:00,135,[07:45 ➔ 10:00],True,17,An toàn tuyệt đối (Được bảo vệ)
flight_key_v1_5b59b9d602d2327cec53419450809a71,DL,1882,DL 1882,DEP,ATL,SJU,NARROWBODY,TURN_0168,PAIRED_TURN,SIM_AC_0168,2024-01-01_DL_747,40,45,G31,0.2045,20.4%,6.7,1.37,585,09:45,594,09:54,584,09:44,-1.0,Sớm 1p ⚡,508,08:28,600,10:00,92,[08:28 ➔ 10:00],True,16,An toàn tuyệt đối (Được bảo vệ)
flight_key_v1_bbec3ef731d0e3daf0eeb9d3aaaed653,DL,2400,DL 2400,DEP,ATL,MSY,NARROWBODY,TURN_0169,PAIRED_TURN,SIM_AC_0169,2024-01-01_DL_1701,40,45,G166,0.1999,20.0%,3.0,0.6,585,09:45,590,09:50,590,09:50,5.0,Trễ 5p ⏳,509,08:29,600,10:00,91,[08:29 ➔ 10:00],True,10,An toàn tuyệt đối (Được bảo vệ)
flight_key_v1_499a915aacd2655e1ebaa0a95760af70,WN,3584,WN 3584,ARR,IND,ATL,NARROWBODY,TURN_0053,PAIRED_TURN,SIM_AC_0053,2024-01-01_WN_3584,75,45,G108,0.2098,21.0%,-0.7,-0.14,585,09:45,584,09:44,574,09:34,-11.0,Sớm 11p ⚡,570,09:30,660,11:00,90,[09:30 ➔ 11:00],True,86,An toàn tuyệt đối (Được bảo vệ)
flight_key_v1_1ca01eb69f6409a09d5e9a221b215626,DL,320,DL 320,DEP,ATL,HPN,WIDEBODY,TURN_0116,PAIRED_TURN,SIM_AC_0116,2024-01-01_DL_1108,75,60,G32,0.182,18.2%,3.4,0.61,587,09:47,593,09:53,587,09:47,0.0,Đúng giờ ✓,451,07:31,602,10:02,151,[07:31 ➔ 10:02],True,15,An toàn tuyệt đối (Được bảo vệ)
flight_key_v1_f14f9f5fb5160aec72082b9face913a6,DL,2569,DL 2569,ARR,JAX,ATL,NARROWBODY,TURN_0225,PAIRED_TURN,SIM_AC_0225,2024-01-01_DL_2569,40,45,G91,0.1905,19.1%,-1.0,-0.19,587,09:47,586,09:46,596,09:56,9.0,Trễ 9p ⏳,572,09:32,647,10:47,75,[09:32 ➔ 10:47],True,51,An toàn tuyệt đối (Được bảo vệ)
flight_key_v1_b930b22cdfb0607dc71935cebce31aff,DL,2594,DL 2594,ARR,STL,ATL,NARROWBODY,TURN_0226,PAIRED_TURN,SIM_AC_0226,2024-01-01_DL_2594,40,45,G89,0.1905,19.1%,-0.4,-0.07,588,09:48,587,09:47,573,09:33,-15.0,Sớm 15p ⚡,573,09:33,655,10:55,82,[09:33 ➔ 10:55],True,82,An toàn tuyệt đối (Được bảo vệ)
flight_key_v1_3a668f17994c97e9bcc41aad1c646232,DL,560,DL 560,DEP,ATL,SAN,NARROWBODY,TURN_0170,PAIRED_TURN,SIM_AC_0170,2024-01-01_DL_1344,40,45,G174,0.1836,18.4%,3.8,0.7,590,09:50,596,09:56,580,09:40,-10.0,Sớm 10p ⚡,509,08:29,605,10:05,96,[08:29 ➔ 10:05],True,25,An toàn tuyệt đối (Được bảo vệ)
flight_key_v1_2fa054cba994f2cdf38d325acf17abbc,DL,1039,DL 1039,DEP,ATL,TUS,NARROWBODY,TURN_0172,PAIRED_TURN,SIM_AC_0172,2024-01-01_DL_1051,40,45,G173,0.2059,20.6%,3.7,0.76,590,09:50,596,09:56,586,09:46,-4.0,Sớm 4p ⚡,509,08:29,605,10:05,96,[08:29 ➔ 10:05],True,19,An toàn tuyệt đối (Được bảo vệ)
flight_key_v1_ec4feff51c6b31e279ab9f983a6eb4d0,DL,1181,DL 1181,ARR,RDU,ATL,NARROWBODY,TURN_0227,PAIRED_TURN,SIM_AC_0227,2024-01-01_DL_1181,40,45,G148,0.2028,20.3%,-0.5,-0.1,590,09:50,589,09:49,570,09:30,-20.0,Sớm 20p ⚡,575,09:35,655,10:55,80,[09:35 ➔ 10:55],False,85,Hạ cánh sớm hơn đệm (5p)
flight_key_v1_26d8afabe91da13b8a166da12de48dac,WN,1923,WN 1923,DEP,ATL,PIT,NARROWBODY,TURN_0021,PAIRED_TURN,SIM_AC_0021,2024-01-01_WN_1923,40,45,G129,0.1838,18.4%,3.9,0.71,590,09:50,596,09:56,585,09:45,-5.0,Sớm 5p ⚡,535,08:55,605,10:05,70,[08:55 ➔ 10:05],True,20,An toàn tuyệt đối (Được bảo vệ)
flight_key_v1_4d982c379130e52668af4b0343d3dc22,DL,2177,DL 2177,DEP,ATL,RIC,NARROWBODY,TURN_0171,PAIRED_TURN,SIM_AC_0171,2024-01-01_DL_2691,40,45,G96,0.182,18.2%,3.3,0.61,590,09:50,596,09:56,588,09:48,-2.0,Sớm 2p ⚡,509,08:29,605,10:05,96,[08:29 ➔ 10:05],True,17,An toàn tuyệt đối (Được bảo vệ)
flight_key_v1_629c39c3b1369b92c3d551ec573ab3cc,WN,2232,WN 2232,ARR,JAN,ATL,NARROWBODY,TURN_0031,PAIRED_TURN,SIM_AC_0031,2024-01-01_WN_2232,40,45,G133,0.1967,19.7%,0.1,0.02,590,09:50,590,09:50,567,09:27,-23.0,Sớm 23p ⚡,575,09:35,655,10:55,80,[09:35 ➔ 10:55],False,88,Hạ cánh sớm hơn đệm (8p)
flight_key_v1_762c2b7d1288cd1b348b191235add534,WN,2379,WN 2379,DEP,ATL,DAL,NARROWBODY,TURN_0033,PAIRED_TURN,SIM_AC_0033,2024-01-01_WN_2379,40,45,G168,0.2239,22.4%,3.9,0.87,590,09:50,596,09:56,591,09:51,1.0,Trễ 1p ⏳,525,08:45,605,10:05,80,[08:45 ➔ 10:05],True,14,An toàn tuyệt đối (Được bảo vệ)
flight_key_v1_80e47c0bb220971db93a11dbf7c1976b,WN,2851,WN 2851,ARR,MKE,ATL,NARROWBODY,TURN_0040,PAIRED_TURN,SIM_AC_0040,2024-01-01_WN_2851,40,45,G115,0.1967,19.7%,-1.3,-0.25,590,09:50,588,09:48,566,09:26,-24.0,Sớm 24p ⚡,575,09:35,665,11:05,90,[09:35 ➔ 11:05],False,99,Hạ cánh sớm hơn đệm (9p)
flight_key_v1_dec46da88cd39a2cbc11dfed515b03e7,OO,3876,OO 3876,DEP,ATL,ASE,NARROWBODY,TURN_0128,PAIRED_TURN,SIM_AC_0128,2024-01-01_OO_3714,40,45,G41,0.259,25.9%,5.3,1.38,590,09:50,599,09:59,586,09:46,-4.0,Sớm 4p ⚡,467,07:47,605,10:05,138,[07:47 ➔ 10:05],True,19,An toàn tuyệt đối (Được bảo vệ)
flight_key_v1_b1465b616477a5db915fd4fc70f8a6de,DL,2702,DL 2702,ARR,PIT,ATL,NARROWBODY,TURN_0228,PAIRED_TURN,SIM_AC_0228,2024-01-01_DL_2702,40,45,G29,0.2664,26.6%,-0.2,-0.05,591,09:51,590,09:50,584,09:44,-7.0,Sớm 7p ⚡,576,09:36,657,10:57,81,[09:36 ➔ 10:57],True,73,An toàn tuyệt đối (Được bảo vệ)
flight_key_v1_3b63df7bac15a1eac0fb295f5ed5f85c,DL,329,DL 329,DEP,ATL,SNA,WIDEBODY,TURN_0119,PAIRED_TURN,SIM_AC_0119,2024-01-01_DL_1132,75,60,G93,0.182,18.2%,3.7,0.67,592,09:52,598,09:58,581,09:41,-11.0,Sớm 11p ⚡,460,07:40,607,10:07,147,[07:40 ➔ 10:07],True,26,An toàn tuyệt đối (Được bảo vệ)
flight_key_v1_561ce7361655c67f50e95544c9510a7d,DL,2786,DL 2786,DEP,ATL,ORF,WIDEBODY,TURN_0151,PAIRED_TURN,SIM_AC_0151,2024-01-01_DL_2707,75,60,G109,0.182,18.2%,3.3,0.61,593,09:53,599,09:59,593,09:53,0.0,Đúng giờ ✓,485,08:05,608,10:08,123,[08:05 ➔ 10:08],True,15,An toàn tuyệt đối (Được bảo vệ)
flight_key_v1_fe431979fa8af9599f38f926f5c1c468,DL,2772,DL 2772,ARR,SRQ,ATL,NARROWBODY,TURN_0229,PAIRED_TURN,SIM_AC_0229,2024-01-01_DL_2772,40,45,G114,0.1866,18.7%,-0.5,-0.09,594,09:54,593,09:53,581,09:41,-13.0,Sớm 13p ⚡,579,09:39,660,11:00,81,[09:39 ➔ 11:00],True,79,An toàn tuyệt đối (Được bảo vệ)
flight_key_v1_6563fc7cb50c62faaa8234b3aed04b39,DL,387,DL 387,DEP,ATL,SLC,NARROWBODY,TURN_0176,PAIRED_TURN,SIM_AC_0176,2024-01-01_DL_2652,40,45,G99,0.1912,19.1%,3.7,0.7,595,09:55,601,10:01,595,09:55,0.0,Đúng giờ ✓,513,08:33,610,10:10,97,[08:33 ➔ 10:10],True,15,An toàn tuyệt đối (Được bảo vệ)
flight_key_v1_02714d1573728ed85d7b7dd72cca5d7a,DL,837,DL 837,DEP,ATL,HNL,NARROWBODY,TURN_0173,PAIRED_TURN,SIM_AC_0173,2024-01-01_DL_2767,40,45,G36,0.182,18.2%,10.1,1.84,595,09:55,608,10:08,594,09:54,-1.0,Sớm 1p ⚡,511,08:31,610,10:10,99,[08:31 ➔ 10:10],True,16,An toàn tuyệt đối (Được bảo vệ)
flight_key_v1_75856a61f97a9d34cd23d33fb8d9f12f,WN,954,WN 954,ARR,SAT,ATL,NARROWBODY,TURN_0067,PAIRED_TURN,SIM_AC_0067,2024-01-01_WN_954,40,45,G45,0.1926,19.3%,-0.2,-0.05,595,09:55,594,09:54,577,09:37,-18.0,Sớm 18p ⚡,580,09:40,670,11:10,90,[09:40 ➔ 11:10],False,93,Hạ cánh sớm hơn đệm (3p)
flight_key_v1_22e9dfb9ca21faccbe632e9ae0b89c26,WN,3597,WN 3597,ARR,AUS,ATL,NARROWBODY,TURN_0054,PAIRED_TURN,SIM_AC_0054,2024-01-01_WN_3597,40,45,G98,0.1926,19.3%,-0.2,-0.05,595,09:55,594,09:54,580,09:40,-15.0,Sớm 15p ⚡,580,09:40,650,10:50,70,[09:40 ➔ 10:50],True,70,An toàn tuyệt đối (Được bảo vệ)
flight_key_v1_06b71f25bbd2a34d34e4c38c3ac73927,WN,3681,WN 3681,ARR,LGA,ATL,NARROWBODY,TURN_0055,PAIRED_TURN,SIM_AC_0055,2024-01-01_WN_3681,40,45,G151,0.2048,20.5%,-1.3,-0.26,595,09:55,593,09:53,558,09:18,-37.0,Sớm 37p ⚡,580,09:40,665,11:05,85,[09:40 ➔ 11:05],False,107,Hạ cánh sớm hơn đệm (22p)
flight_key_v1_576dd0162686e22859c79e523e5287fd,9E,4963,9E 4963,DEP,ATL,DAY,NARROWBODY,TURN_0179,PAIRED_TURN,SIM_AC_0179,2024-01-01_9E_5015,40,45,G162,0.1865,18.6%,3.3,0.61,595,09:55,601,10:01,592,09:52,-3.0,Sớm 3p ⚡,515,08:35,610,10:10,95,[08:35 ➔ 10:10],True,18,An toàn tuyệt đối (Được bảo vệ)
flight_key_v1_789f84aa1b68b643d0954faad854c0cc,DL,774,DL 774,DEP,ATL,SEA,NARROWBODY,TURN_0178,PAIRED_TURN,SIM_AC_0178,2024-01-01_DL_1169,40,45,G49,0.2264,22.6%,4.0,0.89,596,09:56,602,10:02,589,09:49,-7.0,Sớm 7p ⚡,514,08:34,611,10:11,97,[08:34 ➔ 10:11],True,22,An toàn tuyệt đối (Được bảo vệ)
flight_key_v1_0f29b4e5e103f7786783a0b51daa30f8,DL,855,DL 855,DEP,ATL,BOS,NARROWBODY,TURN_0181,PAIRED_TURN,SIM_AC_0181,2024-01-01_DL_1200,40,45,G145,0.1943,19.4%,3.4,0.66,597,09:57,603,10:03,595,09:55,-2.0,Sớm 2p ⚡,517,08:37,612,10:12,95,[08:37 ➔ 10:12],True,17,An toàn tuyệt đối (Được bảo vệ)
flight_key_v1_61a93865622c7acfa10f16c85503afb2,DL,1130,DL 1130,ARR,RSW,ATL,NARROWBODY,TURN_0231,PAIRED_TURN,SIM_AC_0231,2024-01-01_DL_1130,40,45,G147,0.1987,19.9%,-0.7,-0.14,597,09:57,596,09:56,575,09:35,-22.0,Sớm 22p ⚡,582,09:42,676,11:16,94,[09:42 ➔ 11:16],False,101,Hạ cánh sớm hơn đệm (7p)
flight_key_v1_017e973d30879b1bb5e1497728b07965,DL,1603,DL 1603,ARR,PBI,ATL,NARROWBODY,TURN_0230,PAIRED_TURN,SIM_AC_0230,2024-01-01_DL_1603,40,45,G50,0.1938,19.4%,-0.8,-0.16,597,09:57,596,09:56,580,09:40,-17.0,Sớm 17p ⚡,582,09:42,673,11:13,91,[09:42 ➔ 11:13],False,93,Hạ cánh sớm hơn đệm (2p)
flight_key_v1_a48b3b12e70b1d1164be488e16adb9b5,F9,2483,F9 2483,ARR,MIA,ATL,NARROWBODY,TURN_0232,PAIRED_TURN,SIM_AC_0232,2024-01-01_F9_2483,40,45,G95,0.3628,36.3%,2.6,0.93,597,09:57,599,09:59,575,09:35,-22.0,Sớm 22p ⚡,582,09:42,667,11:07,85,[09:42 ➔ 11:07],False,92,Hạ cánh sớm hơn đệm (7p)
flight_key_v1_398a27af39973541f6f64909e03563f9,DL,2838,DL 2838,ARR,CLE,ATL,WIDEBODY,TURN_0233,PAIRED_TURN,SIM_AC_0233,2024-01-01_DL_2838,75,60,G77,0.1976,19.8%,-1.4,-0.27,598,09:58,596,09:56,568,09:28,-30.0,Sớm 30p ⚡,583,09:43,725,12:05,142,[09:43 ➔ 12:05],False,157,Hạ cánh sớm hơn đệm (15p)
flight_key_v1_4e056b3f04bc1f5d7dd2e1971fe2ba52,DL,457,DL 457,DEP,ATL,LAX,NARROWBODY,TURN_0183,PAIRED_TURN,SIM_AC_0183,2024-01-01_DL_2459,40,45,G90,0.2034,20.3%,4.7,0.96,599,09:59,606,10:06,606,10:06,7.0,Trễ 7p ⏳,518,08:38,614,10:14,96,[08:38 ➔ 10:14],True,8,An toàn tuyệt đối (Được bảo vệ)
flight_key_v1_321f068e3494e127ef6c7f8cf284bd76,DL,2286,DL 2286,DEP,ATL,JFK,NARROWBODY,TURN_0187,PAIRED_TURN,SIM_AC_0187,2024-01-01_DL_2903,40,45,G61,0.1917,19.2%,3.4,0.64,599,09:59,605,10:05,611,10:11,12.0,Trễ 12p ⏳,519,08:39,614,10:14,95,[08:39 ➔ 10:14],True,3,An toàn tuyệt đối (Được bảo vệ)
flight_key_v1_2a4333caf7b1ca35d1fdb799adec92dd,DL,2908,DL 2908,DEP,ATL,MCI,NARROWBODY,TURN_0192,PAIRED_TURN,SIM_AC_0192,2024-01-01_DL_2216,40,45,G16,0.1912,19.1%,3.6,0.69,599,09:59,605,10:05,595,09:55,-4.0,Sớm 4p ⚡,523,08:43,614,10:14,91,[08:43 ➔ 10:14],True,19,An toàn tuyệt đối (Được bảo vệ)
flight_key_v1_0ce8be12cc5ed8c1b2f596efc1eb14df,9E,5312,9E 5312,DEP,ATL,VLD,WIDEBODY,TURN_0155,PAIRED_TURN,SIM_AC_0155,2024-01-01_9E_4927,75,60,G100,0.2377,23.8%,3.3,0.78,599,09:59,606,10:06,624,10:24,25.0,Trễ 25p ⏳,490,08:10,614,10:14,124,[08:10 ➔ 10:14],False,-10,Trễ vượt đệm an toàn (+10p)
flight_key_v1_b09afe0cc748eaa3ae62bd0167805eb2,WN,163,WN 163,ARR,PIT,ATL,NARROWBODY,TURN_0016,PAIRED_TURN,SIM_AC_0016,2024-01-01_WN_163,40,45,G171,0.3316,33.2%,0.1,0.02,600,10:00,600,10:00,610,10:10,10.0,Trễ 10p ⏳,585,09:45,670,11:10,85,[09:45 ➔ 11:10],True,60,An toàn tuyệt đối (Được bảo vệ)
flight_key_v1_e89de681aa548bf7fa84d1319a996416,DL,541,DL 541,DEP,ATL,ONT,NARROWBODY,TURN_0195,PAIRED_TURN,SIM_AC_0195,2024-01-01_DL_695,40,45,G10,0.1866,18.7%,3.9,0.74,600,10:00,606,10:06,605,10:05,5.0,Trễ 5p ⏳,524,08:44,615,10:15,91,[08:44 ➔ 10:15],True,10,An toàn tuyệt đối (Được bảo vệ)
flight_key_v1_499414e00284707a3fca690d159027cf,DL,1034,DL 1034,DEP,ATL,DAL,NARROWBODY,TURN_0197,PAIRED_TURN,SIM_AC_0197,2024-01-01_DL_1604,40,45,G42,0.1866,18.7%,3.6,0.67,600,10:00,606,10:06,596,09:56,-4.0,Sớm 4p ⚡,527,08:47,615,10:15,88,[08:47 ➔ 10:15],True,19,An toàn tuyệt đối (Được bảo vệ)
flight_key_v1_7554f008d67c0bcc1b070dc2337a0717,DL,1153,DL 1153,DEP,ATL,RSW,NARROWBODY,TURN_0193,PAIRED_TURN,SIM_AC_0193,2024-01-01_DL_2429,40,45,G19,0.2543,25.4%,3.9,0.98,600,10:00,607,10:07,657,10:57,57.0,Trễ 57p ⏳,523,08:43,615,10:15,92,[08:43 ➔ 10:15],False,-42,Trễ vượt đệm an toàn (+42p)
flight_key_v1_47ff4ae930728930b75f9fc15458daf6,DL,1298,DL 1298,DEP,ATL,DTW,NARROWBODY,TURN_0196,PAIRED_TURN,SIM_AC_0196,2024-01-01_DL_2557,40,45,G152,0.196,19.6%,3.9,0.75,600,10:00,606,10:06,597,09:57,-3.0,Sớm 3p ⚡,525,08:45,615,10:15,90,[08:45 ➔ 10:15],True,18,An toàn tuyệt đối (Được bảo vệ)
flight_key_v1_73f1b34cbe92b12e6ced413b178cdff1,WN,1515,WN 1515,ARR,BWI,ATL,NARROWBODY,TURN_0234,PAIRED_TURN,SIM_AC_0234,2024-01-01_WN_1515,40,45,G85,0.234,23.4%,-0.7,-0.17,600,10:00,599,09:59,595,09:55,-5.0,Sớm 5p ⚡,585,09:45,765,12:45,180,[09:45 ➔ 12:45],True,170,An toàn tuyệt đối (Được bảo vệ)
flight_key_v1_9a524a15cb38381363b5c1ebda428b1d,WN,2129,WN 2129,ARR,MEM,ATL,NARROWBODY,TURN_0029,PAIRED_TURN,SIM_AC_0029,2024-01-01_WN_2129,75,45,G57,0.2207,22.1%,-0.2,-0.05,600,10:00,599,09:59,607,10:07,7.0,Trễ 7p ⏳,585,09:45,660,11:00,75,[09:45 ➔ 11:00],True,53,An toàn tuyệt đối (Được bảo vệ)
flight_key_v1_f546e2178d625d4c6524ecae1a411bc4,DL,2484,DL 2484,DEP,ATL,CAE,NARROWBODY,TURN_0198,PAIRED_TURN,SIM_AC_0198,2024-01-01_DL_2673,40,45,G141,0.2074,20.7%,3.6,0.74,600,10:00,606,10:06,597,09:57,-3.0,Sớm 3p ⚡,529,08:49,615,10:15,86,[08:49 ➔ 10:15],True,18,An toàn tuyệt đối (Được bảo vệ)
flight_key_v1_6b5c1c0194f7c02b5a0b560c38b906eb,DL,2514,DL 2514,ARR,IND,ATL,NARROWBODY,TURN_0235,PAIRED_TURN,SIM_AC_0235,2024-01-01_DL_2514,40,45,G117,0.1987,19.9%,-0.9,-0.18,600,10:00,599,09:59,593,09:53,-7.0,Sớm 7p ⚡,585,09:45,677,11:17,92,[09:45 ➔ 11:17],True,84,An toàn tuyệt đối (Được bảo vệ)
flight_key_v1_d381b4d59e7b2075925034bab041ec9a,9E,4918,9E 4918,ARR,EYW,ATL,NARROWBODY,TURN_0236,PAIRED_TURN,SIM_AC_0236,2024-01-01_9E_4918,40,45,G66,0.2298,23.0%,-0.0,-0.0,600,10:00,599,09:59,589,09:49,-11.0,Sớm 11p ⚡,585,09:45,690,11:30,105,[09:45 ➔ 11:30],True,101,An toàn tuyệt đối (Được bảo vệ)
flight_key_v1_cf258ed4d65fba6b7a239b273e9b5862,9E,5157,9E 5157,DEP,ATL,ROA,NARROWBODY,TURN_0185,PAIRED_TURN,SIM_AC_0185,2024-01-01_9E_5084,40,45,G40,0.2403,24.0%,3.5,0.84,600,10:00,607,10:07,622,10:22,22.0,Trễ 22p ⏳,519,08:39,615,10:15,96,[08:39 ➔ 10:15],False,-7,Trễ vượt đệm an toàn (+7p)
flight_key_v1_42487f9b20ad470a7d2b4133247b77cc,NK,968,NK 968,DEP,ATL,DTW,NARROWBODY,TURN_0210,PAIRED_TURN,SIM_AC_0210,2024-01-01_NK_740,40,45,G175,0.2704,27.0%,6.1,1.64,604,10:04,614,10:14,669,11:09,65.0,Trễ 65p ⏳,536,08:56,619,10:19,83,[08:56 ➔ 10:19],False,-50,Trễ vượt đệm an toàn (+50p)
flight_key_v1_063841abb8d404f4ef8ed3906745cda4,WN,971,WN 971,DEP,ATL,MSY,WIDEBODY,TURN_0797,UNMATCHED_DEP,SIM_AC_0797,2024-01-01_WN_971,75,60,G72,0.1927,19.3%,3.8,0.73,605,10:05,611,10:11,602,10:02,-3.0,Sớm 3p ⚡,530,08:50,620,10:20,90,[08:50 ➔ 10:20],True,18,An toàn tuyệt đối (Được bảo vệ)
flight_key_v1_a11170fd572e1668f837d85b6ef8c0a9,DL,2146,DL 2146,DEP,ATL,GNV,NARROWBODY,TURN_0200,PAIRED_TURN,SIM_AC_0200,2024-01-01_DL_2780,40,45,G105,0.1866,18.7%,3.6,0.67,605,10:05,611,10:11,599,09:59,-6.0,Sớm 6p ⚡,529,08:49,620,10:20,91,[08:49 ➔ 10:20],True,21,An toàn tuyệt đối (Được bảo vệ)
flight_key_v1_6cd5bd5455c1aef5e839d40e5d46f8d5,DL,2775,DL 2775,DEP,ATL,MSP,NARROWBODY,TURN_0199,PAIRED_TURN,SIM_AC_0199,2024-01-01_DL_2548,40,45,G128,0.1974,19.7%,4.7,0.92,605,10:05,612,10:12,610,10:10,5.0,Trễ 5p ⏳,529,08:49,620,10:20,91,[08:49 ➔ 10:20],True,10,An toàn tuyệt đối (Được bảo vệ)
flight_key_v1_f48d7aee221805eda77ce7fad473bd98,WN,3535,WN 3535,ARR,MCI,ATL,NARROWBODY,TURN_0051,PAIRED_TURN,SIM_AC_0051,2024-01-01_WN_3535,40,45,G35,0.2254,22.5%,-0.8,-0.17,605,10:05,604,10:04,594,09:54,-11.0,Sớm 11p ⚡,590,09:50,660,11:00,70,[09:50 ➔ 11:00],True,66,An toàn tuyệt đối (Được bảo vệ)
flight_key_v1_cb2bb02aa85c8a4fa6d47f209dc7c4ee,9E,5047,9E 5047,DEP,ATL,CRW,NARROWBODY,TURN_0186,PAIRED_TURN,SIM_AC_0186,2024-01-01_9E_4912,40,45,G169,0.2702,27.0%,3.8,1.02,605,10:05,612,10:12,602,10:02,-3.0,Sớm 3p ⚡,519,08:39,620,10:20,101,[08:39 ➔ 10:20],True,18,An toàn tuyệt đối (Được bảo vệ)
flight_key_v1_c7ca5916c667482fdc67507895298d96,DL,1088,DL 1088,ARR,MIA,ATL,NARROWBODY,TURN_0238,PAIRED_TURN,SIM_AC_0238,2024-01-01_DL_1088,40,45,G103,0.202,20.2%,-0.4,-0.07,607,10:07,606,10:06,629,10:29,22.0,Trễ 22p ⏳,592,09:52,680,11:20,88,[09:52 ➔ 11:20],True,51,An toàn tuyệt đối (Được bảo vệ)
flight_key_v1_9205c8fc86a5f81e0011a4898ad96870,UA,2008,UA 2008,ARR,ORD,ATL,NARROWBODY,TURN_0237,PAIRED_TURN,SIM_AC_0237,2024-01-01_UA_2008,40,45,G106,0.2624,26.2%,-0.2,-0.06,607,10:07,606,10:06,577,09:37,-30.0,Sớm 30p ⚡,592,09:52,678,11:18,86,[09:52 ➔ 11:18],False,101,Hạ cánh sớm hơn đệm (15p)
flight_key_v1_144e5c7e013ddd2e90c02d60b4f11b9f,DL,2281,DL 2281,ARR,RIC,ATL,WIDEBODY,TURN_0240,PAIRED_TURN,SIM_AC_0240,2024-01-01_DL_2281,75,60,G05,0.1987,19.9%,-0.5,-0.1,608,10:08,607,10:07,581,09:41,-27.0,Sớm 27p ⚡,593,09:53,731,12:11,138,[09:53 ➔ 12:11],False,150,Hạ cánh sớm hơn đệm (12p)
flight_key_v1_97d43719c24cec911e5feeeec81b61b1,DL,2566,DL 2566,ARR,MKE,ATL,NARROWBODY,TURN_0239,PAIRED_TURN,SIM_AC_0239,2024-01-01_DL_2566,40,45,G150,0.1987,19.9%,-1.5,-0.3,608,10:08,606,10:06,590,09:50,-18.0,Sớm 18p ⚡,593,09:53,680,11:20,87,[09:53 ➔ 11:20],False,90,Hạ cánh sớm hơn đệm (3p)
flight_key_v1_cf775e1ac08cd55605fff8fd20f967c2,UA,1428,UA 1428,ARR,EWR,ATL,NARROWBODY,TURN_0241,PAIRED_TURN,SIM_AC_0241,2024-01-01_UA_1428,40,45,G37,0.2345,23.4%,-0.4,-0.09,609,10:09,608,10:08,585,09:45,-24.0,Sớm 24p ⚡,594,09:54,685,11:25,91,[09:54 ➔ 11:25],False,100,Hạ cánh sớm hơn đệm (9p)
flight_key_v1_d028fa9e314e458e06b08d0e55269804,DL,2547,DL 2547,DEP,ATL,GRR,WIDEBODY,TURN_0154,PAIRED_TURN,SIM_AC_0154,2024-01-01_DL_1027,75,60,G74,0.196,19.6%,3.9,0.75,609,10:09,615,10:15,617,10:17,8.0,Trễ 8p ⏳,489,08:09,624,10:24,135,[08:09 ➔ 10:24],True,7,An toàn tuyệt đối (Được bảo vệ)
flight_key_v1_7e678a9e5f0c5a7388675ec36625181a,WN,104,WN 104,ARR,DEN,ATL,WIDEBODY,TURN_0243,PAIRED_TURN,SIM_AC_0243,2024-01-01_WN_104,75,60,G24,0.2351,23.5%,-0.2,-0.06,610,10:10,609,10:09,592,09:52,-18.0,Sớm 18p ⚡,595,09:55,795,13:15,200,[09:55 ➔ 13:15],False,203,Hạ cánh sớm hơn đệm (3p)
flight_key_v1_4e34b1a325de3a43b78085886acdf718,DL,945,DL 945,DEP,ATL,LAS,NARROWBODY,TURN_0205,PAIRED_TURN,SIM_AC_0205,2024-01-01_DL_1101,40,45,G02,0.1866,18.7%,5.3,1.0,610,10:10,618,10:18,609,10:09,-1.0,Sớm 1p ⚡,530,08:50,625,10:25,95,[08:50 ➔ 10:25],True,16,An toàn tuyệt đối (Được bảo vệ)
flight_key_v1_f2ab6c14ae089475ec4ec056bb289892,DL,1367,DL 1367,ARR,ORD,ATL,WIDEBODY,TURN_0242,PAIRED_TURN,SIM_AC_0242,2024-01-01_DL_1367,75,60,G159,0.2526,25.3%,-0.4,-0.09,610,10:10,609,10:09,589,09:49,-21.0,Sớm 21p ⚡,595,09:55,785,13:05,190,[09:55 ➔ 13:05],False,196,Hạ cánh sớm hơn đệm (6p)
flight_key_v1_91d4d2b0dd5b905b1d05fe9afde24ba6,DL,1728,DL 1728,DEP,ATL,PIT,NARROWBODY,TURN_0203,PAIRED_TURN,SIM_AC_0203,2024-01-01_DL_1069,40,45,G17,0.2108,21.1%,16.8,3.54,610,10:10,629,10:29,605,10:05,-5.0,Sớm 5p ⚡,530,08:50,625,10:25,95,[08:50 ➔ 10:25],True,20,An toàn tuyệt đối (Được bảo vệ)
flight_key_v1_8e14a5dff6dc1ba8fc75ec83e54a7fb5,DL,2017,DL 2017,DEP,ATL,GSP,NARROWBODY,TURN_0204,PAIRED_TURN,SIM_AC_0204,2024-01-01_DL_2773,40,45,G15,0.2397,24.0%,3.6,0.86,610,10:10,617,10:17,607,10:07,-3.0,Sớm 3p ⚡,530,08:50,625,10:25,95,[08:50 ➔ 10:25],True,18,An toàn tuyệt đối (Được bảo vệ)
flight_key_v1_3e0f949ce15481ceaa8a03a0952c69b3,DL,2926,DL 2926,DEP,ATL,CHS,NARROWBODY,TURN_0207,PAIRED_TURN,SIM_AC_0207,2024-01-01_DL_2264,40,45,G21,0.2252,22.5%,3.2,0.73,610,10:10,616,10:16,606,10:06,-4.0,Sớm 4p ⚡,530,08:50,625,10:25,95,[08:50 ➔ 10:25],True,19,An toàn tuyệt đối (Được bảo vệ)
flight_key_v1_07b097bd1b1eb7ff6e897794fa72e728,DL,995,DL 995,DEP,ATL,DEN,NARROWBODY,TURN_0209,PAIRED_TURN,SIM_AC_0209,2024-01-01_DL_2115,40,45,G34,0.2259,22.6%,4.3,0.96,612,10:12,619,10:19,609,10:09,-3.0,Sớm 3p ⚡,530,08:50,627,10:27,97,[08:50 ➔ 10:27],True,18,An toàn tuyệt đối (Được bảo vệ)
flight_key_v1_9d5f4140dae7a06b82245a18750484dc,DL,1717,DL 1717,DEP,ATL,EYW,NARROWBODY,TURN_0211,PAIRED_TURN,SIM_AC_0211,2024-01-01_DL_1618,40,45,G08,0.1866,18.7%,3.6,0.67,613,10:13,619,10:19,638,10:38,25.0,Trễ 25p ⏳,540,09:00,628,10:28,88,[09:00 ➔ 10:28],False,-10,Trễ vượt đệm an toàn (+10p)
flight_key_v1_d87c54aed13873a996e24dd0f2234395,DL,533,DL 533,ARR,DFW,ATL,WIDEBODY,TURN_0244,PAIRED_TURN,SIM_AC_0244,2024-01-01_DL_533,75,60,G97,0.2152,21.5%,-0.4,-0.08,614,10:14,613,10:13,594,09:54,-20.0,Sớm 20p ⚡,599,09:59,835,13:55,236,[09:59 ➔ 13:55],False,241,Hạ cánh sớm hơn đệm (5p)
flight_key_v1_7eb55262b58e77c582fb64bb36e61af1,DL,1258,DL 1258,ARR,AUS,ATL,NARROWBODY,TURN_0245,PAIRED_TURN,SIM_AC_0245,2024-01-01_DL_1258,40,45,G03,0.2048,20.5%,-0.4,-0.07,615,10:15,614,10:14,596,09:56,-19.0,Sớm 19p ⚡,600,10:00,685,11:25,85,[10:00 ➔ 11:25],False,89,Hạ cánh sớm hơn đệm (4p)
flight_key_v1_864443ce6c91e45a11702f5aa236004b,DL,2182,DL 2182,DEP,ATL,SAV,WIDEBODY,TURN_0166,PAIRED_TURN,SIM_AC_0166,2024-01-01_DL_1464,75,60,G124,0.1866,18.7%,3.6,0.68,615,10:15,621,10:21,612,10:12,-3.0,Sớm 3p ⚡,504,08:24,630,10:30,126,[08:24 ➔ 10:30],True,18,An toàn tuyệt đối (Được bảo vệ)
flight_key_v1_d8b91e645deeaa407cbbde29d915bcd5,AA,2344,AA 2344,DEP,ATL,PHL,NARROWBODY,TURN_0798,UNMATCHED_DEP,SIM_AC_0798,2024-01-01_AA_2344,40,45,G71,0.1907,19.1%,2.6,0.5,615,10:15,620,10:20,605,10:05,-10.0,Sớm 10p ⚡,555,09:15,630,10:30,75,[09:15 ➔ 10:30],True,25,An toàn tuyệt đối (Được bảo vệ)
flight_key_v1_7a6a17a59a05066616b38713f0b46ebf,DL,2445,DL 2445,DEP,ATL,GSO,NARROWBODY,TURN_0212,PAIRED_TURN,SIM_AC_0212,2024-01-01_DL_1044,40,45,G30,0.1866,18.7%,3.6,0.67,615,10:15,621,10:21,648,10:48,33.0,Trễ 33p ⏳,544,09:04,630,10:30,86,[09:04 ➔ 10:30],False,-18,Trễ vượt đệm an toàn (+18p)
flight_key_v1_4b43d43d43ee75405eb5daf16bcd8b9d,OO,3809,OO 3809,DEP,ATL,SBN,NARROWBODY,TURN_0129,PAIRED_TURN,SIM_AC_0129,2024-01-01_OO_3721,40,45,G44,0.4099,41.0%,3.9,1.62,615,10:15,624,10:24,614,10:14,-1.0,Sớm 1p ⚡,469,07:49,631,10:31,162,[07:49 ➔ 10:31],True,17,An toàn tuyệt đối (Được bảo vệ)
flight_key_v1_cd2724dd984308d1d28fee395e183204,DL,2777,DL 2777,DEP,ATL,LIT,NARROWBODY,TURN_0215,PAIRED_TURN,SIM_AC_0215,2024-01-01_DL_1421,40,45,G123,0.196,19.6%,3.5,0.68,617,10:17,623,10:23,635,10:35,18.0,Trễ 18p ⏳,557,09:17,632,10:32,75,[09:17 ➔ 10:32],False,-3,Trễ vượt đệm an toàn (+3p)
flight_key_v1_75d06919d2e4d432db37d7307439edfe,DL,870,DL 870,ARR,LGA,ATL,NARROWBODY,TURN_0247,PAIRED_TURN,SIM_AC_0247,2024-01-01_DL_870,40,45,G87,0.1987,19.9%,-1.5,-0.3,619,10:19,617,10:17,578,09:38,-41.0,Sớm 41p ⚡,604,10:04,685,11:25,81,[10:04 ➔ 11:25],False,107,Hạ cánh sớm hơn đệm (26p)
flight_key_v1_df0c250c1579fe67957510195da46a2b,DL,1617,DL 1617,ARR,SAT,ATL,NARROWBODY,TURN_0249,PAIRED_TURN,SIM_AC_0249,2024-01-01_DL_1617,40,45,G07,0.202,20.2%,-0.4,-0.07,619,10:19,618,10:18,593,09:53,-26.0,Sớm 26p ⚡,604,10:04,689,11:29,85,[10:04 ➔ 11:29],False,96,Hạ cánh sớm hơn đệm (11p)
flight_key_v1_539b6ac5dfc6996614d250ee35dbf86f,DL,2302,DL 2302,ARR,CVG,ATL,NARROWBODY,TURN_0246,PAIRED_TURN,SIM_AC_0246,2024-01-01_DL_2302,40,45,G18,0.2413,24.1%,-0.4,-0.09,619,10:19,618,10:18,622,10:22,3.0,Trễ 3p ⏳,604,10:04,685,11:25,81,[10:04 ➔ 11:25],True,63,An toàn tuyệt đối (Được bảo vệ)
flight_key_v1_8c4a5a58e90511c44a6fccecd39ebfa6,DL,2399,DL 2399,ARR,GSP,ATL,WIDEBODY,TURN_0248,PAIRED_TURN,SIM_AC_0248,2024-01-01_DL_2399,75,60,G135,0.2157,21.6%,-0.2,-0.05,619,10:19,618,10:18,598,09:58,-21.0,Sớm 21p ⚡,604,10:04,840,14:00,236,[10:04 ➔ 14:00],False,242,Hạ cánh sớm hơn đệm (6p)
flight_key_v1_accd99b7b57211f6ad8eb951e9e43739,9E,5202,9E 5202,DEP,ATL,AVL,NARROWBODY,TURN_0188,PAIRED_TURN,SIM_AC_0188,2024-01-01_9E_5025,40,45,G118,0.324,32.4%,3.5,1.14,620,10:20,628,10:28,617,10:17,-3.0,Sớm 3p ⚡,519,08:39,635,10:35,116,[08:39 ➔ 10:35],True,18,An toàn tuyệt đối (Được bảo vệ)
flight_key_v1_ed3927d3b34dfd5afaf0c1a8f4d1839d,DL,2678,DL 2678,ARR,MEM,ATL,NARROWBODY,TURN_0250,PAIRED_TURN,SIM_AC_0250,2024-01-01_DL_2678,40,45,G174,0.1987,19.9%,-0.4,-0.07,621,10:21,620,10:20,598,09:58,-23.0,Sớm 23p ⚡,606,10:06,695,11:35,89,[10:06 ➔ 11:35],False,97,Hạ cánh sớm hơn đệm (8p)
flight_key_v1_0c5d06aca7277c0bd885b7eb03582af6,DL,2951,DL 2951,DEP,ATL,FLL,NARROWBODY,TURN_0216,PAIRED_TURN,SIM_AC_0216,2024-01-01_DL_2499,40,45,G88,0.1914,19.1%,4.6,0.87,621,10:21,628,10:28,619,10:19,-2.0,Sớm 2p ⚡,560,09:20,636,10:36,76,[09:20 ➔ 10:36],True,17,An toàn tuyệt đối (Được bảo vệ)
flight_key_v1_2f4a6db9f76ae41b632697f7b78316ba,DL,2098,DL 2098,ARR,ORF,ATL,NARROWBODY,TURN_0251,PAIRED_TURN,SIM_AC_0251,2024-01-01_DL_2098,40,45,G60,0.202,20.2%,-0.4,-0.07,623,10:23,622,10:22,609,10:09,-14.0,Sớm 14p ⚡,608,10:08,699,11:39,91,[10:08 ➔ 11:39],True,90,An toàn tuyệt đối (Được bảo vệ)
flight_key_v1_898b6d82ee42bccbd83654405683d7a3,DL,808,DL 808,DEP,ATL,MCO,NARROWBODY,TURN_0217,PAIRED_TURN,SIM_AC_0217,2024-01-01_DL_959,40,45,G104,0.1905,19.1%,4.4,0.84,624,10:24,631,10:31,618,10:18,-6.0,Sớm 6p ⚡,560,09:20,639,10:39,79,[09:20 ➔ 10:39],True,21,An toàn tuyệt đối (Được bảo vệ)
flight_key_v1_20243415b43eaa8d73334442ccb582fb,DL,2279,DL 2279,ARR,GSO,ATL,NARROWBODY,TURN_0252,PAIRED_TURN,SIM_AC_0252,2024-01-01_DL_2279,40,45,G83,0.2094,20.9%,-0.4,-0.08,624,10:24,623,10:23,600,10:00,-24.0,Sớm 24p ⚡,609,10:09,700,11:40,91,[10:09 ➔ 11:40],False,100,Hạ cánh sớm hơn đệm (9p)
flight_key_v1_5b9d48eeabeead197790511a3a3e9697,DL,324,DL 324,DEP,ATL,SFO,NARROWBODY,TURN_0220,PAIRED_TURN,SIM_AC_0220,2024-01-01_DL_2025,40,45,G75,0.2155,21.6%,9.9,2.13,625,10:25,637,10:37,624,10:24,-1.0,Sớm 1p ⚡,566,09:26,640,10:40,74,[09:26 ➔ 10:40],True,16,An toàn tuyệt đối (Được bảo vệ)
flight_key_v1_05755637d2c4882d2d65a0a5cea7c1fb,DL,874,DL 874,DEP,ATL,BOI,NARROWBODY,TURN_0218,PAIRED_TURN,SIM_AC_0218,2024-01-01_DL_2387,40,45,G140,0.2003,20.0%,4.3,0.87,625,10:25,632,10:32,621,10:21,-4.0,Sớm 4p ⚡,561,09:21,640,10:40,79,[09:21 ➔ 10:40],True,19,An toàn tuyệt đối (Được bảo vệ)
flight_key_v1_1980d8f9920d7b7b89389bd5a40d7743,9E,5279,9E 5279,ARR,TYS,ATL,NARROWBODY,TURN_0253,PAIRED_TURN,SIM_AC_0253,2024-01-01_9E_5279,40,45,G172,0.2031,20.3%,-0.3,-0.07,625,10:25,624,10:24,595,09:55,-30.0,Sớm 30p ⚡,610,10:10,715,11:55,105,[10:10 ➔ 11:55],False,120,Hạ cánh sớm hơn đệm (15p)
flight_key_v1_f3b25517a4ff7bc548748569fde4d3dd,F9,4772,F9 4772,ARR,CVG,ATL,NARROWBODY,TURN_0254,PAIRED_TURN,SIM_AC_0254,2024-01-01_F9_4772,40,45,G157,0.483,48.3%,2.9,1.4,626,10:26,628,10:28,628,10:28,2.0,Trễ 2p ⏳,612,10:12,711,11:51,99,[10:12 ➔ 11:51],True,83,An toàn tuyệt đối (Được bảo vệ)
flight_key_v1_40c349bc5437295bdabc7302b613ff99,DL,2933,DL 2933,DEP,ATL,HDN,NARROWBODY,TURN_0221,PAIRED_TURN,SIM_AC_0221,2024-01-01_DL_2411,40,45,G126,0.196,19.6%,4.1,0.8,627,10:27,634,10:34,620,10:20,-7.0,Sớm 7p ⚡,568,09:28,642,10:42,74,[09:28 ➔ 10:42],True,22,An toàn tuyệt đối (Được bảo vệ)
flight_key_v1_9f99ce1969c1546f6db863de3e19d848,DL,796,DL 796,DEP,ATL,PHX,NARROWBODY,TURN_0222,PAIRED_TURN,SIM_AC_0222,2024-01-01_DL_2932,40,45,G78,0.1855,18.6%,4.0,0.74,630,10:30,636,10:36,629,10:29,-1.0,Sớm 1p ⚡,568,09:28,645,10:45,77,[09:28 ➔ 10:45],True,16,An toàn tuyệt đối (Được bảo vệ)
flight_key_v1_78760e4839bc31b3c5b0f7ec618f8c83,DL,927,DL 927,DEP,ATL,LGA,NARROWBODY,TURN_0223,PAIRED_TURN,SIM_AC_0223,2024-01-01_DL_2396,40,45,G25,0.1866,18.7%,3.6,0.67,630,10:30,636,10:36,637,10:37,7.0,Trễ 7p ⏳,569,09:29,645,10:45,76,[09:29 ➔ 10:45],True,8,An toàn tuyệt đối (Được bảo vệ)
flight_key_v1_5d067b169c476879fd1f42d395e0e360,DL,1332,DL 1332,DEP,ATL,MIA,NARROWBODY,TURN_0225,PAIRED_TURN,SIM_AC_0225,2024-01-01_DL_2569,40,45,G91,0.1905,19.1%,5.1,0.98,632,10:32,640,10:40,634,10:34,2.0,Trễ 2p ⏳,572,09:32,647,10:47,75,[09:32 ➔ 10:47],True,13,An toàn tuyệt đối (Được bảo vệ)
flight_key_v1_c1b065626df97aed66a457740edd540e,DL,2575,DL 2575,ARR,EWR,ATL,NARROWBODY,TURN_0255,PAIRED_TURN,SIM_AC_0255,2024-01-01_DL_2575,40,45,G31,0.23,23.0%,-0.5,-0.12,632,10:32,631,10:31,616,10:16,-16.0,Sớm 16p ⚡,617,10:17,700,11:40,83,[10:17 ➔ 11:40],False,84,Hạ cánh sớm hơn đệm (1p)
flight_key_v1_6e439f07243cbad7f0b766197a17d13f,B6,896,B6 896,DEP,ATL,BOS,NARROWBODY,TURN_0219,PAIRED_TURN,SIM_AC_0219,2024-01-01_B6_1097,40,45,G13,0.3508,35.1%,5.5,1.94,635,10:35,645,10:45,625,10:25,-10.0,Sớm 10p ⚡,564,09:24,650,10:50,86,[09:24 ➔ 10:50],True,25,An toàn tuyệt đối (Được bảo vệ)
flight_key_v1_6c718b3fd49e597f87cdcd20822db499,WN,1515,WN 1515,DEP,ATL,OMA,WIDEBODY,TURN_0799,UNMATCHED_DEP,SIM_AC_0799,2024-01-01_WN_1515,75,60,G138,0.2023,20.2%,4.4,0.88,635,10:35,642,10:42,633,10:33,-2.0,Sớm 2p ⚡,560,09:20,650,10:50,90,[09:20 ➔ 10:50],True,17,An toàn tuyệt đối (Được bảo vệ)
flight_key_v1_865838bfd5bd7a44549923de7dfd7921,WN,3597,WN 3597,DEP,ATL,LGA,NARROWBODY,TURN_0054,PAIRED_TURN,SIM_AC_0054,2024-01-01_WN_3597,40,45,G98,0.1926,19.3%,4.4,0.84,635,10:35,642,10:42,676,11:16,41.0,Trễ 41p ⏳,580,09:40,650,10:50,70,[09:40 ➔ 10:50],False,-26,Trễ vượt đệm an toàn (+26p)
flight_key_v1_fc21c8381736691c46ad2786bd4263db,OH,5584,OH 5584,ARR,DCA,ATL,NARROWBODY,TURN_0256,PAIRED_TURN,SIM_AC_0256,2024-01-01_OH_5584,40,45,G39,0.3069,30.7%,0.7,0.21,635,10:35,635,10:35,614,10:14,-21.0,Sớm 21p ⚡,620,10:20,722,12:02,102,[10:20 ➔ 12:02],False,108,Hạ cánh sớm hơn đệm (6p)
flight_key_v1_c7fbdc4a65b15a8ac2b9361fed1e4e94,DL,2527,DL 2527,ARR,MCO,ATL,NARROWBODY,TURN_0257,PAIRED_TURN,SIM_AC_0257,2024-01-01_DL_2527,40,45,G102,0.203,20.3%,0.3,0.07,638,10:38,638,10:38,731,12:11,93.0,Trễ 93p ⏳,623,10:23,700,11:40,77,[10:23 ➔ 11:40],False,-31,Trễ vượt đệm an toàn (+31p)
flight_key_v1_c6bc9622d8d9c969d262ee6651ba9e3a,DL,1653,DL 1653,ARR,DTW,ATL,WIDEBODY,TURN_0258,PAIRED_TURN,SIM_AC_0258,2024-01-01_DL_1653,75,60,G19,0.2536,25.4%,-1.4,-0.35,640,10:40,638,10:38,713,11:53,73.0,Trễ 73p ⏳,625,10:25,842,14:02,217,[10:25 ➔ 14:02],True,129,An toàn tuyệt đối (Được bảo vệ)
flight_key_v1_4507d1cc1d10d2c3e7681a70ed953d49,WN,2232,WN 2232,DEP,ATL,MCO,NARROWBODY,TURN_0031,PAIRED_TURN,SIM_AC_0031,2024-01-01_WN_2232,40,45,G133,0.1967,19.7%,5.2,1.02,640,10:40,648,10:48,639,10:39,-1.0,Sớm 1p ⚡,575,09:35,655,10:55,80,[09:35 ➔ 10:55],True,16,An toàn tuyệt đối (Được bảo vệ)
flight_key_v1_c2bc7628fed6f632f7561facca173e39,DL,2247,DL 2247,DEP,ATL,DFW,NARROWBODY,TURN_0226,PAIRED_TURN,SIM_AC_0226,2024-01-01_DL_2594,40,45,G89,0.1905,19.1%,4.6,0.87,640,10:40,647,10:47,637,10:37,-3.0,Sớm 3p ⚡,573,09:33,655,10:55,82,[09:33 ➔ 10:55],True,18,An toàn tuyệt đối (Được bảo vệ)
flight_key_v1_78de1b02b0a6c941c1a9d02b493c63f9,DL,2739,DL 2739,DEP,ATL,BDL,NARROWBODY,TURN_0227,PAIRED_TURN,SIM_AC_0227,2024-01-01_DL_1181,40,45,G148,0.2028,20.3%,3.6,0.73,640,10:40,646,10:46,639,10:39,-1.0,Sớm 1p ⚡,575,09:35,655,10:55,80,[09:35 ➔ 10:55],True,16,An toàn tuyệt đối (Được bảo vệ)
flight_key_v1_5f1e43a9a949ff11159009806e2041a1,DL,2719,DL 2719,DEP,ATL,PNS,NARROWBODY,TURN_0228,PAIRED_TURN,SIM_AC_0228,2024-01-01_DL_2702,40,45,G29,0.2664,26.6%,3.6,0.95,642,10:42,649,10:49,645,10:45,3.0,Trễ 3p ⏳,576,09:36,657,10:57,81,[09:36 ➔ 10:57],True,12,An toàn tuyệt đối (Được bảo vệ)
flight_key_v1_8021f50ec76083cef32c44a603c0f6d3,WN,1061,WN 1061,DEP,ATL,SRQ,NARROWBODY,TURN_0190,PAIRED_TURN,SIM_AC_0190,2024-01-01_WN_434,40,45,G156,0.2229,22.3%,5.6,1.25,645,10:45,653,10:53,644,10:44,-1.0,Sớm 1p ⚡,520,08:40,660,11:00,140,[08:40 ➔ 11:00],True,16,An toàn tuyệt đối (Được bảo vệ)
flight_key_v1_4e32441d336fec705b60482b698717e1,WN,1286,WN 1286,DEP,ATL,GSP,NARROWBODY,TURN_0010,PAIRED_TURN,SIM_AC_0010,2024-01-01_WN_1286,40,45,G163,0.3906,39.1%,4.3,1.69,645,10:45,655,10:55,641,10:41,-4.0,Sớm 4p ⚡,571,09:31,661,11:01,90,[09:31 ➔ 11:01],True,20,An toàn tuyệt đối (Được bảo vệ)
flight_key_v1_73646949f7b3e9650a1a13dedfba9739,WN,2129,WN 2129,DEP,ATL,RIC,NARROWBODY,TURN_0029,PAIRED_TURN,SIM_AC_0029,2024-01-01_WN_2129,75,45,G57,0.2207,22.1%,4.3,0.96,645,10:45,677,11:17,651,10:51,6.0,Trễ 6p ⏳,585,09:45,660,11:00,75,[09:45 ➔ 11:00],True,9,An toàn tuyệt đối (Được bảo vệ)
flight_key_v1_7ecfc940e2a96e75ee05b602efec7bd3,DL,2199,DL 2199,DEP,ATL,BHM,NARROWBODY,TURN_0229,PAIRED_TURN,SIM_AC_0229,2024-01-01_DL_2772,40,45,G114,0.1866,18.7%,3.4,0.64,645,10:45,651,10:51,644,10:44,-1.0,Sớm 1p ⚡,579,09:39,660,11:00,81,[09:39 ➔ 11:00],True,16,An toàn tuyệt đối (Được bảo vệ)
flight_key_v1_75f12acbf1dd707d471ed89d7d953a56,WN,3535,WN 3535,DEP,ATL,TPA,NARROWBODY,TURN_0051,PAIRED_TURN,SIM_AC_0051,2024-01-01_WN_3535,40,45,G35,0.2254,22.5%,4.5,1.02,645,10:45,652,10:52,644,10:44,-1.0,Sớm 1p ⚡,590,09:50,660,11:00,70,[09:50 ➔ 11:00],True,16,An toàn tuyệt đối (Được bảo vệ)
flight_key_v1_8d5662fa484085f0535e2acca7b24a18,WN,3584,WN 3584,DEP,ATL,JAX,NARROWBODY,TURN_0053,PAIRED_TURN,SIM_AC_0053,2024-01-01_WN_3584,75,45,G108,0.2098,21.0%,4.2,0.89,645,10:45,662,11:02,637,10:37,-8.0,Sớm 8p ⚡,570,09:30,660,11:00,90,[09:30 ➔ 11:00],True,23,An toàn tuyệt đối (Được bảo vệ)
flight_key_v1_759ea655028718ec5f6393af2738f682,NK,770,NK 770,ARR,MCO,ATL,NARROWBODY,TURN_0259,PAIRED_TURN,SIM_AC_0259,2024-01-01_NK_770,40,45,G11,0.3284,32.8%,2.1,0.69,646,10:46,648,10:48,657,10:57,11.0,Trễ 11p ⏳,631,10:31,725,12:05,94,[10:31 ➔ 12:05],True,68,An toàn tuyệt đối (Được bảo vệ)
flight_key_v1_c5ad4bf2d63d61372607b4ae6e589286,DL,1315,DL 1315,ARR,IAH,ATL,NARROWBODY,TURN_0260,PAIRED_TURN,SIM_AC_0260,2024-01-01_DL_1315,40,45,G34,0.2302,23.0%,1.2,0.28,646,10:46,647,10:47,623,10:23,-23.0,Sớm 23p ⚡,631,10:31,702,11:42,71,[10:31 ➔ 11:42],False,79,Hạ cánh sớm hơn đệm (8p)
flight_key_v1_59fe495d281c99c341015438b2ca88e2,UA,2642,UA 2642,ARR,IAD,ATL,NARROWBODY,TURN_0261,PAIRED_TURN,SIM_AC_0261,2024-01-01_UA_2642,40,45,G01,0.3028,30.3%,0.2,0.07,648,10:48,648,10:48,622,10:22,-26.0,Sớm 26p ⚡,633,10:33,893,14:53,260,[10:33 ➔ 14:53],False,271,Hạ cánh sớm hơn đệm (11p)
flight_key_v1_a891d05635482bcf88887cb69baa23ae,AA,1046,AA 1046,ARR,MIA,ATL,NARROWBODY,TURN_0262,PAIRED_TURN,SIM_AC_0262,2024-01-01_AA_1046,40,45,G139,0.2795,28.0%,1.5,0.43,649,10:49,650,10:50,640,10:40,-9.0,Sớm 9p ⚡,634,10:34,704,11:44,70,[10:34 ➔ 11:44],True,64,An toàn tuyệt đối (Được bảo vệ)
flight_key_v1_5db5730192de8b64c54b5324b2960e4a,WN,2851,WN 2851,DEP,ATL,MIA,NARROWBODY,TURN_0040,PAIRED_TURN,SIM_AC_0040,2024-01-01_WN_2851,40,45,G115,0.1967,19.7%,6.1,1.2,650,10:50,659,10:59,646,10:46,-4.0,Sớm 4p ⚡,575,09:35,665,11:05,90,[09:35 ➔ 11:05],True,19,An toàn tuyệt đối (Được bảo vệ)
flight_key_v1_ccac209e3b61dcc024b01cf879304d49,WN,3681,WN 3681,DEP,ATL,RSW,NARROWBODY,TURN_0055,PAIRED_TURN,SIM_AC_0055,2024-01-01_WN_3681,40,45,G151,0.2048,20.5%,4.7,0.96,650,10:50,657,10:57,645,10:45,-5.0,Sớm 5p ⚡,580,09:40,665,11:05,85,[09:40 ➔ 11:05],True,20,An toàn tuyệt đối (Được bảo vệ)
flight_key_v1_8f7150e96f1f30cb2492c7d82d3050a2,NK,3901,NK 3901,ARR,DTW,ATL,NARROWBODY,TURN_0263,PAIRED_TURN,SIM_AC_0263,2024-01-01_NK_3901,40,45,G40,0.3737,37.4%,1.4,0.53,651,10:51,652,10:52,629,10:29,-22.0,Sớm 22p ⚡,636,10:36,758,12:38,122,[10:36 ➔ 12:38],False,129,Hạ cánh sớm hơn đệm (7p)
flight_key_v1_a871b058a3d39728e70c462cabd35ad0,F9,3442,F9 3442,DEP,ATL,MIA,NARROWBODY,TURN_0232,PAIRED_TURN,SIM_AC_0232,2024-01-01_F9_2483,40,45,G95,0.3628,36.3%,6.2,2.23,652,10:52,663,11:03,649,10:49,-3.0,Sớm 3p ⚡,582,09:42,667,11:07,85,[09:42 ➔ 11:07],True,18,An toàn tuyệt đối (Được bảo vệ)
flight_key_v1_295c4a64be2d23b5c29ab92c5b912b03,WN,163,WN 163,DEP,ATL,HOU,NARROWBODY,TURN_0016,PAIRED_TURN,SIM_AC_0016,2024-01-01_WN_163,40,45,G171,0.3316,33.2%,4.8,1.59,655,10:55,664,11:04,659,10:59,4.0,Trễ 4p ⏳,585,09:45,670,11:10,85,[09:45 ➔ 11:10],True,11,An toàn tuyệt đối (Được bảo vệ)
flight_key_v1_fb2284a4915f258a61cd3032b7c733d8,WN,954,WN 954,DEP,ATL,RDU,NARROWBODY,TURN_0067,PAIRED_TURN,SIM_AC_0067,2024-01-01_WN_954,40,45,G45,0.1926,19.3%,4.2,0.81,655,10:55,662,11:02,653,10:53,-2.0,Sớm 2p ⚡,580,09:40,670,11:10,90,[09:40 ➔ 11:10],True,17,An toàn tuyệt đối (Được bảo vệ)
flight_key_v1_249582e437ab4dfe7af239bb2053137a,DL,314,DL 314,DEP,ATL,PSP,WIDEBODY,TURN_0182,PAIRED_TURN,SIM_AC_0182,2024-01-01_DL_2851,75,60,G130,0.2615,26.2%,3.9,1.03,658,10:58,665,11:05,655,10:55,-3.0,Sớm 3p ⚡,518,08:38,673,11:13,155,[08:38 ➔ 11:13],True,18,An toàn tuyệt đối (Được bảo vệ)
flight_key_v1_5659307cd7c6cbfd8765096aef034d30,DL,1333,DL 1333,DEP,ATL,SRQ,NARROWBODY,TURN_0230,PAIRED_TURN,SIM_AC_0230,2024-01-01_DL_1603,40,45,G50,0.1938,19.4%,4.6,0.89,658,10:58,665,11:05,658,10:58,0.0,Đúng giờ ✓,582,09:42,673,11:13,91,[09:42 ➔ 11:13],True,15,An toàn tuyệt đối (Được bảo vệ)
flight_key_v1_3b49d2cfae59fc0819ddd4163aff768c,DL,1741,DL 1741,ARR,ELP,ATL,WIDEBODY,TURN_0264,PAIRED_TURN,SIM_AC_0264,2024-01-01_DL_1741,75,60,G109,0.2144,21.4%,-0.5,-0.1,659,10:59,658,10:58,651,10:51,-8.0,Sớm 8p ⚡,644,10:44,852,14:12,208,[10:44 ➔ 14:12],True,201,An toàn tuyệt đối (Được bảo vệ)
flight_key_v1_00d17e06478bb52110474b1a5d6d94e1,DL,2023,DL 2023,ARR,MSP,ATL,NARROWBODY,TURN_0265,PAIRED_TURN,SIM_AC_0265,2024-01-01_DL_2023,40,45,G38,0.206,20.6%,-1.5,-0.31,659,10:59,657,10:57,645,10:45,-14.0,Sớm 14p ⚡,644,10:44,717,11:57,73,[10:44 ➔ 11:57],True,72,An toàn tuyệt đối (Được bảo vệ)
flight_key_v1_bfe13d3a9b4bf3c3bbe2ad7b1c951733,WN,104,WN 104,DEP,ATL,DCA,NARROWBODY,TURN_0214,PAIRED_TURN,SIM_AC_0214,2024-01-01_WN_971,40,45,G107,0.2158,21.6%,4.5,0.97,660,11:00,667,11:07,660,11:00,0.0,Đúng giờ ✓,555,09:15,675,11:15,120,[09:15 ➔ 11:15],True,15,An toàn tuyệt đối (Được bảo vệ)
flight_key_v1_5cba66ae9f7638907999f43168ce3350,DL,1634,DL 1634,ARR,COS,ATL,NARROWBODY,TURN_0266,PAIRED_TURN,SIM_AC_0266,2024-01-01_DL_1634,40,45,G168,0.2687,26.9%,-0.7,-0.19,660,11:00,659,10:59,650,10:50,-10.0,Sớm 10p ⚡,645,10:45,728,12:08,83,[10:45 ➔ 12:08],True,78,An toàn tuyệt đối (Được bảo vệ)
flight_key_v1_2b6116ad7f53266819993ef87f95d8e0,DL,2515,DL 2515,DEP,ATL,ABQ,WIDEBODY,TURN_0189,PAIRED_TURN,SIM_AC_0189,2024-01-01_DL_1494,75,60,G154,0.2029,20.3%,4.3,0.88,660,11:00,667,11:07,658,10:58,-2.0,Sớm 2p ⚡,520,08:40,675,11:15,155,[08:40 ➔ 11:15],True,17,An toàn tuyệt đối (Được bảo vệ)
flight_key_v1_3ca040d76db6f6e61693b2e9d5df76b9,DL,2672,DL 2672,DEP,ATL,ALB,WIDEBODY,TURN_0194,PAIRED_TURN,SIM_AC_0194,2024-01-01_DL_1235,75,60,G112,0.202,20.2%,4.5,0.91,660,11:00,667,11:07,645,10:45,-15.0,Sớm 15p ⚡,523,08:43,675,11:15,152,[08:43 ➔ 11:15],True,30,An toàn tuyệt đối (Được bảo vệ)
flight_key_v1_c317da7f27dbe5ea359e7a2c8b48bafb,DL,2693,DL 2693,ARR,PNS,ATL,NARROWBODY,TURN_0267,PAIRED_TURN,SIM_AC_0267,2024-01-01_DL_2693,40,45,G71,0.202,20.2%,-0.4,-0.07,660,11:00,659,10:59,652,10:52,-8.0,Sớm 8p ⚡,645,10:45,731,12:11,86,[10:45 ➔ 12:11],True,79,An toàn tuyệt đối (Được bảo vệ)
flight_key_v1_18a3f8298c15163d05d78964f52c95de,OO,3716,OO 3716,DEP,ATL,BQK,NARROWBODY,TURN_0141,PAIRED_TURN,SIM_AC_0141,2024-01-01_OO_3684,40,45,G144,0.266,26.6%,4.2,1.11,660,11:00,668,11:08,655,10:55,-5.0,Sớm 5p ⚡,478,07:58,675,11:15,197,[07:58 ➔ 11:15],True,20,An toàn tuyệt đối (Được bảo vệ)
flight_key_v1_187cbeb548af17f3e4d83a0d89b7bd3f,9E,5074,9E 5074,DEP,ATL,OAJ,NARROWBODY,TURN_0191,PAIRED_TURN,SIM_AC_0191,2024-01-01_9E_5383,40,45,G26,0.2421,24.2%,3.9,0.95,660,11:00,667,11:07,656,10:56,-4.0,Sớm 4p ⚡,522,08:42,675,11:15,153,[08:42 ➔ 11:15],True,19,An toàn tuyệt đối (Được bảo vệ)
flight_key_v1_4dfc8f1b59b684f8fa9c4a74b1313372,DL,629,DL 629,DEP,ATL,SEA,WIDEBODY,TURN_0201,PAIRED_TURN,SIM_AC_0201,2024-01-01_DL_2638,75,60,G136,0.2002,20.0%,4.5,0.91,661,11:01,668,11:08,659,10:59,-2.0,Sớm 2p ⚡,530,08:50,676,11:16,146,[08:50 ➔ 11:16],True,17,An toàn tuyệt đối (Được bảo vệ)
flight_key_v1_803d31175a3ab1392c79cc033a59121e,DL,2659,DL 2659,DEP,ATL,PVD,NARROWBODY,TURN_0231,PAIRED_TURN,SIM_AC_0231,2024-01-01_DL_1130,40,45,G147,0.1987,19.9%,4.3,0.85,661,11:01,668,11:08,659,10:59,-2.0,Sớm 2p ⚡,582,09:42,676,11:16,94,[09:42 ➔ 11:16],True,17,An toàn tuyệt đối (Được bảo vệ)
flight_key_v1_0f0b78267ac94e07ddd52a6426be9bba,DL,322,DL 322,ARR,BOS,ATL,NARROWBODY,TURN_0268,PAIRED_TURN,SIM_AC_0268,2024-01-01_DL_322,40,45,G100,0.202,20.2%,-1.5,-0.29,662,11:02,660,11:00,627,10:27,-35.0,Sớm 35p ⚡,647,10:47,733,12:13,86,[10:47 ➔ 12:13],False,106,Hạ cánh sớm hơn đệm (20p)
flight_key_v1_10dd11b41f44a9b98d0a4ad9ffef5035,DL,1408,DL 1408,DEP,ATL,SAT,NARROWBODY,TURN_0235,PAIRED_TURN,SIM_AC_0235,2024-01-01_DL_2514,40,45,G117,0.1987,19.9%,4.2,0.84,662,11:02,669,11:09,655,10:55,-7.0,Sớm 7p ⚡,585,09:45,677,11:17,92,[09:45 ➔ 11:17],True,22,An toàn tuyệt đối (Được bảo vệ)
flight_key_v1_babf4901993bb1ebc9eca8d36a04f1ff,UA,626,UA 626,DEP,ATL,ORD,NARROWBODY,TURN_0237,PAIRED_TURN,SIM_AC_0237,2024-01-01_UA_2008,40,45,G106,0.2624,26.2%,5.6,1.46,663,11:03,672,11:12,659,10:59,-4.0,Sớm 4p ⚡,592,09:52,678,11:18,86,[09:52 ➔ 11:18],True,19,An toàn tuyệt đối (Được bảo vệ)
flight_key_v1_6a1684543522df1a72c6586c9a63f259,DL,1099,DL 1099,DEP,ATL,TPA,WIDEBODY,TURN_0202,PAIRED_TURN,SIM_AC_0202,2024-01-01_DL_2318,75,60,G62,0.1992,19.9%,4.3,0.86,664,11:04,671,11:11,662,11:02,-2.0,Sớm 2p ⚡,530,08:50,679,11:19,149,[08:50 ➔ 11:19],True,17,An toàn tuyệt đối (Được bảo vệ)
flight_key_v1_0f99e1ff195f221a45b44969467aad15,DL,1763,DL 1763,ARR,SJU,ATL,WIDEBODY,TURN_0269,PAIRED_TURN,SIM_AC_0269,2024-01-01_DL_1763,75,60,G105,0.2152,21.5%,-0.5,-0.1,664,11:04,663,11:03,654,10:54,-10.0,Sớm 10p ⚡,649,10:49,854,14:14,205,[10:49 ➔ 14:14],True,200,An toàn tuyệt đối (Được bảo vệ)
flight_key_v1_4993cd59baae77473e676f1ddfbb6b91,DL,2072,DL 2072,DEP,ATL,VPS,NARROWBODY,TURN_0239,PAIRED_TURN,SIM_AC_0239,2024-01-01_DL_2566,40,45,G150,0.1987,19.9%,4.0,0.8,665,11:05,672,11:12,660,11:00,-5.0,Sớm 5p ⚡,593,09:53,680,11:20,87,[09:53 ➔ 11:20],True,20,An toàn tuyệt đối (Được bảo vệ)
flight_key_v1_2e93db3e9e4ec186b27b786b03224fc7,DL,2420,DL 2420,DEP,ATL,AUS,NARROWBODY,TURN_0238,PAIRED_TURN,SIM_AC_0238,2024-01-01_DL_1088,40,45,G103,0.202,20.2%,4.2,0.85,665,11:05,672,11:12,662,11:02,-3.0,Sớm 3p ⚡,592,09:52,680,11:20,88,[09:52 ➔ 11:20],True,18,An toàn tuyệt đối (Được bảo vệ)
flight_key_v1_ae83fc64baaf6e67de834bd2a612b6f1,F9,2911,F9 2911,ARR,TPA,ATL,NARROWBODY,TURN_0270,PAIRED_TURN,SIM_AC_0270,2024-01-01_F9_2911,40,45,G125,0.3348,33.5%,2.0,0.66,665,11:05,666,11:06,887,14:47,222.0,Trễ 222p ⏳,650,10:50,770,12:50,120,[10:50 ➔ 12:50],False,-117,Trễ vượt đệm an toàn (+117p)
flight_key_v1_9e09be66a277ee9773da5b0e59e1a6c7,WN,2956,WN 2956,ARR,BNA,ATL,NARROWBODY,TURN_0042,PAIRED_TURN,SIM_AC_0042,2024-01-01_WN_2956,40,45,G165,0.2398,24.0%,0.6,0.14,665,11:05,665,11:05,652,10:52,-13.0,Sớm 13p ⚡,650,10:50,720,12:00,70,[10:50 ➔ 12:00],True,68,An toàn tuyệt đối (Được bảo vệ)
flight_key_v1_d780b60a093dc28c7e84211e9789b841,OO,4058,OO 4058,DEP,ATL,CSG,NARROWBODY,TURN_0148,PAIRED_TURN,SIM_AC_0148,2024-01-01_OO_3677,40,45,G143,0.3417,34.2%,4.2,1.43,665,11:05,674,11:14,667,11:07,2.0,Trễ 2p ⏳,485,08:05,681,11:21,196,[08:05 ➔ 11:21],True,14,An toàn tuyệt đối (Được bảo vệ)
flight_key_v1_dc9e2a0c8bad18b169a28f3709c16bc3,OO,4137,OO 4137,DEP,ATL,ASE,WIDEBODY,TURN_0800,UNMATCHED_DEP,SIM_AC_0800,2024-01-01_OO_4137,75,60,G53,0.211,21.1%,6.2,1.31,665,11:05,674,11:14,662,11:02,-3.0,Sớm 3p ⚡,591,09:51,681,11:21,90,[09:51 ➔ 11:21],True,19,An toàn tuyệt đối (Được bảo vệ)
flight_key_v1_a00ff7ac55333aeba7194069dad83f51,AA,1241,AA 1241,ARR,PHL,ATL,WIDEBODY,TURN_0271,PAIRED_TURN,SIM_AC_0271,2024-01-01_AA_1241,75,60,G113,0.2503,25.0%,0.6,0.14,666,11:06,666,11:06,638,10:38,-28.0,Sớm 28p ⚡,651,10:51,827,13:47,176,[10:51 ➔ 13:47],False,189,Hạ cánh sớm hơn đệm (13p)
flight_key_v1_e88c3d4a3eb8573957e53ac026375e53,OH,5584,OH 5584,DEP,ATL,DCA,NARROWBODY,TURN_0801,UNMATCHED_DEP,SIM_AC_0801,2024-01-01_OH_5584,40,45,G52,0.2024,20.2%,3.8,0.77,667,11:07,673,11:13,656,10:56,-11.0,Sớm 11p ⚡,607,10:07,682,11:22,75,[10:07 ➔ 11:22],True,26,An toàn tuyệt đối (Được bảo vệ)
flight_key_v1_b39fdf7e464b21614c6d4a66708c0780,DL,455,DL 455,ARR,DCA,ATL,NARROWBODY,TURN_0272,PAIRED_TURN,SIM_AC_0272,2024-01-01_DL_455,40,45,G84,0.2131,21.3%,1.0,0.22,668,11:08,669,11:09,640,10:40,-28.0,Sớm 28p ⚡,653,10:53,734,12:14,81,[10:53 ➔ 12:14],False,94,Hạ cánh sớm hơn đệm (13p)
flight_key_v1_f5500851906882f3ec1daff147ef7122,DL,817,DL 817,ARR,DEN,ATL,NARROWBODY,TURN_0273,PAIRED_TURN,SIM_AC_0273,2024-01-01_DL_817,40,45,G04,0.2164,21.6%,-0.6,-0.13,668,11:08,667,11:07,659,10:59,-9.0,Sớm 9p ⚡,653,10:53,734,12:14,81,[10:53 ➔ 12:14],True,75,An toàn tuyệt đối (Được bảo vệ)
flight_key_v1_a8e30d690ac9af632d9f8ebe296f40fb,UA,325,UA 325,DEP,ATL,EWR,NARROWBODY,TURN_0241,PAIRED_TURN,SIM_AC_0241,2024-01-01_UA_1428,40,45,G37,0.2345,23.4%,4.4,1.02,670,11:10,678,11:18,660,11:00,-10.0,Sớm 10p ⚡,594,09:54,685,11:25,91,[09:54 ➔ 11:25],True,25,An toàn tuyệt đối (Được bảo vệ)
flight_key_v1_b9de9c166c9bf17d1e4eca16b1783cc6,DL,555,DL 555,DEP,ATL,LAS,NARROWBODY,TURN_0247,PAIRED_TURN,SIM_AC_0247,2024-01-01_DL_870,40,45,G87,0.1987,19.9%,5.7,1.12,670,11:10,678,11:18,678,11:18,8.0,Trễ 8p ⏳,604,10:04,685,11:25,81,[10:04 ➔ 11:25],True,7,An toàn tuyệt đối (Được bảo vệ)
flight_key_v1_817a6ba55292223d1c03fe443e4c7d36,DL,1375,DL 1375,DEP,ATL,SYR,NARROWBODY,TURN_0245,PAIRED_TURN,SIM_AC_0245,2024-01-01_DL_1258,40,45,G03,0.2048,20.5%,4.9,1.0,670,11:10,677,11:17,661,11:01,-9.0,Sớm 9p ⚡,600,10:00,685,11:25,85,[10:00 ➔ 11:25],True,24,An toàn tuyệt đối (Được bảo vệ)
flight_key_v1_97d42f2c9efd2d92a61a246ce90da7d8,DL,2754,DL 2754,DEP,ATL,JAX,NARROWBODY,TURN_0246,PAIRED_TURN,SIM_AC_0246,2024-01-01_DL_2302,40,45,G18,0.2413,24.1%,3.8,0.91,670,11:10,677,11:17,665,11:05,-5.0,Sớm 5p ⚡,604,10:04,685,11:25,81,[10:04 ➔ 11:25],True,20,An toàn tuyệt đối (Được bảo vệ)
flight_key_v1_d95c59fbd1716d838e9d4c55beb260db,9E,5221,9E 5221,ARR,HSV,ATL,NARROWBODY,TURN_0274,PAIRED_TURN,SIM_AC_0274,2024-01-01_9E_5221,40,45,G110,0.209,20.9%,-0.6,-0.13,670,11:10,669,11:09,655,10:55,-15.0,Sớm 15p ⚡,655,10:55,734,12:14,79,[10:55 ➔ 12:14],True,79,An toàn tuyệt đối (Được bảo vệ)
flight_key_v1_eea39053facf276121bf734261c75f0a,DL,2328,DL 2328,ARR,JAX,ATL,NARROWBODY,TURN_0275,PAIRED_TURN,SIM_AC_0275,2024-01-01_DL_2328,40,45,G88,0.2099,21.0%,-0.3,-0.06,672,11:12,671,11:11,681,11:21,9.0,Trễ 9p ⏳,657,10:57,740,12:20,83,[10:57 ➔ 12:20],True,59,An toàn tuyệt đối (Được bảo vệ)
flight_key_v1_182f22adfaa83e049fc9172fbcd1c3c7,DL,1024,DL 1024,DEP,ATL,ELP,NARROWBODY,TURN_0249,PAIRED_TURN,SIM_AC_0249,2024-01-01_DL_1617,40,45,G07,0.202,20.2%,4.4,0.88,674,11:14,681,11:21,674,11:14,0.0,Đúng giờ ✓,604,10:04,689,11:29,85,[10:04 ➔ 11:29],True,15,An toàn tuyệt đối (Được bảo vệ)
flight_key_v1_08e60fef169d4f892366aa14ddf2fa79,9E,5274,9E 5274,DEP,ATL,HSV,NARROWBODY,TURN_0206,PAIRED_TURN,SIM_AC_0206,2024-01-01_9E_5419,40,45,G64,0.3507,35.1%,3.9,1.38,674,11:14,682,11:22,669,11:09,-5.0,Sớm 5p ⚡,530,08:50,689,11:29,159,[08:50 ➔ 11:29],True,20,An toàn tuyệt đối (Được bảo vệ)
flight_key_v1_d6bd09a4f8fcb342ff9f7f35263913a7,WN,1181,WN 1181,ARR,MDW,ATL,NARROWBODY,TURN_0009,PAIRED_TURN,SIM_AC_0009,2024-01-01_WN_1181,40,45,G148,0.2793,27.9%,0.2,0.04,675,11:15,675,11:15,812,13:32,137.0,Trễ 137p ⏳,660,11:00,735,12:15,75,[11:00 ➔ 12:15],False,-77,Trễ vượt đệm an toàn (+77p)
flight_key_v1_094b6783066e5009026d7c57c55a5ef3,9E,5014,9E 5014,DEP,ATL,ICT,NARROWBODY,TURN_0236,PAIRED_TURN,SIM_AC_0236,2024-01-01_9E_4918,40,45,G66,0.2298,23.0%,4.3,0.99,675,11:15,682,11:22,667,11:07,-8.0,Sớm 8p ⚡,585,09:45,690,11:30,105,[09:45 ➔ 11:30],True,23,An toàn tuyệt đối (Được bảo vệ)
flight_key_v1_4ba7ec8d526f2d33aa3ac736bc478cc3,AA,2476,AA 2476,DEP,ATL,DFW,NARROWBODY,TURN_0802,UNMATCHED_DEP,SIM_AC_0802,2024-01-01_AA_2476,40,45,G80,0.2105,21.1%,5.2,1.09,676,11:16,684,11:24,672,11:12,-4.0,Sớm 4p ⚡,617,10:17,692,11:32,75,[10:17 ➔ 11:32],True,20,An toàn tuyệt đối (Được bảo vệ)
flight_key_v1_f6d48737f46addf059c96edd16ac3eca,OH,5073,OH 5073,ARR,CLT,ATL,NARROWBODY,TURN_0276,PAIRED_TURN,SIM_AC_0276,2024-01-01_OH_5073,40,45,G91,0.2751,27.5%,1.1,0.29,677,11:17,678,11:18,661,11:01,-16.0,Sớm 16p ⚡,662,11:02,837,13:57,175,[11:02 ➔ 13:57],False,176,Hạ cánh sớm hơn đệm (1p)
flight_key_v1_605278cf57bfb09ed305c0ab9f7edbf0,DL,564,DL 564,ARR,JFK,ATL,NARROWBODY,TURN_0277,PAIRED_TURN,SIM_AC_0277,2024-01-01_DL_564,40,45,G54,0.2094,20.9%,-1.5,-0.31,679,11:19,677,11:17,662,11:02,-17.0,Sớm 17p ⚡,664,11:04,750,12:30,86,[11:04 ➔ 12:30],False,88,Hạ cánh sớm hơn đệm (2p)
flight_key_v1_9e3c4cecfc6341b17d2b79d0ce5fd87e,DL,2355,DL 2355,DEP,ATL,IND,NARROWBODY,TURN_0250,PAIRED_TURN,SIM_AC_0250,2024-01-01_DL_2678,40,45,G174,0.1987,19.9%,4.0,0.8,680,11:20,687,11:27,675,11:15,-5.0,Sớm 5p ⚡,606,10:06,695,11:35,89,[10:06 ➔ 11:35],True,20,An toàn tuyệt đối (Được bảo vệ)
flight_key_v1_f8f61f43c4141dba58085748577a3159,DL,2582,DL 2582,ARR,PHL,ATL,WIDEBODY,TURN_0278,PAIRED_TURN,SIM_AC_0278,2024-01-01_DL_2582,75,60,G146,0.2152,21.5%,-0.6,-0.14,680,11:20,679,11:19,656,10:56,-24.0,Sớm 24p ⚡,665,11:05,854,14:14,189,[11:05 ➔ 14:14],False,198,Hạ cánh sớm hơn đệm (9p)
flight_key_v1_2e029b57ed00c2b760541c1d35acc5b8,DL,1228,DL 1228,ARR,TPA,ATL,NARROWBODY,TURN_0279,PAIRED_TURN,SIM_AC_0279,2024-01-01_DL_1228,40,45,G115,0.2099,21.0%,-0.0,-0.0,682,11:22,681,11:21,707,11:47,25.0,Trễ 25p ⏳,667,11:07,750,12:30,83,[11:07 ➔ 12:30],True,43,An toàn tuyệt đối (Được bảo vệ)
flight_key_v1_6733a06bde2ac918e1a24d26317a3eb1,AA,1276,AA 1276,ARR,DFW,ATL,NARROWBODY,TURN_0005,PAIRED_TURN,SIM_AC_0005,2024-01-01_AA_1276,40,45,G35,0.3211,32.1%,1.5,0.49,683,11:23,684,11:24,660,11:00,-23.0,Sớm 23p ⚡,668,11:08,751,12:31,83,[11:08 ➔ 12:31],False,91,Hạ cánh sớm hơn đệm (8p)
flight_key_v1_3c9b1593e7773aff00a9add533514ff4,DL,307,DL 307,DEP,ATL,JAC,NARROWBODY,TURN_0251,PAIRED_TURN,SIM_AC_0251,2024-01-01_DL_2098,40,45,G60,0.202,20.2%,4.7,0.95,684,11:24,691,11:31,689,11:29,5.0,Trễ 5p ⏳,608,10:08,699,11:39,91,[10:08 ➔ 11:39],True,10,An toàn tuyệt đối (Được bảo vệ)
flight_key_v1_38bffebb6077abe58837e963c6e13c10,DL,862,DL 862,DEP,ATL,BOS,NARROWBODY,TURN_0252,PAIRED_TURN,SIM_AC_0252,2024-01-01_DL_2279,40,45,G83,0.2094,20.9%,4.3,0.9,685,11:25,692,11:32,682,11:22,-3.0,Sớm 3p ⚡,609,10:09,700,11:40,91,[10:09 ➔ 11:40],True,18,An toàn tuyệt đối (Được bảo vệ)
flight_key_v1_cffcbd7d76664bc702fcffc002689ace,DL,1190,DL 1190,DEP,ATL,PBI,WIDEBODY,TURN_0208,PAIRED_TURN,SIM_AC_0208,2024-01-01_DL_1318,75,60,G127,0.2064,20.6%,5.0,1.04,685,11:25,693,11:33,680,11:20,-5.0,Sớm 5p ⚡,530,08:50,700,11:40,170,[08:50 ➔ 11:40],True,20,An toàn tuyệt đối (Được bảo vệ)
flight_key_v1_d7358e242727bfe4fdf0af0b48e30233,DL,1704,DL 1704,DEP,ATL,DSM,NARROWBODY,TURN_0257,PAIRED_TURN,SIM_AC_0257,2024-01-01_DL_2527,40,45,G102,0.203,20.3%,4.3,0.87,685,11:25,692,11:32,771,12:51,-5.0,Sớm 5p ⚡,623,10:23,700,11:40,77,[10:23 ➔ 11:40],False,-71,Trễ vượt đệm an toàn (+71p)
flight_key_v1_801a0d6e656f45f5aa0a21cb759a6d9e,DL,2097,DL 2097,DEP,ATL,ROC,NARROWBODY,TURN_0255,PAIRED_TURN,SIM_AC_0255,2024-01-01_DL_2575,40,45,G31,0.23,23.0%,4.2,0.96,685,11:25,692,11:32,683,11:23,-2.0,Sớm 2p ⚡,617,10:17,700,11:40,83,[10:17 ➔ 11:40],True,17,An toàn tuyệt đối (Được bảo vệ)
flight_key_v1_0d7c72f0a70a4000322dd92984ad7b6f,DL,1177,DL 1177,ARR,TUS,ATL,WIDEBODY,TURN_0280,PAIRED_TURN,SIM_AC_0280,2024-01-01_DL_1177,75,60,G12,0.2226,22.3%,-0.6,-0.13,686,11:26,685,11:25,654,10:54,-32.0,Sớm 32p ⚡,671,11:11,862,14:22,191,[11:11 ➔ 14:22],False,208,Hạ cánh sớm hơn đệm (17p)
flight_key_v1_5beed50c0a64aeae3e42f553d673bedc,DL,706,DL 706,DEP,ATL,DEN,NARROWBODY,TURN_0260,PAIRED_TURN,SIM_AC_0260,2024-01-01_DL_1315,40,45,G34,0.2302,23.0%,4.5,1.04,687,11:27,694,11:34,685,11:25,-2.0,Sớm 2p ⚡,631,10:31,702,11:42,71,[10:31 ➔ 11:42],True,17,An toàn tuyệt đối (Được bảo vệ)
flight_key_v1_5fd0b44d2ee5095ccf978e81c29f33bd,DL,1047,DL 1047,ARR,FLL,ATL,NARROWBODY,TURN_0281,PAIRED_TURN,SIM_AC_0281,2024-01-01_DL_1047,40,45,G30,0.2104,21.0%,0.2,0.04,687,11:27,687,11:27,686,11:26,-1.0,Sớm 1p ⚡,672,11:12,752,12:32,80,[11:12 ➔ 12:32],True,66,An toàn tuyệt đối (Được bảo vệ)
flight_key_v1_eae7c6a5d9396b75772ebe1d54613005,OO,3711,OO 3711,ARR,AGS,ATL,WIDEBODY,TURN_0282,PAIRED_TURN,SIM_AC_0282,2024-01-01_OO_3711,75,60,G158,0.2944,29.4%,2.8,0.83,687,11:27,689,11:29,666,11:06,-21.0,Sớm 21p ⚡,672,11:12,908,15:08,236,[11:12 ➔ 15:08],False,242,Hạ cánh sớm hơn đệm (6p)
flight_key_v1_c1ec0dc3f309b455d666632fd3a98347,DL,1582,DL 1582,DEP,ATL,FLL,WIDEBODY,TURN_0213,PAIRED_TURN,SIM_AC_0213,2024-01-01_DL_2336,75,60,G121,0.2022,20.2%,5.2,1.05,688,11:28,696,11:36,683,11:23,-5.0,Sớm 5p ⚡,547,09:07,703,11:43,156,[09:07 ➔ 11:43],True,20,An toàn tuyệt đối (Được bảo vệ)
flight_key_v1_479e10261367a08ab04b16da98b958a9,AA,2367,AA 2367,DEP,ATL,ORD,NARROWBODY,TURN_0262,PAIRED_TURN,SIM_AC_0262,2024-01-01_AA_1046,40,45,G139,0.2795,28.0%,4.6,1.29,689,11:29,697,11:37,687,11:27,-2.0,Sớm 2p ⚡,634,10:34,704,11:44,70,[10:34 ➔ 11:44],True,17,An toàn tuyệt đối (Được bảo vệ)
flight_key_v1_9b2e67734d9a3454fbc0bef26ea35fc6,DL,883,DL 883,DEP,ATL,MSN,NARROWBODY,TURN_0803,UNMATCHED_DEP,SIM_AC_0803,2024-01-01_DL_883,40,45,G48,0.202,20.2%,4.3,0.86,690,11:30,697,11:37,685,11:25,-5.0,Sớm 5p ⚡,630,10:30,705,11:45,75,[10:30 ➔ 11:45],True,20,An toàn tuyệt đối (Được bảo vệ)
flight_key_v1_e7c4062db25831ceaad2e0ae88318ffb,DL,967,DL 967,DEP,ATL,BUF,NARROWBODY,TURN_0805,UNMATCHED_DEP,SIM_AC_0805,2024-01-01_DL_967,40,45,G155,0.2008,20.1%,4.2,0.84,690,11:30,697,11:37,683,11:23,-7.0,Sớm 7p ⚡,630,10:30,705,11:45,75,[10:30 ➔ 11:45],True,22,An toàn tuyệt đối (Được bảo vệ)
flight_key_v1_b157807809809c4120c3af159a994a84,DL,1030,DL 1030,DEP,ATL,MCO,NARROWBODY,TURN_0804,UNMATCHED_DEP,SIM_AC_0804,2024-01-01_DL_1030,40,45,G58,0.2018,20.2%,5.0,1.02,690,11:30,698,11:38,687,11:27,-3.0,Sớm 3p ⚡,631,10:31,706,11:46,75,[10:31 ➔ 11:46],True,19,An toàn tuyệt đối (Được bảo vệ)
flight_key_v1_5de494ecbdf9fcc09c085446bd7a8bfe,DL,2526,DL 2526,ARR,MSY,ATL,NARROWBODY,TURN_0283,PAIRED_TURN,SIM_AC_0283,2024-01-01_DL_2526,40,45,G15,0.2133,21.3%,0.3,0.07,690,11:30,690,11:30,673,11:13,-17.0,Sớm 17p ⚡,675,11:15,752,12:32,77,[11:15 ➔ 12:32],False,79,Hạ cánh sớm hơn đệm (2p)
flight_key_v1_b86ffadfcd65ca109aaaf3f46dbc07b5,NK,3390,NK 3390,ARR,LGA,ATL,NARROWBODY,TURN_0284,PAIRED_TURN,SIM_AC_0284,2024-01-01_NK_3390,40,45,G98,0.2929,29.3%,1.0,0.28,692,11:32,692,11:32,654,10:54,-38.0,Sớm 38p ⚡,677,11:17,895,14:55,218,[11:17 ➔ 14:55],False,241,Hạ cánh sớm hơn đệm (23p)
flight_key_v1_3ba923b762c8166f9e4b84c431b0c25a,DL,542,DL 542,ARR,PHX,ATL,NARROWBODY,TURN_0285,PAIRED_TURN,SIM_AC_0285,2024-01-01_DL_542,40,45,G79,0.2272,22.7%,-0.6,-0.13,693,11:33,692,11:32,678,11:18,-15.0,Sớm 15p ⚡,678,11:18,753,12:33,75,[11:18 ➔ 12:33],True,75,An toàn tuyệt đối (Được bảo vệ)
flight_key_v1_1c467a3ff2e0ee3a33ec5718e162d761,B6,519,B6 519,ARR,JFK,ATL,NARROWBODY,TURN_0663,UNMATCHED_ARR,SIM_AC_0663,2024-01-01_B6_519,40,45,G142,0.4012,40.1%,1.0,0.39,695,11:35,695,11:35,690,11:30,-5.0,Sớm 5p ⚡,680,11:20,750,12:30,70,[11:20 ➔ 12:30],True,60,An toàn tuyệt đối (Được bảo vệ)
flight_key_v1_c24a6c0f29dd5c2f8bab3f80fdb37872,DL,1889,DL 1889,DEP,ATL,STT,NARROWBODY,TURN_0806,UNMATCHED_DEP,SIM_AC_0806,2024-01-01_DL_1889,40,45,G56,0.2065,20.6%,6.6,1.36,695,11:35,704,11:44,699,11:39,4.0,Trễ 4p ⏳,636,10:36,711,11:51,75,[10:36 ➔ 11:51],True,12,An toàn tuyệt đối (Được bảo vệ)
flight_key_v1_d95107b3d039b2819157871e007373c6,F9,2898,F9 2898,DEP,ATL,DTW,NARROWBODY,TURN_0254,PAIRED_TURN,SIM_AC_0254,2024-01-01_F9_4772,40,45,G157,0.483,48.3%,5.4,2.63,695,11:35,707,11:47,692,11:32,-3.0,Sớm 3p ⚡,612,10:12,711,11:51,99,[10:12 ➔ 11:51],True,19,An toàn tuyệt đối (Được bảo vệ)
flight_key_v1_e092a1f42f200e063c3191549aab6849,DL,1688,DL 1688,ARR,ABQ,ATL,NARROWBODY,TURN_0287,PAIRED_TURN,SIM_AC_0287,2024-01-01_DL_1688,40,45,G06,0.2097,21.0%,-0.6,-0.12,698,11:38,697,11:37,690,11:30,-8.0,Sớm 8p ⚡,683,11:23,755,12:35,72,[11:23 ➔ 12:35],True,65,An toàn tuyệt đối (Được bảo vệ)
flight_key_v1_2ad8fe8456664646ecb6008346ce7ad4,9E,5039,9E 5039,ARR,CHA,ATL,NARROWBODY,TURN_0286,PAIRED_TURN,SIM_AC_0286,2024-01-01_9E_5039,40,45,G74,0.2198,22.0%,0.7,0.16,698,11:38,698,11:38,689,11:29,-9.0,Sớm 9p ⚡,683,11:23,795,13:15,112,[11:23 ➔ 13:15],True,106,An toàn tuyệt đối (Được bảo vệ)
flight_key_v1_5cee849bf24e330ab6f281a5d07b89c3,9E,4987,9E 4987,DEP,ATL,MDT,NARROWBODY,TURN_0253,PAIRED_TURN,SIM_AC_0253,2024-01-01_9E_5279,40,45,G172,0.2031,20.3%,4.3,0.87,700,11:40,707,11:47,698,11:38,-2.0,Sớm 2p ⚡,610,10:10,715,11:55,105,[10:10 ➔ 11:55],True,17,An toàn tuyệt đối (Được bảo vệ)
flight_key_v1_58722d7df4711e3e08dfb131dc847d1d,DL,8785,DL 8785,ARR,DTW,ATL,NARROWBODY,TURN_0288,PAIRED_TURN,SIM_AC_0288,2024-01-01_DL_8785,40,45,G45,0.2274,22.7%,-0.9,-0.21,700,11:40,699,11:39,683,11:23,-17.0,Sớm 17p ⚡,685,11:25,758,12:38,73,[11:25 ➔ 12:38],False,75,Hạ cánh sớm hơn đệm (2p)
flight_key_v1_94b4b63b1afb42f1e07b4ea36874d5b4,NK,1595,NK 1595,DEP,ATL,EWR,WIDEBODY,TURN_0807,UNMATCHED_DEP,SIM_AC_0807,2024-01-01_NK_1595,75,60,G72,0.2166,21.7%,6.6,1.43,701,11:41,710,11:50,725,12:05,24.0,Trễ 24p ⏳,627,10:27,717,11:57,90,[10:27 ➔ 11:57],False,-8,Trễ vượt đệm an toàn (+8p)
flight_key_v1_246eea95d02c1c6f4907e7287f55d8b8,DL,501,DL 501,DEP,ATL,LAX,NARROWBODY,TURN_0265,PAIRED_TURN,SIM_AC_0265,2024-01-01_DL_2023,40,45,G38,0.206,20.6%,5.5,1.14,702,11:42,710,11:50,704,11:44,2.0,Trễ 2p ⏳,644,10:44,717,11:57,73,[10:44 ➔ 11:57],True,13,An toàn tuyệt đối (Được bảo vệ)
flight_key_v1_3ca64902a6c2418778ca29f1de635915,WN,2956,WN 2956,DEP,ATL,PHL,NARROWBODY,TURN_0042,PAIRED_TURN,SIM_AC_0042,2024-01-01_WN_2956,40,45,G165,0.2398,24.0%,5.2,1.25,705,11:45,714,11:54,704,11:44,-1.0,Sớm 1p ⚡,650,10:50,720,12:00,70,[10:50 ➔ 12:00],True,16,An toàn tuyệt đối (Được bảo vệ)
flight_key_v1_0e12af3b2cd2d442b5952d6a91da65e2,9E,5479,9E 5479,DEP,ATL,MGM,NARROWBODY,TURN_0808,UNMATCHED_DEP,SIM_AC_0808,2024-01-01_9E_5479,40,45,G141,0.2031,20.3%,3.9,0.8,705,11:45,711,11:51,700,11:40,-5.0,Sớm 5p ⚡,645,10:45,720,12:00,75,[10:45 ➔ 12:00],True,20,An toàn tuyệt đối (Được bảo vệ)
flight_key_v1_b514c1caf8c953ea724d7cf40b1e5afb,9E,5061,9E 5061,DEP,ATL,LFT,NARROWBODY,TURN_0809,UNMATCHED_DEP,SIM_AC_0809,2024-01-01_9E_5061,40,45,G118,0.2031,20.3%,3.9,0.8,706,11:46,712,11:52,712,11:52,6.0,Trễ 6p ⏳,646,10:46,721,12:01,75,[10:46 ➔ 12:01],True,9,An toàn tuyệt đối (Được bảo vệ)
flight_key_v1_a45fcf33a9d20d939ff2f7fa50b94cae,OH,5472,OH 5472,DEP,ATL,CLT,NARROWBODY,TURN_0256,PAIRED_TURN,SIM_AC_0256,2024-01-01_OH_5584,40,45,G39,0.3069,30.7%,3.9,1.21,707,11:47,715,11:55,697,11:37,-10.0,Sớm 10p ⚡,620,10:20,722,12:02,102,[10:20 ➔ 12:02],True,25,An toàn tuyệt đối (Được bảo vệ)
flight_key_v1_1dded82e13f1886e8178145f98052fb4,AA,2785,AA 2785,DEP,ATL,MIA,NARROWBODY,TURN_0810,UNMATCHED_DEP,SIM_AC_0810,2024-01-01_AA_2785,40,45,G131,0.2105,21.1%,5.7,1.2,708,11:48,716,11:56,704,11:44,-4.0,Sớm 4p ⚡,649,10:49,724,12:04,75,[10:49 ➔ 12:04],True,20,An toàn tuyệt đối (Được bảo vệ)
flight_key_v1_d1e9f70d08bc27ac9ed8db59d90513f9,DL,433,DL 433,ARR,LGA,ATL,NARROWBODY,TURN_0290,PAIRED_TURN,SIM_AC_0290,2024-01-01_DL_433,40,45,G13,0.2099,21.0%,-1.0,-0.21,710,11:50,708,11:48,670,11:10,-40.0,Sớm 40p ⚡,695,11:35,765,12:45,70,[11:35 ➔ 12:45],False,95,Hạ cánh sớm hơn đệm (25p)
flight_key_v1_6a04abdf3ddb2bd821bd1f4a2f882ff7,WN,1211,WN 1211,ARR,HOU,ATL,NARROWBODY,TURN_0289,PAIRED_TURN,SIM_AC_0289,2024-01-01_WN_1211,40,45,G107,0.2351,23.5%,0.2,0.04,710,11:50,710,11:50,689,11:29,-21.0,Sớm 21p ⚡,695,11:35,795,13:15,100,[11:35 ➔ 13:15],False,106,Hạ cánh sớm hơn đệm (6p)
flight_key_v1_3b233ac852ca836284ea398f25555c5f,DL,2345,DL 2345,DEP,ATL,MSY,WIDEBODY,TURN_0233,PAIRED_TURN,SIM_AC_0233,2024-01-01_DL_2838,75,60,G77,0.1976,19.8%,3.7,0.73,710,11:50,716,11:56,705,11:45,-5.0,Sớm 5p ⚡,583,09:43,725,12:05,142,[09:43 ➔ 12:05],True,20,An toàn tuyệt đối (Được bảo vệ)
flight_key_v1_cb1b6968faccef7482e6b0fc11cfdfd6,NK,2720,NK 2720,DEP,ATL,SJU,NARROWBODY,TURN_0259,PAIRED_TURN,SIM_AC_0259,2024-01-01_NK_770,40,45,G11,0.3284,32.8%,8.8,2.89,710,11:50,723,12:03,698,11:38,-12.0,Sớm 12p ⚡,631,10:31,725,12:05,94,[10:31 ➔ 12:05],True,27,An toàn tuyệt đối (Được bảo vệ)
flight_key_v1_63f9ee66091c4d9cb852f338aff92e29,F9,3294,F9 3294,ARR,DEN,ATL,NARROWBODY,TURN_0291,PAIRED_TURN,SIM_AC_0291,2024-01-01_F9_3294,40,45,G67,0.4482,44.8%,2.4,1.08,711,11:51,713,11:53,698,11:38,-13.0,Sớm 13p ⚡,697,11:37,782,13:02,85,[11:37 ➔ 13:02],True,84,An toàn tuyệt đối (Được bảo vệ)
flight_key_v1_49f352318b992f5c1276b7c827ff6a00,DL,1147,DL 1147,DEP,ATL,ORD,NARROWBODY,TURN_0266,PAIRED_TURN,SIM_AC_0266,2024-01-01_DL_1634,40,45,G168,0.2687,26.9%,4.8,1.3,713,11:53,721,12:01,706,11:46,-7.0,Sớm 7p ⚡,645,10:45,728,12:08,83,[10:45 ➔ 12:08],True,22,An toàn tuyệt đối (Được bảo vệ)
flight_key_v1_5e7afde28b1f8cc5d015edaa908b8b3d,9E,4933,9E 4933,ARR,TYS,ATL,WIDEBODY,TURN_0292,PAIRED_TURN,SIM_AC_0292,2024-01-01_9E_4933,75,60,G69,0.2198,22.0%,0.0,0.01,713,11:53,713,11:53,696,11:36,-17.0,Sớm 17p ⚡,698,11:38,840,14:00,142,[11:38 ➔ 14:00],False,144,Hạ cánh sớm hơn đệm (2p)
flight_key_v1_10de5e972e3ee26103ed6066f9348b96,DL,1362,DL 1362,DEP,ATL,EGE,NARROWBODY,TURN_0267,PAIRED_TURN,SIM_AC_0267,2024-01-01_DL_2693,40,45,G71,0.202,20.2%,4.6,0.93,716,11:56,723,12:03,732,12:12,16.0,Trễ 16p ⏳,645,10:45,731,12:11,86,[10:45 ➔ 12:11],False,-1,Trễ vượt đệm an toàn (+1p)
flight_key_v1_4c325e68f7e219a3d29956c59efa85e9,DL,2434,DL 2434,DEP,ATL,EWR,WIDEBODY,TURN_0240,PAIRED_TURN,SIM_AC_0240,2024-01-01_DL_2281,75,60,G05,0.1987,19.9%,4.8,0.94,716,11:56,723,12:03,709,11:49,-7.0,Sớm 7p ⚡,593,09:53,731,12:11,138,[09:53 ➔ 12:11],True,22,An toàn tuyệt đối (Được bảo vệ)
flight_key_v1_ae5ddeb81d75f2bb854cd8fb6126760f,DL,663,DL 663,DEP,ATL,SLC,NARROWBODY,TURN_0268,PAIRED_TURN,SIM_AC_0268,2024-01-01_DL_322,40,45,G100,0.202,20.2%,4.7,0.95,718,11:58,725,12:05,709,11:49,-9.0,Sớm 9p ⚡,647,10:47,733,12:13,86,[10:47 ➔ 12:13],True,24,An toàn tuyệt đối (Được bảo vệ)
flight_key_v1_5bb7b804a0a23dc270dede81318d034b,DL,835,DL 835,DEP,ATL,LGA,NARROWBODY,TURN_0272,PAIRED_TURN,SIM_AC_0272,2024-01-01_DL_455,40,45,G84,0.2131,21.3%,4.8,1.01,719,11:59,726,12:06,718,11:58,-1.0,Sớm 1p ⚡,653,10:53,734,12:14,81,[10:53 ➔ 12:14],True,16,An toàn tuyệt đối (Được bảo vệ)
flight_key_v1_ac559baef995aad36fa8e7cee9dd2c62,DL,1682,DL 1682,DEP,ATL,IAH,NARROWBODY,TURN_0273,PAIRED_TURN,SIM_AC_0273,2024-01-01_DL_817,40,45,G04,0.2164,21.6%,4.3,0.93,719,11:59,726,12:06,717,11:57,-2.0,Sớm 2p ⚡,653,10:53,734,12:14,81,[10:53 ➔ 12:14],True,17,An toàn tuyệt đối (Được bảo vệ)
flight_key_v1_880fd4aca3766f7c391e5e73d3454ca1,OO,3935,OO 3935,DEP,ATL,SHV,NARROWBODY,TURN_0174,PAIRED_TURN,SIM_AC_0174,2024-01-01_OO_3938,40,45,G47,0.2595,25.9%,4.4,1.15,719,11:59,727,12:07,715,11:55,-4.0,Sớm 4p ⚡,512,08:32,734,12:14,222,[08:32 ➔ 12:14],True,19,An toàn tuyệt đối (Được bảo vệ)
flight_key_v1_c2aab586c97ef15defa4a097a5cddcc4,9E,5184,9E 5184,DEP,ATL,SGF,NARROWBODY,TURN_0274,PAIRED_TURN,SIM_AC_0274,2024-01-01_9E_5221,40,45,G110,0.209,20.9%,4.2,0.88,719,11:59,726,12:06,719,11:59,0.0,Đúng giờ ✓,655,10:55,734,12:14,79,[10:55 ➔ 12:14],True,15,An toàn tuyệt đối (Được bảo vệ)
flight_key_v1_1ae628a2058b40095f6274a5e1108b26,9E,5195,9E 5195,DEP,ATL,XNA,NARROWBODY,TURN_0811,UNMATCHED_DEP,SIM_AC_0811,2024-01-01_9E_5195,40,45,G08,0.209,20.9%,4.2,0.88,719,11:59,726,12:06,714,11:54,-5.0,Sớm 5p ⚡,659,10:59,734,12:14,75,[10:59 ➔ 12:14],True,20,An toàn tuyệt đối (Được bảo vệ)
flight_key_v1_91d15abc2e6391549810f570a48b1cfd,WN,1122,WN 1122,ARR,BWI,ATL,NARROWBODY,TURN_0293,PAIRED_TURN,SIM_AC_0293,2024-01-01_WN_1122,40,45,G70,0.2894,28.9%,1.5,0.44,720,12:00,721,12:01,710,11:50,-10.0,Sớm 10p ⚡,705,11:45,810,13:30,105,[11:45 ➔ 13:30],True,100,An toàn tuyệt đối (Được bảo vệ)
flight_key_v1_8866cc4ae31014a880a15fff287fe183,WN,1181,WN 1181,DEP,ATL,AUS,NARROWBODY,TURN_0009,PAIRED_TURN,SIM_AC_0009,2024-01-01_WN_1181,40,45,G148,0.2793,27.9%,5.9,1.64,720,12:00,729,12:09,852,14:12,86.0,Trễ 86p ⏳,660,11:00,735,12:15,75,[11:00 ➔ 12:15],False,-117,Trễ vượt đệm an toàn (+117p)
flight_key_v1_9d939451957b5e18d70cc3545d9f30f5,9E,5035,9E 5035,ARR,JAN,ATL,NARROWBODY,TURN_0294,PAIRED_TURN,SIM_AC_0294,2024-01-01_9E_5035,40,45,G16,0.2198,22.0%,0.1,0.02,721,12:01,721,12:01,705,11:45,-16.0,Sớm 16p ⚡,706,11:46,813,13:33,107,[11:46 ➔ 13:33],False,108,Hạ cánh sớm hơn đệm (1p)
flight_key_v1_9923c3e6383b258aac4a1990e19b6654,DL,2001,DL 2001,ARR,MCI,ATL,NARROWBODY,TURN_0295,PAIRED_TURN,SIM_AC_0295,2024-01-01_DL_2001,40,45,G145,0.2099,21.0%,-0.2,-0.04,724,12:04,723,12:03,702,11:42,-22.0,Sớm 22p ⚡,709,11:49,780,13:00,71,[11:49 ➔ 13:00],False,78,Hạ cánh sớm hơn đệm (7p)
flight_key_v1_cff5e61986fc7498b51c2e127e98f174,DL,1029,DL 1029,DEP,ATL,MTJ,NARROWBODY,TURN_0275,PAIRED_TURN,SIM_AC_0275,2024-01-01_DL_2328,40,45,G88,0.2099,21.0%,4.9,1.03,725,12:05,732,12:12,731,12:11,6.0,Trễ 6p ⏳,657,10:57,740,12:20,83,[10:57 ➔ 12:20],True,9,An toàn tuyệt đối (Được bảo vệ)
flight_key_v1_8a6cb0d1f3f552c44d352d440bafd569,WN,1375,WN 1375,ARR,TPA,ATL,NARROWBODY,TURN_0296,PAIRED_TURN,SIM_AC_0296,2024-01-01_WN_1375,40,45,G130,0.2351,23.5%,1.0,0.23,725,12:05,725,12:05,703,11:43,-22.0,Sớm 22p ⚡,710,11:50,835,13:55,125,[11:50 ➔ 13:55],False,132,Hạ cánh sớm hơn đệm (7p)
flight_key_v1_86bb531fad77e6df2441782d2d3d7d28,B6,520,B6 520,DEP,ATL,JFK,NARROWBODY,TURN_0812,UNMATCHED_DEP,SIM_AC_0812,2024-01-01_B6_520,40,45,G132,0.2367,23.7%,7.1,1.68,730,12:10,741,12:21,731,12:11,1.0,Trễ 1p ⏳,671,11:11,746,12:26,75,[11:11 ➔ 12:26],True,15,An toàn tuyệt đối (Được bảo vệ)
flight_key_v1_e355073ee31fa7f02b3431b8452bb644,WN,191,WN 191,ARR,DAL,ATL,WIDEBODY,TURN_0665,UNMATCHED_ARR,SIM_AC_0665,2024-01-01_WN_191,75,60,G07,0.2502,25.0%,0.6,0.14,735,12:15,735,12:15,733,12:13,-2.0,Sớm 2p ⚡,720,12:00,825,13:45,105,[12:00 ➔ 13:45],True,92,An toàn tuyệt đối (Được bảo vệ)
flight_key_v1_056bbb517748b194b423f6791698bbbf,DL,968,DL 968,DEP,ATL,RSW,NARROWBODY,TURN_0277,PAIRED_TURN,SIM_AC_0277,2024-01-01_DL_564,40,45,G54,0.2094,20.9%,4.8,1.0,735,12:15,742,12:22,732,12:12,-3.0,Sớm 3p ⚡,664,11:04,750,12:30,86,[11:04 ➔ 12:30],True,18,An toàn tuyệt đối (Được bảo vệ)
flight_key_v1_eec5a31fcf003cadf4bed74933e38751,WN,1297,WN 1297,ARR,MCO,ATL,WIDEBODY,TURN_0664,UNMATCHED_ARR,SIM_AC_0664,2024-01-01_WN_1297,75,60,G90,0.3114,31.1%,1.8,0.56,735,12:15,736,12:16,723,12:03,-12.0,Sớm 12p ⚡,720,12:00,825,13:45,105,[12:00 ➔ 13:45],True,102,An toàn tuyệt đối (Được bảo vệ)
flight_key_v1_edf19bf6768ae579d5108a0ce08673bf,DL,1585,DL 1585,DEP,ATL,GPT,NARROWBODY,TURN_0279,PAIRED_TURN,SIM_AC_0279,2024-01-01_DL_1228,40,45,G115,0.2099,21.0%,4.2,0.87,735,12:15,742,12:22,730,12:10,-5.0,Sớm 5p ⚡,667,11:07,750,12:30,83,[11:07 ➔ 12:30],True,20,An toàn tuyệt đối (Được bảo vệ)
flight_key_v1_48620ca35d88a77222f5299774f52db5,AA,1276,AA 1276,DEP,ATL,DFW,NARROWBODY,TURN_0005,PAIRED_TURN,SIM_AC_0005,2024-01-01_AA_1276,40,45,G35,0.3211,32.1%,5.4,1.74,736,12:16,746,12:26,723,12:03,-13.0,Sớm 13p ⚡,668,11:08,751,12:31,83,[11:08 ➔ 12:31],True,28,An toàn tuyệt đối (Được bảo vệ)
flight_key_v1_e6a8d899e94d68a140a0638984b1148e,DL,1525,DL 1525,DEP,ATL,TPA,NARROWBODY,TURN_0283,PAIRED_TURN,SIM_AC_0283,2024-01-01_DL_2526,40,45,G15,0.2133,21.3%,4.9,1.04,737,12:17,744,12:24,736,12:16,-1.0,Sớm 1p ⚡,675,11:15,752,12:32,77,[11:15 ➔ 12:32],True,16,An toàn tuyệt đối (Được bảo vệ)
flight_key_v1_befdcc2841ad29000254d2ecd406de20,DL,2320,DL 2320,DEP,ATL,CLT,NARROWBODY,TURN_0281,PAIRED_TURN,SIM_AC_0281,2024-01-01_DL_1047,40,45,G30,0.2104,21.0%,4.1,0.86,737,12:17,744,12:24,752,12:32,15.0,Trễ 15p ⏳,672,11:12,752,12:32,80,[11:12 ➔ 12:32],True,0,An toàn tuyệt đối (Được bảo vệ)
flight_key_v1_af730c450ba44481be569a3a0c94bd23,DL,1946,DL 1946,DEP,ATL,SJU,NARROWBODY,TURN_0285,PAIRED_TURN,SIM_AC_0285,2024-01-01_DL_542,40,45,G79,0.2272,22.7%,7.1,1.61,738,12:18,748,12:28,734,12:14,-4.0,Sớm 4p ⚡,678,11:18,753,12:33,75,[11:18 ➔ 12:33],True,19,An toàn tuyệt đối (Được bảo vệ)
flight_key_v1_430243118ee4256868ebab28737ef99c,DL,394,DL 394,ARR,SLC,ATL,NARROWBODY,TURN_0297,PAIRED_TURN,SIM_AC_0297,2024-01-01_DL_394,40,45,G17,0.2179,21.8%,-0.6,-0.13,740,12:20,739,12:19,730,12:10,-10.0,Sớm 10p ⚡,725,12:05,795,13:15,70,[12:05 ➔ 13:15],True,65,An toàn tuyệt đối (Được bảo vệ)
flight_key_v1_fb50d6047183d6879b72b89b79c27d5e,DL,2901,DL 2901,DEP,ATL,MSP,NARROWBODY,TURN_0287,PAIRED_TURN,SIM_AC_0287,2024-01-01_DL_1688,40,45,G06,0.2097,21.0%,5.8,1.22,740,12:20,748,12:28,738,12:18,-2.0,Sớm 2p ⚡,683,11:23,755,12:35,72,[11:23 ➔ 12:35],True,17,An toàn tuyệt đối (Được bảo vệ)
flight_key_v1_a501c6809ab9af7240ac1c70f07a3d0e,DL,454,DL 454,DEP,ATL,MIA,NARROWBODY,TURN_0288,PAIRED_TURN,SIM_AC_0288,2024-01-01_DL_8785,40,45,G45,0.2274,22.7%,6.7,1.51,743,12:23,752,12:32,754,12:34,11.0,Trễ 11p ⏳,685,11:25,758,12:38,73,[11:25 ➔ 12:38],True,4,An toàn tuyệt đối (Được bảo vệ)
flight_key_v1_6cc52964c81317ea074bc8355284a7fb,NK,1444,NK 1444,DEP,ATL,BOS,NARROWBODY,TURN_0263,PAIRED_TURN,SIM_AC_0263,2024-01-01_NK_3901,40,45,G40,0.3737,37.4%,8.8,3.28,743,12:23,757,12:37,741,12:21,-2.0,Sớm 2p ⚡,636,10:36,758,12:38,122,[10:36 ➔ 12:38],True,17,An toàn tuyệt đối (Được bảo vệ)
flight_key_v1_bbd7ba2d7c19888d4f73a0db6f2fc88b,DL,1303,DL 1303,ARR,MIA,ATL,NARROWBODY,TURN_0299,PAIRED_TURN,SIM_AC_0299,2024-01-01_DL_1303,40,45,G123,0.2283,22.8%,1.6,0.36,745,12:25,746,12:26,746,12:26,1.0,Trễ 1p ⏳,730,12:10,801,13:21,71,[12:10 ➔ 13:21],True,55,An toàn tuyệt đối (Được bảo vệ)
flight_key_v1_394e801e298a40c427d15d8e37357514,9E,4858,9E 4858,ARR,TLH,ATL,NARROWBODY,TURN_0298,PAIRED_TURN,SIM_AC_0298,2024-01-01_9E_4858,40,45,G61,0.2198,22.0%,0.7,0.15,745,12:25,745,12:25,732,12:12,-13.0,Sớm 13p ⚡,730,12:10,837,13:57,107,[12:10 ➔ 13:57],True,105,An toàn tuyệt đối (Được bảo vệ)
flight_key_v1_35b38ada996693ded2b314314f7f349a,DL,2039,DL 2039,ARR,FLL,ATL,NARROWBODY,TURN_0300,PAIRED_TURN,SIM_AC_0300,2024-01-01_DL_2039,40,45,G86,0.2152,21.5%,1.5,0.31,747,12:27,748,12:28,741,12:21,-6.0,Sớm 6p ⚡,732,12:12,825,13:45,93,[12:12 ➔ 13:45],True,84,An toàn tuyệt đối (Được bảo vệ)
flight_key_v1_3adaf8cb7c423c9d7faddfe5c0f6041c,9E,5272,9E 5272,ARR,TRI,ATL,NARROWBODY,TURN_0301,PAIRED_TURN,SIM_AC_0301,2024-01-01_9E_5272,40,45,G120,0.2198,22.0%,0.4,0.09,748,12:28,748,12:28,727,12:07,-21.0,Sớm 21p ⚡,733,12:13,840,14:00,107,[12:13 ➔ 14:00],False,113,Hạ cánh sớm hơn đệm (6p)
flight_key_v1_be401f8df8ea43d53f1976c4c37e6620,DL,511,DL 511,DEP,ATL,JFK,NARROWBODY,TURN_0813,UNMATCHED_DEP,SIM_AC_0813,2024-01-01_DL_511,40,45,G28,0.2099,21.0%,4.9,1.03,749,12:29,756,12:36,759,12:39,10.0,Trễ 10p ⏳,690,11:30,765,12:45,75,[11:30 ➔ 12:45],True,6,An toàn tuyệt đối (Được bảo vệ)
flight_key_v1_8bece62e4afed734d1c0581179913799,WN,1149,WN 1149,DEP,ATL,DEN,NARROWBODY,TURN_0234,PAIRED_TURN,SIM_AC_0234,2024-01-01_WN_1515,40,45,G85,0.234,23.4%,6.0,1.42,750,12:30,760,12:40,749,12:29,-1.0,Sớm 1p ⚡,585,09:45,765,12:45,180,[09:45 ➔ 12:45],True,16,An toàn tuyệt đối (Được bảo vệ)
flight_key_v1_58de0d6a7289934f852b0cfdb19c40dd,DL,1523,DL 1523,DEP,ATL,DTW,NARROWBODY,TURN_0290,PAIRED_TURN,SIM_AC_0290,2024-01-01_DL_433,40,45,G13,0.2099,21.0%,5.2,1.09,750,12:30,758,12:38,746,12:26,-4.0,Sớm 4p ⚡,695,11:35,765,12:45,70,[11:35 ➔ 12:45],True,19,An toàn tuyệt đối (Được bảo vệ)
flight_key_v1_6a40d9f894049d594fa3eccaf4730140,DL,2536,DL 2536,DEP,ATL,PHL,NARROWBODY,TURN_0814,UNMATCHED_DEP,SIM_AC_0814,2024-01-01_DL_2536,40,45,G122,0.2099,21.0%,4.9,1.03,750,12:30,757,12:37,743,12:23,-7.0,Sớm 7p ⚡,691,11:31,766,12:46,75,[11:31 ➔ 12:46],True,23,An toàn tuyệt đối (Được bảo vệ)
flight_key_v1_c7c86983071f4cb79da4c4c46762ceab,DL,350,DL 350,DEP,ATL,BOS,NARROWBODY,TURN_0815,UNMATCHED_DEP,SIM_AC_0815,2024-01-01_DL_350,40,45,G173,0.22,22.0%,5.7,1.25,755,12:35,763,12:43,753,12:33,-2.0,Sớm 2p ⚡,696,11:36,771,12:51,75,[11:36 ➔ 12:51],True,18,An toàn tuyệt đối (Được bảo vệ)
flight_key_v1_c00b331df45b24d4798095fe22b3cc95,F9,2912,F9 2912,DEP,ATL,TPA,NARROWBODY,TURN_0270,PAIRED_TURN,SIM_AC_0270,2024-01-01_F9_2911,40,45,G125,0.3348,33.5%,6.2,2.09,755,12:35,766,12:46,946,15:46,191.0,Trễ 191p ⏳,650,10:50,770,12:50,120,[10:50 ➔ 12:50],False,-176,Trễ vượt đệm an toàn (+176p)
flight_key_v1_7afc5bc952122db420f5c06bf2540700,DL,352,DL 352,DEP,ATL,PHX,NARROWBODY,TURN_0816,UNMATCHED_DEP,SIM_AC_0816,2024-01-01_DL_352,40,45,G126,0.2104,21.0%,5.1,1.07,756,12:36,764,12:44,757,12:37,1.0,Trễ 1p ⏳,697,11:37,772,12:52,75,[11:37 ➔ 12:52],True,15,An toàn tuyệt đối (Được bảo vệ)
flight_key_v1_ad0b7efd498689af2c79269fd702f30d,DL,2026,DL 2026,DEP,ATL,RDU,NARROWBODY,TURN_0817,UNMATCHED_DEP,SIM_AC_0817,2024-01-01_DL_2026,40,45,G68,0.2103,21.0%,4.3,0.9,756,12:36,763,12:43,782,13:02,26.0,Trễ 26p ⏳,696,11:36,771,12:51,75,[11:36 ➔ 12:51],False,-11,Trễ vượt đệm an toàn (+11p)
flight_key_v1_76cf5216c05d938face50807e7c26a30,DL,710,DL 710,ARR,PHX,ATL,NARROWBODY,TURN_0302,PAIRED_TURN,SIM_AC_0302,2024-01-01_DL_710,40,45,G65,0.2255,22.6%,-0.5,-0.11,757,12:37,756,12:36,737,12:17,-20.0,Sớm 20p ⚡,742,12:22,830,13:50,88,[12:22 ➔ 13:50],False,93,Hạ cánh sớm hơn đệm (5p)
flight_key_v1_e6f3d0e3d3f5fc2a9da72334a2bdf028,DL,2326,DL 2326,ARR,JAX,ATL,NARROWBODY,TURN_0303,PAIRED_TURN,SIM_AC_0303,2024-01-01_DL_2326,40,45,G48,0.2195,21.9%,0.4,0.09,757,12:37,757,12:37,744,12:24,-13.0,Sớm 13p ⚡,742,12:22,833,13:53,91,[12:22 ➔ 13:53],True,89,An toàn tuyệt đối (Được bảo vệ)
flight_key_v1_c6a06b688df8be48c64204dcd472c6d9,DL,1413,DL 1413,DEP,ATL,FLL,NARROWBODY,TURN_0819,UNMATCHED_DEP,SIM_AC_0819,2024-01-01_DL_1413,40,45,G162,0.2137,21.4%,6.1,1.3,758,12:38,767,12:47,772,12:52,14.0,Trễ 14p ⏳,699,11:39,774,12:54,75,[11:39 ➔ 12:54],True,2,An toàn tuyệt đối (Được bảo vệ)
flight_key_v1_04e85baecc93ce8f8a4d86086658f65b,DL,1576,DL 1576,DEP,ATL,MCO,NARROWBODY,TURN_0818,UNMATCHED_DEP,SIM_AC_0818,2024-01-01_DL_1576,40,45,G147,0.2125,21.2%,5.5,1.17,758,12:38,766,12:46,807,13:27,49.0,Trễ 49p ⏳,699,11:39,774,12:54,75,[11:39 ➔ 12:54],False,-33,Trễ vượt đệm an toàn (+33p)
flight_key_v1_a2ca76a21f7cbf5f37588dde87cdd85b,DL,1438,DL 1438,ARR,DTW,ATL,NARROWBODY,TURN_0304,PAIRED_TURN,SIM_AC_0304,2024-01-01_DL_1438,40,45,G100,0.2299,23.0%,-0.4,-0.09,759,12:39,758,12:38,748,12:28,-11.0,Sớm 11p ⚡,744,12:24,835,13:55,91,[12:24 ➔ 13:55],True,87,An toàn tuyệt đối (Được bảo vệ)
flight_key_v1_72c4983f23f5d5921d0d9f2ea7f61a8f,WN,157,WN 157,ARR,FLL,ATL,NARROWBODY,TURN_0015,PAIRED_TURN,SIM_AC_0015,2024-01-01_WN_157,40,45,G129,0.2823,28.2%,1.7,0.47,760,12:40,761,12:41,750,12:30,-10.0,Sớm 10p ⚡,745,12:25,815,13:35,70,[12:25 ➔ 13:35],True,65,An toàn tuyệt đối (Được bảo vệ)
flight_key_v1_33c36d3351c0e6db274ac7d12a921b9f,DL,1537,DL 1537,ARR,MSP,ATL,NARROWBODY,TURN_0305,PAIRED_TURN,SIM_AC_0305,2024-01-01_DL_1537,40,45,G170,0.2136,21.4%,-1.0,-0.22,763,12:43,761,12:41,761,12:41,-2.0,Sớm 2p ⚡,748,12:28,835,13:55,87,[12:28 ➔ 13:55],True,74,An toàn tuyệt đối (Được bảo vệ)
flight_key_v1_b5dc43a601a9ad9b2bcd2c3bd8de0d4f,OO,3715,OO 3715,DEP,ATL,AGS,NARROWBODY,TURN_0184,PAIRED_TURN,SIM_AC_0184,2024-01-01_OO_3910,40,45,G63,0.2813,28.1%,4.3,1.21,763,12:43,771,12:51,758,12:38,-5.0,Sớm 5p ⚡,518,08:38,778,12:58,260,[08:38 ➔ 12:58],True,20,An toàn tuyệt đối (Được bảo vệ)
flight_key_v1_d867efacaebc726a322e504a1105af56,DL,1213,DL 1213,ARR,MCO,ATL,NARROWBODY,TURN_0306,PAIRED_TURN,SIM_AC_0306,2024-01-01_DL_1213,40,45,G84,0.2152,21.5%,1.6,0.34,765,12:45,766,12:46,762,12:42,-3.0,Sớm 3p ⚡,750,12:30,835,13:55,85,[12:30 ➔ 13:55],True,73,An toàn tuyệt đối (Được bảo vệ)
flight_key_v1_d5889f7ce0109c792bb5cb7a816640df,WN,2372,WN 2372,DEP,ATL,BWI,WIDEBODY,TURN_0224,PAIRED_TURN,SIM_AC_0224,2024-01-01_WN_1061,75,60,G82,0.231,23.1%,6.6,1.52,765,12:45,774,12:54,764,12:44,-1.0,Sớm 1p ⚡,570,09:30,780,13:00,210,[09:30 ➔ 13:00],True,16,An toàn tuyệt đối (Được bảo vệ)
flight_key_v1_4ca187ed79df1ef20c02b7072f0e2542,DL,2377,DL 2377,DEP,ATL,CLE,NARROWBODY,TURN_0820,UNMATCHED_DEP,SIM_AC_0820,2024-01-01_DL_2377,40,45,G37,0.2099,21.0%,5.1,1.06,765,12:45,773,12:53,775,12:55,10.0,Trễ 10p ⏳,706,11:46,781,13:01,75,[11:46 ➔ 13:01],True,6,An toàn tuyệt đối (Được bảo vệ)
flight_key_v1_0b25bf0808b8175db04fe1486a0fe13a,DL,2799,DL 2799,DEP,ATL,BWI,NARROWBODY,TURN_0295,PAIRED_TURN,SIM_AC_0295,2024-01-01_DL_2001,40,45,G145,0.2099,21.0%,4.9,1.03,765,12:45,772,12:52,768,12:48,3.0,Trễ 3p ⏳,709,11:49,780,13:00,71,[11:49 ➔ 13:00],True,12,An toàn tuyệt đối (Được bảo vệ)
flight_key_v1_4f330d02fb1a90a8873c7d5b3aa101d0,F9,1449,F9 1449,DEP,ATL,DEN,NARROWBODY,TURN_0291,PAIRED_TURN,SIM_AC_0291,2024-01-01_F9_3294,40,45,G67,0.4482,44.8%,6.5,2.9,766,12:46,779,12:59,772,12:52,6.0,Trễ 6p ⏳,697,11:37,782,13:02,85,[11:37 ➔ 13:02],True,10,An toàn tuyệt đối (Được bảo vệ)
flight_key_v1_686f6c38a602949dd2a5a1b7d203ea2c,DL,1134,DL 1134,ARR,SRQ,ATL,WIDEBODY,TURN_0307,PAIRED_TURN,SIM_AC_0307,2024-01-01_DL_1134,75,60,G33,0.217,21.7%,0.9,0.2,768,12:48,768,12:48,759,12:39,-9.0,Sớm 9p ⚡,753,12:33,908,15:08,155,[12:33 ➔ 15:08],True,149,An toàn tuyệt đối (Được bảo vệ)
flight_key_v1_aae7daaa02f71a95ce5e90b003cac4fc,DL,672,DL 672,ARR,LAX,ATL,WIDEBODY,TURN_0309,PAIRED_TURN,SIM_AC_0309,2024-01-01_DL_672,75,60,G133,0.2264,22.6%,-0.6,-0.13,770,12:50,769,12:49,746,12:26,-24.0,Sớm 24p ⚡,755,12:35,920,15:20,165,[12:35 ➔ 15:20],False,174,Hạ cánh sớm hơn đệm (9p)
flight_key_v1_50c87bcdf2add95cf5403b8d8189246a,DL,737,DL 737,DEP,ATL,DCA,NARROWBODY,TURN_0821,UNMATCHED_DEP,SIM_AC_0821,2024-01-01_DL_737,40,45,G59,0.2087,20.9%,4.6,0.95,770,12:50,777,12:57,767,12:47,-3.0,Sớm 3p ⚡,710,11:50,785,13:05,75,[11:50 ➔ 13:05],True,18,An toàn tuyệt đối (Được bảo vệ)
flight_key_v1_0fc3f8ba57b5a8620bf835ef5d10cf89,DL,895,DL 895,DEP,ATL,LAX,WIDEBODY,TURN_0242,PAIRED_TURN,SIM_AC_0242,2024-01-01_DL_1367,75,60,G159,0.2526,25.3%,6.1,1.55,770,12:50,780,13:00,771,12:51,1.0,Trễ 1p ⏳,595,09:55,785,13:05,190,[09:55 ➔ 13:05],True,14,An toàn tuyệt đối (Được bảo vệ)
flight_key_v1_0838743bc1bf719d39647a364435bf14,WN,2214,WN 2214,ARR,LAS,ATL,NARROWBODY,TURN_0030,PAIRED_TURN,SIM_AC_0030,2024-01-01_WN_2214,40,45,G51,0.2418,24.2%,-0.3,-0.08,770,12:50,769,12:49,768,12:48,-2.0,Sớm 2p ⚡,755,12:35,830,13:50,75,[12:35 ➔ 13:50],True,62,An toàn tuyệt đối (Được bảo vệ)
flight_key_v1_0614ee3ca44189c82338b0995d55ff1c,DL,2315,DL 2315,ARR,ECP,ATL,NARROWBODY,TURN_0308,PAIRED_TURN,SIM_AC_0308,2024-01-01_DL_2315,40,45,G148,0.2152,21.5%,0.7,0.16,770,12:50,770,12:50,747,12:27,-23.0,Sớm 23p ⚡,755,12:35,835,13:55,80,[12:35 ➔ 13:55],False,88,Hạ cánh sớm hơn đệm (8p)
flight_key_v1_8b9825483a518cd3c73cce8a8e276676,DL,2223,DL 2223,ARR,SDF,ATL,NARROWBODY,TURN_0310,PAIRED_TURN,SIM_AC_0310,2024-01-01_DL_2223,40,45,G81,0.2152,21.5%,0.3,0.06,771,12:51,771,12:51,744,12:24,-27.0,Sớm 27p ⚡,756,12:36,835,13:55,79,[12:36 ➔ 13:55],False,91,Hạ cánh sớm hơn đệm (12p)
flight_key_v1_aa6d2de684050e04672746c2bc91f157,AA,2934,AA 2934,ARR,ORD,ATL,NARROWBODY,TURN_0666,UNMATCHED_ARR,SIM_AC_0666,2024-01-01_AA_2934,40,45,G44,0.3621,36.2%,1.6,0.59,772,12:52,773,12:53,754,12:34,-18.0,Sớm 18p ⚡,757,12:37,827,13:47,70,[12:37 ➔ 13:47],False,73,Hạ cánh sớm hơn đệm (3p)
flight_key_v1_c681d796474de9aa610f3f185ae34a2c,9E,4935,9E 4935,ARR,ILM,ATL,NARROWBODY,TURN_0311,PAIRED_TURN,SIM_AC_0311,2024-01-01_9E_4935,40,45,G137,0.2311,23.1%,0.6,0.13,772,12:52,772,12:52,749,12:29,-23.0,Sớm 23p ⚡,757,12:37,840,14:00,83,[12:37 ➔ 14:00],False,91,Hạ cánh sớm hơn đệm (8p)
flight_key_v1_e0392fe6dbe7a6656621c695a03f0494,DL,1089,DL 1089,ARR,RSW,ATL,NARROWBODY,TURN_0313,PAIRED_TURN,SIM_AC_0313,2024-01-01_DL_1089,40,45,G56,0.2152,21.5%,0.7,0.15,773,12:53,773,12:53,766,12:46,-7.0,Sớm 7p ⚡,758,12:38,842,14:02,84,[12:38 ➔ 14:02],True,76,An toàn tuyệt đối (Được bảo vệ)
flight_key_v1_bfe81a8e587c8e0a1dac2be364260d58,9E,5460,9E 5460,ARR,LEX,ATL,NARROWBODY,TURN_0312,PAIRED_TURN,SIM_AC_0312,2024-01-01_9E_5460,40,45,G154,0.2198,22.0%,0.7,0.15,773,12:53,773,12:53,750,12:30,-23.0,Sớm 23p ⚡,758,12:38,846,14:06,88,[12:38 ➔ 14:06],False,96,Hạ cánh sớm hơn đệm (8p)
flight_key_v1_129b1ea9fb41c460447ff7345aa79cef,DL,1227,DL 1227,ARR,TPA,ATL,NARROWBODY,TURN_0314,PAIRED_TURN,SIM_AC_0314,2024-01-01_DL_1227,40,45,G144,0.2276,22.8%,0.7,0.16,775,12:55,775,12:55,773,12:53,-2.0,Sớm 2p ⚡,760,12:40,844,14:04,84,[12:40 ➔ 14:04],True,71,An toàn tuyệt đối (Được bảo vệ)
flight_key_v1_d88b01c1b64882c52b19f8644cccda37,DL,2778,DL 2778,DEP,ATL,MEM,NARROWBODY,TURN_0822,UNMATCHED_DEP,SIM_AC_0822,2024-01-01_DL_2778,40,45,G60,0.2099,21.0%,4.8,1.01,775,12:55,782,13:02,770,12:50,-5.0,Sớm 5p ⚡,716,11:56,791,13:11,75,[11:56 ➔ 13:11],True,21,An toàn tuyệt đối (Được bảo vệ)
flight_key_v1_2676a00db2ac285f865e409482eda877,DL,755,DL 755,ARR,LAS,ATL,NARROWBODY,TURN_0315,PAIRED_TURN,SIM_AC_0315,2024-01-01_DL_755,40,45,G169,0.2136,21.4%,-0.6,-0.12,776,12:56,775,12:55,757,12:37,-19.0,Sớm 19p ⚡,761,12:41,845,14:05,84,[12:41 ➔ 14:05],False,88,Hạ cánh sớm hơn đệm (4p)
flight_key_v1_d21ececc0df09cc90c22d9772d44523e,DL,520,DL 520,ARR,BNA,ATL,NARROWBODY,TURN_0316,PAIRED_TURN,SIM_AC_0316,2024-01-01_DL_520,40,45,G15,0.2203,22.0%,0.7,0.16,778,12:58,778,12:58,759,12:39,-19.0,Sớm 19p ⚡,763,12:43,848,14:08,85,[12:43 ➔ 14:08],False,89,Hạ cánh sớm hơn đệm (4p)
flight_key_v1_14afc61dce5da3dabd6b4c11d1c935fe,WN,191,WN 191,DEP,ATL,BNA,WIDEBODY,TURN_0243,PAIRED_TURN,SIM_AC_0243,2024-01-01_WN_104,75,60,G24,0.2351,23.5%,6.4,1.51,780,13:00,790,13:10,809,13:29,29.0,Trễ 29p ⏳,595,09:55,795,13:15,200,[09:55 ➔ 13:15],False,-14,Trễ vượt đệm an toàn (+14p)
flight_key_v1_cdd73cea4d7a893b5d094313983a4e68,DL,530,DL 530,DEP,ATL,DEN,NARROWBODY,TURN_0297,PAIRED_TURN,SIM_AC_0297,2024-01-01_DL_394,40,45,G17,0.2179,21.8%,5.3,1.16,780,13:00,788,13:08,775,12:55,-5.0,Sớm 5p ⚡,725,12:05,795,13:15,70,[12:05 ➔ 13:15],True,20,An toàn tuyệt đối (Được bảo vệ)
flight_key_v1_aa74d4833a1b71baf865554366768652,WN,1076,WN 1076,ARR,STL,ATL,NARROWBODY,TURN_0317,PAIRED_TURN,SIM_AC_0317,2024-01-01_WN_1076,40,45,G21,0.2583,25.8%,1.1,0.29,780,13:00,781,13:01,775,12:55,-5.0,Sớm 5p ⚡,765,12:45,875,14:35,110,[12:45 ➔ 14:35],True,100,An toàn tuyệt đối (Được bảo vệ)
flight_key_v1_82dc3e2b44b7d8641ee36691645d4b2d,WN,1297,WN 1297,DEP,ATL,CMH,NARROWBODY,TURN_0289,PAIRED_TURN,SIM_AC_0289,2024-01-01_WN_1211,40,45,G107,0.2351,23.5%,6.8,1.61,780,13:00,790,13:10,776,12:56,-4.0,Sớm 4p ⚡,695,11:35,795,13:15,100,[11:35 ➔ 13:15],True,19,An toàn tuyệt đối (Được bảo vệ)
flight_key_v1_60368702b082fb21db7c2e7691deb1cf,9E,5003,9E 5003,DEP,ATL,CHO,NARROWBODY,TURN_0286,PAIRED_TURN,SIM_AC_0286,2024-01-01_9E_5039,40,45,G74,0.2198,22.0%,5.2,1.14,780,13:00,788,13:08,775,12:55,-5.0,Sớm 5p ⚡,683,11:23,795,13:15,112,[11:23 ➔ 13:15],True,20,An toàn tuyệt đối (Được bảo vệ)
flight_key_v1_77856daf0b0dafec536b94e64388465e,DL,2174,DL 2174,ARR,DAB,ATL,NARROWBODY,TURN_0319,PAIRED_TURN,SIM_AC_0319,2024-01-01_DL_2174,40,45,G103,0.2152,21.5%,0.7,0.15,781,13:01,781,13:01,760,12:40,-21.0,Sớm 21p ⚡,766,12:46,850,14:10,84,[12:46 ➔ 14:10],False,90,Hạ cánh sớm hơn đệm (6p)
flight_key_v1_532fed9d5dce3caadad6c78f8ce5cda1,DL,2703,DL 2703,ARR,MSY,ATL,NARROWBODY,TURN_0318,PAIRED_TURN,SIM_AC_0318,2024-01-01_DL_2703,40,45,G30,0.2294,22.9%,0.7,0.17,781,13:01,781,13:01,854,14:14,73.0,Trễ 73p ⏳,766,12:46,849,14:09,83,[12:46 ➔ 14:09],False,-5,Trễ vượt đệm an toàn (+5p)
flight_key_v1_084fd73a7a939173085dd757a07e66dd,DL,2983,DL 2983,ARR,MLB,ATL,NARROWBODY,TURN_0320,PAIRED_TURN,SIM_AC_0320,2024-01-01_DL_2983,40,45,G13,0.2152,21.5%,0.0,0.0,782,13:02,782,13:02,757,12:37,-25.0,Sớm 25p ⚡,767,12:47,854,14:14,87,[12:47 ➔ 14:14],False,97,Hạ cánh sớm hơn đệm (10p)
flight_key_v1_db6594c4937f23ffaf13ee6d9eeda7c6,DL,2633,DL 2633,ARR,RDU,ATL,NARROWBODY,TURN_0321,PAIRED_TURN,SIM_AC_0321,2024-01-01_DL_2633,40,45,G55,0.2152,21.5%,0.6,0.12,784,13:04,784,13:04,763,12:43,-21.0,Sớm 21p ⚡,769,12:49,854,14:14,85,[12:49 ➔ 14:14],False,91,Hạ cánh sớm hơn đệm (6p)
flight_key_v1_793ee0bc2874b76f3993634bfadfada8,DL,2561,DL 2561,ARR,DEN,ATL,NARROWBODY,TURN_0322,PAIRED_TURN,SIM_AC_0322,2024-01-01_DL_2561,40,45,G119,0.238,23.8%,-0.4,-0.09,785,13:05,784,13:04,784,13:04,-1.0,Sớm 1p ⚡,770,12:50,855,14:15,85,[12:50 ➔ 14:15],True,71,An toàn tuyệt đối (Được bảo vệ)
flight_key_v1_a28db7689cef831fd13f9bcd4964226d,9E,4968,9E 4968,ARR,CLT,ATL,NARROWBODY,TURN_0323,PAIRED_TURN,SIM_AC_0323,2024-01-01_9E_4968,40,45,G110,0.2198,22.0%,1.0,0.23,785,13:05,786,13:06,766,12:46,-19.0,Sớm 19p ⚡,770,12:50,850,14:10,80,[12:50 ➔ 14:10],False,84,Hạ cánh sớm hơn đệm (4p)
flight_key_v1_de8a3ae07113d29cb53bd7e477366c18,DL,2728,DL 2728,DEP,ATL,JAX,NARROWBODY,TURN_0299,PAIRED_TURN,SIM_AC_0299,2024-01-01_DL_1303,40,45,G123,0.2283,22.8%,4.8,1.1,786,13:06,793,13:13,796,13:16,10.0,Trễ 10p ⏳,730,12:10,801,13:21,71,[12:10 ➔ 13:21],True,5,An toàn tuyệt đối (Được bảo vệ)
flight_key_v1_b32d90e9045e5b4ca3870110efa154e7,NK,452,NK 452,ARR,MSY,ATL,NARROWBODY,TURN_0324,PAIRED_TURN,SIM_AC_0324,2024-01-01_NK_452,40,45,G75,0.3117,31.2%,2.4,0.75,788,13:08,790,13:10,777,12:57,-11.0,Sớm 11p ⚡,773,12:53,978,16:18,205,[12:53 ➔ 16:18],True,201,An toàn tuyệt đối (Được bảo vệ)
flight_key_v1_e50862bb8425235ef9342340139c1f66,DL,2517,DL 2517,ARR,MYR,ATL,WIDEBODY,TURN_0325,PAIRED_TURN,SIM_AC_0325,2024-01-01_DL_2517,75,60,G173,0.2264,22.6%,0.3,0.06,788,13:08,788,13:08,772,12:52,-16.0,Sớm 16p ⚡,773,12:53,925,15:25,152,[12:53 ➔ 15:25],False,153,Hạ cánh sớm hơn đệm (1p)
flight_key_v1_117dae2894b127de4ee65ea70ae7b05a,9E,5189,9E 5189,ARR,BTR,ATL,NARROWBODY,TURN_0326,PAIRED_TURN,SIM_AC_0326,2024-01-01_9E_5189,40,45,G43,0.2198,22.0%,-0.1,-0.03,789,13:09,788,13:08,764,12:44,-25.0,Sớm 25p ⚡,774,12:54,850,14:10,76,[12:54 ➔ 14:10],False,86,Hạ cánh sớm hơn đệm (10p)
flight_key_v1_d97cb8d7b659ef6179cc97e60d1019a2,DL,2484,DL 2484,ARR,CAE,ATL,NARROWBODY,TURN_0327,PAIRED_TURN,SIM_AC_0327,2024-01-01_DL_2484,40,45,G32,0.217,21.7%,0.3,0.06,791,13:11,791,13:11,769,12:49,-22.0,Sớm 22p ⚡,776,12:56,855,14:15,79,[12:56 ➔ 14:15],False,86,Hạ cánh sớm hơn đệm (7p)
flight_key_v1_f4c398b0f250313f5faab522e6216637,DL,2017,DL 2017,ARR,GSP,ATL,NARROWBODY,TURN_0328,PAIRED_TURN,SIM_AC_0328,2024-01-01_DL_2017,40,45,G163,0.217,21.7%,0.3,0.07,792,13:12,792,13:12,776,12:56,-16.0,Sớm 16p ⚡,777,12:57,855,14:15,78,[12:57 ➔ 14:15],False,79,Hạ cánh sớm hơn đệm (1p)
flight_key_v1_8a31c5db1e3692b40c345100aeb56918,OH,5412,OH 5412,ARR,CLT,ATL,NARROWBODY,TURN_0667,UNMATCHED_ARR,SIM_AC_0667,2024-01-01_OH_5412,40,45,G126,0.2656,26.6%,2.0,0.52,792,13:12,793,13:13,776,12:56,-16.0,Sớm 16p ⚡,777,12:57,847,14:07,70,[12:57 ➔ 14:07],False,71,Hạ cánh sớm hơn đệm (1p)
flight_key_v1_2c01fd705d3c32f98b492613595d1e55,DL,471,DL 471,ARR,CVG,ATL,NARROWBODY,TURN_0329,PAIRED_TURN,SIM_AC_0329,2024-01-01_DL_471,40,45,G73,0.217,21.7%,0.7,0.15,793,13:13,793,13:13,766,12:46,-27.0,Sớm 27p ⚡,778,12:58,855,14:15,77,[12:58 ➔ 14:15],False,89,Hạ cánh sớm hơn đệm (12p)
flight_key_v1_6d2c60b5873b3053adfddd987825fac7,WN,1338,WN 1338,ARR,DEN,ATL,NARROWBODY,TURN_0011,PAIRED_TURN,SIM_AC_0011,2024-01-01_WN_1338,40,45,G64,0.3294,32.9%,-0.2,-0.08,795,13:15,794,13:14,779,12:59,-16.0,Sớm 16p ⚡,780,13:00,860,14:20,80,[13:00 ➔ 14:20],False,81,Hạ cánh sớm hơn đệm (1p)
flight_key_v1_63fba7f36ac001b91c7aa784b0ae5e13,WN,1567,WN 1567,ARR,GSP,ATL,NARROWBODY,TURN_0014,PAIRED_TURN,SIM_AC_0014,2024-01-01_WN_1567,40,45,G166,0.2583,25.8%,1.3,0.34,795,13:15,796,13:16,784,13:04,-11.0,Sớm 11p ⚡,780,13:00,855,14:15,75,[13:00 ➔ 14:15],True,71,An toàn tuyệt đối (Được bảo vệ)
flight_key_v1_67581d7071b51e4c5b564a8ba85b15f6,DL,2934,DL 2934,ARR,MIA,ATL,NARROWBODY,TURN_0330,PAIRED_TURN,SIM_AC_0330,2024-01-01_DL_2934,40,45,G94,0.242,24.2%,1.6,0.38,795,13:15,796,13:16,798,13:18,3.0,Trễ 3p ⏳,780,13:00,857,14:17,77,[13:00 ➔ 14:17],True,59,An toàn tuyệt đối (Được bảo vệ)
flight_key_v1_6444386cace55e1c1374bd1d88636d87,WN,3216,WN 3216,DEP,ATL,LIT,NARROWBODY,TURN_0293,PAIRED_TURN,SIM_AC_0293,2024-01-01_WN_1122,40,45,G70,0.2894,28.9%,6.4,1.86,795,13:15,805,13:25,792,13:12,-3.0,Sớm 3p ⚡,705,11:45,810,13:30,105,[11:45 ➔ 13:30],True,18,An toàn tuyệt đối (Được bảo vệ)
flight_key_v1_f992b68e28afab16bc3fc8cc8e0f3eaa,DL,2766,DL 2766,ARR,HOU,ATL,NARROWBODY,TURN_0332,PAIRED_TURN,SIM_AC_0332,2024-01-01_DL_2766,40,45,G29,0.3386,33.9%,3.3,1.12,798,13:18,801,13:21,778,12:58,-20.0,Sớm 20p ⚡,784,13:04,861,14:21,77,[13:04 ➔ 14:21],False,83,Hạ cánh sớm hơn đệm (6p)
flight_key_v1_7958f0c05683e156cd2bb7e2976c5c71,F9,3507,F9 3507,ARR,MCO,ATL,NARROWBODY,TURN_0331,PAIRED_TURN,SIM_AC_0331,2024-01-01_F9_3507,40,45,G40,0.4915,49.1%,3.5,1.71,798,13:18,801,13:21,794,13:14,-4.0,Sớm 4p ⚡,784,13:04,871,14:31,87,[13:04 ➔ 14:31],True,77,An toàn tuyệt đối (Được bảo vệ)
flight_key_v1_7fd5b1e63eb49794857ea5e9c5399ee5,9E,5057,9E 5057,DEP,ATL,HPN,NARROWBODY,TURN_0294,PAIRED_TURN,SIM_AC_0294,2024-01-01_9E_5035,40,45,G16,0.2198,22.0%,5.4,1.18,798,13:18,806,13:26,793,13:13,-5.0,Sớm 5p ⚡,706,11:46,813,13:33,107,[11:46 ➔ 13:33],True,20,An toàn tuyệt đối (Được bảo vệ)
flight_key_v1_5d94c28d14f7109ba0f74dff4761c1c9,DL,456,DL 456,ARR,BOS,ATL,NARROWBODY,TURN_0333,PAIRED_TURN,SIM_AC_0333,2024-01-01_DL_456,40,45,G127,0.2365,23.6%,0.6,0.14,799,13:19,799,13:19,766,12:46,-33.0,Sớm 33p ⚡,784,13:04,861,14:21,77,[13:04 ➔ 14:21],False,95,Hạ cánh sớm hơn đệm (18p)
flight_key_v1_1130da0cd7a10aa1b6308b1e36adc66a,WN,157,WN 157,DEP,ATL,JAN,NARROWBODY,TURN_0015,PAIRED_TURN,SIM_AC_0015,2024-01-01_WN_157,40,45,G129,0.2823,28.2%,6.4,1.81,800,13:20,810,13:30,803,13:23,3.0,Trễ 3p ⏳,745,12:25,815,13:35,70,[12:25 ➔ 13:35],True,12,An toàn tuyệt đối (Được bảo vệ)
flight_key_v1_6a85b771c5ed3b382c73fc5bfdacd459,UA,556,UA 556,DEP,ATL,EWR,WIDEBODY,TURN_0823,UNMATCHED_DEP,SIM_AC_0823,2024-01-01_UA_556,75,60,G172,0.2285,22.9%,5.9,1.34,800,13:20,808,13:28,793,13:13,-7.0,Sớm 7p ⚡,726,12:06,816,13:36,90,[12:06 ➔ 13:36],True,23,An toàn tuyệt đối (Được bảo vệ)
flight_key_v1_a6a7f5c85e1c6af37ecb32d98268839f,9E,5202,9E 5202,ARR,AVL,ATL,NARROWBODY,TURN_0334,PAIRED_TURN,SIM_AC_0334,2024-01-01_9E_5202,40,45,G111,0.2217,22.2%,0.2,0.03,800,13:20,800,13:20,771,12:51,-29.0,Sớm 29p ⚡,785,13:05,865,14:25,80,[13:05 ➔ 14:25],False,94,Hạ cánh sớm hơn đệm (14p)
flight_key_v1_1d51bf26d96993c4133cc1ff90659a6a,DL,2802,DL 2802,ARR,PBI,ATL,NARROWBODY,TURN_0335,PAIRED_TURN,SIM_AC_0335,2024-01-01_DL_2802,40,45,G27,0.2163,21.6%,0.9,0.19,803,13:23,803,13:23,793,13:13,-10.0,Sớm 10p ⚡,788,13:08,862,14:22,74,[13:08 ➔ 14:22],True,69,An toàn tuyệt đối (Được bảo vệ)
flight_key_v1_ce691437e7f4a16671358c2541009561,9E,5312,9E 5312,ARR,VLD,ATL,NARROWBODY,TURN_0336,PAIRED_TURN,SIM_AC_0336,2024-01-01_9E_5312,40,45,G153,0.2755,27.6%,1.1,0.31,803,13:23,804,13:24,791,13:11,-12.0,Sớm 12p ⚡,788,13:08,880,14:40,92,[13:08 ➔ 14:40],True,89,An toàn tuyệt đối (Được bảo vệ)
flight_key_v1_a6b2e10d4e978d776c094032d6168b18,DL,8784,DL 8784,ARR,SLC,ATL,NARROWBODY,TURN_0337,PAIRED_TURN,SIM_AC_0337,2024-01-01_DL_8784,40,45,G96,0.2154,21.5%,-0.4,-0.08,804,13:24,803,13:23,780,13:00,-24.0,Sớm 24p ⚡,789,13:09,866,14:26,77,[13:09 ➔ 14:26],False,86,Hạ cánh sớm hơn đệm (9p)
flight_key_v1_6e729f722e0f66beb20b3f95aaa74b27,DL,1709,DL 1709,ARR,FLL,ATL,NARROWBODY,TURN_0338,PAIRED_TURN,SIM_AC_0338,2024-01-01_DL_1709,40,45,G82,0.2202,22.0%,1.6,0.34,806,13:26,807,13:27,790,13:10,-16.0,Sớm 16p ⚡,791,13:11,872,14:32,81,[13:11 ➔ 14:32],False,82,Hạ cánh sớm hơn đệm (1p)
flight_key_v1_bc659c4ce3c95d898b742b41be24a817,OO,3841,OO 3841,ARR,EVV,ATL,NARROWBODY,TURN_0339,PAIRED_TURN,SIM_AC_0339,2024-01-01_OO_3841,40,45,G67,0.3105,31.1%,2.3,0.7,808,13:28,810,13:30,782,13:02,-26.0,Sớm 26p ⚡,793,13:13,883,14:43,90,[13:13 ➔ 14:43],False,101,Hạ cánh sớm hơn đệm (11p)
flight_key_v1_abcde139e030f5fc4cb8a4a091c15dc9,DL,431,DL 431,DEP,ATL,LGA,NARROWBODY,TURN_0300,PAIRED_TURN,SIM_AC_0300,2024-01-01_DL_2039,40,45,G86,0.2152,21.5%,5.2,1.12,810,13:30,818,13:38,810,13:30,0.0,Đúng giờ ✓,732,12:12,825,13:45,93,[12:12 ➔ 13:45],True,15,An toàn tuyệt đối (Được bảo vệ)
flight_key_v1_d00ae9c419629609e1e52165a459f1e8,WN,2783,WN 2783,ARR,MCI,ATL,NARROWBODY,TURN_0340,PAIRED_TURN,SIM_AC_0340,2024-01-01_WN_2783,40,45,G59,0.2583,25.8%,0.8,0.21,810,13:30,810,13:30,817,13:37,7.0,Trễ 7p ⏳,795,13:15,880,14:40,85,[13:15 ➔ 14:40],True,63,An toàn tuyệt đối (Được bảo vệ)
flight_key_v1_d64c96b3a006cf06ebf8cbf5e4775b79,AA,1251,AA 1251,DEP,ATL,PHL,WIDEBODY,TURN_0271,PAIRED_TURN,SIM_AC_0271,2024-01-01_AA_1241,75,60,G113,0.2503,25.0%,4.4,1.09,812,13:32,820,13:40,805,13:25,-7.0,Sớm 7p ⚡,651,10:51,827,13:47,176,[10:51 ➔ 13:47],True,22,An toàn tuyệt đối (Được bảo vệ)
flight_key_v1_ddffdacde9478c4bac67ab475caec0b6,DL,2146,DL 2146,ARR,GNV,ATL,NARROWBODY,TURN_0341,PAIRED_TURN,SIM_AC_0341,2024-01-01_DL_2146,40,45,G60,0.217,21.7%,1.2,0.26,813,13:33,814,13:34,795,13:15,-18.0,Sớm 18p ⚡,798,13:18,880,14:40,82,[13:18 ➔ 14:40],False,85,Hạ cánh sớm hơn đệm (3p)
flight_key_v1_9f5a72ff2247e20ad71436cb8610165a,DL,717,DL 717,ARR,SAN,ATL,NARROWBODY,TURN_0343,PAIRED_TURN,SIM_AC_0343,2024-01-01_DL_717,40,45,G35,0.2217,22.2%,-0.5,-0.11,814,13:34,813,13:33,789,13:09,-25.0,Sớm 25p ⚡,799,13:19,884,14:44,85,[13:19 ➔ 14:44],False,95,Hạ cánh sớm hơn đệm (10p)
flight_key_v1_0bd96c0df7717f478986ad84f0320807,DL,2290,DL 2290,ARR,STL,ATL,NARROWBODY,TURN_0342,PAIRED_TURN,SIM_AC_0342,2024-01-01_DL_2290,40,45,G36,0.217,21.7%,0.7,0.15,814,13:34,814,13:34,807,13:27,-7.0,Sớm 7p ⚡,799,13:19,883,14:43,84,[13:19 ➔ 14:43],True,76,An toàn tuyệt đối (Được bảo vệ)
flight_key_v1_87cba89a7f48c1a049931fe17f0aeaba,WN,106,WN 106,ARR,LGA,ATL,NARROWBODY,TURN_0007,PAIRED_TURN,SIM_AC_0007,2024-01-01_WN_106,40,45,G99,0.2843,28.4%,-0.0,-0.0,815,13:35,814,13:34,793,13:13,-22.0,Sớm 22p ⚡,800,13:20,875,14:35,75,[13:20 ➔ 14:35],False,82,Hạ cánh sớm hơn đệm (7p)
flight_key_v1_5e51a2c702272674bac8c211f7d72191,DL,1323,DL 1323,DEP,ATL,MIA,NARROWBODY,TURN_0302,PAIRED_TURN,SIM_AC_0302,2024-01-01_DL_710,40,45,G65,0.2255,22.6%,7.1,1.61,815,13:35,825,13:45,814,13:34,-1.0,Sớm 1p ⚡,742,12:22,830,13:50,88,[12:22 ➔ 13:50],True,16,An toàn tuyệt đối (Được bảo vệ)
flight_key_v1_53c1be30c8baa3a557d543929fdf754e,WN,2214,WN 2214,DEP,ATL,PIT,NARROWBODY,TURN_0030,PAIRED_TURN,SIM_AC_0030,2024-01-01_WN_2214,40,45,G51,0.2418,24.2%,20.2,4.88,815,13:35,839,13:59,820,13:40,5.0,Trễ 5p ⏳,755,12:35,830,13:50,75,[12:35 ➔ 13:50],True,10,An toàn tuyệt đối (Được bảo vệ)
flight_key_v1_1bb894018a7020751c0b6d0e3566bf75,WN,2243,WN 2243,ARR,MIA,ATL,WIDEBODY,TURN_0344,PAIRED_TURN,SIM_AC_0344,2024-01-01_WN_2243,75,60,G145,0.3627,36.3%,2.0,0.71,815,13:35,816,13:36,785,13:05,-30.0,Sớm 30p ⚡,800,13:20,1055,17:35,255,[13:20 ➔ 17:35],False,270,Hạ cánh sớm hơn đệm (15p)
flight_key_v1_525e99a09696ec9005396f00bad96b4e,DL,1372,DL 1372,DEP,ATL,MCO,NARROWBODY,TURN_0303,PAIRED_TURN,SIM_AC_0303,2024-01-01_DL_2326,40,45,G48,0.2195,21.9%,5.9,1.29,818,13:38,826,13:46,838,13:58,20.0,Trễ 20p ⏳,742,12:22,833,13:53,91,[12:22 ➔ 13:53],False,-5,Trễ vượt đệm an toàn (+5p)
flight_key_v1_9d92cfdc4987f193e3daad08ea7f3726,OO,4058,OO 4058,ARR,CSG,ATL,NARROWBODY,TURN_0668,UNMATCHED_ARR,SIM_AC_0668,2024-01-01_OO_4058,40,45,G143,0.3107,31.1%,2.9,0.89,818,13:38,820,13:40,803,13:23,-15.0,Sớm 15p ⚡,803,13:23,873,14:33,70,[13:23 ➔ 14:33],True,70,An toàn tuyệt đối (Được bảo vệ)
flight_key_v1_b962e2ede88fc4a88d506c6148de6a6a,DL,1345,DL 1345,ARR,CMH,ATL,NARROWBODY,TURN_0346,PAIRED_TURN,SIM_AC_0346,2024-01-01_DL_1345,40,45,G151,0.2176,21.8%,0.2,0.03,819,13:39,819,13:39,791,13:11,-28.0,Sớm 28p ⚡,804,13:24,893,14:53,89,[13:24 ➔ 14:53],False,102,Hạ cánh sớm hơn đệm (13p)
flight_key_v1_1362071e081487230b37270838dc0481,DL,2182,DL 2182,ARR,SAV,ATL,NARROWBODY,TURN_0345,PAIRED_TURN,SIM_AC_0345,2024-01-01_DL_2182,40,45,G115,0.2214,22.1%,0.7,0.16,819,13:39,819,13:39,800,13:20,-19.0,Sớm 19p ⚡,804,13:24,893,14:53,89,[13:24 ➔ 14:53],False,93,Hạ cánh sớm hơn đệm (4p)
flight_key_v1_ab61090fe64e396ae88d74242f5898cb,DL,423,DL 423,DEP,ATL,SLC,NARROWBODY,TURN_0305,PAIRED_TURN,SIM_AC_0305,2024-01-01_DL_1537,40,45,G170,0.2136,21.4%,5.1,1.08,820,13:40,828,13:48,818,13:38,-2.0,Sớm 2p ⚡,748,12:28,835,13:55,87,[12:28 ➔ 13:55],True,17,An toàn tuyệt đối (Được bảo vệ)
flight_key_v1_9bb0db734a56bba93a612280ea5ec5a6,WN,765,WN 765,ARR,MSY,ATL,NARROWBODY,TURN_0064,PAIRED_TURN,SIM_AC_0064,2024-01-01_WN_765,75,45,G14,0.2665,26.7%,1.3,0.35,820,13:40,821,13:41,810,13:30,-10.0,Sớm 10p ⚡,805,13:25,875,14:35,70,[13:25 ➔ 14:35],True,65,An toàn tuyệt đối (Được bảo vệ)
flight_key_v1_9687aa0f3506f29d1b57c292108235f8,DL,1640,DL 1640,DEP,ATL,GRR,NARROWBODY,TURN_0310,PAIRED_TURN,SIM_AC_0310,2024-01-01_DL_2223,40,45,G81,0.2152,21.5%,5.4,1.16,820,13:40,828,13:48,814,13:34,-6.0,Sớm 6p ⚡,756,12:36,835,13:55,79,[12:36 ➔ 13:55],True,21,An toàn tuyệt đối (Được bảo vệ)
flight_key_v1_3ebf88e7dd832302f4b3b7dd81a388ec,DL,2052,DL 2052,DEP,ATL,BNA,NARROWBODY,TURN_0304,PAIRED_TURN,SIM_AC_0304,2024-01-01_DL_1438,40,45,G100,0.2299,23.0%,4.8,1.12,820,13:40,827,13:47,815,13:35,-5.0,Sớm 5p ⚡,744,12:24,835,13:55,91,[12:24 ➔ 13:55],True,20,An toàn tuyệt đối (Được bảo vệ)
flight_key_v1_e2a6b16dd80812202358e956c45d9a24,DL,2186,DL 2186,DEP,ATL,RIC,NARROWBODY,TURN_0308,PAIRED_TURN,SIM_AC_0308,2024-01-01_DL_2315,40,45,G148,0.2152,21.5%,5.2,1.12,820,13:40,828,13:48,815,13:35,-5.0,Sớm 5p ⚡,755,12:35,835,13:55,80,[12:35 ➔ 13:55],True,20,An toàn tuyệt đối (Được bảo vệ)
flight_key_v1_81b3ce58c23454710b9683eb31398525,DL,2378,DL 2378,DEP,ATL,ILM,WIDEBODY,TURN_0244,PAIRED_TURN,SIM_AC_0244,2024-01-01_DL_533,75,60,G97,0.2152,21.5%,5.0,1.08,820,13:40,828,13:48,841,14:01,21.0,Trễ 21p ⏳,599,09:59,835,13:55,236,[09:59 ➔ 13:55],False,-6,Trễ vượt đệm an toàn (+6p)
flight_key_v1_f8172d9747e9e0a4050550a40fd6125a,DL,2887,DL 2887,DEP,ATL,MYR,NARROWBODY,TURN_0306,PAIRED_TURN,SIM_AC_0306,2024-01-01_DL_1213,40,45,G84,0.2152,21.5%,5.0,1.08,820,13:40,828,13:48,819,13:39,-1.0,Sớm 1p ⚡,750,12:30,835,13:55,85,[12:30 ➔ 13:55],True,16,An toàn tuyệt đối (Được bảo vệ)
flight_key_v1_f21422135ce94544a58c853db5c49bc2,WN,3193,WN 3193,DEP,ATL,IND,NARROWBODY,TURN_0296,PAIRED_TURN,SIM_AC_0296,2024-01-01_WN_1375,40,45,G130,0.2351,23.5%,7.0,1.65,820,13:40,831,13:51,826,13:46,6.0,Trễ 6p ⏳,710,11:50,835,13:55,125,[11:50 ➔ 13:55],True,9,An toàn tuyệt đối (Được bảo vệ)
flight_key_v1_10570a9f4921e02fa70c5989d4308e25,DL,2207,DL 2207,ARR,IAH,ATL,NARROWBODY,TURN_0347,PAIRED_TURN,SIM_AC_0347,2024-01-01_DL_2207,40,45,G18,0.2311,23.1%,1.6,0.37,822,13:42,823,13:43,815,13:35,-7.0,Sớm 7p ⚡,807,13:27,907,15:07,100,[13:27 ➔ 15:07],True,92,An toàn tuyệt đối (Được bảo vệ)
flight_key_v1_75494eaa665a83579e4679b9e094aa33,UA,2444,UA 2444,ARR,ORD,ATL,NARROWBODY,TURN_0348,PAIRED_TURN,SIM_AC_0348,2024-01-01_UA_2444,40,45,G88,0.3397,34.0%,1.6,0.54,822,13:42,823,13:43,806,13:26,-16.0,Sớm 16p ⚡,807,13:27,950,15:50,143,[13:27 ➔ 15:50],False,144,Hạ cánh sớm hơn đệm (1p)
flight_key_v1_0b601fbddc11ab969cc2dc66f8260858,9E,4945,9E 4945,DEP,ATL,FAY,NARROWBODY,TURN_0298,PAIRED_TURN,SIM_AC_0298,2024-01-01_9E_4858,40,45,G61,0.2198,22.0%,5.2,1.14,822,13:42,830,13:50,821,13:41,-1.0,Sớm 1p ⚡,730,12:10,837,13:57,107,[12:10 ➔ 13:57],True,16,An toàn tuyệt đối (Được bảo vệ)
flight_key_v1_931e81923dc5627280c3a4ed226c158e,OH,5412,OH 5412,DEP,ATL,CLT,NARROWBODY,TURN_0276,PAIRED_TURN,SIM_AC_0276,2024-01-01_OH_5073,40,45,G91,0.2751,27.5%,4.8,1.32,822,13:42,830,13:50,812,13:32,-10.0,Sớm 10p ⚡,662,11:02,837,13:57,175,[11:02 ➔ 13:57],True,25,An toàn tuyệt đối (Được bảo vệ)
flight_key_v1_5d1201cc091f63e6079f0a1576ac0de6,DL,762,DL 762,ARR,PDX,ATL,NARROWBODY,TURN_0349,PAIRED_TURN,SIM_AC_0349,2024-01-01_DL_762,40,45,G39,0.217,21.7%,-0.5,-0.1,823,13:43,822,13:42,801,13:21,-22.0,Sớm 22p ⚡,808,13:28,907,15:07,99,[13:28 ➔ 15:07],False,106,Hạ cánh sớm hơn đệm (7p)
flight_key_v1_f3936e6b7aa31a3e2bb002ba45ac34d5,DL,2061,DL 2061,DEP,ATL,SRQ,WIDEBODY,TURN_0248,PAIRED_TURN,SIM_AC_0248,2024-01-01_DL_2399,75,60,G135,0.2157,21.6%,6.0,1.29,825,13:45,833,13:53,820,13:40,-5.0,Sớm 5p ⚡,604,10:04,840,14:00,236,[10:04 ➔ 14:00],True,20,An toàn tuyệt đối (Được bảo vệ)
flight_key_v1_54e5457ae78ee4cc7ba5d23a3007e95a,9E,4923,9E 4923,DEP,ATL,TYS,NARROWBODY,TURN_0301,PAIRED_TURN,SIM_AC_0301,2024-01-01_9E_5272,40,45,G120,0.2198,22.0%,5.3,1.17,825,13:45,833,13:53,822,13:42,-3.0,Sớm 3p ⚡,733,12:13,840,14:00,107,[12:13 ➔ 14:00],True,18,An toàn tuyệt đối (Được bảo vệ)
flight_key_v1_adb0d85dd497f2e5629de9005618c49b,9E,4953,9E 4953,DEP,ATL,GTR,WIDEBODY,TURN_0292,PAIRED_TURN,SIM_AC_0292,2024-01-01_9E_4933,75,60,G69,0.2198,22.0%,4.9,1.08,825,13:45,832,13:52,819,13:39,-6.0,Sớm 6p ⚡,698,11:38,840,14:00,142,[11:38 ➔ 14:00],True,21,An toàn tuyệt đối (Được bảo vệ)
flight_key_v1_57a303239f8b1dc485408b82f22cc944,9E,5132,9E 5132,DEP,ATL,DAY,NARROWBODY,TURN_0311,PAIRED_TURN,SIM_AC_0311,2024-01-01_9E_4935,40,45,G137,0.2311,23.1%,18.1,4.18,825,13:45,846,14:06,820,13:40,-5.0,Sớm 5p ⚡,757,12:37,840,14:00,83,[12:37 ➔ 14:00],True,20,An toàn tuyệt đối (Được bảo vệ)
flight_key_v1_a981aa60cf5d1c5774924510d3b9e782,DL,12,DL 12,ARR,SEA,ATL,NARROWBODY,TURN_0350,PAIRED_TURN,SIM_AC_0350,2024-01-01_DL_12,40,45,G140,0.2274,22.7%,-0.5,-0.11,826,13:46,825,13:45,807,13:27,-19.0,Sớm 19p ⚡,811,13:31,912,15:12,101,[13:31 ➔ 15:12],False,105,Hạ cánh sớm hơn đệm (4p)
flight_key_v1_58146d9a6dbfc5ceb5eae06e47d4e82a,DL,1347,DL 1347,DEP,ATL,SAT,WIDEBODY,TURN_0258,PAIRED_TURN,SIM_AC_0258,2024-01-01_DL_1653,75,60,G19,0.2536,25.4%,5.5,1.38,827,13:47,836,13:56,821,13:41,-6.0,Sớm 6p ⚡,625,10:25,842,14:02,217,[10:25 ➔ 14:02],True,21,An toàn tuyệt đối (Được bảo vệ)
flight_key_v1_bbe10ea17a84bf42da6d9aff29fd3af1,DL,2032,DL 2032,DEP,ATL,SDF,NARROWBODY,TURN_0313,PAIRED_TURN,SIM_AC_0313,2024-01-01_DL_1089,40,45,G56,0.2152,21.5%,5.4,1.16,827,13:47,835,13:55,818,13:38,-9.0,Sớm 9p ⚡,758,12:38,842,14:02,84,[12:38 ➔ 14:02],True,24,An toàn tuyệt đối (Được bảo vệ)
flight_key_v1_0294421d9cf0033f6d40c3979bc3ef2a,DL,2445,DL 2445,ARR,GSO,ATL,NARROWBODY,TURN_0351,PAIRED_TURN,SIM_AC_0351,2024-01-01_DL_2445,40,45,G31,0.2154,21.5%,0.2,0.03,828,13:48,828,13:48,835,13:55,7.0,Trễ 7p ⏳,813,13:33,912,15:12,99,[13:33 ➔ 15:12],True,77,An toàn tuyệt đối (Được bảo vệ)
flight_key_v1_0de8f13615b0927f56dd316a690b185d,DL,2926,DL 2926,ARR,CHS,ATL,NARROWBODY,TURN_0352,PAIRED_TURN,SIM_AC_0352,2024-01-01_DL_2926,40,45,G16,0.259,25.9%,0.9,0.23,828,13:48,828,13:48,801,13:21,-27.0,Sớm 27p ⚡,813,13:33,915,15:15,102,[13:33 ➔ 15:15],False,114,Hạ cánh sớm hơn đệm (12p)
flight_key_v1_f68e42f946c35edb06447c4aaadf4b7b,DL,771,DL 771,ARR,LGA,ATL,NARROWBODY,TURN_0355,PAIRED_TURN,SIM_AC_0355,2024-01-01_DL_771,40,45,G37,0.238,23.8%,-0.3,-0.07,829,13:49,828,13:48,788,13:08,-41.0,Sớm 41p ⚡,814,13:34,925,15:25,111,[13:34 ➔ 15:25],False,137,Hạ cánh sớm hơn đệm (26p)
flight_key_v1_2e1bac47e37238ac7c18c80445552f4a,DL,1173,DL 1173,DEP,ATL,PBI,NARROWBODY,TURN_0314,PAIRED_TURN,SIM_AC_0314,2024-01-01_DL_1227,40,45,G144,0.2276,22.8%,6.6,1.5,829,13:49,838,13:58,823,13:43,-6.0,Sớm 6p ⚡,760,12:40,844,14:04,84,[12:40 ➔ 14:04],True,21,An toàn tuyệt đối (Được bảo vệ)
flight_key_v1_971b6cbdb52bd563374af54204ded706,DL,2820,DL 2820,ARR,IAD,ATL,NARROWBODY,TURN_0353,PAIRED_TURN,SIM_AC_0353,2024-01-01_DL_2820,40,45,G66,0.2352,23.5%,0.1,0.02,829,13:49,829,13:49,803,13:23,-26.0,Sớm 26p ⚡,814,13:34,916,15:16,102,[13:34 ➔ 15:16],False,113,Hạ cánh sớm hơn đệm (11p)
flight_key_v1_bbb19fe67a98b1db7fd1ead67315bc56,DL,2952,DL 2952,ARR,IND,ATL,NARROWBODY,TURN_0354,PAIRED_TURN,SIM_AC_0354,2024-01-01_DL_2952,40,45,G41,0.2269,22.7%,0.6,0.14,829,13:49,829,13:49,815,13:35,-14.0,Sớm 14p ⚡,814,13:34,918,15:18,104,[13:34 ➔ 15:18],True,103,An toàn tuyệt đối (Được bảo vệ)
flight_key_v1_05c495d6f0b961d2f14646707b5b5de7,WN,276,WN 276,ARR,AUS,ATL,WIDEBODY,TURN_0669,UNMATCHED_ARR,SIM_AC_0669,2024-01-01_WN_276,75,60,G76,0.2402,24.0%,1.1,0.27,830,13:50,831,13:51,809,13:29,-21.0,Sớm 21p ⚡,815,13:35,920,15:20,105,[13:35 ➔ 15:20],False,111,Hạ cánh sớm hơn đệm (6p)
flight_key_v1_d10c3462a31de8648e02013b5232faf2,DL,690,DL 690,ARR,SFO,ATL,NARROWBODY,TURN_0356,PAIRED_TURN,SIM_AC_0356,2024-01-01_DL_690,40,45,G171,0.2264,22.6%,-0.5,-0.11,830,13:50,829,13:49,811,13:31,-19.0,Sớm 19p ⚡,815,13:35,925,15:25,110,[13:35 ➔ 15:25],False,114,Hạ cánh sớm hơn đệm (4p)
flight_key_v1_dda0a6445d77caa744bab42067b7adf5,DL,1493,DL 1493,ARR,BWI,ATL,WIDEBODY,TURN_0357,PAIRED_TURN,SIM_AC_0357,2024-01-01_DL_1493,75,60,G167,0.2184,21.8%,1.4,0.31,830,13:50,831,13:51,813,13:33,-17.0,Sớm 17p ⚡,815,13:35,942,15:42,127,[13:35 ➔ 15:42],False,129,Hạ cánh sớm hơn đệm (2p)
flight_key_v1_c6f8670528b9db4108c6bfe3c2419def,DL,8771,DL 8771,DEP,ATL,PDX,NARROWBODY,TURN_0315,PAIRED_TURN,SIM_AC_0315,2024-01-01_DL_755,40,45,G169,0.2136,21.4%,5.1,1.09,830,13:50,838,13:58,856,14:16,26.0,Trễ 26p ⏳,761,12:41,845,14:05,84,[12:41 ➔ 14:05],False,-11,Trễ vượt đệm an toàn (+11p)
flight_key_v1_6f9e03719a7abb6622671f38efefa204,9E,5428,9E 5428,DEP,ATL,TUL,NARROWBODY,TURN_0312,PAIRED_TURN,SIM_AC_0312,2024-01-01_9E_5460,40,45,G154,0.2198,22.0%,5.5,1.21,831,13:51,839,13:59,824,13:44,-7.0,Sớm 7p ⚡,758,12:38,846,14:06,88,[12:38 ➔ 14:06],True,22,An toàn tuyệt đối (Được bảo vệ)
flight_key_v1_db2cef6cbeba0650e293eff26f353cd3,DL,1658,DL 1658,ARR,MCO,ATL,WIDEBODY,TURN_0358,PAIRED_TURN,SIM_AC_0358,2024-01-01_DL_1658,75,60,G47,0.227,22.7%,1.7,0.39,832,13:52,833,13:53,845,14:05,13.0,Trễ 13p ⏳,817,13:37,955,15:55,138,[13:37 ➔ 15:55],True,110,An toàn tuyệt đối (Được bảo vệ)
flight_key_v1_34a1d6d87ae408eb437f75743bcf031d,DL,1720,DL 1720,DEP,ATL,TPA,NARROWBODY,TURN_0316,PAIRED_TURN,SIM_AC_0316,2024-01-01_DL_520,40,45,G15,0.2203,22.0%,5.4,1.19,833,13:53,841,14:01,832,13:52,-1.0,Sớm 1p ⚡,763,12:43,848,14:08,85,[12:43 ➔ 14:08],True,16,An toàn tuyệt đối (Được bảo vệ)
flight_key_v1_f29d370b446f399c75748131cd5af32a,DL,921,DL 921,DEP,ATL,DFW,NARROWBODY,TURN_0318,PAIRED_TURN,SIM_AC_0318,2024-01-01_DL_2703,40,45,G30,0.2294,22.9%,6.4,1.47,834,13:54,843,14:03,894,14:54,-5.0,Sớm 5p ⚡,766,12:46,849,14:09,83,[12:46 ➔ 14:09],False,-45,Trễ vượt đệm an toàn (+45p)
flight_key_v1_4df45421f6fbf9b55a45d3d0b73739c2,DL,2450,DL 2450,DEP,ATL,MLB,NARROWBODY,TURN_0319,PAIRED_TURN,SIM_AC_0319,2024-01-01_DL_2174,40,45,G103,0.2152,21.5%,5.2,1.12,835,13:55,843,14:03,830,13:50,-5.0,Sớm 5p ⚡,766,12:46,850,14:10,84,[12:46 ➔ 14:10],True,20,An toàn tuyệt đối (Được bảo vệ)
flight_key_v1_b7b91da13cd5e1b09a3dfd1a0be5b4a1,9E,4910,9E 4910,DEP,ATL,DHN,NARROWBODY,TURN_0323,PAIRED_TURN,SIM_AC_0323,2024-01-01_9E_4968,40,45,G110,0.2198,22.0%,5.2,1.14,835,13:55,843,14:03,832,13:52,-3.0,Sớm 3p ⚡,770,12:50,850,14:10,80,[12:50 ➔ 14:10],True,18,An toàn tuyệt đối (Được bảo vệ)
flight_key_v1_ecf606f3571be1b4a0c42124ef7558b2,9E,4956,9E 4956,DEP,ATL,MLU,NARROWBODY,TURN_0326,PAIRED_TURN,SIM_AC_0326,2024-01-01_9E_5189,40,45,G43,0.2198,22.0%,5.2,1.14,835,13:55,843,14:03,830,13:50,-5.0,Sớm 5p ⚡,774,12:54,850,14:10,76,[12:54 ➔ 14:10],True,20,An toàn tuyệt đối (Được bảo vệ)
flight_key_v1_74fb08cb99343cb76daab0fed04e512b,DL,474,DL 474,ARR,ORD,ATL,NARROWBODY,TURN_0359,PAIRED_TURN,SIM_AC_0359,2024-01-01_DL_474,40,45,G70,0.3059,30.6%,1.6,0.48,836,13:56,837,13:57,821,13:41,-15.0,Sớm 15p ⚡,821,13:41,925,15:25,104,[13:41 ➔ 15:25],True,104,An toàn tuyệt đối (Được bảo vệ)
flight_key_v1_32c11453bd03fd37b26aaa3f22fbf180,DL,1331,DL 1331,DEP,ATL,SAV,WIDEBODY,TURN_0264,PAIRED_TURN,SIM_AC_0264,2024-01-01_DL_1741,75,60,G109,0.2144,21.4%,4.9,1.04,837,13:57,844,14:04,832,13:52,-5.0,Sớm 5p ⚡,644,10:44,852,14:12,208,[10:44 ➔ 14:12],True,20,An toàn tuyệt đối (Được bảo vệ)
flight_key_v1_aefb159cae1fb5302f6b88eeb84506e0,DL,380,DL 380,ARR,DCA,ATL,WIDEBODY,TURN_0360,PAIRED_TURN,SIM_AC_0360,2024-01-01_DL_380,75,60,G123,0.2264,22.6%,0.3,0.07,839,13:59,839,13:59,828,13:48,-11.0,Sớm 11p ⚡,824,13:44,960,16:00,136,[13:44 ➔ 16:00],True,132,An toàn tuyệt đối (Được bảo vệ)
flight_key_v1_e234dccad3eda915c6c4c7f8b3375fd1,AA,1245,AA 1245,ARR,MIA,ATL,NARROWBODY,TURN_0003,PAIRED_TURN,SIM_AC_0003,2024-01-01_AA_1245,40,45,G150,0.3333,33.3%,3.1,1.03,839,13:59,842,14:02,831,13:51,-8.0,Sớm 8p ⚡,825,13:45,911,15:11,86,[13:45 ➔ 15:11],True,80,An toàn tuyệt đối (Được bảo vệ)
flight_key_v1_6b84cb45fff7f5293ea552520d195c19,DL,1485,DL 1485,DEP,ATL,STL,WIDEBODY,TURN_0278,PAIRED_TURN,SIM_AC_0278,2024-01-01_DL_2582,75,60,G146,0.2152,21.5%,5.2,1.12,839,13:59,847,14:07,842,14:02,3.0,Trễ 3p ⏳,665,11:05,854,14:14,189,[11:05 ➔ 14:14],True,12,An toàn tuyệt đối (Được bảo vệ)
flight_key_v1_80274753d2ab16cdf42d1423c81e2180,DL,1660,DL 1660,DEP,ATL,MCI,NARROWBODY,TURN_0320,PAIRED_TURN,SIM_AC_0320,2024-01-01_DL_2983,40,45,G13,0.2152,21.5%,5.4,1.16,839,13:59,847,14:07,834,13:54,-5.0,Sớm 5p ⚡,767,12:47,854,14:14,87,[12:47 ➔ 14:14],True,20,An toàn tuyệt đối (Được bảo vệ)
flight_key_v1_d9a6676cad2fdc6a6706497a315204fa,DL,2403,DL 2403,ARR,AUS,ATL,NARROWBODY,TURN_0361,PAIRED_TURN,SIM_AC_0361,2024-01-01_DL_2403,40,45,G09,0.2264,22.6%,0.7,0.17,839,13:59,839,13:59,829,13:49,-10.0,Sớm 10p ⚡,824,13:44,925,15:25,101,[13:44 ➔ 15:25],True,96,An toàn tuyệt đối (Được bảo vệ)
flight_key_v1_3144292cb304bf5978635b5a99f975ab,DL,2567,DL 2567,DEP,ATL,GNV,WIDEBODY,TURN_0269,PAIRED_TURN,SIM_AC_0269,2024-01-01_DL_1763,75,60,G105,0.2152,21.5%,5.2,1.12,839,13:59,847,14:07,839,13:59,0.0,Đúng giờ ✓,649,10:49,854,14:14,205,[10:49 ➔ 14:14],True,15,An toàn tuyệt đối (Được bảo vệ)
flight_key_v1_93d69ebe2268dc6466015d43482329bf,DL,2580,DL 2580,DEP,ATL,MKE,NARROWBODY,TURN_0321,PAIRED_TURN,SIM_AC_0321,2024-01-01_DL_2633,40,45,G55,0.2152,21.5%,5.2,1.12,839,13:59,847,14:07,944,15:44,105.0,Trễ 105p ⏳,769,12:49,854,14:14,85,[12:49 ➔ 14:14],False,-90,Trễ vượt đệm an toàn (+90p)
flight_key_v1_0ff228c0effaeb67e691500f29f1c6b5,DL,753,DL 753,DEP,ATL,LAX,NARROWBODY,TURN_0322,PAIRED_TURN,SIM_AC_0322,2024-01-01_DL_2561,40,45,G119,0.238,23.8%,7.3,1.75,840,14:00,851,14:11,835,13:55,-5.0,Sớm 5p ⚡,770,12:50,855,14:15,85,[12:50 ➔ 14:15],True,20,An toàn tuyệt đối (Được bảo vệ)
flight_key_v1_9ceae5398ef0e8f8d26f8709446178fc,DL,770,DL 770,ARR,SNA,ATL,WIDEBODY,TURN_0362,PAIRED_TURN,SIM_AC_0362,2024-01-01_DL_770,75,60,G46,0.238,23.8%,-0.7,-0.17,840,14:00,839,13:59,824,13:44,-16.0,Sớm 16p ⚡,825,13:45,970,16:10,145,[13:45 ➔ 16:10],False,146,Hạ cánh sớm hơn đệm (1p)
flight_key_v1_aa8d407160e842266bb77b3bad1f8c8d,WN,1567,WN 1567,DEP,ATL,STL,NARROWBODY,TURN_0014,PAIRED_TURN,SIM_AC_0014,2024-01-01_WN_1567,40,45,G166,0.2583,25.8%,7.6,1.96,840,14:00,851,14:11,852,14:12,12.0,Trễ 12p ⏳,780,13:00,855,14:15,75,[13:00 ➔ 14:15],True,3,An toàn tuyệt đối (Được bảo vệ)
flight_key_v1_1deb69f469b7d4f53d6258834f348d77,DL,2285,DL 2285,DEP,ATL,GSO,NARROWBODY,TURN_0327,PAIRED_TURN,SIM_AC_0327,2024-01-01_DL_2484,40,45,G32,0.217,21.7%,5.5,1.19,840,14:00,848,14:08,836,13:56,-4.0,Sớm 4p ⚡,776,12:56,855,14:15,79,[12:56 ➔ 14:15],True,19,An toàn tuyệt đối (Được bảo vệ)
flight_key_v1_dc2bb1bece3182d1e3f2d794923c9c46,DL,2892,DL 2892,ARR,EYW,ATL,NARROWBODY,TURN_0363,PAIRED_TURN,SIM_AC_0363,2024-01-01_DL_2892,40,45,G04,0.2463,24.6%,0.9,0.23,840,14:00,840,14:00,826,13:46,-14.0,Sớm 14p ⚡,825,13:45,930,15:30,105,[13:45 ➔ 15:30],True,104,An toàn tuyệt đối (Được bảo vệ)
flight_key_v1_f17a40a3e1ab310fbd0bc44c9ac52b0d,DL,2899,DL 2899,DEP,ATL,BHM,NARROWBODY,TURN_0329,PAIRED_TURN,SIM_AC_0329,2024-01-01_DL_471,40,45,G73,0.217,21.7%,5.4,1.18,840,14:00,848,14:08,836,13:56,-4.0,Sớm 4p ⚡,778,12:58,855,14:15,77,[12:58 ➔ 14:15],True,19,An toàn tuyệt đối (Được bảo vệ)
flight_key_v1_850fb8fc01b450f07b0d4a2faa075e5d,DL,2925,DL 2925,DEP,ATL,ORF,NARROWBODY,TURN_0328,PAIRED_TURN,SIM_AC_0328,2024-01-01_DL_2017,40,45,G163,0.217,21.7%,5.5,1.19,840,14:00,848,14:08,835,13:55,-5.0,Sớm 5p ⚡,777,12:57,855,14:15,78,[12:57 ➔ 14:15],True,20,An toàn tuyệt đối (Được bảo vệ)
flight_key_v1_489f11f372a4fc5408505b84f92ab0e3,DL,1063,DL 1063,ARR,MDW,ATL,NARROWBODY,TURN_0364,PAIRED_TURN,SIM_AC_0364,2024-01-01_DL_1063,40,45,G26,0.2277,22.8%,1.6,0.36,842,14:02,843,14:03,811,13:31,-31.0,Sớm 31p ⚡,827,13:47,930,15:30,103,[13:47 ➔ 15:30],False,119,Hạ cánh sớm hơn đệm (16p)
flight_key_v1_0df548e4e4f55792eebbf790cf6178b7,DL,1568,DL 1568,DEP,ATL,PIT,NARROWBODY,TURN_0330,PAIRED_TURN,SIM_AC_0330,2024-01-01_DL_2934,40,45,G94,0.242,24.2%,5.7,1.37,842,14:02,851,14:11,842,14:02,0.0,Đúng giờ ✓,780,13:00,857,14:17,77,[13:00 ➔ 14:17],True,15,An toàn tuyệt đối (Được bảo vệ)
flight_key_v1_6ecb645501c093aeeb27e224aff69109,9E,5157,9E 5157,ARR,ROA,ATL,NARROWBODY,TURN_0365,PAIRED_TURN,SIM_AC_0365,2024-01-01_9E_5157,40,45,G124,0.2217,22.2%,0.9,0.19,842,14:02,842,14:02,829,13:49,-13.0,Sớm 13p ⚡,827,13:47,900,15:00,73,[13:47 ➔ 15:00],True,71,An toàn tuyệt đối (Được bảo vệ)
flight_key_v1_9d9e6430caac220ef5ec57f8df52840b,9E,5047,9E 5047,ARR,CRW,ATL,NARROWBODY,TURN_0367,PAIRED_TURN,SIM_AC_0367,2024-01-01_9E_5047,40,45,G87,0.3395,34.0%,1.1,0.38,843,14:03,844,14:04,816,13:36,-27.0,Sớm 27p ⚡,828,13:48,914,15:14,86,[13:48 ➔ 15:14],False,98,Hạ cánh sớm hơn đệm (12p)
flight_key_v1_8ef219cf49800f95afda10e0e07af47d,9E,5274,9E 5274,ARR,HSV,ATL,NARROWBODY,TURN_0366,PAIRED_TURN,SIM_AC_0366,2024-01-01_9E_5274,40,45,G06,0.2217,22.2%,0.0,0.01,843,14:03,843,14:03,838,13:58,-5.0,Sớm 5p ⚡,828,13:48,908,15:08,80,[13:48 ➔ 15:08],True,70,An toàn tuyệt đối (Được bảo vệ)
flight_key_v1_71fb1af587232913d9824e523f2f2ee1,WN,1338,WN 1338,DEP,ATL,MSY,NARROWBODY,TURN_0011,PAIRED_TURN,SIM_AC_0011,2024-01-01_WN_1338,40,45,G64,0.3294,32.9%,7.6,2.52,845,14:05,857,14:17,843,14:03,-2.0,Sớm 2p ⚡,780,13:00,860,14:20,80,[13:00 ➔ 14:20],True,17,An toàn tuyệt đối (Được bảo vệ)
flight_key_v1_9f1d5b1f0c4c5d376571b46e0d162ce6,DL,2337,DL 2337,DEP,ATL,MSY,NARROWBODY,TURN_0332,PAIRED_TURN,SIM_AC_0332,2024-01-01_DL_2766,40,45,G29,0.3386,33.9%,5.4,1.84,845,14:05,855,14:15,892,14:52,47.0,Trễ 47p ⏳,784,13:04,861,14:21,77,[13:04 ➔ 14:21],False,-31,Trễ vượt đệm an toàn (+31p)
flight_key_v1_98b93db0de173e75e227f88364aa39de,DL,2400,DL 2400,ARR,MSY,ATL,NARROWBODY,TURN_0368,PAIRED_TURN,SIM_AC_0368,2024-01-01_DL_2400,40,45,G162,0.2264,22.6%,0.7,0.16,845,14:05,845,14:05,833,13:53,-12.0,Sớm 12p ⚡,830,13:50,930,15:30,100,[13:50 ➔ 15:30],True,97,An toàn tuyệt đối (Được bảo vệ)
flight_key_v1_45e79873d04029db8b82add83c9dc12a,WN,3549,WN 3549,ARR,RDU,ATL,NARROWBODY,TURN_0052,PAIRED_TURN,SIM_AC_0052,2024-01-01_WN_3549,40,45,G136,0.2937,29.4%,1.9,0.55,845,14:05,846,14:06,860,14:20,15.0,Trễ 15p ⏳,830,13:50,905,15:05,75,[13:50 ➔ 15:05],True,45,An toàn tuyệt đối (Được bảo vệ)
flight_key_v1_03cb38b51639dca3397a05aab22c44da,DL,82,DL 82,ARR,MEM,ATL,NARROWBODY,TURN_0369,PAIRED_TURN,SIM_AC_0369,2024-01-01_DL_82,40,45,G03,0.2281,22.8%,0.7,0.16,846,14:06,846,14:06,829,13:49,-17.0,Sớm 17p ⚡,831,13:51,931,15:31,100,[13:51 ➔ 15:31],False,102,Hạ cánh sớm hơn đệm (2p)
flight_key_v1_4216ec95cdb0337df76e47815b903751,DL,1587,DL 1587,ARR,TPA,ATL,NARROWBODY,TURN_0370,PAIRED_TURN,SIM_AC_0370,2024-01-01_DL_1587,40,45,G142,0.226,22.6%,0.9,0.2,846,14:06,846,14:06,822,13:42,-24.0,Sớm 24p ⚡,831,13:51,935,15:35,104,[13:51 ➔ 15:35],False,113,Hạ cánh sớm hơn đệm (9p)
flight_key_v1_56f92fcad9bec49f4639fb0540b99c84,DL,1791,DL 1791,DEP,ATL,SJU,NARROWBODY,TURN_0333,PAIRED_TURN,SIM_AC_0333,2024-01-01_DL_456,40,45,G127,0.2365,23.6%,7.8,1.85,846,14:06,857,14:17,838,13:58,-8.0,Sớm 8p ⚡,784,13:04,861,14:21,77,[13:04 ➔ 14:21],True,23,An toàn tuyệt đối (Được bảo vệ)
flight_key_v1_8b5f570f6cf1a5ce21a931289e489e59,DL,373,DL 373,ARR,DFW,ATL,NARROWBODY,TURN_0372,PAIRED_TURN,SIM_AC_0372,2024-01-01_DL_373,40,45,G72,0.2525,25.2%,1.8,0.46,847,14:07,848,14:08,830,13:50,-17.0,Sớm 17p ⚡,832,13:52,940,15:40,108,[13:52 ➔ 15:40],False,110,Hạ cánh sớm hơn đệm (2p)
flight_key_v1_61a9e6cd45136c2692b2e744a504e3a9,DL,879,DL 879,ARR,ONT,ATL,NARROWBODY,TURN_0371,PAIRED_TURN,SIM_AC_0371,2024-01-01_DL_879,40,45,G101,0.2361,23.6%,-0.4,-0.08,847,14:07,846,14:06,824,13:44,-23.0,Sớm 23p ⚡,832,13:52,938,15:38,106,[13:52 ➔ 15:38],False,114,Hạ cánh sớm hơn đệm (8p)
flight_key_v1_bd3e5b43ab17b07b7ae8564b0cde2991,DL,1366,DL 1366,ARR,CLE,ATL,NARROWBODY,TURN_0373,PAIRED_TURN,SIM_AC_0373,2024-01-01_DL_1366,40,45,G121,0.2684,26.8%,2.8,0.75,847,14:07,849,14:09,838,13:58,-9.0,Sớm 9p ⚡,832,13:52,941,15:41,109,[13:52 ➔ 15:41],True,103,An toàn tuyệt đối (Được bảo vệ)
flight_key_v1_fe232980695b77f1119f6ff60fc816f5,DL,1695,DL 1695,DEP,ATL,IAD,NARROWBODY,TURN_0335,PAIRED_TURN,SIM_AC_0335,2024-01-01_DL_2802,40,45,G27,0.2163,21.6%,5.6,1.21,847,14:07,855,14:15,843,14:03,-4.0,Sớm 4p ⚡,788,13:08,862,14:22,74,[13:08 ➔ 14:22],True,19,An toàn tuyệt đối (Được bảo vệ)
flight_key_v1_f40d38d665f3c4dac2dfdc028948d95f,DL,2069,DL 2069,ARR,BDL,ATL,NARROWBODY,TURN_0374,PAIRED_TURN,SIM_AC_0374,2024-01-01_DL_2069,40,45,G106,0.2357,23.6%,-0.3,-0.07,847,14:07,846,14:06,833,13:53,-14.0,Sớm 14p ⚡,832,13:52,945,15:45,113,[13:52 ➔ 15:45],True,112,An toàn tuyệt đối (Được bảo vệ)
flight_key_v1_30fd0e209079e8881c006ed33a2d5d7e,DL,2995,DL 2995,DEP,ATL,FLL,WIDEBODY,TURN_0280,PAIRED_TURN,SIM_AC_0280,2024-01-01_DL_1177,75,60,G12,0.2226,22.3%,6.6,1.47,847,14:07,856,14:16,843,14:03,-4.0,Sớm 4p ⚡,671,11:11,862,14:22,191,[11:11 ➔ 14:22],True,19,An toàn tuyệt đối (Được bảo vệ)
flight_key_v1_191a619239cf26fdd2e4360d39c6f4eb,DL,1510,DL 1510,ARR,MIA,ATL,NARROWBODY,TURN_0375,PAIRED_TURN,SIM_AC_0375,2024-01-01_DL_1510,40,45,G20,0.2625,26.2%,1.7,0.45,848,14:08,849,14:09,862,14:22,14.0,Trễ 14p ⏳,833,13:53,945,15:45,112,[13:53 ➔ 15:45],True,83,An toàn tuyệt đối (Được bảo vệ)
flight_key_v1_9c968546c8ea6603b470b8d7989eeb41,WN,732,WN 732,ARR,DCA,ATL,NARROWBODY,TURN_0376,PAIRED_TURN,SIM_AC_0376,2024-01-01_WN_732,40,45,G122,0.2577,25.8%,1.3,0.34,850,14:10,851,14:11,841,14:01,-9.0,Sớm 9p ⚡,835,13:55,910,15:10,75,[13:55 ➔ 15:10],True,69,An toàn tuyệt đối (Được bảo vệ)
flight_key_v1_697741e2c17596900adb7e8702e31d0f,NK,1837,NK 1837,ARR,PHL,ATL,NARROWBODY,TURN_0377,PAIRED_TURN,SIM_AC_0377,2024-01-01_NK_1837,40,45,G118,0.3117,31.2%,1.7,0.54,850,14:10,851,14:11,818,13:38,-32.0,Sớm 32p ⚡,835,13:55,985,16:25,150,[13:55 ➔ 16:25],False,167,Hạ cánh sớm hơn đệm (17p)
flight_key_v1_d9316f3e79779b3c5ff7dc996f7319a1,WN,1935,WN 1935,ARR,MCO,ATL,NARROWBODY,TURN_0023,PAIRED_TURN,SIM_AC_0023,2024-01-01_WN_1935,40,45,G148,0.381,38.1%,2.5,0.97,850,14:10,852,14:12,843,14:03,-7.0,Sớm 7p ⚡,835,13:55,910,15:10,75,[13:55 ➔ 15:10],True,67,An toàn tuyệt đối (Được bảo vệ)
flight_key_v1_290697a3cb760016620e263d7e8105af,9E,5225,9E 5225,DEP,ATL,AVL,NARROWBODY,TURN_0334,PAIRED_TURN,SIM_AC_0334,2024-01-01_9E_5202,40,45,G111,0.2217,22.2%,5.8,1.28,850,14:10,858,14:18,846,14:06,-4.0,Sớm 4p ⚡,785,13:05,865,14:25,80,[13:05 ➔ 14:25],True,19,An toàn tuyệt đối (Được bảo vệ)
flight_key_v1_4fb49944a2d3b8200d0e3f44f4408418,DL,525,DL 525,ARR,LAS,ATL,NARROWBODY,TURN_0378,PAIRED_TURN,SIM_AC_0378,2024-01-01_DL_525,40,45,G141,0.2264,22.6%,-0.4,-0.08,851,14:11,850,14:10,838,13:58,-13.0,Sớm 13p ⚡,836,13:56,945,15:45,109,[13:56 ➔ 15:45],True,107,An toàn tuyệt đối (Được bảo vệ)
flight_key_v1_a492efa9ac689658b5ad0cb5950feddb,DL,1126,DL 1126,DEP,ATL,CHS,NARROWBODY,TURN_0337,PAIRED_TURN,SIM_AC_0337,2024-01-01_DL_8784,40,45,G96,0.2154,21.5%,5.1,1.11,851,14:11,859,14:19,847,14:07,-4.0,Sớm 4p ⚡,789,13:09,866,14:26,77,[13:09 ➔ 14:26],True,19,An toàn tuyệt đối (Được bảo vệ)
flight_key_v1_7006eaa40b34eb5e8d8119b4dfbf2694,OO,4176,OO 4176,ARR,FWA,ATL,WIDEBODY,TURN_0670,UNMATCHED_ARR,SIM_AC_0670,2024-01-01_OO_4176,75,60,G159,0.3763,37.6%,2.9,1.08,851,14:11,853,14:13,824,13:44,-27.0,Sớm 27p ⚡,837,13:57,942,15:42,105,[13:57 ➔ 15:42],False,118,Hạ cánh sớm hơn đệm (13p)
flight_key_v1_6041158502f079089be99ce09dc45c79,9E,4963,9E 4963,ARR,DAY,ATL,NARROWBODY,TURN_0379,PAIRED_TURN,SIM_AC_0379,2024-01-01_9E_4963,40,45,G54,0.2258,22.6%,0.3,0.07,851,14:11,851,14:11,822,13:42,-29.0,Sớm 29p ⚡,836,13:56,925,15:25,89,[13:56 ➔ 15:25],False,103,Hạ cánh sớm hơn đệm (14p)
flight_key_v1_0cbc7921ee7ca38cf7d0974452d6314c,9E,5471,9E 5471,DEP,ATL,TRI,WIDEBODY,TURN_0824,UNMATCHED_DEP,SIM_AC_0824,2024-01-01_9E_5471,75,60,G93,0.2217,22.2%,5.8,1.28,853,14:13,861,14:21,848,14:08,-5.0,Sớm 5p ⚡,779,12:59,869,14:29,90,[12:59 ➔ 14:29],True,21,An toàn tuyệt đối (Được bảo vệ)
flight_key_v1_e7e1fe55efb6e246eaae5e556c244d21,DL,2107,DL 2107,ARR,MKE,ATL,NARROWBODY,TURN_0380,PAIRED_TURN,SIM_AC_0380,2024-01-01_DL_2107,40,45,G108,0.2264,22.6%,-0.3,-0.07,854,14:14,853,14:13,831,13:51,-23.0,Sớm 23p ⚡,839,13:59,945,15:45,106,[13:59 ➔ 15:45],False,114,Hạ cánh sớm hơn đệm (8p)
flight_key_v1_c75cbf011a03d530c7247acfafd38d2a,F9,3310,F9 3310,DEP,ATL,SJU,NARROWBODY,TURN_0331,PAIRED_TURN,SIM_AC_0331,2024-01-01_F9_3507,40,45,G40,0.4915,49.1%,9.4,4.61,855,14:15,871,14:31,865,14:25,10.0,Trễ 10p ⏳,784,13:04,871,14:31,87,[13:04 ➔ 14:31],True,6,An toàn tuyệt đối (Được bảo vệ)
flight_key_v1_523018b123deb31fd56e085c2c2e5f96,F9,1079,F9 1079,ARR,BWI,ATL,NARROWBODY,TURN_0381,PAIRED_TURN,SIM_AC_0381,2024-01-01_F9_1079,40,45,G34,0.4218,42.2%,3.5,1.46,856,14:16,859,14:19,827,13:47,-29.0,Sớm 29p ⚡,842,14:02,956,15:56,114,[14:02 ➔ 15:56],False,129,Hạ cánh sớm hơn đệm (15p)
flight_key_v1_65615a074a17abdb5d5f4ba52388ebe9,F9,2298,F9 2298,DEP,ATL,PHL,WIDEBODY,TURN_0825,UNMATCHED_DEP,SIM_AC_0825,2024-01-01_F9_2298,75,60,G134,0.2484,24.8%,7.4,1.85,856,14:16,867,14:27,855,14:15,-1.0,Sớm 1p ⚡,782,13:02,872,14:32,90,[13:02 ➔ 14:32],True,17,An toàn tuyệt đối (Được bảo vệ)
flight_key_v1_e85f1dc733aa840ef016d7de6a1445d5,DL,780,DL 780,ARR,LAX,ATL,NARROWBODY,TURN_0382,PAIRED_TURN,SIM_AC_0382,2024-01-01_DL_780,40,45,G132,0.2286,22.9%,-0.4,-0.08,857,14:17,856,14:16,844,14:04,-13.0,Sớm 13p ⚡,842,14:02,952,15:52,110,[14:02 ➔ 15:52],True,108,An toàn tuyệt đối (Được bảo vệ)
flight_key_v1_a1cf1e537e7eb86b429344f06885f304,DL,2163,DL 2163,DEP,ATL,CMH,NARROWBODY,TURN_0338,PAIRED_TURN,SIM_AC_0338,2024-01-01_DL_1709,40,45,G82,0.2202,22.0%,5.7,1.24,857,14:17,865,14:25,855,14:15,-2.0,Sớm 2p ⚡,791,13:11,872,14:32,81,[13:11 ➔ 14:32],True,17,An toàn tuyệt đối (Được bảo vệ)
flight_key_v1_94beefdbca3b162182057222e7274d6b,9E,4949,9E 4949,ARR,TUL,ATL,WIDEBODY,TURN_0383,PAIRED_TURN,SIM_AC_0383,2024-01-01_9E_4949,75,60,G51,0.2352,23.5%,0.7,0.16,859,14:19,859,14:19,839,13:59,-20.0,Sớm 20p ⚡,844,14:04,1075,17:55,231,[14:04 ➔ 17:55],False,236,Hạ cánh sớm hơn đệm (5p)
flight_key_v1_929ba21f94db336f373c6c9c681f1a34,WN,106,WN 106,DEP,ATL,MCO,NARROWBODY,TURN_0007,PAIRED_TURN,SIM_AC_0007,2024-01-01_WN_106,40,45,G99,0.2843,28.4%,8.5,2.41,860,14:20,872,14:32,856,14:16,-4.0,Sớm 4p ⚡,800,13:20,875,14:35,75,[13:20 ➔ 14:35],True,19,An toàn tuyệt đối (Được bảo vệ)
flight_key_v1_715ffbfbe7c266ccc0bd8fee785d2603,WN,361,WN 361,DEP,ATL,MDW,NARROWBODY,TURN_0317,PAIRED_TURN,SIM_AC_0317,2024-01-01_WN_1076,40,45,G21,0.2583,25.8%,7.6,1.96,860,14:20,871,14:31,884,14:44,24.0,Trễ 24p ⏳,765,12:45,875,14:35,110,[12:45 ➔ 14:35],False,-9,Trễ vượt đệm an toàn (+9p)
flight_key_v1_3e74a4ebfb6bf356b095f9b38e937375,WN,765,WN 765,DEP,ATL,TPA,NARROWBODY,TURN_0064,PAIRED_TURN,SIM_AC_0064,2024-01-01_WN_765,75,45,G14,0.2665,26.7%,8.1,2.16,860,14:20,900,15:00,870,14:30,10.0,Trễ 10p ⏳,805,13:25,875,14:35,70,[13:25 ➔ 14:35],True,5,An toàn tuyệt đối (Được bảo vệ)
flight_key_v1_a6ad59fd4f1dffca848db4da08eca49b,DL,2777,DL 2777,ARR,LIT,ATL,NARROWBODY,TURN_0384,PAIRED_TURN,SIM_AC_0384,2024-01-01_DL_2777,40,45,G11,0.2292,22.9%,0.6,0.13,861,14:21,861,14:21,851,14:11,-10.0,Sớm 10p ⚡,846,14:06,953,15:53,107,[14:06 ➔ 15:53],True,102,An toàn tuyệt đối (Được bảo vệ)
flight_key_v1_d4a6c85d153b5d51394a5cea07f0d08b,WN,2243,WN 2243,DEP,ATL,MCI,NARROWBODY,TURN_0340,PAIRED_TURN,SIM_AC_0340,2024-01-01_WN_2783,40,45,G59,0.2583,25.8%,7.6,1.96,865,14:25,876,14:36,860,14:20,-5.0,Sớm 5p ⚡,795,13:15,880,14:40,85,[13:15 ➔ 14:40],True,20,An toàn tuyệt đối (Được bảo vệ)
flight_key_v1_0853aff6af392de4f24c9ce8f4704eec,DL,2456,DL 2456,DEP,ATL,CVG,NARROWBODY,TURN_0341,PAIRED_TURN,SIM_AC_0341,2024-01-01_DL_2146,40,45,G60,0.217,21.7%,5.7,1.23,865,14:25,873,14:33,864,14:24,-1.0,Sớm 1p ⚡,798,13:18,880,14:40,82,[13:18 ➔ 14:40],True,16,An toàn tuyệt đối (Được bảo vệ)
flight_key_v1_8c71b71d8a331b95583d713614e14251,9E,5139,9E 5139,DEP,ATL,CHA,NARROWBODY,TURN_0336,PAIRED_TURN,SIM_AC_0336,2024-01-01_9E_5312,40,45,G153,0.2755,27.6%,5.6,1.55,865,14:25,874,14:34,860,14:20,-5.0,Sớm 5p ⚡,788,13:08,880,14:40,92,[13:08 ➔ 14:40],True,20,An toàn tuyệt đối (Được bảo vệ)
flight_key_v1_3b5184ad9e5db9657df031ec147936d2,DL,2719,DL 2719,ARR,PNS,ATL,NARROWBODY,TURN_0385,PAIRED_TURN,SIM_AC_0385,2024-01-01_DL_2719,40,45,G125,0.2309,23.1%,0.9,0.2,866,14:26,866,14:26,844,14:04,-22.0,Sớm 22p ⚡,851,14:11,958,15:58,107,[14:11 ➔ 15:58],False,114,Hạ cánh sớm hơn đệm (7p)
flight_key_v1_d6e923cc1f0aecd8b4798e0c408b54e3,DL,793,DL 793,ARR,SLC,ATL,NARROWBODY,TURN_0387,PAIRED_TURN,SIM_AC_0387,2024-01-01_DL_793,40,45,G38,0.2423,24.2%,-0.4,-0.09,868,14:28,867,14:27,861,14:21,-7.0,Sớm 7p ⚡,853,14:13,960,16:00,107,[14:13 ➔ 16:00],True,99,An toàn tuyệt đối (Được bảo vệ)
flight_key_v1_778e959dc4deceacf2f7e4af8f323f12,DL,1676,DL 1676,ARR,SAT,ATL,NARROWBODY,TURN_0386,PAIRED_TURN,SIM_AC_0386,2024-01-01_DL_1676,40,45,G170,0.2262,22.6%,0.7,0.16,868,14:28,868,14:28,841,14:01,-27.0,Sớm 27p ⚡,853,14:13,958,15:58,105,[14:13 ➔ 15:58],False,117,Hạ cánh sớm hơn đệm (12p)
flight_key_v1_69ac03ad57f4f8b908c68cc94feea32e,DL,2490,DL 2490,ARR,OKC,ATL,NARROWBODY,TURN_0388,PAIRED_TURN,SIM_AC_0388,2024-01-01_DL_2490,40,45,G120,0.2264,22.6%,0.7,0.16,868,14:28,868,14:28,850,14:10,-18.0,Sớm 18p ⚡,853,14:13,960,16:00,107,[14:13 ➔ 16:00],False,110,Hạ cánh sớm hơn đệm (3p)
flight_key_v1_9c3b7993a0f88ed9cce9287c0ab91dc9,DL,2827,DL 2827,DEP,ATL,DAB,NARROWBODY,TURN_0342,PAIRED_TURN,SIM_AC_0342,2024-01-01_DL_2290,40,45,G36,0.217,21.7%,5.5,1.19,868,14:28,876,14:36,864,14:24,-4.0,Sớm 4p ⚡,799,13:19,883,14:43,84,[13:19 ➔ 14:43],True,19,An toàn tuyệt đối (Được bảo vệ)
flight_key_v1_72ff4f947e0b1d6edfda260538ca2077,OO,4076,OO 4076,DEP,ATL,BTR,NARROWBODY,TURN_0339,PAIRED_TURN,SIM_AC_0339,2024-01-01_OO_3841,40,45,G67,0.3105,31.1%,5.6,1.73,868,14:28,878,14:38,862,14:22,-6.0,Sớm 6p ⚡,793,13:13,883,14:43,90,[13:13 ➔ 14:43],True,21,An toàn tuyệt đối (Được bảo vệ)
flight_key_v1_46bfd40fb31c5986b6785778e97351a3,DL,2270,DL 2270,ARR,PHL,ATL,NARROWBODY,TURN_0389,PAIRED_TURN,SIM_AC_0389,2024-01-01_DL_2270,40,45,G49,0.2264,22.6%,0.0,0.01,869,14:29,869,14:29,843,14:03,-26.0,Sớm 26p ⚡,854,14:14,960,16:00,106,[14:14 ➔ 16:00],False,117,Hạ cánh sớm hơn đệm (11p)
flight_key_v1_a22949f82be45809b4e341632c3a376e,DL,2384,DL 2384,DEP,ATL,AUS,NARROWBODY,TURN_0343,PAIRED_TURN,SIM_AC_0343,2024-01-01_DL_717,40,45,G35,0.2217,22.2%,6.1,1.36,869,14:29,878,14:38,864,14:24,-5.0,Sớm 5p ⚡,799,13:19,884,14:44,85,[13:19 ➔ 14:44],True,20,An toàn tuyệt đối (Được bảo vệ)
flight_key_v1_38cb3e6f1cb3def287ad44298d07677b,DL,1620,DL 1620,ARR,FLL,ATL,NARROWBODY,TURN_0390,PAIRED_TURN,SIM_AC_0390,2024-01-01_DL_1620,40,45,G169,0.2534,25.3%,1.7,0.44,870,14:30,871,14:31,857,14:17,-13.0,Sớm 13p ⚡,855,14:15,965,16:05,110,[14:15 ➔ 16:05],True,108,An toàn tuyệt đối (Được bảo vệ)
flight_key_v1_2f57a419fa91d8ba1c3064f751a5a801,DL,703,DL 703,ARR,SMF,ATL,NARROWBODY,TURN_0391,PAIRED_TURN,SIM_AC_0391,2024-01-01_DL_703,40,45,G91,0.2264,22.6%,-0.4,-0.08,871,14:31,870,14:30,870,14:30,-1.0,Sớm 1p ⚡,856,14:16,970,16:10,114,[14:16 ➔ 16:10],True,100,An toàn tuyệt đối (Được bảo vệ)
flight_key_v1_d21f9a717ddaa441ef737f987e8e674f,DL,1428,DL 1428,ARR,EWR,ATL,NARROWBODY,TURN_0392,PAIRED_TURN,SIM_AC_0392,2024-01-01_DL_1428,40,45,G42,0.2732,27.3%,1.7,0.47,873,14:33,874,14:34,859,14:19,-14.0,Sớm 14p ⚡,858,14:18,972,16:12,114,[14:18 ➔ 16:12],True,113,An toàn tuyệt đối (Được bảo vệ)
flight_key_v1_94b32f316503321fe3ab921b67f342eb,DL,1596,DL 1596,ARR,MSP,ATL,NARROWBODY,TURN_0393,PAIRED_TURN,SIM_AC_0393,2024-01-01_DL_1596,40,45,G48,0.2252,22.5%,-0.4,-0.09,874,14:34,873,14:33,851,14:11,-23.0,Sớm 23p ⚡,859,14:19,973,16:13,114,[14:19 ➔ 16:13],False,122,Hạ cánh sớm hơn đệm (8p)
flight_key_v1_d977609d1ad1316b50010fef9e7d2485,DL,2072,DL 2072,ARR,VPS,ATL,NARROWBODY,TURN_0394,PAIRED_TURN,SIM_AC_0394,2024-01-01_DL_2072,40,45,G131,0.2316,23.2%,0.8,0.19,874,14:34,874,14:34,861,14:21,-13.0,Sớm 13p ⚡,859,14:19,975,16:15,116,[14:19 ➔ 16:15],True,114,An toàn tuyệt đối (Được bảo vệ)
flight_key_v1_46fc3bc4f03210eb48a6c63b1214a458,WN,1918,WN 1918,DEP,ATL,HOU,NARROWBODY,TURN_0826,UNMATCHED_DEP,SIM_AC_0826,2024-01-01_WN_1918,40,45,G156,0.2551,25.5%,8.6,2.2,875,14:35,887,14:47,876,14:36,1.0,Trễ 1p ⏳,817,13:37,892,14:52,75,[13:37 ➔ 14:52],True,16,An toàn tuyệt đối (Được bảo vệ)
flight_key_v1_9feb84a86082ca0d558c099e206d8372,DL,2177,DL 2177,ARR,RIC,ATL,NARROWBODY,TURN_0398,PAIRED_TURN,SIM_AC_0398,2024-01-01_DL_2177,40,45,G44,0.2372,23.7%,0.9,0.21,875,14:35,875,14:35,854,14:14,-21.0,Sớm 21p ⚡,860,14:20,1011,16:51,151,[14:20 ➔ 16:51],False,157,Hạ cánh sớm hơn đệm (6p)
flight_key_v1_3b87cfcec1da18c92cf6853a1aa1860e,DL,2381,DL 2381,ARR,PBI,ATL,NARROWBODY,TURN_0395,PAIRED_TURN,SIM_AC_0395,2024-01-01_DL_2381,40,45,G85,0.2356,23.6%,1.2,0.28,875,14:35,876,14:36,893,14:53,18.0,Trễ 18p ⏳,860,14:20,975,16:15,115,[14:20 ➔ 16:15],True,82,An toàn tuyệt đối (Được bảo vệ)
flight_key_v1_bfecba4938205a663827f866e8a87e7d,DL,2632,DL 2632,ARR,OMA,ATL,NARROWBODY,TURN_0397,PAIRED_TURN,SIM_AC_0397,2024-01-01_DL_2632,40,45,G102,0.2316,23.2%,-0.0,-0.01,875,14:35,874,14:34,848,14:08,-27.0,Sớm 27p ⚡,860,14:20,1005,16:45,145,[14:20 ➔ 16:45],False,157,Hạ cánh sớm hơn đệm (12p)
flight_key_v1_317a2be01e6bdd0fe7a105b6307c71f6,DL,2786,DL 2786,ARR,ORF,ATL,NARROWBODY,TURN_0396,PAIRED_TURN,SIM_AC_0396,2024-01-01_DL_2786,40,45,G84,0.2316,23.2%,1.2,0.28,875,14:35,876,14:36,861,14:21,-14.0,Sớm 14p ⚡,860,14:20,996,16:36,136,[14:20 ➔ 16:36],True,135,An toàn tuyệt đối (Được bảo vệ)
flight_key_v1_e3b499c5a7fa5f8d0ddcf1407e0b66b9,OO,3716,OO 3716,ARR,BQK,ATL,NARROWBODY,TURN_0671,UNMATCHED_ARR,SIM_AC_0671,2024-01-01_OO_3716,40,45,G100,0.3372,33.7%,3.8,1.27,875,14:35,878,14:38,847,14:07,-28.0,Sớm 28p ⚡,861,14:21,931,15:31,70,[14:21 ➔ 15:31],False,84,Hạ cánh sớm hơn đệm (14p)
flight_key_v1_eaf1bb2376a4dcb947773a01e81850e0,DL,994,DL 994,DEP,ATL,PHX,NARROWBODY,TURN_0346,PAIRED_TURN,SIM_AC_0346,2024-01-01_DL_1345,40,45,G151,0.2176,21.8%,5.6,1.23,878,14:38,886,14:46,877,14:37,-1.0,Sớm 1p ⚡,804,13:24,893,14:53,89,[13:24 ➔ 14:53],True,16,An toàn tuyệt đối (Được bảo vệ)
flight_key_v1_e2d57e4bf375388fecdf1f5bd64831c4,DL,1150,DL 1150,DEP,ATL,MCO,NARROWBODY,TURN_0345,PAIRED_TURN,SIM_AC_0345,2024-01-01_DL_2182,40,45,G115,0.2214,22.1%,6.6,1.45,878,14:38,887,14:47,874,14:34,-4.0,Sớm 4p ⚡,804,13:24,893,14:53,89,[13:24 ➔ 14:53],True,19,An toàn tuyệt đối (Được bảo vệ)
flight_key_v1_8439382db1dfe34dfdc8ea35c01c19dd,UA,1940,UA 1940,ARR,IAD,ATL,NARROWBODY,TURN_0399,PAIRED_TURN,SIM_AC_0399,2024-01-01_UA_1940,40,45,G63,0.2625,26.2%,0.6,0.15,878,14:38,878,14:38,848,14:08,-30.0,Sớm 30p ⚡,863,14:23,1000,16:40,137,[14:23 ➔ 16:40],False,152,Hạ cánh sớm hơn đệm (15p)
flight_key_v1_255b3832065cfa96c5aaf9a1397c86fd,UA,2424,UA 2424,DEP,ATL,IAD,NARROWBODY,TURN_0261,PAIRED_TURN,SIM_AC_0261,2024-01-01_UA_2642,40,45,G01,0.3028,30.3%,6.7,2.03,878,14:38,889,14:49,874,14:34,-4.0,Sớm 4p ⚡,633,10:33,893,14:53,260,[10:33 ➔ 14:53],True,19,An toàn tuyệt đối (Được bảo vệ)
flight_key_v1_98119ce855b84e86881739fbec482e23,NK,3902,NK 3902,DEP,ATL,DTW,NARROWBODY,TURN_0284,PAIRED_TURN,SIM_AC_0284,2024-01-01_NK_3390,40,45,G98,0.2929,29.3%,12.4,3.62,880,14:40,896,14:56,881,14:41,1.0,Trễ 1p ⏳,677,11:17,895,14:55,218,[11:17 ➔ 14:55],True,14,An toàn tuyệt đối (Được bảo vệ)
flight_key_v1_7e05bc5383beeb75e4f689ee3a3d8647,DL,486,DL 486,ARR,SJC,ATL,NARROWBODY,TURN_0400,PAIRED_TURN,SIM_AC_0400,2024-01-01_DL_486,40,45,G103,0.2311,23.1%,-0.5,-0.11,881,14:41,880,14:40,846,14:06,-35.0,Sớm 35p ⚡,866,14:26,1015,16:55,149,[14:26 ➔ 16:55],False,169,Hạ cánh sớm hơn đệm (20p)
flight_key_v1_33958f1a6902aafedfcb7cb428a9ea9c,F9,2174,F9 2174,DEP,ATL,FLL,NARROWBODY,TURN_0827,UNMATCHED_DEP,SIM_AC_0827,2024-01-01_F9_2174,40,45,G08,0.2545,25.4%,8.8,2.23,883,14:43,895,14:55,890,14:50,7.0,Trễ 7p ⏳,825,13:45,900,15:00,75,[13:45 ➔ 15:00],True,10,An toàn tuyệt đối (Được bảo vệ)
flight_key_v1_e89d5b63a363425f941769bb2a1fe4de,WN,4618,WN 4618,ARR,RIC,ATL,WIDEBODY,TURN_0672,UNMATCHED_ARR,SIM_AC_0672,2024-01-01_WN_4618,75,60,G161,0.2649,26.5%,2.7,0.71,885,14:45,887,14:47,873,14:33,-12.0,Sớm 12p ⚡,870,14:30,975,16:15,105,[14:30 ➔ 16:15],True,102,An toàn tuyệt đối (Được bảo vệ)
flight_key_v1_0b0dadfe4ccf45e43e80d6d12b664250,9E,5182,9E 5182,DEP,ATL,MOB,NARROWBODY,TURN_0365,PAIRED_TURN,SIM_AC_0365,2024-01-01_9E_5157,40,45,G124,0.2217,22.2%,5.6,1.25,885,14:45,893,14:53,881,14:41,-4.0,Sớm 4p ⚡,827,13:47,900,15:00,73,[13:47 ➔ 15:00],True,19,An toàn tuyệt đối (Được bảo vệ)
flight_key_v1_09247c4ff3c5030182060addd4cfe683,DL,1153,DL 1153,ARR,RSW,ATL,NARROWBODY,TURN_0401,PAIRED_TURN,SIM_AC_0401,2024-01-01_DL_1153,40,45,G166,0.2396,24.0%,0.9,0.21,886,14:46,886,14:46,920,15:20,34.0,Trễ 34p ⏳,871,14:31,1015,16:55,144,[14:31 ➔ 16:55],True,95,An toàn tuyệt đối (Được bảo vệ)
flight_key_v1_628b8a29dd540602b32cfc657928c1e3,DL,1728,DL 1728,ARR,PIT,ATL,NARROWBODY,TURN_0402,PAIRED_TURN,SIM_AC_0402,2024-01-01_DL_1728,40,45,G135,0.3669,36.7%,7.2,2.63,886,14:46,893,14:53,869,14:29,-17.0,Sớm 17p ⚡,873,14:33,1032,17:12,159,[14:33 ➔ 17:12],False,163,Hạ cánh sớm hơn đệm (4p)
flight_key_v1_1c0ecfb4a706f47f48ec5126e3822318,DL,2754,DL 2754,ARR,JAX,ATL,NARROWBODY,TURN_0403,PAIRED_TURN,SIM_AC_0403,2024-01-01_DL_2754,40,45,G74,0.2237,22.4%,0.6,0.15,887,14:47,887,14:47,887,14:47,0.0,Đúng giờ ✓,872,14:32,1045,17:25,173,[14:32 ➔ 17:25],True,158,An toàn tuyệt đối (Được bảo vệ)
flight_key_v1_7620b2e3d8b7bdc3d757ebe767891c40,DL,1028,DL 1028,ARR,MIA,ATL,NARROWBODY,TURN_0404,PAIRED_TURN,SIM_AC_0404,2024-01-01_DL_1028,40,45,G110,0.2734,27.3%,1.7,0.47,890,14:50,891,14:51,891,14:51,1.0,Trễ 1p ⏳,875,14:35,1055,17:35,180,[14:35 ➔ 17:35],True,164,An toàn tuyệt đối (Được bảo vệ)
flight_key_v1_e45538f5239b6667b77e0f25ab1dcd67,WN,2144,WN 2144,ARR,IND,ATL,WIDEBODY,TURN_0673,UNMATCHED_ARR,SIM_AC_0673,2024-01-01_WN_2144,75,60,G134,0.3283,32.8%,2.7,0.88,890,14:50,892,14:52,866,14:26,-24.0,Sớm 24p ⚡,875,14:35,980,16:20,105,[14:35 ➔ 16:20],False,114,Hạ cánh sớm hơn đệm (9p)
flight_key_v1_1f33d70941244c4c0a2825683756153d,WN,3549,WN 3549,DEP,ATL,SAT,NARROWBODY,TURN_0052,PAIRED_TURN,SIM_AC_0052,2024-01-01_WN_3549,40,45,G136,0.2937,29.4%,8.2,2.42,890,14:50,902,15:02,932,15:32,42.0,Trễ 42p ⏳,830,13:50,905,15:05,75,[13:50 ➔ 15:05],False,-27,Trễ vượt đệm an toàn (+27p)
flight_key_v1_9567e87b87834e3069240598fb09a565,9E,5381,9E 5381,ARR,ABE,ATL,NARROWBODY,TURN_0405,PAIRED_TURN,SIM_AC_0405,2024-01-01_9E_5381,40,45,G157,0.2312,23.1%,0.6,0.14,890,14:50,890,14:50,877,14:37,-13.0,Sớm 13p ⚡,875,14:35,956,15:56,81,[14:35 ➔ 15:56],True,79,An toàn tuyệt đối (Được bảo vệ)
flight_key_v1_ce4cd4843875ba6cd9edc449906fea24,DL,1005,DL 1005,DEP,ATL,DTW,NARROWBODY,TURN_0347,PAIRED_TURN,SIM_AC_0347,2024-01-01_DL_2207,40,45,G18,0.2311,23.1%,5.7,1.32,892,14:52,900,15:00,890,14:50,-2.0,Sớm 2p ⚡,807,13:27,907,15:07,100,[13:27 ➔ 15:07],True,17,An toàn tuyệt đối (Được bảo vệ)
flight_key_v1_c278113c4e6971ac10fd7eca02825ee4,DL,2988,DL 2988,DEP,ATL,PNS,NARROWBODY,TURN_0349,PAIRED_TURN,SIM_AC_0349,2024-01-01_DL_762,40,45,G39,0.217,21.7%,5.5,1.19,892,14:52,900,15:00,887,14:47,-5.0,Sớm 5p ⚡,808,13:28,907,15:07,99,[13:28 ➔ 15:07],True,20,An toàn tuyệt đối (Được bảo vệ)
flight_key_v1_0daa94c044ba776297345f2f64232691,DL,1294,DL 1294,DEP,ATL,JFK,WIDEBODY,TURN_0307,PAIRED_TURN,SIM_AC_0307,2024-01-01_DL_1134,75,60,G33,0.217,21.7%,5.6,1.22,893,14:53,901,15:01,891,14:51,-2.0,Sớm 2p ⚡,753,12:33,908,15:08,155,[12:33 ➔ 15:08],True,17,An toàn tuyệt đối (Được bảo vệ)
flight_key_v1_8ac83a9f183356c2841a27169ecc7c2b,OO,3920,OO 3920,DEP,ATL,ABY,WIDEBODY,TURN_0282,PAIRED_TURN,SIM_AC_0282,2024-01-01_OO_3711,75,60,G158,0.2944,29.4%,5.7,1.67,893,14:53,902,15:02,886,14:46,-7.0,Sớm 7p ⚡,672,11:12,908,15:08,236,[11:12 ➔ 15:08],True,22,An toàn tuyệt đối (Được bảo vệ)
flight_key_v1_320231f51a734a2e0dfe81b36be556b8,9E,4983,9E 4983,DEP,ATL,AEX,NARROWBODY,TURN_0366,PAIRED_TURN,SIM_AC_0366,2024-01-01_9E_5274,40,45,G06,0.2217,22.2%,5.6,1.25,893,14:53,901,15:01,886,14:46,-7.0,Sớm 7p ⚡,828,13:48,908,15:08,80,[13:48 ➔ 15:08],True,22,An toàn tuyệt đối (Được bảo vệ)
flight_key_v1_810b7560895640758864881acc6feb00,9E,5074,9E 5074,ARR,OAJ,ATL,NARROWBODY,TURN_0406,PAIRED_TURN,SIM_AC_0406,2024-01-01_9E_5074,40,45,G86,0.2343,23.4%,0.1,0.02,894,14:54,894,14:54,880,14:40,-14.0,Sớm 14p ⚡,879,14:39,1034,17:14,155,[14:39 ➔ 17:14],True,154,An toàn tuyệt đối (Được bảo vệ)
flight_key_v1_f5c2f8c93f4382c2fde071a718fb5478,DL,808,DL 808,ARR,MCO,ATL,NARROWBODY,TURN_0407,PAIRED_TURN,SIM_AC_0407,2024-01-01_DL_808,40,45,G29,0.2316,23.2%,1.7,0.39,895,14:55,896,14:56,886,14:46,-9.0,Sớm 9p ⚡,880,14:40,1055,17:35,175,[14:40 ➔ 17:35],True,169,An toàn tuyệt đối (Được bảo vệ)
flight_key_v1_c3dac66c96619cbe25292ffb4de0a20b,AA,1245,AA 1245,DEP,ATL,MIA,NARROWBODY,TURN_0003,PAIRED_TURN,SIM_AC_0003,2024-01-01_AA_1245,40,45,G150,0.3333,33.3%,7.6,2.55,895,14:55,907,15:07,893,14:53,-2.0,Sớm 2p ⚡,825,13:45,911,15:11,86,[13:45 ➔ 15:11],True,18,An toàn tuyệt đối (Được bảo vệ)
flight_key_v1_b06a4cbf22f292f09196f766077ceef3,WN,1664,WN 1664,DEP,ATL,RIC,NARROWBODY,TURN_0376,PAIRED_TURN,SIM_AC_0376,2024-01-01_WN_732,40,45,G122,0.2577,25.8%,8.0,2.06,895,14:55,906,15:06,891,14:51,-4.0,Sớm 4p ⚡,835,13:55,910,15:10,75,[13:55 ➔ 15:10],True,19,An toàn tuyệt đối (Được bảo vệ)
flight_key_v1_d53be369bbcec3c4e455c7cdaeb64901,WN,1935,WN 1935,DEP,ATL,LGA,NARROWBODY,TURN_0023,PAIRED_TURN,SIM_AC_0023,2024-01-01_WN_1935,40,45,G148,0.381,38.1%,8.4,3.19,895,14:55,909,15:09,894,14:54,-1.0,Sớm 1p ⚡,835,13:55,910,15:10,75,[13:55 ➔ 15:10],True,16,An toàn tuyệt đối (Được bảo vệ)
flight_key_v1_a8f9c22ae76f6f417b8dfb89eb6cd5b6,DL,814,DL 814,DEP,ATL,SEA,NARROWBODY,TURN_0351,PAIRED_TURN,SIM_AC_0351,2024-01-01_DL_2445,40,45,G31,0.2154,21.5%,5.8,1.25,897,14:57,905,15:05,894,14:54,-3.0,Sớm 3p ⚡,813,13:33,912,15:12,99,[13:33 ➔ 15:12],True,18,An toàn tuyệt đối (Được bảo vệ)
flight_key_v1_3b4c9003a6c55cb9d78d8e0737499137,DL,1386,DL 1386,DEP,ATL,MIA,NARROWBODY,TURN_0350,PAIRED_TURN,SIM_AC_0350,2024-01-01_DL_12,40,45,G140,0.2274,22.7%,7.6,1.73,897,14:57,907,15:07,891,14:51,-6.0,Sớm 6p ⚡,811,13:31,912,15:12,101,[13:31 ➔ 15:12],True,21,An toàn tuyệt đối (Được bảo vệ)
flight_key_v1_e09f61aa377dd7a9ec54dbcddb5bc5ac,9E,5389,9E 5389,DEP,ATL,BMI,NARROWBODY,TURN_0367,PAIRED_TURN,SIM_AC_0367,2024-01-01_9E_5047,40,45,G87,0.3395,34.0%,5.8,1.96,899,14:59,909,15:09,914,15:14,15.0,Trễ 15p ⏳,828,13:48,914,15:14,86,[13:48 ➔ 15:14],True,0,An toàn tuyệt đối (Được bảo vệ)
flight_key_v1_3a277a11ae5660715bf131c4e2114f92,NK,969,NK 969,ARR,DTW,ATL,NARROWBODY,TURN_0408,PAIRED_TURN,SIM_AC_0408,2024-01-01_NK_969,40,45,G164,0.3918,39.2%,2.6,1.03,900,15:00,902,15:02,940,15:40,40.0,Trễ 40p ⏳,886,14:46,1081,18:01,195,[14:46 ➔ 18:01],True,141,An toàn tuyệt đối (Được bảo vệ)
flight_key_v1_5452ae9b4740e78e604ec099279e3a22,DL,1195,DL 1195,DEP,ATL,SFO,NARROWBODY,TURN_0352,PAIRED_TURN,SIM_AC_0352,2024-01-01_DL_2926,40,45,G16,0.259,25.9%,10.6,2.74,900,15:00,914,15:14,899,14:59,-1.0,Sớm 1p ⚡,813,13:33,915,15:15,102,[13:33 ➔ 15:15],True,16,An toàn tuyệt đối (Được bảo vệ)
flight_key_v1_e8d63e9be01f0d9f0d9578ab63119c18,DL,381,DL 381,ARR,JFK,ATL,NARROWBODY,TURN_0409,PAIRED_TURN,SIM_AC_0409,2024-01-01_DL_381,40,45,G52,0.2342,23.4%,0.7,0.17,901,15:01,901,15:01,874,14:34,-27.0,Sớm 27p ⚡,886,14:46,1060,17:40,174,[14:46 ➔ 17:40],False,186,Hạ cánh sớm hơn đệm (12p)
flight_key_v1_3ac0b282d3b4a8b0d75147315647590d,DL,1527,DL 1527,DEP,ATL,PBI,NARROWBODY,TURN_0353,PAIRED_TURN,SIM_AC_0353,2024-01-01_DL_2820,40,45,G66,0.2352,23.5%,6.7,1.57,901,15:01,911,15:11,899,14:59,-2.0,Sớm 2p ⚡,814,13:34,916,15:16,102,[13:34 ➔ 15:16],True,17,An toàn tuyệt đối (Được bảo vệ)
flight_key_v1_47598b73705bafbf5e89830d23baaddd,DL,2720,DL 2720,DEP,ATL,JAX,NARROWBODY,TURN_0354,PAIRED_TURN,SIM_AC_0354,2024-01-01_DL_2952,40,45,G41,0.2269,22.7%,5.4,1.22,903,15:03,911,15:11,920,15:20,17.0,Trễ 17p ⏳,814,13:34,918,15:18,104,[13:34 ➔ 15:18],False,-2,Trễ vượt đệm an toàn (+2p)
flight_key_v1_ba59f49a2af7d1520213d5cda5392f19,OO,3809,OO 3809,ARR,SBN,ATL,NARROWBODY,TURN_0674,UNMATCHED_ARR,SIM_AC_0674,2024-01-01_OO_3809,40,45,G96,0.4042,40.4%,2.9,1.18,904,15:04,906,15:06,893,14:53,-11.0,Sớm 11p ⚡,890,14:50,960,16:00,70,[14:50 ➔ 16:00],True,67,An toàn tuyệt đối (Được bảo vệ)
flight_key_v1_e4e24e3b70f0cf292bf34cc9b2a178cc,DL,515,DL 515,ARR,LAX,ATL,NARROWBODY,TURN_0410,PAIRED_TURN,SIM_AC_0410,2024-01-01_DL_515,40,45,G79,0.2827,28.3%,-0.4,-0.1,905,15:05,904,15:04,911,15:11,6.0,Trễ 6p ⏳,890,14:50,1070,17:50,180,[14:50 ➔ 17:50],True,159,An toàn tuyệt đối (Được bảo vệ)
flight_key_v1_8dc9f229bed5a9b14163ea9ad3f8f093,DL,1442,DL 1442,DEP,ATL,GSP,WIDEBODY,TURN_0309,PAIRED_TURN,SIM_AC_0309,2024-01-01_DL_672,75,60,G133,0.2264,22.6%,5.6,1.26,905,15:05,913,15:13,895,14:55,-10.0,Sớm 10p ⚡,755,12:35,920,15:20,165,[12:35 ➔ 15:20],True,25,An toàn tuyệt đối (Được bảo vệ)
flight_key_v1_8ba7a7c59ab0730b3fd8c9e89eb43321,NK,806,NK 806,ARR,LAS,ATL,WIDEBODY,TURN_0675,UNMATCHED_ARR,SIM_AC_0675,2024-01-01_NK_806,75,60,G112,0.3815,38.1%,2.1,0.8,908,15:08,910,15:10,953,15:53,45.0,Trễ 45p ⏳,893,14:53,998,16:38,105,[14:53 ➔ 16:38],True,45,An toàn tuyệt đối (Được bảo vệ)
flight_key_v1_296bb9298903280611ec37989421ad78,DL,363,DL 363,ARR,BOS,ATL,NARROWBODY,TURN_0411,PAIRED_TURN,SIM_AC_0411,2024-01-01_DL_363,40,45,G01,0.26,26.0%,0.7,0.19,910,15:10,910,15:10,862,14:22,-48.0,Sớm 48p ⚡,895,14:55,1075,17:55,180,[14:55 ➔ 17:55],False,213,Hạ cánh sớm hơn đệm (33p)
flight_key_v1_60ea1d0ad7b00ac139befa15a40ff1a1,DL,791,DL 791,DEP,ATL,LGA,NARROWBODY,TURN_0356,PAIRED_TURN,SIM_AC_0356,2024-01-01_DL_690,40,45,G171,0.2264,22.6%,5.6,1.26,910,15:10,918,15:18,909,15:09,-1.0,Sớm 1p ⚡,815,13:35,925,15:25,110,[13:35 ➔ 15:25],True,16,An toàn tuyệt đối (Được bảo vệ)
flight_key_v1_7d93ed0faf223386fc39ea3c4408ec78,DL,1128,DL 1128,DEP,ATL,BWI,NARROWBODY,TURN_0359,PAIRED_TURN,SIM_AC_0359,2024-01-01_DL_474,40,45,G70,0.3059,30.6%,5.6,1.72,910,15:10,920,15:20,908,15:08,-2.0,Sớm 2p ⚡,821,13:41,925,15:25,104,[13:41 ➔ 15:25],True,17,An toàn tuyệt đối (Được bảo vệ)
flight_key_v1_a816b74303df3729dd6e7d06f1d77689,DL,1548,DL 1548,DEP,ATL,EYW,NARROWBODY,TURN_0361,PAIRED_TURN,SIM_AC_0361,2024-01-01_DL_2403,40,45,G09,0.2264,22.6%,5.5,1.25,910,15:10,918,15:18,905,15:05,-5.0,Sớm 5p ⚡,824,13:44,925,15:25,101,[13:44 ➔ 15:25],True,20,An toàn tuyệt đối (Được bảo vệ)
flight_key_v1_18f7933371ca78a66b57fbf9e604559b,DL,2479,DL 2479,DEP,ATL,ORD,NARROWBODY,TURN_0355,PAIRED_TURN,SIM_AC_0355,2024-01-01_DL_771,40,45,G37,0.238,23.8%,7.4,1.75,910,15:10,921,15:21,919,15:19,9.0,Trễ 9p ⏳,814,13:34,925,15:25,111,[13:34 ➔ 15:25],True,6,An toàn tuyệt đối (Được bảo vệ)
flight_key_v1_a34215d521a259238cdbaabd7b689f54,DL,2735,DL 2735,DEP,ATL,BDL,WIDEBODY,TURN_0325,PAIRED_TURN,SIM_AC_0325,2024-01-01_DL_2517,75,60,G173,0.2264,22.6%,5.6,1.26,910,15:10,918,15:18,911,15:11,1.0,Trễ 1p ⏳,773,12:53,925,15:25,152,[12:53 ➔ 15:25],True,14,An toàn tuyệt đối (Được bảo vệ)
flight_key_v1_8325858a1c48a97bd222993567cf7d2a,9E,4958,9E 4958,DEP,ATL,MLI,WIDEBODY,TURN_0828,UNMATCHED_DEP,SIM_AC_0828,2024-01-01_9E_4958,75,60,G90,0.2312,23.1%,6.6,1.52,910,15:10,919,15:19,905,15:05,-5.0,Sớm 5p ⚡,836,13:56,926,15:26,90,[13:56 ➔ 15:26],True,21,An toàn tuyệt đối (Được bảo vệ)
flight_key_v1_21aa9d14d0179a3e559f61abdd8d2ef8,9E,5420,9E 5420,DEP,ATL,CLT,NARROWBODY,TURN_0379,PAIRED_TURN,SIM_AC_0379,2024-01-01_9E_4963,40,45,G54,0.2258,22.6%,5.6,1.26,910,15:10,918,15:18,905,15:05,-5.0,Sớm 5p ⚡,836,13:56,925,15:25,89,[13:56 ➔ 15:25],True,20,An toàn tuyệt đối (Được bảo vệ)
flight_key_v1_78d08211a87743b8bbb03319b2cbc17c,F9,2173,F9 2173,ARR,FLL,ATL,NARROWBODY,TURN_0413,PAIRED_TURN,SIM_AC_0413,2024-01-01_F9_2173,40,45,G115,0.5798,58.0%,3.9,2.28,914,15:14,917,15:17,907,15:07,-7.0,Sớm 7p ⚡,901,15:01,990,16:30,89,[15:01 ➔ 16:30],True,83,An toàn tuyệt đối (Được bảo vệ)
flight_key_v1_9bb50c8f857e2c56f691299ee845ad28,UA,2415,UA 2415,ARR,DEN,ATL,NARROWBODY,TURN_0412,PAIRED_TURN,SIM_AC_0412,2024-01-01_UA_2415,40,45,G98,0.3634,36.3%,1.6,0.58,914,15:14,915,15:15,931,15:31,17.0,Trễ 17p ⏳,899,14:59,1057,17:37,158,[14:59 ➔ 17:37],True,126,An toàn tuyệt đối (Được bảo vệ)
flight_key_v1_2fc3f8339ccccd90706fc35e3e1906dd,DL,1110,DL 1110,DEP,ATL,RSW,NARROWBODY,TURN_0364,PAIRED_TURN,SIM_AC_0364,2024-01-01_DL_1063,40,45,G26,0.2277,22.8%,6.1,1.39,915,15:15,924,15:24,910,15:10,-5.0,Sớm 5p ⚡,827,13:47,930,15:30,103,[13:47 ➔ 15:30],True,20,An toàn tuyệt đối (Được bảo vệ)
flight_key_v1_b065dc1acd7e2ff0be83924a7f44f354,WN,1706,WN 1706,ARR,PIT,ATL,NARROWBODY,TURN_0018,PAIRED_TURN,SIM_AC_0018,2024-01-01_WN_1706,75,45,G117,0.5427,54.3%,9.9,5.35,915,15:15,924,15:24,896,14:56,-19.0,Sớm 19p ⚡,905,15:05,985,16:25,80,[15:05 ➔ 16:25],False,89,Hạ cánh sớm hơn đệm (9p)
flight_key_v1_5899a848ccc9987c6d93e8cf4e8976f7,DL,2220,DL 2220,DEP,ATL,VPS,NARROWBODY,TURN_0363,PAIRED_TURN,SIM_AC_0363,2024-01-01_DL_2892,40,45,G04,0.2463,24.6%,5.6,1.37,915,15:15,924,15:24,906,15:06,-9.0,Sớm 9p ⚡,825,13:45,930,15:30,105,[13:45 ➔ 15:30],True,24,An toàn tuyệt đối (Được bảo vệ)
flight_key_v1_a60c6cdcfa66f1b62a88878b663f9b2a,DL,2364,DL 2364,DEP,ATL,OMA,NARROWBODY,TURN_0368,PAIRED_TURN,SIM_AC_0368,2024-01-01_DL_2400,40,45,G162,0.2264,22.6%,6.4,1.45,915,15:15,924,15:24,907,15:07,-8.0,Sớm 8p ⚡,830,13:50,930,15:30,100,[13:50 ➔ 15:30],True,23,An toàn tuyệt đối (Được bảo vệ)
flight_key_v1_7c8f9e52100916cc60ffa23378c29f9e,WN,2691,WN 2691,ARR,HOU,ATL,NARROWBODY,TURN_0414,PAIRED_TURN,SIM_AC_0414,2024-01-01_WN_2691,40,45,G113,0.5238,52.4%,5.1,2.67,915,15:15,920,15:20,904,15:04,-11.0,Sớm 11p ⚡,902,15:02,982,16:22,80,[15:02 ➔ 16:22],True,78,An toàn tuyệt đối (Được bảo vệ)
flight_key_v1_5b67dc62f461b9610995e2df39d1f5da,DL,1717,DL 1717,ARR,EYW,ATL,NARROWBODY,TURN_0415,PAIRED_TURN,SIM_AC_0415,2024-01-01_DL_1717,40,45,G152,0.2977,29.8%,1.0,0.31,916,15:16,917,15:17,894,14:54,-22.0,Sớm 22p ⚡,901,15:01,1076,17:56,175,[15:01 ➔ 17:56],False,182,Hạ cánh sớm hơn đệm (7p)
flight_key_v1_50768ed12af5e74944c6743a1ffa377b,DL,2044,DL 2044,DEP,ATL,FLL,NARROWBODY,TURN_0369,PAIRED_TURN,SIM_AC_0369,2024-01-01_DL_82,40,45,G03,0.2281,22.8%,6.8,1.55,916,15:16,925,15:25,930,15:30,14.0,Trễ 14p ⏳,831,13:51,931,15:31,100,[13:51 ➔ 15:31],True,1,An toàn tuyệt đối (Được bảo vệ)
flight_key_v1_074c84e38601396f789b0a5c4c197b34,DL,2547,DL 2547,ARR,GRR,ATL,NARROWBODY,TURN_0416,PAIRED_TURN,SIM_AC_0416,2024-01-01_DL_2547,40,45,G53,0.2316,23.2%,0.1,0.02,916,15:16,916,15:16,916,15:16,0.0,Đúng giờ ✓,901,15:01,1079,17:59,178,[15:01 ➔ 17:59],True,163,An toàn tuyệt đối (Được bảo vệ)
flight_key_v1_5048a8ff973a9d6954e7a2cb70836bef,WN,623,WN 623,ARR,BNA,ATL,WIDEBODY,TURN_0676,UNMATCHED_ARR,SIM_AC_0676,2024-01-01_WN_623,75,60,G50,0.3428,34.3%,2.7,0.92,920,15:20,922,15:22,909,15:09,-11.0,Sớm 11p ⚡,905,15:05,1010,16:50,105,[15:05 ➔ 16:50],True,101,An toàn tuyệt đối (Được bảo vệ)
flight_key_v1_74e0eb91c57bd24d3d8f654ad13c57c3,DL,843,DL 843,DEP,ATL,SAN,NARROWBODY,TURN_0370,PAIRED_TURN,SIM_AC_0370,2024-01-01_DL_1587,40,45,G142,0.226,22.6%,5.9,1.34,920,15:20,928,15:28,916,15:16,-4.0,Sớm 4p ⚡,831,13:51,935,15:35,104,[13:51 ➔ 15:35],True,19,An toàn tuyệt đối (Được bảo vệ)
flight_key_v1_8ff076f8c72db57f328d4d79109161b2,WN,1356,WN 1356,ARR,JAX,ATL,NARROWBODY,TURN_0012,PAIRED_TURN,SIM_AC_0012,2024-01-01_WN_1356,40,45,G163,0.3634,36.3%,3.0,1.09,920,15:20,922,15:22,910,15:10,-10.0,Sớm 10p ⚡,906,15:06,981,16:21,75,[15:06 ➔ 16:21],True,71,An toàn tuyệt đối (Được bảo vệ)
flight_key_v1_f97d07f22420fd3decbf0f1e4c9ab042,B6,1768,B6 1768,ARR,FLL,ATL,NARROWBODY,TURN_0417,PAIRED_TURN,SIM_AC_0417,2024-01-01_B6_1768,40,45,G104,0.5851,58.5%,3.9,2.3,920,15:20,923,15:23,948,15:48,28.0,Trễ 28p ⏳,907,15:07,982,16:22,75,[15:07 ➔ 16:22],True,34,An toàn tuyệt đối (Được bảo vệ)
flight_key_v1_c0a1322b2fa905c7a2c223f98e82aa62,DL,2188,DL 2188,ARR,DTW,ATL,WIDEBODY,TURN_0418,PAIRED_TURN,SIM_AC_0418,2024-01-01_DL_2188,75,60,G114,0.262,26.2%,0.1,0.02,920,15:20,920,15:20,889,14:49,-31.0,Sớm 31p ⚡,905,15:05,1050,17:30,145,[15:05 ➔ 17:30],False,161,Hạ cánh sớm hơn đệm (16p)
flight_key_v1_3dcb206b2b49c4f3aaa3a56ae0edf5ae,9E,5137,9E 5137,DEP,ATL,LEX,NARROWBODY,TURN_0829,UNMATCHED_DEP,SIM_AC_0829,2024-01-01_9E_5137,40,45,G138,0.2312,23.1%,5.8,1.33,920,15:20,928,15:28,914,15:14,-6.0,Sớm 6p ⚡,861,14:21,936,15:36,75,[14:21 ➔ 15:36],True,22,An toàn tuyệt đối (Được bảo vệ)
flight_key_v1_924889d9df6d2acbf8c8184099b3ef1f,9E,5080,9E 5080,DEP,ATL,JAN,NARROWBODY,TURN_0830,UNMATCHED_DEP,SIM_AC_0830,2024-01-01_9E_5080,40,45,G160,0.2312,23.1%,5.9,1.35,921,15:21,929,15:29,917,15:17,-4.0,Sớm 4p ⚡,862,14:22,937,15:37,75,[14:22 ➔ 15:37],True,20,An toàn tuyệt đối (Được bảo vệ)
flight_key_v1_f228831b214f6e6eee42d46a95509e7e,DL,1254,DL 1254,DEP,ATL,HOU,NARROWBODY,TURN_0371,PAIRED_TURN,SIM_AC_0371,2024-01-01_DL_879,40,45,G101,0.2361,23.6%,6.5,1.53,923,15:23,933,15:33,910,15:10,-13.0,Sớm 13p ⚡,832,13:52,938,15:38,106,[13:52 ➔ 15:38],True,28,An toàn tuyệt đối (Được bảo vệ)
flight_key_v1_92e4e910e114beac753acd44829fdc04,DL,320,DL 320,ARR,HPN,ATL,NARROWBODY,TURN_0420,PAIRED_TURN,SIM_AC_0420,2024-01-01_DL_320,40,45,G127,0.2823,28.2%,2.0,0.56,925,15:25,926,15:26,978,16:18,53.0,Trễ 53p ⏳,910,15:10,1080,18:00,170,[15:10 ➔ 18:00],True,102,An toàn tuyệt đối (Được bảo vệ)
flight_key_v1_b013da829fe768574022d7d1c24d182b,DL,761,DL 761,ARR,SEA,ATL,NARROWBODY,TURN_0422,PAIRED_TURN,SIM_AC_0422,2024-01-01_DL_761,40,45,G39,0.2351,23.5%,-0.4,-0.08,925,15:25,924,15:24,917,15:17,-8.0,Sớm 8p ⚡,910,15:10,1080,18:00,170,[15:10 ➔ 18:00],True,163,An toàn tuyệt đối (Được bảo vệ)
flight_key_v1_0fef70c48fba5900addf786bf1d696a0,DL,1333,DL 1333,ARR,SRQ,ATL,NARROWBODY,TURN_0421,PAIRED_TURN,SIM_AC_0421,2024-01-01_DL_1333,40,45,G67,0.2316,23.2%,1.0,0.24,925,15:25,926,15:26,906,15:06,-19.0,Sớm 19p ⚡,910,15:10,1080,18:00,170,[15:10 ➔ 18:00],False,174,Hạ cánh sớm hơn đệm (4p)
flight_key_v1_cbe1797190bb3f35c5205a93ca20fb2a,DL,2191,DL 2191,DEP,ATL,MDW,NARROWBODY,TURN_0372,PAIRED_TURN,SIM_AC_0372,2024-01-01_DL_373,40,45,G72,0.2525,25.2%,5.8,1.46,925,15:25,934,15:34,922,15:22,-3.0,Sớm 3p ⚡,832,13:52,940,15:40,108,[13:52 ➔ 15:40],True,18,An toàn tuyệt đối (Được bảo vệ)
flight_key_v1_33dec9d329a49ed2263c21379edde214,WN,3017,WN 3017,ARR,TPA,ATL,NARROWBODY,TURN_0419,PAIRED_TURN,SIM_AC_0419,2024-01-01_WN_3017,40,45,G69,0.3523,35.2%,3.0,1.05,925,15:25,927,15:27,913,15:13,-12.0,Sớm 12p ⚡,911,15:11,981,16:21,70,[15:11 ➔ 16:21],True,68,An toàn tuyệt đối (Được bảo vệ)
flight_key_v1_55061a4466d19c3166752b5fc3eddb54,DL,1099,DL 1099,ARR,TPA,ATL,NARROWBODY,TURN_0423,PAIRED_TURN,SIM_AC_0423,2024-01-01_DL_1099,40,45,G89,0.2329,23.3%,1.1,0.26,926,15:26,927,15:27,900,15:00,-26.0,Sớm 26p ⚡,911,15:11,1080,18:00,169,[15:11 ➔ 18:00],False,180,Hạ cánh sớm hơn đệm (11p)
flight_key_v1_0f17e39a0e7eeac65923b543a074d930,DL,1524,DL 1524,DEP,ATL,TLH,NARROWBODY,TURN_0373,PAIRED_TURN,SIM_AC_0373,2024-01-01_DL_1366,40,45,G121,0.2684,26.8%,5.5,1.46,926,15:26,935,15:35,920,15:20,-6.0,Sớm 6p ⚡,832,13:52,941,15:41,109,[13:52 ➔ 15:41],True,21,An toàn tuyệt đối (Được bảo vệ)
flight_key_v1_c5fa45a102ca8fe1989193a4bc408a75,DL,526,DL 526,DEP,ATL,SLC,WIDEBODY,TURN_0357,PAIRED_TURN,SIM_AC_0357,2024-01-01_DL_1493,75,60,G167,0.2184,21.8%,5.8,1.27,927,15:27,935,15:35,920,15:20,-7.0,Sớm 7p ⚡,815,13:35,942,15:42,127,[13:35 ➔ 15:42],True,22,An toàn tuyệt đối (Được bảo vệ)
flight_key_v1_91e7cfc757ef885b9344190bb6b829b6,DL,2199,DL 2199,ARR,BHM,ATL,NARROWBODY,TURN_0424,PAIRED_TURN,SIM_AC_0424,2024-01-01_DL_2199,40,45,G148,0.2247,22.5%,0.8,0.18,929,15:29,929,15:29,917,15:17,-12.0,Sớm 12p ⚡,914,15:14,1083,18:03,169,[15:14 ➔ 18:03],True,166,An toàn tuyệt đối (Được bảo vệ)
flight_key_v1_1ff7a30fccc7cd1221c656f8636cff19,DL,821,DL 821,DEP,ATL,BOS,NARROWBODY,TURN_0374,PAIRED_TURN,SIM_AC_0374,2024-01-01_DL_2069,40,45,G106,0.2357,23.6%,6.8,1.6,930,15:30,940,15:40,927,15:27,-3.0,Sớm 3p ⚡,832,13:52,945,15:45,113,[13:52 ➔ 15:45],True,18,An toàn tuyệt đối (Được bảo vệ)
flight_key_v1_873118b15c26e8d90631edb2e1b8dad7,DL,1033,DL 1033,DEP,ATL,HSV,NARROWBODY,TURN_0380,PAIRED_TURN,SIM_AC_0380,2024-01-01_DL_2107,40,45,G108,0.2264,22.6%,5.6,1.26,930,15:30,938,15:38,919,15:19,-11.0,Sớm 11p ⚡,839,13:59,945,15:45,106,[13:59 ➔ 15:45],True,26,An toàn tuyệt đối (Được bảo vệ)
flight_key_v1_79e30bab31770557dcc964f06560d508,AA,1236,AA 1236,ARR,DFW,ATL,NARROWBODY,TURN_0001,PAIRED_TURN,SIM_AC_0001,2024-01-01_AA_1236,75,45,G65,0.4136,41.4%,3.6,1.48,930,15:30,933,15:33,905,15:05,-25.0,Sớm 25p ⚡,916,15:16,1000,16:40,84,[15:16 ➔ 16:40],False,95,Hạ cánh sớm hơn đệm (11p)
flight_key_v1_c600b2b0aaf4b09f8968ce51aca1bcab,WN,1982,WN 1982,DEP,ATL,DCA,NARROWBODY,TURN_0832,UNMATCHED_DEP,SIM_AC_0832,2024-01-01_WN_1982,40,45,G68,0.2711,27.1%,9.0,2.43,930,15:30,942,15:42,934,15:34,4.0,Trễ 4p ⏳,872,14:32,947,15:47,75,[14:32 ➔ 15:47],True,13,An toàn tuyệt đối (Được bảo vệ)
flight_key_v1_18457560b52d5459d4603b4c060e7759,DL,2089,DL 2089,DEP,ATL,CAE,NARROWBODY,TURN_0375,PAIRED_TURN,SIM_AC_0375,2024-01-01_DL_1510,40,45,G20,0.2625,26.2%,5.5,1.43,930,15:30,939,15:39,925,15:25,-5.0,Sớm 5p ⚡,833,13:53,945,15:45,112,[13:53 ➔ 15:45],True,20,An toàn tuyệt đối (Được bảo vệ)
flight_key_v1_36354d15c635bb66953b703b4043cdc9,WN,2121,WN 2121,ARR,SAT,ATL,NARROWBODY,TURN_0028,PAIRED_TURN,SIM_AC_0028,2024-01-01_WN_2121,75,45,G62,0.3105,31.1%,1.9,0.58,930,15:30,931,15:31,916,15:16,-14.0,Sớm 14p ⚡,915,15:15,985,16:25,70,[15:15 ➔ 16:25],True,69,An toàn tuyệt đối (Được bảo vệ)
flight_key_v1_846290803825c2985478d668a373534b,DL,2862,DL 2862,DEP,ATL,OKC,NARROWBODY,TURN_0378,PAIRED_TURN,SIM_AC_0378,2024-01-01_DL_525,40,45,G141,0.2264,22.6%,6.4,1.45,930,15:30,939,15:39,926,15:26,-4.0,Sớm 4p ⚡,836,13:56,945,15:45,109,[13:56 ➔ 15:45],True,19,An toàn tuyệt đối (Được bảo vệ)
flight_key_v1_d6d098fae95861b3de87c6d41bd24069,WN,4618,WN 4618,DEP,ATL,DAL,NARROWBODY,TURN_0831,UNMATCHED_DEP,SIM_AC_0831,2024-01-01_WN_4618,40,45,G22,0.2701,27.0%,8.9,2.41,930,15:30,942,15:42,931,15:31,1.0,Trễ 1p ⏳,872,14:32,947,15:47,75,[14:32 ➔ 15:47],True,16,An toàn tuyệt đối (Được bảo vệ)
flight_key_v1_34b9b4068b10f4e0c738cc1d91264162,DL,2951,DL 2951,ARR,FLL,ATL,WIDEBODY,TURN_0425,PAIRED_TURN,SIM_AC_0425,2024-01-01_DL_2951,75,60,G55,0.2746,27.5%,1.7,0.47,932,15:32,933,15:33,983,16:23,51.0,Trễ 51p ⏳,917,15:17,1085,18:05,168,[15:17 ➔ 18:05],True,102,An toàn tuyệt đối (Được bảo vệ)
flight_key_v1_7f4f8fefcd7e8bdb2831b7106c9f1493,UA,216,UA 216,DEP,ATL,ORD,NARROWBODY,TURN_0348,PAIRED_TURN,SIM_AC_0348,2024-01-01_UA_2444,40,45,G88,0.3397,34.0%,8.8,2.98,935,15:35,948,15:48,933,15:33,-2.0,Sớm 2p ⚡,807,13:27,950,15:50,143,[13:27 ➔ 15:50],True,17,An toàn tuyệt đối (Được bảo vệ)
flight_key_v1_bbaa05621927193780c84914a4789f2e,B6,2814,B6 2814,ARR,LGA,ATL,WIDEBODY,TURN_0677,UNMATCHED_ARR,SIM_AC_0677,2024-01-01_B6_2814,75,60,G154,0.4632,46.3%,2.2,1.02,936,15:36,938,15:38,957,15:57,21.0,Trễ 21p ⏳,922,15:22,1027,17:07,105,[15:22 ➔ 17:07],True,70,An toàn tuyệt đối (Được bảo vệ)
flight_key_v1_4382af0ac805a4d5df586dc3bd26ac2a,DL,988,DL 988,DEP,ATL,TPA,NARROWBODY,TURN_0382,PAIRED_TURN,SIM_AC_0382,2024-01-01_DL_780,40,45,G132,0.2286,22.9%,6.5,1.48,937,15:37,946,15:46,960,16:00,23.0,Trễ 23p ⏳,842,14:02,952,15:52,110,[14:02 ➔ 15:52],False,-8,Trễ vượt đệm an toàn (+8p)
flight_key_v1_c961898dd172ff173b23ebf95bac0967,DL,840,DL 840,DEP,ATL,DEN,NARROWBODY,TURN_0384,PAIRED_TURN,SIM_AC_0384,2024-01-01_DL_2777,40,45,G11,0.2292,22.9%,6.1,1.4,938,15:38,947,15:47,933,15:33,-5.0,Sớm 5p ⚡,846,14:06,953,15:53,107,[14:06 ➔ 15:53],True,20,An toàn tuyệt đối (Được bảo vệ)
flight_key_v1_ffc21d6e78517243976afebd8e4fec58,DL,871,DL 871,ARR,SFO,ATL,NARROWBODY,TURN_0427,PAIRED_TURN,SIM_AC_0427,2024-01-01_DL_871,40,45,G146,0.2524,25.2%,-0.4,-0.09,938,15:38,937,15:37,938,15:38,0.0,Đúng giờ ✓,923,15:23,1085,18:05,162,[15:23 ➔ 18:05],True,147,An toàn tuyệt đối (Được bảo vệ)
flight_key_v1_7a2878b92ca31f8aaf552ec680368e3f,DL,2908,DL 2908,ARR,MCI,ATL,NARROWBODY,TURN_0426,PAIRED_TURN,SIM_AC_0426,2024-01-01_DL_2908,40,45,G129,0.2316,23.2%,0.4,0.1,938,15:38,938,15:38,918,15:18,-20.0,Sớm 20p ⚡,923,15:23,1085,18:05,162,[15:23 ➔ 18:05],False,167,Hạ cánh sớm hơn đệm (5p)
flight_key_v1_2bccec802213e083ccd142d3fa3ef510,DL,1334,DL 1334,DEP,ATL,RDU,WIDEBODY,TURN_0358,PAIRED_TURN,SIM_AC_0358,2024-01-01_DL_1658,75,60,G47,0.227,22.7%,6.0,1.35,940,15:40,948,15:48,937,15:37,-3.0,Sớm 3p ⚡,817,13:37,955,15:55,138,[13:37 ➔ 15:55],True,18,An toàn tuyệt đối (Được bảo vệ)
flight_key_v1_c579a9c462aa50e87e18ea533b2b524e,DL,2320,DL 2320,ARR,CLT,ATL,NARROWBODY,TURN_0428,PAIRED_TURN,SIM_AC_0428,2024-01-01_DL_2320,40,45,G77,0.2316,23.2%,1.8,0.42,940,15:40,941,15:41,925,15:25,-15.0,Sớm 15p ⚡,925,15:25,1090,18:10,165,[15:25 ➔ 18:10],True,165,An toàn tuyệt đối (Được bảo vệ)
flight_key_v1_28ea49f03cf3e000b6fcc4fa1a011ff3,F9,3976,F9 3976,DEP,ATL,MCO,NARROWBODY,TURN_0381,PAIRED_TURN,SIM_AC_0381,2024-01-01_F9_1079,40,45,G34,0.4218,42.2%,9.3,3.94,940,15:40,955,15:55,1171,19:31,231.0,Trễ 231p ⏳,842,14:02,956,15:56,114,[14:02 ➔ 15:56],False,-215,Trễ vượt đệm an toàn (+215p)
flight_key_v1_4b845496e4dfb034582280515d59a384,9E,5076,9E 5076,DEP,ATL,LIT,NARROWBODY,TURN_0405,PAIRED_TURN,SIM_AC_0405,2024-01-01_9E_5381,40,45,G157,0.2312,23.1%,5.9,1.37,941,15:41,949,15:49,939,15:39,-2.0,Sớm 2p ⚡,875,14:35,956,15:56,81,[14:35 ➔ 15:56],True,17,An toàn tuyệt đối (Được bảo vệ)
flight_key_v1_20a592c4c5c6ee9a96673c4d881d090a,DL,1332,DL 1332,ARR,MIA,ATL,NARROWBODY,TURN_0429,PAIRED_TURN,SIM_AC_0429,2024-01-01_DL_1332,40,45,G122,0.2986,29.9%,1.7,0.51,942,15:42,943,15:43,959,15:59,17.0,Trễ 17p ⏳,927,15:27,1090,18:10,163,[15:27 ➔ 18:10],True,131,An toàn tuyệt đối (Được bảo vệ)
flight_key_v1_e859c3cf625bb770e3c0f09315a07ced,DL,848,DL 848,ARR,LGA,ATL,WIDEBODY,TURN_0430,PAIRED_TURN,SIM_AC_0430,2024-01-01_DL_848,75,60,G41,0.2413,24.1%,0.1,0.02,943,15:43,943,15:43,904,15:04,-39.0,Sớm 39p ⚡,928,15:28,1100,18:20,172,[15:28 ➔ 18:20],False,196,Hạ cánh sớm hơn đệm (24p)
flight_key_v1_ee8209da065d0c24d5ee76bc15456de5,AA,866,AA 866,ARR,PHX,ATL,NARROWBODY,TURN_0431,PAIRED_TURN,SIM_AC_0431,2024-01-01_AA_866,40,45,G133,0.294,29.4%,2.1,0.62,943,15:43,945,15:45,924,15:24,-19.0,Sớm 19p ⚡,928,15:28,1045,17:25,117,[15:28 ➔ 17:25],False,121,Hạ cánh sớm hơn đệm (4p)
flight_key_v1_0776c156c210ba446f912ead9ea759d7,DL,1573,DL 1573,DEP,ATL,MSP,NARROWBODY,TURN_0386,PAIRED_TURN,SIM_AC_0386,2024-01-01_DL_1676,40,45,G170,0.2262,22.6%,7.4,1.67,943,15:43,953,15:53,940,15:40,-3.0,Sớm 3p ⚡,853,14:13,958,15:58,105,[14:13 ➔ 15:58],True,18,An toàn tuyệt đối (Được bảo vệ)
flight_key_v1_57887a07c52d89984dc8d77ea3d910ca,DL,1742,DL 1742,DEP,ATL,MCO,NARROWBODY,TURN_0385,PAIRED_TURN,SIM_AC_0385,2024-01-01_DL_2719,40,45,G125,0.2309,23.1%,7.0,1.61,943,15:43,952,15:52,939,15:39,-4.0,Sớm 4p ⚡,851,14:11,958,15:58,107,[14:11 ➔ 15:58],True,19,An toàn tuyệt đối (Được bảo vệ)
flight_key_v1_047111f2db1f3154c94b3497aee2380c,DL,804,DL 804,DEP,ATL,IAH,WIDEBODY,TURN_0360,PAIRED_TURN,SIM_AC_0360,2024-01-01_DL_380,75,60,G123,0.2264,22.6%,5.6,1.27,945,15:45,953,15:53,962,16:02,17.0,Trễ 17p ⏳,824,13:44,960,16:00,136,[13:44 ➔ 16:00],False,-2,Trễ vượt đệm an toàn (+2p)
flight_key_v1_8ce1f23371069d09a4386a43bb3e89a3,DL,842,DL 842,ARR,SLC,ATL,NARROWBODY,TURN_0433,PAIRED_TURN,SIM_AC_0433,2024-01-01_DL_842,40,45,G14,0.2571,25.7%,0.3,0.09,945,15:45,945,15:45,910,15:10,-35.0,Sớm 35p ⚡,930,15:30,1090,18:10,160,[15:30 ➔ 18:10],False,180,Hạ cánh sớm hơn đệm (20p)
flight_key_v1_570bda9f3a8733bc7a49f3e7f4a39326,DL,2010,DL 2010,DEP,ATL,ECP,NARROWBODY,TURN_0389,PAIRED_TURN,SIM_AC_0389,2024-01-01_DL_2270,40,45,G49,0.2264,22.6%,6.2,1.41,945,15:45,954,15:54,941,15:41,-4.0,Sớm 4p ⚡,854,14:14,960,16:00,106,[14:14 ➔ 16:00],True,19,An toàn tuyệt đối (Được bảo vệ)
flight_key_v1_5ee4b5c3bdb3edd98d41344eb0f90eed,DL,2271,DL 2271,DEP,ATL,BNA,NARROWBODY,TURN_0388,PAIRED_TURN,SIM_AC_0388,2024-01-01_DL_2490,40,45,G120,0.2264,22.6%,5.6,1.26,945,15:45,953,15:53,940,15:40,-5.0,Sớm 5p ⚡,853,14:13,960,16:00,107,[14:13 ➔ 16:00],True,20,An toàn tuyệt đối (Được bảo vệ)
flight_key_v1_d99e8579958f5d7852dae08001520639,DL,2418,DL 2418,DEP,ATL,MEM,NARROWBODY,TURN_0387,PAIRED_TURN,SIM_AC_0387,2024-01-01_DL_793,40,45,G38,0.2423,24.2%,5.5,1.32,945,15:45,954,15:54,947,15:47,2.0,Trễ 2p ⏳,853,14:13,960,16:00,107,[14:13 ➔ 16:00],True,13,An toàn tuyệt đối (Được bảo vệ)
flight_key_v1_c0efd910c32896261d0036087f96e6aa,OO,3715,OO 3715,ARR,AGS,ATL,NARROWBODY,TURN_0432,PAIRED_TURN,SIM_AC_0432,2024-01-01_OO_3715,40,45,G105,0.3263,32.6%,4.1,1.33,945,15:45,949,15:49,916,15:16,-29.0,Sớm 29p ⚡,931,15:31,1190,19:50,259,[15:31 ➔ 19:50],False,274,Hạ cánh sớm hơn đệm (15p)
flight_key_v1_6aaadeff5b01feb911006c19a444fdeb,WN,662,WN 662,ARR,OKC,ATL,NARROWBODY,TURN_0063,PAIRED_TURN,SIM_AC_0063,2024-01-01_WN_662,40,45,G24,0.2944,29.4%,1.9,0.55,950,15:50,951,15:51,944,15:44,-6.0,Sớm 6p ⚡,935,15:35,1015,16:55,80,[15:35 ➔ 16:55],True,71,An toàn tuyệt đối (Được bảo vệ)
flight_key_v1_f9cd438652d0ab237775a90a47b804d1,DL,918,DL 918,DEP,ATL,DCA,NARROWBODY,TURN_0390,PAIRED_TURN,SIM_AC_0390,2024-01-01_DL_1620,40,45,G169,0.2534,25.3%,5.5,1.4,950,15:50,959,15:59,949,15:49,-1.0,Sớm 1p ⚡,855,14:15,965,16:05,110,[14:15 ➔ 16:05],True,16,An toàn tuyệt đối (Được bảo vệ)
flight_key_v1_02aff20fb29e5d84ff45d297e483e0c7,DL,374,DL 374,DEP,ATL,DFW,WIDEBODY,TURN_0362,PAIRED_TURN,SIM_AC_0362,2024-01-01_DL_770,75,60,G46,0.238,23.8%,7.4,1.75,955,15:55,966,16:06,957,15:57,2.0,Trễ 2p ⏳,825,13:45,970,16:10,145,[13:45 ➔ 16:10],True,13,An toàn tuyệt đối (Được bảo vệ)
flight_key_v1_ebeb25040419d0e0c10917179c335a39,WN,1235,WN 1235,ARR,STL,ATL,NARROWBODY,TURN_0434,PAIRED_TURN,SIM_AC_0434,2024-01-01_WN_1235,40,45,G13,0.3976,39.8%,2.9,1.16,955,15:55,957,15:57,941,15:41,-14.0,Sớm 14p ⚡,941,15:41,1016,16:56,75,[15:41 ➔ 16:56],True,75,An toàn tuyệt đối (Được bảo vệ)
flight_key_v1_2f52ca95c803b95892fe572ede5534f2,NK,1441,NK 1441,DEP,ATL,MSY,WIDEBODY,TURN_0833,UNMATCHED_DEP,SIM_AC_0833,2024-01-01_NK_1441,75,60,G95,0.2941,29.4%,13.0,3.84,955,15:55,972,16:12,956,15:56,1.0,Trễ 1p ⏳,883,14:43,973,16:13,90,[14:43 ➔ 16:13],True,17,An toàn tuyệt đối (Được bảo vệ)
flight_key_v1_766abf8b84d47322f9494b8657f3c6ca,DL,2639,DL 2639,DEP,ATL,EWR,NARROWBODY,TURN_0391,PAIRED_TURN,SIM_AC_0391,2024-01-01_DL_703,40,45,G91,0.2264,22.6%,5.6,1.27,955,15:55,963,16:03,948,15:48,-7.0,Sớm 7p ⚡,856,14:16,970,16:10,114,[14:16 ➔ 16:10],True,22,An toàn tuyệt đối (Được bảo vệ)
flight_key_v1_5cff331f7b70509461864d92f23b1fec,WN,4501,WN 4501,ARR,LIT,ATL,NARROWBODY,TURN_0057,PAIRED_TURN,SIM_AC_0057,2024-01-01_WN_4501,40,45,G92,0.3213,32.1%,2.7,0.86,955,15:55,957,15:57,941,15:41,-14.0,Sớm 14p ⚡,940,15:40,1015,16:55,75,[15:40 ➔ 16:55],True,74,An toàn tuyệt đối (Được bảo vệ)
flight_key_v1_3a52855b9a61a97d40756ae4fd350b30,OH,5527,OH 5527,ARR,DCA,ATL,NARROWBODY,TURN_0006,PAIRED_TURN,SIM_AC_0006,2024-01-01_OH_5527,40,45,G107,0.3343,33.4%,2.9,0.96,955,15:55,957,15:57,951,15:51,-4.0,Sớm 4p ⚡,940,15:40,1035,17:15,95,[15:40 ➔ 17:15],True,84,An toàn tuyệt đối (Được bảo vệ)
flight_key_v1_17d173a8fce20d26a64e8bbc7a8048b8,DL,1567,DL 1567,DEP,ATL,PHL,NARROWBODY,TURN_0392,PAIRED_TURN,SIM_AC_0392,2024-01-01_DL_1428,40,45,G42,0.2732,27.3%,5.6,1.52,957,15:57,966,16:06,952,15:52,-5.0,Sớm 5p ⚡,858,14:18,972,16:12,114,[14:18 ➔ 16:12],True,20,An toàn tuyệt đối (Được bảo vệ)
flight_key_v1_a6f4b7ce6090fe5003801c6f54d83aa2,DL,2340,DL 2340,DEP,ATL,MSY,NARROWBODY,TURN_0393,PAIRED_TURN,SIM_AC_0393,2024-01-01_DL_1596,40,45,G48,0.2252,22.5%,5.4,1.22,958,15:58,966,16:06,952,15:52,-6.0,Sớm 6p ⚡,859,14:19,973,16:13,114,[14:19 ➔ 16:13],True,21,An toàn tuyệt đối (Được bảo vệ)
flight_key_v1_5838231de3112c74552730554b99fa4b,DL,659,DL 659,DEP,ATL,LAS,NARROWBODY,TURN_0395,PAIRED_TURN,SIM_AC_0395,2024-01-01_DL_2381,40,45,G85,0.2356,23.6%,7.4,1.74,960,16:00,971,16:11,957,15:57,-3.0,Sớm 3p ⚡,860,14:20,975,16:15,115,[14:20 ➔ 16:15],True,18,An toàn tuyệt đối (Được bảo vệ)
flight_key_v1_962cf118b2d701d0243d878a50c7e68b,DL,1030,DL 1030,ARR,MCO,ATL,NARROWBODY,TURN_0436,PAIRED_TURN,SIM_AC_0436,2024-01-01_DL_1030,40,45,G172,0.2595,25.9%,2.2,0.58,960,16:00,962,16:02,953,15:53,-7.0,Sớm 7p ⚡,945,15:45,1090,18:10,145,[15:45 ➔ 18:10],True,137,An toàn tuyệt đối (Được bảo vệ)
flight_key_v1_8aada7fcd9f9fa38696b5272318bb8e8,WN,1572,WN 1572,ARR,CMH,ATL,NARROWBODY,TURN_0435,PAIRED_TURN,SIM_AC_0435,2024-01-01_WN_1572,40,45,G168,0.323,32.3%,3.4,1.09,960,16:00,963,16:03,958,15:58,-2.0,Sớm 2p ⚡,946,15:46,1021,17:01,75,[15:46 ➔ 17:01],True,63,An toàn tuyệt đối (Được bảo vệ)
flight_key_v1_daee0160d4dc6ad7c2ceb7e85d636936,DL,2345,DL 2345,ARR,MSY,ATL,NARROWBODY,TURN_0437,PAIRED_TURN,SIM_AC_0437,2024-01-01_DL_2345,40,45,G143,0.2333,23.3%,1.1,0.26,960,16:00,961,16:01,967,16:07,7.0,Trễ 7p ⏳,945,15:45,1093,18:13,148,[15:45 ➔ 18:13],True,126,An toàn tuyệt đối (Được bảo vệ)
flight_key_v1_3b7116bea727bf2acb2c527c52a55a2e,DL,2859,DL 2859,DEP,ATL,IND,NARROWBODY,TURN_0394,PAIRED_TURN,SIM_AC_0394,2024-01-01_DL_2072,40,45,G131,0.2316,23.2%,5.6,1.29,960,16:00,968,16:08,957,15:57,-3.0,Sớm 3p ⚡,859,14:19,975,16:15,116,[14:19 ➔ 16:15],True,18,An toàn tuyệt đối (Được bảo vệ)
flight_key_v1_ae330c611b7b071cbe384504dc1ed0b2,NK,1435,NK 1435,DEP,ATL,BWI,NARROWBODY,TURN_0324,PAIRED_TURN,SIM_AC_0324,2024-01-01_NK_452,40,45,G75,0.3117,31.2%,14.2,4.44,963,16:03,982,16:22,1031,17:11,68.0,Trễ 68p ⏳,773,12:53,978,16:18,205,[12:53 ➔ 16:18],False,-53,Trễ vượt đệm an toàn (+53p)
flight_key_v1_b785693f0a1133b36c195ee454da430a,WN,623,WN 623,DEP,ATL,IAD,NARROWBODY,TURN_0419,PAIRED_TURN,SIM_AC_0419,2024-01-01_WN_3017,40,45,G69,0.3523,35.2%,9.7,3.41,965,16:05,979,16:19,964,16:04,-1.0,Sớm 1p ⚡,911,15:11,981,16:21,70,[15:11 ➔ 16:21],True,17,An toàn tuyệt đối (Được bảo vệ)
flight_key_v1_907273392bcb9649a00b5afaf79162f2,WN,1356,WN 1356,DEP,ATL,GSP,NARROWBODY,TURN_0012,PAIRED_TURN,SIM_AC_0012,2024-01-01_WN_1356,40,45,G163,0.3634,36.3%,9.7,3.54,965,16:05,979,16:19,962,16:02,-3.0,Sớm 3p ⚡,906,15:06,981,16:21,75,[15:06 ➔ 16:21],True,19,An toàn tuyệt đối (Được bảo vệ)
flight_key_v1_47076c37027fd2e1d8057ccf29630187,WN,1706,WN 1706,DEP,ATL,MIA,NARROWBODY,TURN_0018,PAIRED_TURN,SIM_AC_0018,2024-01-01_WN_1706,75,45,G117,0.5427,54.3%,11.1,6.0,965,16:05,1007,16:47,969,16:09,4.0,Trễ 4p ⏳,905,15:05,985,16:25,80,[15:05 ➔ 16:25],True,16,An toàn tuyệt đối (Được bảo vệ)
flight_key_v1_fd32f95bd1f17d3431140c48ebe222fd,B6,1767,B6 1767,DEP,ATL,FLL,NARROWBODY,TURN_0417,PAIRED_TURN,SIM_AC_0417,2024-01-01_B6_1768,40,45,G104,0.5851,58.5%,14.2,8.3,965,16:05,988,16:28,991,16:31,26.0,Trễ 26p ⏳,907,15:07,982,16:22,75,[15:07 ➔ 16:22],False,-9,Trễ vượt đệm an toàn (+9p)
flight_key_v1_5b8de8c8e48ddf2bab8f418073eca284,WN,2019,WN 2019,DEP,ATL,AUS,NARROWBODY,TURN_0414,PAIRED_TURN,SIM_AC_0414,2024-01-01_WN_2691,40,45,G113,0.5238,52.4%,10.4,5.46,965,16:05,983,16:23,967,16:07,2.0,Trễ 2p ⏳,902,15:02,982,16:22,80,[15:02 ➔ 16:22],True,15,An toàn tuyệt đối (Được bảo vệ)
flight_key_v1_55f96fcd7aefb2488de77e18b2300d2e,9E,5061,9E 5061,ARR,LFT,ATL,NARROWBODY,TURN_0438,PAIRED_TURN,SIM_AC_0438,2024-01-01_9E_5061,40,45,G16,0.258,25.8%,1.4,0.37,969,16:09,970,16:10,941,15:41,-28.0,Sớm 28p ⚡,954,15:54,1039,17:19,85,[15:54 ➔ 17:19],False,98,Hạ cánh sớm hơn đệm (13p)
flight_key_v1_b97764d7c936b004aa73fae0236499c3,NK,600,NK 600,DEP,ATL,PHL,NARROWBODY,TURN_0377,PAIRED_TURN,SIM_AC_0377,2024-01-01_NK_1837,40,45,G118,0.3117,31.2%,14.3,4.44,970,16:10,989,16:29,1008,16:48,38.0,Trễ 38p ⏳,835,13:55,985,16:25,150,[13:55 ➔ 16:25],False,-23,Trễ vượt đệm an toàn (+23p)
flight_key_v1_1fb83ca22d4c48bc00e841194e1f39d5,DL,847,DL 847,ARR,DEN,ATL,NARROWBODY,TURN_0439,PAIRED_TURN,SIM_AC_0439,2024-01-01_DL_847,40,45,G142,0.3071,30.7%,2.0,0.6,970,16:10,971,16:11,951,15:51,-19.0,Sớm 19p ⚡,955,15:55,1094,18:14,139,[15:55 ➔ 18:14],False,143,Hạ cánh sớm hơn đệm (4p)
flight_key_v1_f56ec9b3765b995c52e280718845c665,WN,2121,WN 2121,DEP,ATL,STL,NARROWBODY,TURN_0028,PAIRED_TURN,SIM_AC_0028,2024-01-01_WN_2121,75,45,G62,0.3105,31.1%,9.5,2.95,970,16:10,1011,16:51,976,16:16,6.0,Trễ 6p ⏳,915,15:15,985,16:25,70,[15:15 ➔ 16:25],True,9,An toàn tuyệt đối (Được bảo vệ)
flight_key_v1_c5d77ed93952059a3b37b0fa3c68011e,9E,5479,9E 5479,ARR,MGM,ATL,WIDEBODY,TURN_0678,UNMATCHED_ARR,SIM_AC_0678,2024-01-01_9E_5479,75,60,G33,0.2588,25.9%,2.2,0.58,971,16:11,973,16:13,978,16:18,7.0,Trễ 7p ⏳,956,15:56,1061,17:41,105,[15:56 ➔ 17:41],True,83,An toàn tuyệt đối (Được bảo vệ)
flight_key_v1_83e88329a4f4d121e1527be6c9d9b31a,F9,2984,F9 2984,DEP,ATL,TTN,NARROWBODY,TURN_0834,UNMATCHED_DEP,SIM_AC_0834,2024-01-01_F9_2984,40,45,G43,0.2907,29.1%,9.5,2.76,973,16:13,986,16:26,974,16:14,1.0,Trễ 1p ⏳,915,15:15,990,16:30,75,[15:15 ➔ 16:30],True,16,An toàn tuyệt đối (Được bảo vệ)
flight_key_v1_4c34976c328d8c6800fdfcfe3c7c6ff1,F9,3782,F9 3782,DEP,ATL,TPA,NARROWBODY,TURN_0413,PAIRED_TURN,SIM_AC_0413,2024-01-01_F9_2173,40,45,G115,0.5798,58.0%,9.7,5.64,973,16:13,991,16:31,978,16:18,5.0,Trễ 5p ⏳,901,15:01,990,16:30,89,[15:01 ➔ 16:30],True,12,An toàn tuyệt đối (Được bảo vệ)
flight_key_v1_5d119e299d47c4038b3cc04a6d89351c,UA,2464,UA 2464,ARR,EWR,ATL,NARROWBODY,TURN_0440,PAIRED_TURN,SIM_AC_0440,2024-01-01_UA_2464,40,45,G109,0.3768,37.7%,3.4,1.27,977,16:17,980,16:20,943,15:43,-34.0,Sớm 34p ⚡,963,16:03,1150,19:10,187,[16:03 ➔ 19:10],False,207,Hạ cánh sớm hơn đệm (20p)
flight_key_v1_95507d1ed1e8ac719c453a1a28afc0a2,DL,2247,DL 2247,ARR,DFW,ATL,NARROWBODY,TURN_0441,PAIRED_TURN,SIM_AC_0441,2024-01-01_DL_2247,40,45,G170,0.287,28.7%,2.3,0.67,979,16:19,981,16:21,965,16:05,-14.0,Sớm 14p ⚡,964,16:04,1094,18:14,130,[16:04 ➔ 18:14],True,129,An toàn tuyệt đối (Được bảo vệ)
flight_key_v1_0653e3adb34f2dc3cbf732e903991b8e,WN,786,WN 786,DEP,ATL,JAX,NARROWBODY,TURN_0835,UNMATCHED_DEP,SIM_AC_0835,2024-01-01_WN_786,40,45,G71,0.2944,29.4%,9.9,2.92,980,16:20,993,16:33,979,16:19,-1.0,Sớm 1p ⚡,922,15:22,997,16:37,75,[15:22 ➔ 16:37],True,18,An toàn tuyệt đối (Được bảo vệ)
flight_key_v1_baf0275ccf7cc121bb7e2bc7ccd11348,DL,1585,DL 1585,ARR,GPT,ATL,WIDEBODY,TURN_0442,PAIRED_TURN,SIM_AC_0442,2024-01-01_DL_1585,75,60,G30,0.2316,23.2%,0.7,0.17,980,16:20,980,16:20,955,15:55,-25.0,Sớm 25p ⚡,965,16:05,1134,18:54,169,[16:05 ➔ 18:54],False,179,Hạ cánh sớm hơn đệm (10p)
flight_key_v1_23f104212f92fce6fefaf7e6fb80bab5,WN,3177,WN 3177,ARR,MCO,ATL,NARROWBODY,TURN_0047,PAIRED_TURN,SIM_AC_0047,2024-01-01_WN_3177,40,45,G128,0.4752,47.5%,4.7,2.22,980,16:20,984,16:24,970,16:10,-10.0,Sớm 10p ⚡,967,16:07,1047,17:27,80,[16:07 ➔ 17:27],True,77,An toàn tuyệt đối (Được bảo vệ)
flight_key_v1_131e5e82cf7b318565122c5063a0c90a,DL,2049,DL 2049,DEP,ATL,DAL,NARROWBODY,TURN_0396,PAIRED_TURN,SIM_AC_0396,2024-01-01_DL_2786,40,45,G84,0.2316,23.2%,5.8,1.35,981,16:21,989,16:29,979,16:19,-2.0,Sớm 2p ⚡,860,14:20,996,16:36,136,[14:20 ➔ 16:36],True,17,An toàn tuyệt đối (Được bảo vệ)
flight_key_v1_652fec077a53e92d55ec5c15681929b1,B6,2613,B6 2613,DEP,ATL,LGA,NARROWBODY,TURN_0836,UNMATCHED_DEP,SIM_AC_0836,2024-01-01_B6_2613,40,45,G156,0.3051,30.5%,13.2,4.03,981,16:21,999,16:39,1016,16:56,35.0,Trễ 35p ⏳,925,15:25,1000,16:40,75,[15:25 ➔ 16:40],False,-16,Trễ vượt đệm an toàn (+16p)
flight_key_v1_d4d429476cf527aff6c824fe8c552f20,AA,1236,AA 1236,DEP,ATL,DFW,NARROWBODY,TURN_0001,PAIRED_TURN,SIM_AC_0001,2024-01-01_AA_1236,75,45,G65,0.4136,41.4%,7.9,3.26,984,16:24,1014,16:54,1063,17:43,79.0,Trễ 79p ⏳,916,15:16,1000,16:40,84,[15:16 ➔ 16:40],False,-63,Trễ vượt đệm an toàn (+63p)
flight_key_v1_8ebb4fc0bc9569116abdfd46b35b3c77,UA,225,UA 225,DEP,ATL,DEN,NARROWBODY,TURN_0399,PAIRED_TURN,SIM_AC_0399,2024-01-01_UA_1940,40,45,G63,0.2625,26.2%,7.8,2.06,985,16:25,996,16:36,984,16:24,-1.0,Sớm 1p ⚡,863,14:23,1000,16:40,137,[14:23 ➔ 16:40],True,16,An toàn tuyệt đối (Được bảo vệ)
flight_key_v1_61c1161197ebf08cb99017f420d2a894,DL,1190,DL 1190,ARR,PBI,ATL,NARROWBODY,TURN_0443,PAIRED_TURN,SIM_AC_0443,2024-01-01_DL_1190,40,45,G10,0.2323,23.2%,1.8,0.43,985,16:25,986,16:26,1007,16:47,22.0,Trễ 22p ⏳,970,16:10,1095,18:15,125,[16:10 ➔ 18:15],True,88,An toàn tuyệt đối (Được bảo vệ)
flight_key_v1_d666d04281b7adca5d5997107a604e50,B6,1719,B6 1719,ARR,JFK,ATL,NARROWBODY,TURN_0444,PAIRED_TURN,SIM_AC_0444,2024-01-01_B6_1719,40,45,G132,0.5001,50.0%,4.0,2.01,987,16:27,991,16:31,999,16:39,12.0,Trễ 12p ⏳,974,16:14,1226,20:26,252,[16:14 ➔ 20:26],True,227,An toàn tuyệt đối (Được bảo vệ)
flight_key_v1_235216c68369fe7a8fb521e181ff2857,9E,5184,9E 5184,ARR,SGF,ATL,NARROWBODY,TURN_0445,PAIRED_TURN,SIM_AC_0445,2024-01-01_9E_5184,40,45,G88,0.3207,32.1%,1.0,0.33,988,16:28,989,16:29,967,16:07,-21.0,Sớm 21p ⚡,973,16:13,1120,18:40,147,[16:13 ➔ 18:40],False,153,Hạ cánh sớm hơn đệm (6p)
flight_key_v1_26c1f514f0333806d6d136998eb7a2a7,WN,942,WN 942,ARR,CLE,ATL,NARROWBODY,TURN_0446,PAIRED_TURN,SIM_AC_0446,2024-01-01_WN_942,40,45,G94,0.3474,34.7%,3.9,1.35,990,16:30,993,16:33,1019,16:59,29.0,Trễ 29p ⏳,976,16:16,1076,17:56,100,[16:16 ➔ 17:56],True,57,An toàn tuyệt đối (Được bảo vệ)
flight_key_v1_14c234d008ae9ff0c18b371e35bf3da5,DL,1671,DL 1671,DEP,ATL,BHM,NARROWBODY,TURN_0397,PAIRED_TURN,SIM_AC_0397,2024-01-01_DL_2632,40,45,G102,0.2316,23.2%,5.6,1.3,990,16:30,998,16:38,987,16:27,-3.0,Sớm 3p ⚡,860,14:20,1005,16:45,145,[14:20 ➔ 16:45],True,18,An toàn tuyệt đối (Được bảo vệ)
flight_key_v1_8d0125aa90dde4fd4d68e4fd1ea48772,WN,1893,WN 1893,ARR,JAN,ATL,NARROWBODY,TURN_0019,PAIRED_TURN,SIM_AC_0019,2024-01-01_WN_1893,40,45,G157,0.372,37.2%,3.4,1.26,990,16:30,993,16:33,978,16:18,-12.0,Sớm 12p ⚡,976,16:16,1046,17:26,70,[16:16 ➔ 17:26],True,68,An toàn tuyệt đối (Được bảo vệ)
flight_key_v1_5a2fcef3583b53854079bc08d0396908,DL,2137,DL 2137,ARR,DTW,ATL,NARROWBODY,TURN_0447,PAIRED_TURN,SIM_AC_0447,2024-01-01_DL_2137,40,45,G48,0.2816,28.2%,0.9,0.24,990,16:30,990,16:30,964,16:04,-26.0,Sớm 26p ⚡,975,16:15,1095,18:15,120,[16:15 ➔ 18:15],False,131,Hạ cánh sớm hơn đệm (11p)
flight_key_v1_1d0a73efdeaa9812336cf274ed4d191f,DL,1525,DL 1525,ARR,TPA,ATL,NARROWBODY,TURN_0448,PAIRED_TURN,SIM_AC_0448,2024-01-01_DL_1525,40,45,G78,0.239,23.9%,1.5,0.36,992,16:32,993,16:33,972,16:12,-20.0,Sớm 20p ⚡,977,16:17,1095,18:15,118,[16:17 ➔ 18:15],False,123,Hạ cánh sớm hơn đệm (5p)
flight_key_v1_3141e445bd8cd8f0dcca17f15a642206,DL,1034,DL 1034,ARR,DAL,ATL,NARROWBODY,TURN_0449,PAIRED_TURN,SIM_AC_0449,2024-01-01_DL_1034,40,45,G56,0.3546,35.5%,2.1,0.75,993,16:33,995,16:35,978,16:18,-15.0,Sớm 15p ⚡,978,16:18,1098,18:18,120,[16:18 ➔ 18:18],True,120,An toàn tuyệt đối (Được bảo vệ)
flight_key_v1_b77f04d465570298070668e82024b015,NK,1561,NK 1561,ARR,DTW,ATL,NARROWBODY,TURN_0450,PAIRED_TURN,SIM_AC_0450,2024-01-01_NK_1561,40,45,G99,0.4381,43.8%,4.0,1.73,994,16:34,997,16:37,968,16:08,-26.0,Sớm 26p ⚡,980,16:20,1121,18:41,141,[16:20 ➔ 18:41],False,153,Hạ cánh sớm hơn đệm (12p)
flight_key_v1_f3f0ea49a34f125395b028d6ef8ed364,DL,1582,DL 1582,ARR,FLL,ATL,NARROWBODY,TURN_0451,PAIRED_TURN,SIM_AC_0451,2024-01-01_DL_1582,40,45,G96,0.2931,29.3%,2.2,0.66,994,16:34,996,16:36,1010,16:50,16.0,Trễ 16p ⏳,979,16:19,1098,18:18,119,[16:19 ➔ 18:18],True,88,An toàn tuyệt đối (Được bảo vệ)
flight_key_v1_586f5535b095199939282dbc4c710f89,F9,1669,F9 1669,ARR,RDU,ATL,NARROWBODY,TURN_0453,PAIRED_TURN,SIM_AC_0453,2024-01-01_F9_1669,40,45,G173,0.522,52.2%,3.5,1.82,995,16:35,998,16:38,977,16:17,-18.0,Sớm 18p ⚡,981,16:21,1090,18:10,109,[16:21 ➔ 18:10],False,113,Hạ cánh sớm hơn đệm (4p)
flight_key_v1_51d6f440e5b4ca34862e39f363e363f7,9E,4923,9E 4923,ARR,TYS,ATL,NARROWBODY,TURN_0452,PAIRED_TURN,SIM_AC_0452,2024-01-01_9E_4923,40,45,G167,0.2352,23.5%,0.7,0.17,995,16:35,995,16:35,977,16:17,-18.0,Sớm 18p ⚡,980,16:20,1140,19:00,160,[16:20 ➔ 19:00],False,163,Hạ cánh sớm hơn đệm (3p)
flight_key_v1_27f5e80418315e12844e60ab5b919a7b,DL,1328,DL 1328,DEP,ATL,MIA,NARROWBODY,TURN_0398,PAIRED_TURN,SIM_AC_0398,2024-01-01_DL_2177,40,45,G44,0.2372,23.7%,7.9,1.88,996,16:36,1007,16:47,993,16:33,-3.0,Sớm 3p ⚡,860,14:20,1011,16:51,151,[14:20 ➔ 16:51],True,18,An toàn tuyệt đối (Được bảo vệ)
flight_key_v1_533346da1abd2842535763c506cf4955,AS,334,AS 334,ARR,SEA,ATL,NARROWBODY,TURN_0455,PAIRED_TURN,SIM_AC_0455,2024-01-01_AS_334,40,45,G93,0.3641,36.4%,-0.2,-0.08,997,16:37,996,16:36,987,16:27,-10.0,Sớm 10p ⚡,982,16:22,1097,18:17,115,[16:22 ➔ 18:17],True,110,An toàn tuyệt đối (Được bảo vệ)
flight_key_v1_5f3a01a03148cb1be5a775ed26744d5d,DL,883,DL 883,ARR,MSN,ATL,WIDEBODY,TURN_0456,PAIRED_TURN,SIM_AC_0456,2024-01-01_DL_883,75,60,G144,0.2512,25.1%,0.2,0.06,997,16:37,997,16:37,976,16:16,-21.0,Sớm 21p ⚡,982,16:22,1141,19:01,159,[16:22 ➔ 19:01],False,165,Hạ cánh sớm hơn đệm (6p)
flight_key_v1_6a911683926870b92e9da86c32d6fd4a,DL,1452,DL 1452,ARR,MSP,ATL,NARROWBODY,TURN_0457,PAIRED_TURN,SIM_AC_0457,2024-01-01_DL_1452,40,45,G134,0.2311,23.1%,0.2,0.06,997,16:37,997,16:37,979,16:19,-18.0,Sớm 18p ⚡,982,16:22,1106,18:26,124,[16:22 ➔ 18:26],False,127,Hạ cánh sớm hơn đệm (3p)
flight_key_v1_2d992ec6f0c866fb9c1352ca8855dbd0,OO,3935,OO 3935,ARR,SHV,ATL,NARROWBODY,TURN_0454,PAIRED_TURN,SIM_AC_0454,2024-01-01_OO_3935,40,45,G119,0.3991,39.9%,4.3,1.71,997,16:37,1001,16:41,975,16:15,-22.0,Sớm 22p ⚡,983,16:23,1216,20:16,233,[16:23 ➔ 20:16],False,241,Hạ cánh sớm hơn đệm (8p)
flight_key_v1_d55d88ebdaea0cd61f41c8df20a4a662,9E,4987,9E 4987,ARR,MDT,ATL,NARROWBODY,TURN_0458,PAIRED_TURN,SIM_AC_0458,2024-01-01_9E_4987,40,45,G73,0.2352,23.5%,0.4,0.1,998,16:38,998,16:38,967,16:07,-31.0,Sớm 31p ⚡,983,16:23,1154,19:14,171,[16:23 ➔ 19:14],False,187,Hạ cánh sớm hơn đệm (16p)
flight_key_v1_af61eaa8b34719f884e94f5c2ab6c377,DL,873,DL 873,ARR,LAX,ATL,NARROWBODY,TURN_0459,PAIRED_TURN,SIM_AC_0459,2024-01-01_DL_873,40,45,G07,0.3211,32.1%,0.8,0.24,999,16:39,999,16:39,1003,16:43,4.0,Trễ 4p ⏳,984,16:24,1110,18:30,126,[16:24 ➔ 18:30],True,107,An toàn tuyệt đối (Được bảo vệ)
flight_key_v1_feaa454097923d15d5cc065cbeed7668,DL,301,DL 301,DEP,ATL,LAX,NARROWBODY,TURN_0401,PAIRED_TURN,SIM_AC_0401,2024-01-01_DL_1153,40,45,G166,0.2396,24.0%,7.9,1.9,1000,16:40,1011,16:51,995,16:35,-5.0,Sớm 5p ⚡,871,14:31,1015,16:55,144,[14:31 ➔ 16:55],True,20,An toàn tuyệt đối (Được bảo vệ)
flight_key_v1_309bbf40553f0e7ea36c13703bd81775,WN,662,WN 662,DEP,ATL,FLL,NARROWBODY,TURN_0063,PAIRED_TURN,SIM_AC_0063,2024-01-01_WN_662,40,45,G24,0.2944,29.4%,10.8,3.17,1000,16:40,1014,16:54,999,16:39,-1.0,Sớm 1p ⚡,935,15:35,1015,16:55,80,[15:35 ➔ 16:55],True,16,An toàn tuyệt đối (Được bảo vệ)
flight_key_v1_c9cc42e1ca3c28bc52562a0079d20959,DL,743,DL 743,DEP,ATL,SMF,NARROWBODY,TURN_0400,PAIRED_TURN,SIM_AC_0400,2024-01-01_DL_486,40,45,G103,0.2311,23.1%,6.1,1.41,1000,16:40,1009,16:49,998,16:38,-2.0,Sớm 2p ⚡,866,14:26,1015,16:55,149,[14:26 ➔ 16:55],True,17,An toàn tuyệt đối (Được bảo vệ)
flight_key_v1_64182b2c16d8b210c3927420074c7180,DL,1704,DL 1704,ARR,DSM,ATL,NARROWBODY,TURN_0460,PAIRED_TURN,SIM_AC_0460,2024-01-01_DL_1704,40,45,G120,0.2316,23.2%,0.8,0.19,1000,16:40,1000,16:40,983,16:23,-17.0,Sớm 17p ⚡,985,16:25,1110,18:30,125,[16:25 ➔ 18:30],False,127,Hạ cánh sớm hơn đệm (2p)
flight_key_v1_2f0330383da275a9ae43408555b61e35,WN,2897,WN 2897,DEP,ATL,RDU,NARROWBODY,TURN_0434,PAIRED_TURN,SIM_AC_0434,2024-01-01_WN_1235,40,45,G13,0.3976,39.8%,9.9,3.94,1000,16:40,1015,16:55,999,16:39,-1.0,Sớm 1p ⚡,941,15:41,1016,16:56,75,[15:41 ➔ 16:56],True,17,An toàn tuyệt đối (Được bảo vệ)
flight_key_v1_19b9bf102e0aea28dfe96487604c6b3c,WN,4501,WN 4501,DEP,ATL,BWI,NARROWBODY,TURN_0057,PAIRED_TURN,SIM_AC_0057,2024-01-01_WN_4501,40,45,G92,0.3213,32.1%,9.9,3.19,1000,16:40,1014,16:54,996,16:36,-4.0,Sớm 4p ⚡,940,15:40,1015,16:55,75,[15:40 ➔ 16:55],True,19,An toàn tuyệt đối (Được bảo vệ)
flight_key_v1_4c7af0666f6144afd8bbfa05ee77a356,DL,2026,DL 2026,ARR,RDU,ATL,NARROWBODY,TURN_0461,PAIRED_TURN,SIM_AC_0461,2024-01-01_DL_2026,40,45,G64,0.2406,24.1%,0.7,0.17,1001,16:41,1001,16:41,1002,16:42,1.0,Trễ 1p ⏳,986,16:26,1110,18:30,124,[16:26 ➔ 18:30],True,108,An toàn tuyệt đối (Được bảo vệ)
flight_key_v1_47cc6acbe62394e35ca4dd4e525f67f8,9E,5014,9E 5014,ARR,ICT,ATL,NARROWBODY,TURN_0462,PAIRED_TURN,SIM_AC_0462,2024-01-01_9E_5014,40,45,G60,0.2352,23.5%,0.8,0.19,1002,16:42,1002,16:42,987,16:27,-15.0,Sớm 15p ⚡,987,16:27,1190,19:50,203,[16:27 ➔ 19:50],True,203,An toàn tuyệt đối (Được bảo vệ)
flight_key_v1_a8f86f5e6f3f4b89aacd01400a9745e0,WN,3610,WN 3610,DEP,ATL,CLE,NARROWBODY,TURN_0435,PAIRED_TURN,SIM_AC_0435,2024-01-01_WN_1572,40,45,G168,0.323,32.3%,9.8,3.15,1005,16:45,1019,16:59,1007,16:47,2.0,Trễ 2p ⏳,946,15:46,1021,17:01,75,[15:46 ➔ 17:01],True,14,An toàn tuyệt đối (Được bảo vệ)
flight_key_v1_570df21c9d4183b364c04e46f20f5835,DL,2739,DL 2739,ARR,BDL,ATL,NARROWBODY,TURN_0463,PAIRED_TURN,SIM_AC_0463,2024-01-01_DL_2739,40,45,G15,0.2512,25.1%,0.4,0.11,1008,16:48,1008,16:48,979,16:19,-29.0,Sớm 29p ⚡,993,16:33,1110,18:30,117,[16:33 ➔ 18:30],False,131,Hạ cánh sớm hơn đệm (14p)
flight_key_v1_33279d88fec742cfa3912d934ffc3e46,DL,376,DL 376,ARR,BOS,ATL,NARROWBODY,TURN_0465,PAIRED_TURN,SIM_AC_0465,2024-01-01_DL_376,40,45,G17,0.2896,29.0%,1.5,0.45,1009,16:49,1010,16:50,969,16:09,-40.0,Sớm 40p ⚡,994,16:34,1115,18:35,121,[16:34 ➔ 18:35],False,146,Hạ cánh sớm hơn đệm (25p)
flight_key_v1_f0db82f4bdb1ce1753df356e28d7a198,DL,2052,DL 2052,ARR,BNA,ATL,NARROWBODY,TURN_0467,PAIRED_TURN,SIM_AC_0467,2024-01-01_DL_2052,40,45,G57,0.2316,23.2%,0.7,0.17,1009,16:49,1009,16:49,993,16:33,-16.0,Sớm 16p ⚡,994,16:34,1120,18:40,126,[16:34 ➔ 18:40],False,127,Hạ cánh sớm hơn đệm (1p)
flight_key_v1_2b740403935fa4562f81628a628f1a72,DL,2420,DL 2420,ARR,AUS,ATL,NARROWBODY,TURN_0464,PAIRED_TURN,SIM_AC_0464,2024-01-01_DL_2420,40,45,G03,0.2316,23.2%,0.8,0.19,1009,16:49,1009,16:49,992,16:32,-17.0,Sớm 17p ⚡,994,16:34,1115,18:35,121,[16:34 ➔ 18:35],False,123,Hạ cánh sớm hơn đệm (2p)
flight_key_v1_99ae92e1bae346385a331fea75c41789,9E,5195,9E 5195,ARR,XNA,ATL,NARROWBODY,TURN_0466,PAIRED_TURN,SIM_AC_0466,2024-01-01_9E_5195,40,45,G90,0.3095,30.9%,1.1,0.35,1009,16:49,1010,16:50,991,16:31,-18.0,Sớm 18p ⚡,994,16:34,1190,19:50,196,[16:34 ➔ 19:50],False,199,Hạ cánh sớm hơn đệm (3p)
flight_key_v1_8f4a806073fd4aa467b53de2117e99e7,DL,725,DL 725,ARR,SAN,ATL,NARROWBODY,TURN_0469,PAIRED_TURN,SIM_AC_0469,2024-01-01_DL_725,40,45,G162,0.2342,23.4%,0.3,0.08,1010,16:50,1010,16:50,1088,18:08,78.0,Trễ 78p ⏳,995,16:35,1120,18:40,125,[16:35 ➔ 18:40],True,32,An toàn tuyệt đối (Được bảo vệ)
flight_key_v1_50775600e105fa990d1023eb94b35dc6,DL,967,DL 967,ARR,BUF,ATL,NARROWBODY,TURN_0468,PAIRED_TURN,SIM_AC_0468,2024-01-01_DL_967,40,45,G138,0.2551,25.5%,2.5,0.64,1010,16:50,1012,16:52,981,16:21,-29.0,Sớm 29p ⚡,995,16:35,1120,18:40,125,[16:35 ➔ 18:40],False,139,Hạ cánh sớm hơn đệm (14p)
flight_key_v1_50dd8fde21e30f5fb5e8db2012f783f6,F9,2897,F9 2897,ARR,DTW,ATL,NARROWBODY,TURN_0470,PAIRED_TURN,SIM_AC_0470,2024-01-01_F9_2897,40,45,G54,0.5322,53.2%,4.0,2.11,1011,16:51,1014,16:54,995,16:35,-16.0,Sớm 16p ⚡,998,16:38,1118,18:38,120,[16:38 ➔ 18:38],False,123,Hạ cánh sớm hơn đệm (3p)
flight_key_v1_c827cd52bc2041b5694c74f6d5dc58e0,AA,1237,AA 1237,ARR,MIA,ATL,NARROWBODY,TURN_0002,PAIRED_TURN,SIM_AC_0002,2024-01-01_AA_1237,75,45,G12,0.4346,43.5%,4.5,1.95,1012,16:52,1016,16:56,1010,16:50,-2.0,Sớm 2p ⚡,998,16:38,1188,19:48,190,[16:38 ➔ 19:48],True,178,An toàn tuyệt đối (Được bảo vệ)
flight_key_v1_944d3a7c9169ba795cf0a29765581ee7,9E,5003,9E 5003,ARR,CHO,ATL,NARROWBODY,TURN_0471,PAIRED_TURN,SIM_AC_0471,2024-01-01_9E_5003,40,45,G160,0.2396,24.0%,0.7,0.17,1014,16:54,1014,16:54,996,16:36,-18.0,Sớm 18p ⚡,999,16:39,1215,20:15,216,[16:39 ➔ 20:15],False,219,Hạ cánh sớm hơn đệm (3p)
flight_key_v1_f62a4a396ae3a4be8325d684bcbaea47,DL,942,DL 942,DEP,ATL,SJC,NARROWBODY,TURN_0402,PAIRED_TURN,SIM_AC_0402,2024-01-01_DL_1728,40,45,G135,0.3669,36.7%,6.2,2.29,1015,16:55,1027,17:07,1012,16:52,-3.0,Sớm 3p ⚡,873,14:33,1032,17:12,159,[14:33 ➔ 17:12],True,20,An toàn tuyệt đối (Được bảo vệ)
flight_key_v1_272506cf2870191390db8ba90ad45dbb,WN,1970,WN 1970,ARR,BWI,ATL,WIDEBODY,TURN_0472,PAIRED_TURN,SIM_AC_0472,2024-01-01_WN_1970,75,60,G21,0.4549,45.5%,4.5,2.03,1015,16:55,1019,16:59,1027,17:07,12.0,Trễ 12p ⏳,1002,16:42,1197,19:57,195,[16:42 ➔ 19:57],True,170,An toàn tuyệt đối (Được bảo vệ)
flight_key_v1_9cd75e5fea04a32ebbd734fea915c974,DL,2672,DL 2672,ARR,ALB,ATL,NARROWBODY,TURN_0473,PAIRED_TURN,SIM_AC_0473,2024-01-01_DL_2672,40,45,G165,0.2625,26.2%,1.1,0.3,1015,16:55,1016,16:56,982,16:22,-33.0,Sớm 33p ⚡,1000,16:40,1120,18:40,120,[16:40 ➔ 18:40],False,138,Hạ cánh sớm hơn đệm (18p)
flight_key_v1_1fcaf62583d4b3021cec7ad1fd29476e,DL,1576,DL 1576,ARR,MCO,ATL,NARROWBODY,TURN_0474,PAIRED_TURN,SIM_AC_0474,2024-01-01_DL_1576,40,45,G151,0.2666,26.7%,2.2,0.6,1018,16:58,1020,17:00,1039,17:19,21.0,Trễ 21p ⏳,1003,16:43,1121,18:41,118,[16:43 ➔ 18:41],True,82,An toàn tuyệt đối (Được bảo vệ)
flight_key_v1_3517afaf23465a3200ba4c669220dd2f,9E,5491,9E 5491,DEP,ATL,MSP,NARROWBODY,TURN_0406,PAIRED_TURN,SIM_AC_0406,2024-01-01_9E_5074,40,45,G86,0.2343,23.4%,7.7,1.81,1019,16:59,1030,17:10,1017,16:57,-2.0,Sớm 2p ⚡,879,14:39,1034,17:14,155,[14:39 ➔ 17:14],True,17,An toàn tuyệt đối (Được bảo vệ)
flight_key_v1_c5f11729afbad4bf4757e07b08c7e427,OH,5527,OH 5527,DEP,ATL,DCA,NARROWBODY,TURN_0006,PAIRED_TURN,SIM_AC_0006,2024-01-01_OH_5527,40,45,G107,0.3343,33.4%,6.0,2.01,1020,17:00,1031,17:11,1011,16:51,-9.0,Sớm 9p ⚡,940,15:40,1035,17:15,95,[15:40 ➔ 17:15],True,24,An toàn tuyệt đối (Được bảo vệ)
flight_key_v1_541db64809d025f000b2cd89b9cb3787,DL,968,DL 968,ARR,RSW,ATL,NARROWBODY,TURN_0475,PAIRED_TURN,SIM_AC_0475,2024-01-01_DL_968,40,45,G31,0.2307,23.1%,0.8,0.19,1021,17:01,1021,17:01,1005,16:45,-16.0,Sớm 16p ⚡,1006,16:46,1125,18:45,119,[16:46 ➔ 18:45],False,120,Hạ cánh sớm hơn đệm (1p)
flight_key_v1_b9d14aefd645b5f92eef13a9385bed79,DL,2778,DL 2778,ARR,MEM,ATL,NARROWBODY,TURN_0476,PAIRED_TURN,SIM_AC_0476,2024-01-01_DL_2778,40,45,G35,0.2396,24.0%,0.8,0.2,1021,17:01,1021,17:01,1000,16:40,-21.0,Sớm 21p ⚡,1006,16:46,1125,18:45,119,[16:46 ➔ 18:45],False,125,Hạ cánh sớm hơn đệm (6p)
flight_key_v1_93caa23a90d19f7d1a9d97de554c2d35,9E,5139,9E 5139,ARR,CHA,ATL,WIDEBODY,TURN_0679,UNMATCHED_ARR,SIM_AC_0679,2024-01-01_9E_5139,75,60,G61,0.259,25.9%,0.8,0.21,1021,17:01,1021,17:01,1001,16:41,-20.0,Sớm 20p ⚡,1006,16:46,1111,18:31,105,[16:46 ➔ 18:31],False,110,Hạ cánh sớm hơn đệm (5p)
flight_key_v1_b6f9e97f335284fa63eeb404e255093c,DL,1147,DL 1147,ARR,ORD,ATL,NARROWBODY,TURN_0478,PAIRED_TURN,SIM_AC_0478,2024-01-01_DL_1147,40,45,G20,0.3782,37.8%,3.0,1.15,1022,17:02,1025,17:05,999,16:39,-23.0,Sớm 23p ⚡,1008,16:48,1126,18:46,118,[16:48 ➔ 18:46],False,127,Hạ cánh sớm hơn đệm (9p)
flight_key_v1_5f9079602de03fd463f88f6d782ff7d0,9E,4910,9E 4910,ARR,DHN,ATL,NARROWBODY,TURN_0477,PAIRED_TURN,SIM_AC_0477,2024-01-01_9E_4910,40,45,G27,0.2352,23.5%,0.8,0.19,1022,17:02,1022,17:02,996,16:36,-26.0,Sớm 26p ⚡,1007,16:47,1220,20:20,213,[16:47 ➔ 20:20],False,224,Hạ cánh sớm hơn đệm (11p)
flight_key_v1_ea7d08f8f846521cb37395f0a738e0a5,B6,1320,B6 1320,DEP,ATL,JFK,NARROWBODY,TURN_0837,UNMATCHED_DEP,SIM_AC_0837,2024-01-01_B6_1320,40,45,G59,0.3051,30.5%,15.4,4.7,1023,17:03,1043,17:23,1038,17:18,15.0,Trễ 15p ⏳,967,16:07,1042,17:22,75,[16:07 ➔ 17:22],True,4,An toàn tuyệt đối (Được bảo vệ)
flight_key_v1_0eec27e45985e1e6eedcb7eebdeff952,DL,573,DL 573,ARR,SJU,ATL,WIDEBODY,TURN_0480,PAIRED_TURN,SIM_AC_0480,2024-01-01_DL_573,75,60,G11,0.3405,34.1%,6.2,2.1,1024,17:04,1030,17:10,1013,16:53,-11.0,Sớm 11p ⚡,1011,16:51,1206,20:06,195,[16:51 ➔ 20:06],True,193,An toàn tuyệt đối (Được bảo vệ)
flight_key_v1_e98ad5addde9c3f87adcb5f6348b46fe,AA,990,AA 990,ARR,LAX,ATL,NARROWBODY,TURN_0479,PAIRED_TURN,SIM_AC_0479,2024-01-01_AA_990,40,45,G83,0.3907,39.1%,2.7,1.05,1024,17:04,1026,17:06,1023,17:03,-1.0,Sớm 1p ⚡,1010,16:50,1106,18:26,96,[16:50 ➔ 18:26],True,83,An toàn tuyệt đối (Được bảo vệ)
flight_key_v1_b97c8e94fc8231315c30fe841b66a3d3,9E,5359,9E 5359,DEP,ATL,AGS,NARROWBODY,TURN_0438,PAIRED_TURN,SIM_AC_0438,2024-01-01_9E_5061,40,45,G16,0.258,25.8%,5.8,1.5,1024,17:04,1033,17:13,1025,17:05,1.0,Trễ 1p ⏳,954,15:54,1039,17:19,85,[15:54 ➔ 17:19],True,14,An toàn tuyệt đối (Được bảo vệ)
flight_key_v1_4ed3c28f100de4a979df4a75fd534afd,DL,1331,DL 1331,ARR,SAV,ATL,WIDEBODY,TURN_0483,PAIRED_TURN,SIM_AC_0483,2024-01-01_DL_1331,75,60,G50,0.2316,23.2%,0.8,0.19,1025,17:05,1025,17:05,1006,16:46,-19.0,Sớm 19p ⚡,1010,16:50,1209,20:09,199,[16:50 ➔ 20:09],False,203,Hạ cánh sớm hơn đệm (4p)
flight_key_v1_a541a5b8d538c9efaefe40760b7187b0,DL,2097,DL 2097,ARR,ROC,ATL,NARROWBODY,TURN_0481,PAIRED_TURN,SIM_AC_0481,2024-01-01_DL_2097,40,45,G81,0.2883,28.8%,2.6,0.75,1025,17:05,1027,17:07,985,16:25,-40.0,Sớm 40p ⚡,1010,16:50,1128,18:48,118,[16:50 ➔ 18:48],False,143,Hạ cánh sớm hơn đệm (25p)
flight_key_v1_0dcd6a9851c5e79adae426c28e381315,9E,5225,9E 5225,ARR,AVL,ATL,NARROWBODY,TURN_0482,PAIRED_TURN,SIM_AC_0482,2024-01-01_9E_5225,40,45,G91,0.2806,28.1%,1.5,0.42,1025,17:05,1026,17:06,1232,20:32,207.0,Trễ 207p ⏳,1010,16:50,1222,20:22,212,[16:50 ➔ 20:22],False,-10,Trễ vượt đệm an toàn (+10p)
flight_key_v1_1f0d872ef0ca117b9d8ff48cb87dc7e6,DL,1375,DL 1375,ARR,SYR,ATL,NARROWBODY,TURN_0484,PAIRED_TURN,SIM_AC_0484,2024-01-01_DL_1375,40,45,G161,0.291,29.1%,2.0,0.59,1028,17:08,1030,17:10,987,16:27,-41.0,Sớm 41p ⚡,1013,16:53,1135,18:55,122,[16:53 ➔ 18:55],False,148,Hạ cánh sớm hơn đệm (26p)
flight_key_v1_160c67928a59f35c302c62d595cf8384,DL,2887,DL 2887,ARR,MYR,ATL,NARROWBODY,TURN_0485,PAIRED_TURN,SIM_AC_0485,2024-01-01_DL_2887,40,45,G26,0.2316,23.2%,0.8,0.19,1029,17:09,1029,17:09,1015,16:55,-14.0,Sớm 14p ⚡,1014,16:54,1145,19:05,131,[16:54 ➔ 19:05],True,130,An toàn tuyệt đối (Được bảo vệ)
flight_key_v1_672b8c05bd63e206b07a8e728af9daeb,9E,4953,9E 4953,ARR,GTR,ATL,NARROWBODY,TURN_0486,PAIRED_TURN,SIM_AC_0486,2024-01-01_9E_4953,40,45,G44,0.2494,24.9%,0.8,0.2,1029,17:09,1029,17:09,994,16:34,-35.0,Sớm 35p ⚡,1014,16:54,1235,20:35,221,[16:54 ➔ 20:35],False,241,Hạ cánh sớm hơn đệm (20p)
flight_key_v1_08a4d5a45407059910143d6b66e57053,WN,1893,WN 1893,DEP,ATL,DEN,NARROWBODY,TURN_0019,PAIRED_TURN,SIM_AC_0019,2024-01-01_WN_1893,40,45,G157,0.372,37.2%,10.4,3.85,1030,17:10,1046,17:26,1030,17:10,0.0,Đúng giờ ✓,976,16:16,1046,17:26,70,[16:16 ➔ 17:26],True,16,An toàn tuyệt đối (Được bảo vệ)
flight_key_v1_bb7e404bc18fe05865fdb024311d761a,WN,1937,WN 1937,ARR,LGA,ATL,NARROWBODY,TURN_0488,PAIRED_TURN,SIM_AC_0488,2024-01-01_WN_1937,40,45,G121,0.4492,44.9%,3.7,1.68,1030,17:10,1033,17:13,1057,17:37,27.0,Trễ 27p ⏳,1016,16:56,1131,18:51,115,[16:56 ➔ 18:51],True,74,An toàn tuyệt đối (Được bảo vệ)
flight_key_v1_712c97ac7ea6ebdc6fb158630fdf9ad4,AA,2221,AA 2221,DEP,ATL,LAX,NARROWBODY,TURN_0431,PAIRED_TURN,SIM_AC_0431,2024-01-01_AA_866,40,45,G133,0.294,29.4%,8.2,2.4,1030,17:10,1042,17:22,1026,17:06,-4.0,Sớm 4p ⚡,928,15:28,1045,17:25,117,[15:28 ➔ 17:25],True,19,An toàn tuyệt đối (Được bảo vệ)
flight_key_v1_1978e98ab7d2a62f3cfd6be8c502fb3c,DL,2899,DL 2899,ARR,BHM,ATL,NARROWBODY,TURN_0487,PAIRED_TURN,SIM_AC_0487,2024-01-01_DL_2899,40,45,G70,0.2489,24.9%,0.8,0.2,1030,17:10,1030,17:10,1011,16:51,-19.0,Sớm 19p ⚡,1015,16:55,1150,19:10,135,[16:55 ➔ 19:10],False,139,Hạ cánh sớm hơn đệm (4p)
flight_key_v1_96051e3acb4be3c33c5592e3ed5591d0,DL,2902,DL 2902,DEP,ATL,IAD,NARROWBODY,TURN_0403,PAIRED_TURN,SIM_AC_0403,2024-01-01_DL_2754,40,45,G74,0.2237,22.4%,5.8,1.29,1030,17:10,1038,17:18,1042,17:22,12.0,Trễ 12p ⏳,872,14:32,1045,17:25,173,[14:32 ➔ 17:25],True,3,An toàn tuyệt đối (Được bảo vệ)
flight_key_v1_3a06f69bd092691bd537f82a8695344e,WN,3177,WN 3177,DEP,ATL,OKC,NARROWBODY,TURN_0047,PAIRED_TURN,SIM_AC_0047,2024-01-01_WN_3177,40,45,G128,0.4752,47.5%,10.2,4.82,1030,17:10,1047,17:27,1028,17:08,-2.0,Sớm 2p ⚡,967,16:07,1047,17:27,80,[16:07 ➔ 17:27],True,19,An toàn tuyệt đối (Được bảo vệ)
flight_key_v1_dd39d08cdfe71db0628a642dcfecc472,DL,1408,DL 1408,ARR,SAT,ATL,NARROWBODY,TURN_0489,PAIRED_TURN,SIM_AC_0489,2024-01-01_DL_1408,40,45,G147,0.2316,23.2%,0.9,0.21,1034,17:14,1034,17:14,1015,16:55,-19.0,Sớm 19p ⚡,1019,16:59,1154,19:14,135,[16:59 ➔ 19:14],False,139,Hạ cánh sớm hơn đệm (4p)
flight_key_v1_784d7afee818a69b04577f07e954c71a,DL,832,DL 832,DEP,ATL,DCA,WIDEBODY,TURN_0418,PAIRED_TURN,SIM_AC_0418,2024-01-01_DL_2188,75,60,G114,0.262,26.2%,5.6,1.46,1035,17:15,1044,17:24,1046,17:26,11.0,Trễ 11p ⏳,905,15:05,1050,17:30,145,[15:05 ➔ 17:30],True,4,An toàn tuyệt đối (Được bảo vệ)
flight_key_v1_e56563dd1004f34c5f84a1595c215654,OH,5019,OH 5019,ARR,PHL,ATL,NARROWBODY,TURN_0490,PAIRED_TURN,SIM_AC_0490,2024-01-01_OH_5019,40,45,G169,0.3396,34.0%,3.0,1.04,1037,17:17,1040,17:20,1019,16:59,-18.0,Sớm 18p ⚡,1023,17:03,1156,19:16,133,[17:03 ➔ 19:16],False,137,Hạ cánh sớm hơn đệm (4p)
flight_key_v1_0147b742dd7e4beb3fdff250a67c6463,DL,841,DL 841,ARR,SLC,ATL,NARROWBODY,TURN_0491,PAIRED_TURN,SIM_AC_0491,2024-01-01_DL_841,40,45,G155,0.2684,26.8%,0.9,0.25,1039,17:19,1039,17:19,1061,17:41,22.0,Trễ 22p ⏳,1024,17:04,1154,19:14,130,[17:04 ➔ 19:14],True,93,An toàn tuyệt đối (Được bảo vệ)
flight_key_v1_e7a41c58d0553c7e18e38f73fc157ccb,DL,543,DL 543,DEP,ATL,SNA,NARROWBODY,TURN_0407,PAIRED_TURN,SIM_AC_0407,2024-01-01_DL_808,40,45,G29,0.2316,23.2%,6.3,1.46,1040,17:20,1049,17:29,1068,17:48,28.0,Trễ 28p ⏳,880,14:40,1055,17:35,175,[14:40 ➔ 17:35],False,-13,Trễ vượt đệm an toàn (+13p)
flight_key_v1_b8a278cd2da6c3934639e7dcc5eb20d7,DL,953,DL 953,DEP,ATL,DFW,NARROWBODY,TURN_0404,PAIRED_TURN,SIM_AC_0404,2024-01-01_DL_1028,40,45,G110,0.2734,27.3%,7.6,2.07,1040,17:20,1051,17:31,1041,17:21,1.0,Trễ 1p ⏳,875,14:35,1055,17:35,180,[14:35 ➔ 17:35],True,14,An toàn tuyệt đối (Được bảo vệ)
flight_key_v1_650005cb823439ee07972ffa405b69d5,WN,1784,WN 1784,DEP,ATL,MDW,WIDEBODY,TURN_0344,PAIRED_TURN,SIM_AC_0344,2024-01-01_WN_2243,75,60,G145,0.3627,36.3%,10.1,3.65,1040,17:20,1055,17:35,1075,17:55,35.0,Trễ 35p ⏳,800,13:20,1055,17:35,255,[13:20 ➔ 17:35],False,-20,Trễ vượt đệm an toàn (+20p)
flight_key_v1_4570797c1430598eacb6372604dc906a,WN,2014,WN 2014,ARR,DCA,ATL,NARROWBODY,TURN_0024,PAIRED_TURN,SIM_AC_0024,2024-01-01_WN_2014,40,45,G23,0.3941,39.4%,3.7,1.47,1040,17:20,1043,17:23,1022,17:02,-18.0,Sớm 18p ⚡,1026,17:06,1096,18:16,70,[17:06 ➔ 18:16],False,74,Hạ cánh sớm hơn đệm (4p)
flight_key_v1_cbb82d2add016d2d82f6be1ed4f7651b,9E,4945,9E 4945,ARR,FAY,ATL,NARROWBODY,TURN_0492,PAIRED_TURN,SIM_AC_0492,2024-01-01_9E_4945,40,45,G141,0.2371,23.7%,1.8,0.43,1040,17:20,1041,17:21,1019,16:59,-21.0,Sớm 21p ⚡,1025,17:05,1275,21:15,250,[17:05 ➔ 21:15],False,256,Hạ cánh sớm hơn đệm (6p)
flight_key_v1_043ea1baa6912e2668f5db84af15997c,UA,208,UA 208,DEP,ATL,EWR,NARROWBODY,TURN_0412,PAIRED_TURN,SIM_AC_0412,2024-01-01_UA_2415,40,45,G98,0.3634,36.3%,7.7,2.81,1042,17:22,1054,17:34,1036,17:16,-6.0,Sớm 6p ⚡,899,14:59,1057,17:37,158,[14:59 ➔ 17:37],True,21,An toàn tuyệt đối (Được bảo vệ)
flight_key_v1_7f3c67ff79e6b2d72d32cb07022e2643,9E,5471,9E 5471,ARR,TRI,ATL,NARROWBODY,TURN_0493,PAIRED_TURN,SIM_AC_0493,2024-01-01_9E_5471,40,45,G42,0.2841,28.4%,0.8,0.23,1042,17:22,1042,17:22,1024,17:04,-18.0,Sớm 18p ⚡,1027,17:07,1280,21:20,253,[17:07 ➔ 21:20],False,256,Hạ cánh sớm hơn đệm (3p)
flight_key_v1_f6e65044b19f660bc66bb187a78cddfb,DL,2659,DL 2659,ARR,PVD,ATL,NARROWBODY,TURN_0494,PAIRED_TURN,SIM_AC_0494,2024-01-01_DL_2659,40,45,G130,0.2329,23.3%,1.3,0.31,1043,17:23,1044,17:24,997,16:37,-46.0,Sớm 46p ⚡,1028,17:08,1171,19:31,143,[17:08 ➔ 19:31],False,174,Hạ cánh sớm hơn đệm (31p)
flight_key_v1_d498d6b30792da2a0613164e52ffcd94,DL,759,DL 759,ARR,DCA,ATL,NARROWBODY,TURN_0495,PAIRED_TURN,SIM_AC_0495,2024-01-01_DL_759,40,45,G115,0.2342,23.4%,0.8,0.19,1044,17:24,1044,17:24,1028,17:08,-16.0,Sớm 16p ⚡,1029,17:09,1180,19:40,151,[17:09 ➔ 19:40],False,152,Hạ cánh sớm hơn đệm (1p)
flight_key_v1_d3e5e30ad81e07f0b3ee9e4a09da4931,DL,1497,DL 1497,DEP,ATL,MCO,NARROWBODY,TURN_0409,PAIRED_TURN,SIM_AC_0409,2024-01-01_DL_381,40,45,G52,0.2342,23.4%,7.4,1.74,1045,17:25,1056,17:36,1038,17:18,-7.0,Sớm 7p ⚡,886,14:46,1060,17:40,174,[14:46 ➔ 17:40],True,22,An toàn tuyệt đối (Được bảo vệ)
flight_key_v1_57dbf3fef38661f68c38189783edb498,F9,3441,F9 3441,ARR,MIA,ATL,NARROWBODY,TURN_0496,PAIRED_TURN,SIM_AC_0496,2024-01-01_F9_3441,40,45,G108,0.5983,59.8%,6.2,3.74,1046,17:26,1052,17:32,1046,17:26,0.0,Đúng giờ ✓,1034,17:14,1169,19:29,135,[17:14 ➔ 19:29],True,123,An toàn tuyệt đối (Được bảo vệ)
flight_key_v1_c6b5814799f6f07fd7344481174b340a,DL,1682,DL 1682,ARR,IAH,ATL,NARROWBODY,TURN_0498,PAIRED_TURN,SIM_AC_0498,2024-01-01_DL_1682,40,45,G63,0.2829,28.3%,2.2,0.63,1047,17:27,1049,17:29,1035,17:15,-12.0,Sớm 12p ⚡,1032,17:12,1182,19:42,150,[17:12 ➔ 19:42],True,147,An toàn tuyệt đối (Được bảo vệ)
flight_key_v1_8e7609c1f51cf69f292834762718e35d,DL,2378,DL 2378,ARR,ILM,ATL,NARROWBODY,TURN_0497,PAIRED_TURN,SIM_AC_0497,2024-01-01_DL_2378,40,45,G126,0.2316,23.2%,0.8,0.19,1047,17:27,1047,17:27,1041,17:21,-6.0,Sớm 6p ⚡,1032,17:12,1180,19:40,148,[17:12 ➔ 19:40],True,139,An toàn tuyệt đối (Được bảo vệ)
flight_key_v1_1e6dbe90e3cb35f4a94f56ca8f137191,AA,1248,AA 1248,ARR,DFW,ATL,NARROWBODY,TURN_0004,PAIRED_TURN,SIM_AC_0004,2024-01-01_AA_1248,40,45,G66,0.4511,45.1%,4.5,2.03,1048,17:28,1052,17:32,1035,17:15,-13.0,Sớm 13p ⚡,1035,17:15,1116,18:36,81,[17:15 ➔ 18:36],True,81,An toàn tuyệt đối (Được bảo vệ)
flight_key_v1_a958a908cd138c13f5d20fb92062b983,DL,558,DL 558,ARR,EGE,ATL,NARROWBODY,TURN_0499,PAIRED_TURN,SIM_AC_0499,2024-01-01_DL_558,40,45,G103,0.2469,24.7%,1.3,0.33,1049,17:29,1050,17:30,1058,17:38,9.0,Trễ 9p ⏳,1034,17:14,1185,19:45,151,[17:14 ➔ 19:45],True,127,An toàn tuyệt đối (Được bảo vệ)
flight_key_v1_e1675326824428a4a714fb734af05063,DL,2567,DL 2567,ARR,GNV,ATL,NARROWBODY,TURN_0500,PAIRED_TURN,SIM_AC_0500,2024-01-01_DL_2567,40,45,G106,0.2713,27.1%,2.3,0.62,1049,17:29,1051,17:31,1023,17:03,-26.0,Sớm 26p ⚡,1034,17:14,1195,19:55,161,[17:14 ➔ 19:55],False,172,Hạ cánh sớm hơn đệm (11p)
flight_key_v1_1ca91b1aee1334d79b0b53d3c78654c9,DL,454,DL 454,ARR,MIA,ATL,NARROWBODY,TURN_0501,PAIRED_TURN,SIM_AC_0501,2024-01-01_DL_454,40,45,G118,0.3095,30.9%,2.2,0.69,1050,17:30,1052,17:32,1099,18:19,49.0,Trễ 49p ⏳,1035,17:15,1200,20:00,165,[17:15 ➔ 20:00],True,101,An toàn tuyệt đối (Được bảo vệ)
flight_key_v1_cde2a0d12fcbc3752d4d133aa0297fb4,NK,1596,NK 1596,ARR,EWR,ATL,NARROWBODY,TURN_0502,PAIRED_TURN,SIM_AC_0502,2024-01-01_NK_1596,40,45,G150,0.445,44.5%,5.2,2.31,1050,17:30,1055,17:35,1018,16:58,-32.0,Sớm 32p ⚡,1037,17:17,1151,19:11,114,[17:17 ➔ 19:11],False,133,Hạ cánh sớm hơn đệm (19p)
flight_key_v1_36adb1db4cad92f0f0ef74b1e5ab646f,WN,2026,WN 2026,ARR,MDW,ATL,NARROWBODY,TURN_0025,PAIRED_TURN,SIM_AC_0025,2024-01-01_WN_2026,40,45,G123,0.5103,51.0%,5.6,2.83,1050,17:30,1055,17:35,1055,17:35,5.0,Trễ 5p ⏳,1037,17:17,1117,18:37,80,[17:17 ➔ 18:37],True,62,An toàn tuyệt đối (Được bảo vệ)
flight_key_v1_05c412f89bbebdb6fe59ac3693a8ac90,DL,1417,DL 1417,DEP,ATL,JFK,NARROWBODY,TURN_0410,PAIRED_TURN,SIM_AC_0410,2024-01-01_DL_515,40,45,G79,0.2827,28.3%,6.2,1.74,1055,17:35,1065,17:45,1050,17:30,-5.0,Sớm 5p ⚡,890,14:50,1070,17:50,180,[14:50 ➔ 17:50],True,20,An toàn tuyệt đối (Được bảo vệ)
flight_key_v1_daa13cf69174e66d192cafb2b8a1ccde,WN,1928,WN 1928,ARR,AUS,ATL,NARROWBODY,TURN_0022,PAIRED_TURN,SIM_AC_0022,2024-01-01_WN_1928,75,45,G71,0.4048,40.5%,4.0,1.6,1055,17:35,1058,17:38,1053,17:33,-2.0,Sớm 2p ⚡,1041,17:21,1116,18:36,75,[17:21 ➔ 18:36],True,63,An toàn tuyệt đối (Được bảo vệ)
flight_key_v1_8e46d3161010c4fb1425e3301b7342b0,DL,2032,DL 2032,ARR,SDF,ATL,NARROWBODY,TURN_0503,PAIRED_TURN,SIM_AC_0503,2024-01-01_DL_2032,40,45,G80,0.242,24.2%,0.8,0.2,1056,17:36,1056,17:36,1030,17:10,-26.0,Sớm 26p ⚡,1041,17:21,1209,20:09,168,[17:21 ➔ 20:09],False,179,Hạ cánh sớm hơn đệm (11p)
flight_key_v1_d2049c279cdad60c9c0f10ceca6b22fc,DL,2434,DL 2434,ARR,EWR,ATL,NARROWBODY,TURN_0504,PAIRED_TURN,SIM_AC_0504,2024-01-01_DL_2434,40,45,G84,0.3386,33.9%,2.2,0.75,1056,17:36,1058,17:38,1014,16:54,-42.0,Sớm 42p ⚡,1041,17:21,1209,20:09,168,[17:21 ➔ 20:09],False,195,Hạ cánh sớm hơn đệm (27p)
flight_key_v1_a4e1d5340faa5d56261397b779351f42,DL,1605,DL 1605,ARR,STT,ATL,NARROWBODY,TURN_0505,PAIRED_TURN,SIM_AC_0505,2024-01-01_DL_1605,40,45,G22,0.321,32.1%,2.8,0.89,1057,17:37,1059,17:39,1057,17:37,0.0,Đúng giờ ✓,1042,17:22,1210,20:10,168,[17:22 ➔ 20:10],True,153,An toàn tuyệt đối (Được bảo vệ)
flight_key_v1_696de97af067c4c7fd2bb043a6513a82,OO,3920,OO 3920,ARR,ABY,ATL,NARROWBODY,TURN_0506,PAIRED_TURN,SIM_AC_0506,2024-01-01_OO_3920,40,45,G08,0.3907,39.1%,2.7,1.04,1059,17:39,1061,17:41,1044,17:24,-15.0,Sớm 15p ⚡,1045,17:25,1276,21:16,231,[17:25 ➔ 21:16],False,232,Hạ cánh sớm hơn đệm (1p)
flight_key_v1_acfbc32d47d4445fc25b17edeb756bdd,DL,733,DL 733,ARR,PHX,ATL,NARROWBODY,TURN_0507,PAIRED_TURN,SIM_AC_0507,2024-01-01_DL_733,40,45,G168,0.2384,23.8%,1.2,0.28,1060,17:40,1061,17:41,1039,17:19,-21.0,Sớm 21p ⚡,1045,17:25,1210,20:10,165,[17:25 ➔ 20:10],False,171,Hạ cánh sớm hơn đệm (6p)
flight_key_v1_95ee10b29af4eb0d3e252b07593eb073,DL,1097,DL 1097,DEP,ATL,RDU,NARROWBODY,TURN_0411,PAIRED_TURN,SIM_AC_0411,2024-01-01_DL_363,40,45,G01,0.26,26.0%,6.4,1.66,1060,17:40,1070,17:50,1059,17:39,-1.0,Sớm 1p ⚡,895,14:55,1075,17:55,180,[14:55 ➔ 17:55],True,16,An toàn tuyệt đối (Được bảo vệ)
flight_key_v1_ee80dc533c10705bf6fe237c6100ed64,WN,1970,WN 1970,DEP,ATL,DAL,NARROWBODY,TURN_0446,PAIRED_TURN,SIM_AC_0446,2024-01-01_WN_942,40,45,G94,0.3474,34.7%,10.1,3.51,1060,17:40,1075,17:55,1075,17:55,15.0,Trễ 15p ⏳,976,16:16,1076,17:56,100,[16:16 ➔ 17:56],True,1,An toàn tuyệt đối (Được bảo vệ)
flight_key_v1_f8d1c6a5287efeba68380982668d781c,DL,2799,DL 2799,ARR,BWI,ATL,NARROWBODY,TURN_0508,PAIRED_TURN,SIM_AC_0508,2024-01-01_DL_2799,40,45,G68,0.2582,25.8%,2.2,0.57,1060,17:40,1062,17:42,1033,17:13,-27.0,Sớm 27p ⚡,1045,17:25,1211,20:11,166,[17:25 ➔ 20:11],False,178,Hạ cánh sớm hơn đệm (12p)
flight_key_v1_1bdc5236918b2a71fea90f9a0d853a52,F9,4848,F9 4848,DEP,ATL,RDU,WIDEBODY,TURN_0838,UNMATCHED_DEP,SIM_AC_0838,2024-01-01_F9_4848,75,60,G38,0.2907,29.1%,9.6,2.8,1060,17:40,1073,17:53,1053,17:33,-7.0,Sớm 7p ⚡,987,16:27,1077,17:57,90,[16:27 ➔ 17:57],True,24,An toàn tuyệt đối (Được bảo vệ)
flight_key_v1_3fb447d1a07f0f8c0f7a470f99afdbe9,9E,4947,9E 4947,DEP,ATL,EYW,WIDEBODY,TURN_0383,PAIRED_TURN,SIM_AC_0383,2024-01-01_9E_4949,75,60,G51,0.2352,23.5%,6.0,1.4,1060,17:40,1069,17:49,1048,17:28,-12.0,Sớm 12p ⚡,844,14:04,1075,17:55,231,[14:04 ➔ 17:55],True,27,An toàn tuyệt đối (Được bảo vệ)
flight_key_v1_c5456ffa4f936b382046d9c3ab6af9c5,DL,2106,DL 2106,DEP,ATL,CHS,NARROWBODY,TURN_0415,PAIRED_TURN,SIM_AC_0415,2024-01-01_DL_1717,40,45,G152,0.2977,29.8%,5.4,1.6,1061,17:41,1070,17:50,1058,17:38,-3.0,Sớm 3p ⚡,901,15:01,1076,17:56,175,[15:01 ➔ 17:56],True,18,An toàn tuyệt đối (Được bảo vệ)
flight_key_v1_e0a6f2c0cec40656a5678a82702cf0ad,DL,1413,DL 1413,ARR,FLL,ATL,NARROWBODY,TURN_0509,PAIRED_TURN,SIM_AC_0509,2024-01-01_DL_1413,40,45,G25,0.2815,28.1%,2.2,0.62,1063,17:43,1065,17:45,1065,17:45,2.0,Trễ 2p ⏳,1048,17:28,1225,20:25,177,[17:28 ➔ 20:25],True,160,An toàn tuyệt đối (Được bảo vệ)
flight_key_v1_30da3179d6a0e796b4e285cfb2daa4ce,DL,1388,DL 1388,DEP,ATL,AVL,NARROWBODY,TURN_0416,PAIRED_TURN,SIM_AC_0416,2024-01-01_DL_2547,40,45,G53,0.2316,23.2%,6.5,1.5,1064,17:44,1073,17:53,1059,17:39,-5.0,Sớm 5p ⚡,901,15:01,1079,17:59,178,[15:01 ➔ 17:59],True,20,An toàn tuyệt đối (Được bảo vệ)
flight_key_v1_e9f62a308649df3594be65bf969effa8,NK,77,NK 77,DEP,ATL,DFW,NARROWBODY,TURN_0408,PAIRED_TURN,SIM_AC_0408,2024-01-01_NK_969,40,45,G164,0.3918,39.2%,16.6,6.52,1065,17:45,1087,18:07,1059,17:39,-6.0,Sớm 6p ⚡,886,14:46,1081,18:01,195,[14:46 ➔ 18:01],True,22,An toàn tuyệt đối (Được bảo vệ)
flight_key_v1_912db8f28832e3274bee57ea44876583,DL,478,DL 478,ARR,LGA,ATL,NARROWBODY,TURN_0510,PAIRED_TURN,SIM_AC_0510,2024-01-01_DL_478,40,45,G116,0.2868,28.7%,1.1,0.31,1065,17:45,1066,17:46,1018,16:58,-47.0,Sớm 47p ⚡,1050,17:30,1225,20:25,175,[17:30 ➔ 20:25],False,207,Hạ cánh sớm hơn đệm (32p)
flight_key_v1_ff0f5311bf3f3697a4142037844e58d5,DL,995,DL 995,ARR,DEN,ATL,NARROWBODY,TURN_0511,PAIRED_TURN,SIM_AC_0511,2024-01-01_DL_995,40,45,G02,0.3493,34.9%,2.4,0.84,1065,17:45,1067,17:47,1036,17:16,-29.0,Sớm 29p ⚡,1050,17:30,1230,20:30,180,[17:30 ➔ 20:30],False,194,Hạ cánh sớm hơn đệm (14p)
flight_key_v1_dc1d8f51311d469166aa7dd2ff3ab7dc,DL,1124,DL 1124,DEP,ATL,RSW,NARROWBODY,TURN_0423,PAIRED_TURN,SIM_AC_0423,2024-01-01_DL_1099,40,45,G89,0.2329,23.3%,6.3,1.47,1065,17:45,1074,17:54,1072,17:52,7.0,Trễ 7p ⏳,911,15:11,1080,18:00,169,[15:11 ➔ 18:00],True,8,An toàn tuyệt đối (Được bảo vệ)
flight_key_v1_2a140dedb78c7a200602b6ac93f713c0,DL,1478,DL 1478,DEP,ATL,DTW,NARROWBODY,TURN_0421,PAIRED_TURN,SIM_AC_0421,2024-01-01_DL_1333,40,45,G67,0.2316,23.2%,7.0,1.63,1065,17:45,1075,17:55,1058,17:38,-7.0,Sớm 7p ⚡,910,15:10,1080,18:00,170,[15:10 ➔ 18:00],True,22,An toàn tuyệt đối (Được bảo vệ)
flight_key_v1_0894a1b8a7e887a9b74d69ad6257fc1b,DL,1594,DL 1594,DEP,ATL,TPA,NARROWBODY,TURN_0420,PAIRED_TURN,SIM_AC_0420,2024-01-01_DL_320,40,45,G127,0.2823,28.2%,7.0,1.96,1065,17:45,1075,17:55,1061,17:41,-4.0,Sớm 4p ⚡,910,15:10,1080,18:00,170,[15:10 ➔ 18:00],True,19,An toàn tuyệt đối (Được bảo vệ)
flight_key_v1_7ff09c3035a5f601bda81a7f5124efc8,DL,1670,DL 1670,DEP,ATL,FLL,NARROWBODY,TURN_0422,PAIRED_TURN,SIM_AC_0422,2024-01-01_DL_761,40,45,G39,0.2351,23.5%,7.1,1.66,1065,17:45,1076,17:56,1063,17:43,-2.0,Sớm 2p ⚡,910,15:10,1080,18:00,170,[15:10 ➔ 18:00],True,17,An toàn tuyệt đối (Được bảo vệ)
flight_key_v1_8ef81884590b6fe33e338c4346378551,OH,5021,OH 5021,DEP,ATL,PHL,NARROWBODY,TURN_0839,UNMATCHED_DEP,SIM_AC_0839,2024-01-01_OH_5021,40,45,G158,0.2352,23.5%,6.0,1.41,1067,17:47,1077,17:57,1057,17:37,-10.0,Sớm 10p ⚡,1008,16:48,1083,18:03,75,[16:48 ➔ 18:03],True,26,An toàn tuyệt đối (Được bảo vệ)
flight_key_v1_f2a69e023f849cd0d81b8d6a037a5b05,DL,653,DL 653,DEP,ATL,SLC,NARROWBODY,TURN_0424,PAIRED_TURN,SIM_AC_0424,2024-01-01_DL_2199,40,45,G148,0.2247,22.5%,6.3,1.41,1068,17:48,1077,17:57,1068,17:48,0.0,Đúng giờ ✓,914,15:14,1083,18:03,169,[15:14 ➔ 18:03],True,15,An toàn tuyệt đối (Được bảo vệ)
flight_key_v1_84a0296ba3bb748966d72c7365ceea01,DL,2329,DL 2329,DEP,ATL,ORF,NARROWBODY,TURN_0426,PAIRED_TURN,SIM_AC_0426,2024-01-01_DL_2908,40,45,G129,0.2316,23.2%,5.8,1.35,1070,17:50,1078,17:58,1073,17:53,3.0,Trễ 3p ⏳,923,15:23,1085,18:05,162,[15:23 ➔ 18:05],True,12,An toàn tuyệt đối (Được bảo vệ)
flight_key_v1_bd0003a472f240e9d8ddf18973d6b719,DL,2398,DL 2398,DEP,ATL,MCI,WIDEBODY,TURN_0425,PAIRED_TURN,SIM_AC_0425,2024-01-01_DL_2951,75,60,G55,0.2746,27.5%,6.3,1.72,1070,17:50,1080,18:00,1065,17:45,-5.0,Sớm 5p ⚡,917,15:17,1085,18:05,168,[15:17 ➔ 18:05],True,20,An toàn tuyệt đối (Được bảo vệ)
flight_key_v1_9fbbb867df7bf5a7e1cc6b900cf113a8,DL,2539,DL 2539,DEP,ATL,GSO,NARROWBODY,TURN_0427,PAIRED_TURN,SIM_AC_0427,2024-01-01_DL_871,40,45,G146,0.2524,25.2%,5.8,1.47,1070,17:50,1079,17:59,1068,17:48,-2.0,Sớm 2p ⚡,923,15:23,1085,18:05,162,[15:23 ➔ 18:05],True,17,An toàn tuyệt đối (Được bảo vệ)
flight_key_v1_26fce382606eb2ee44bd14e6323e0ee1,DL,1126,DL 1126,ARR,CHS,ATL,NARROWBODY,TURN_0512,PAIRED_TURN,SIM_AC_0512,2024-01-01_DL_1126,40,45,G166,0.2337,23.4%,0.8,0.19,1072,17:52,1072,17:52,1061,17:41,-11.0,Sớm 11p ⚡,1057,17:37,1237,20:37,180,[17:37 ➔ 20:37],True,176,An toàn tuyệt đối (Được bảo vệ)
flight_key_v1_a1881211a981b76ef35c76f2818ea051,UA,2290,UA 2290,ARR,ORD,ATL,NARROWBODY,TURN_0513,PAIRED_TURN,SIM_AC_0513,2024-01-01_UA_2290,40,45,G157,0.4324,43.2%,4.8,2.08,1072,17:52,1076,17:56,1043,17:23,-29.0,Sớm 29p ⚡,1059,17:39,1185,19:45,126,[17:39 ➔ 19:45],False,142,Hạ cánh sớm hơn đệm (16p)
flight_key_v1_d055faf4ee9b7072a12102f81b60c13f,F9,4753,F9 4753,DEP,ATL,SAN,NARROWBODY,TURN_0453,PAIRED_TURN,SIM_AC_0453,2024-01-01_F9_1669,40,45,G173,0.522,52.2%,10.0,5.2,1074,17:54,1091,18:11,1063,17:43,-11.0,Sớm 11p ⚡,981,16:21,1090,18:10,109,[16:21 ➔ 18:10],True,27,An toàn tuyệt đối (Được bảo vệ)
flight_key_v1_4215044fe8d6999f39ce43dcd871fd55,DL,1442,DL 1442,ARR,GSP,ATL,NARROWBODY,TURN_0514,PAIRED_TURN,SIM_AC_0514,2024-01-01_DL_1442,40,45,G58,0.2316,23.2%,0.8,0.19,1075,17:55,1075,17:55,1054,17:34,-21.0,Sớm 21p ⚡,1060,17:40,1270,21:10,210,[17:40 ➔ 21:10],False,216,Hạ cánh sớm hơn đệm (6p)
flight_key_v1_94005949457dc6a46afa27e7196482ca,DL,1491,DL 1491,DEP,ATL,AUS,NARROWBODY,TURN_0436,PAIRED_TURN,SIM_AC_0436,2024-01-01_DL_1030,40,45,G172,0.2595,25.9%,7.1,1.84,1075,17:55,1086,18:06,1072,17:52,-3.0,Sớm 3p ⚡,945,15:45,1090,18:10,145,[15:45 ➔ 18:10],True,18,An toàn tuyệt đối (Được bảo vệ)
flight_key_v1_2802ef1ca984a54ccd09247307a3ab69,DL,2152,DL 2152,DEP,ATL,MKE,NARROWBODY,TURN_0428,PAIRED_TURN,SIM_AC_0428,2024-01-01_DL_2320,40,45,G77,0.2316,23.2%,6.7,1.56,1075,17:55,1084,18:04,1066,17:46,-9.0,Sớm 9p ⚡,925,15:25,1090,18:10,165,[15:25 ➔ 18:10],True,24,An toàn tuyệt đối (Được bảo vệ)
flight_key_v1_6982583464545df47f1de24ba6c77a07,DL,2516,DL 2516,DEP,ATL,SAV,NARROWBODY,TURN_0433,PAIRED_TURN,SIM_AC_0433,2024-01-01_DL_842,40,45,G14,0.2571,25.7%,5.9,1.52,1075,17:55,1084,18:04,1068,17:48,-7.0,Sớm 7p ⚡,930,15:30,1090,18:10,160,[15:30 ➔ 18:10],True,22,An toàn tuyệt đối (Được bảo vệ)
flight_key_v1_032a4370eccaf0c5e873bf884d29c568,DL,2871,DL 2871,DEP,ATL,CLE,NARROWBODY,TURN_0429,PAIRED_TURN,SIM_AC_0429,2024-01-01_DL_1332,40,45,G122,0.2986,29.9%,6.2,1.87,1075,17:55,1085,18:05,1071,17:51,-4.0,Sớm 4p ⚡,927,15:27,1090,18:10,163,[15:27 ➔ 18:10],True,19,An toàn tuyệt đối (Được bảo vệ)
flight_key_v1_797c5a5d7297256207bfa48d3f76f356,DL,532,DL 532,ARR,SEA,ATL,NARROWBODY,TURN_0515,PAIRED_TURN,SIM_AC_0515,2024-01-01_DL_532,40,45,G04,0.2988,29.9%,1.1,0.34,1077,17:57,1078,17:58,1063,17:43,-14.0,Sớm 14p ⚡,1062,17:42,1270,21:10,208,[17:42 ➔ 21:10],True,207,An toàn tuyệt đối (Được bảo vệ)
flight_key_v1_1c1f64843a472532fee0dee64c6e3e34,DL,2331,DL 2331,DEP,ATL,JAX,NARROWBODY,TURN_0437,PAIRED_TURN,SIM_AC_0437,2024-01-01_DL_2345,40,45,G143,0.2333,23.3%,6.0,1.41,1078,17:58,1087,18:07,1136,18:56,58.0,Trễ 58p ⏳,945,15:45,1093,18:13,148,[15:45 ➔ 18:13],False,-43,Trễ vượt đệm an toàn (+43p)
flight_key_v1_61a96ecb8fb75eb7b59bf1ae6b05814f,DL,2450,DL 2450,ARR,MLB,ATL,NARROWBODY,TURN_0516,PAIRED_TURN,SIM_AC_0516,2024-01-01_DL_2450,40,45,G102,0.239,23.9%,0.8,0.2,1078,17:58,1078,17:58,1058,17:38,-20.0,Sớm 20p ⚡,1063,17:43,1270,21:10,207,[17:43 ➔ 21:10],False,212,Hạ cánh sớm hơn đệm (5p)
flight_key_v1_28789106052101ab208db620d4ca5d11,MQ,3769,MQ 3769,ARR,ORD,ATL,NARROWBODY,TURN_0680,UNMATCHED_ARR,SIM_AC_0680,2024-01-01_MQ_3769,40,45,G153,0.4424,44.2%,4.7,2.07,1078,17:58,1082,18:02,1084,18:04,6.0,Trễ 6p ⏳,1065,17:45,1135,18:55,70,[17:45 ➔ 18:55],True,51,An toàn tuyệt đối (Được bảo vệ)
flight_key_v1_069ca49691d8314b49c07dfd3101cdb4,DL,2248,DL 2248,DEP,ATL,CVG,NARROWBODY,TURN_0439,PAIRED_TURN,SIM_AC_0439,2024-01-01_DL_847,40,45,G142,0.3071,30.7%,6.0,1.84,1079,17:59,1090,18:10,1082,18:02,3.0,Trễ 3p ⏳,955,15:55,1094,18:14,139,[15:55 ➔ 18:14],True,12,An toàn tuyệt đối (Được bảo vệ)
flight_key_v1_1cf7285259a6713c0f3b0a002b59cec4,DL,2730,DL 2730,DEP,ATL,STL,NARROWBODY,TURN_0441,PAIRED_TURN,SIM_AC_0441,2024-01-01_DL_2247,40,45,G170,0.287,28.7%,5.7,1.64,1079,17:59,1088,18:08,1078,17:58,-1.0,Sớm 1p ⚡,964,16:04,1094,18:14,130,[16:04 ➔ 18:14],True,16,An toàn tuyệt đối (Được bảo vệ)
flight_key_v1_38ba122f5e802ff4f7fa616adbee1caa,DL,777,DL 777,ARR,LAS,ATL,NARROWBODY,TURN_0517,PAIRED_TURN,SIM_AC_0517,2024-01-01_DL_777,40,45,G97,0.2885,28.8%,2.3,0.67,1080,18:00,1082,18:02,1090,18:10,10.0,Trễ 10p ⏳,1065,17:45,1270,21:10,205,[17:45 ➔ 21:10],True,180,An toàn tuyệt đối (Được bảo vệ)
flight_key_v1_9d7214ef66aaeb768c76d2ae729f370c,DL,1714,DL 1714,DEP,ATL,SAT,NARROWBODY,TURN_0447,PAIRED_TURN,SIM_AC_0447,2024-01-01_DL_2137,40,45,G48,0.2816,28.2%,6.4,1.79,1080,18:00,1090,18:10,1077,17:57,-3.0,Sớm 3p ⚡,975,16:15,1095,18:15,120,[16:15 ➔ 18:15],True,18,An toàn tuyệt đối (Được bảo vệ)
flight_key_v1_3e8f8f3a411e404dde8f453509df63ff,WN,2014,WN 2014,DEP,ATL,MSY,NARROWBODY,TURN_0024,PAIRED_TURN,SIM_AC_0024,2024-01-01_WN_2014,40,45,G23,0.3941,39.4%,9.9,3.91,1080,18:00,1095,18:15,1078,17:58,-2.0,Sớm 2p ⚡,1026,17:06,1096,18:16,70,[17:06 ➔ 18:16],True,18,An toàn tuyệt đối (Được bảo vệ)
flight_key_v1_a7a07df10cc30d846776f4dec4975d85,DL,2465,DL 2465,DEP,ATL,BOS,NARROWBODY,TURN_0448,PAIRED_TURN,SIM_AC_0448,2024-01-01_DL_1525,40,45,G78,0.239,23.9%,7.2,1.73,1080,18:00,1091,18:11,1086,18:06,6.0,Trễ 6p ⏳,977,16:17,1095,18:15,118,[16:17 ➔ 18:15],True,9,An toàn tuyệt đối (Được bảo vệ)
flight_key_v1_6f59705d34da7ab1eae3e840cc0f46af,DL,2635,DL 2635,DEP,ATL,SRQ,NARROWBODY,TURN_0443,PAIRED_TURN,SIM_AC_0443,2024-01-01_DL_1190,40,45,G10,0.2323,23.2%,5.7,1.33,1080,18:00,1088,18:08,1077,17:57,-3.0,Sớm 3p ⚡,970,16:10,1095,18:15,125,[16:10 ➔ 18:15],True,18,An toàn tuyệt đối (Được bảo vệ)
flight_key_v1_b2727b70bf5f5fe65e6c077a1d8bb89b,9E,5132,9E 5132,ARR,DAY,ATL,WIDEBODY,TURN_0518,PAIRED_TURN,SIM_AC_0518,2024-01-01_9E_5132,75,60,G45,0.246,24.6%,0.8,0.2,1080,18:00,1080,18:00,1069,17:49,-11.0,Sớm 11p ⚡,1065,17:45,1285,21:25,220,[17:45 ➔ 21:25],True,216,An toàn tuyệt đối (Được bảo vệ)
flight_key_v1_27c1662b746adb8e113be216a7bc9492,DL,1372,DL 1372,ARR,MCO,ATL,NARROWBODY,TURN_0519,PAIRED_TURN,SIM_AC_0519,2024-01-01_DL_1372,40,45,G149,0.2715,27.2%,2.7,0.73,1081,18:01,1083,18:03,1091,18:11,10.0,Trễ 10p ⏳,1066,17:46,1270,21:10,204,[17:46 ➔ 21:10],True,179,An toàn tuyệt đối (Được bảo vệ)
flight_key_v1_cca2e7daa1264f1ad6c69bade6a4d07a,AS,321,AS 321,DEP,ATL,SEA,NARROWBODY,TURN_0455,PAIRED_TURN,SIM_AC_0455,2024-01-01_AS_334,40,45,G93,0.3641,36.4%,2.8,1.0,1082,18:02,1089,18:09,1092,18:12,10.0,Trễ 10p ⏳,982,16:22,1097,18:17,115,[16:22 ➔ 18:17],True,5,An toàn tuyệt đối (Được bảo vệ)
flight_key_v1_1320172b34a6404d7465735c81d89ae8,DL,2008,DL 2008,DEP,ATL,MEM,NARROWBODY,TURN_0451,PAIRED_TURN,SIM_AC_0451,2024-01-01_DL_1582,40,45,G96,0.2931,29.3%,5.6,1.64,1083,18:03,1092,18:12,1074,17:54,-9.0,Sớm 9p ⚡,979,16:19,1098,18:18,119,[16:19 ➔ 18:18],True,24,An toàn tuyệt đối (Được bảo vệ)
flight_key_v1_9da0fa73fad380b185110a66c5469eab,DL,2811,DL 2811,DEP,ATL,GSP,NARROWBODY,TURN_0449,PAIRED_TURN,SIM_AC_0449,2024-01-01_DL_1034,40,45,G56,0.3546,35.5%,5.9,2.09,1083,18:03,1093,18:13,1132,18:52,49.0,Trễ 49p ⏳,978,16:18,1098,18:18,120,[16:18 ➔ 18:18],False,-34,Trễ vượt đệm an toàn (+34p)
flight_key_v1_5c79727fe96550f2801760b26f5434a1,NK,2062,NK 2062,ARR,MCO,ATL,NARROWBODY,TURN_0520,PAIRED_TURN,SIM_AC_0520,2024-01-01_NK_2062,40,45,G117,0.4243,42.4%,5.2,2.2,1084,18:04,1089,18:09,1067,17:47,-17.0,Sớm 17p ⚡,1071,17:51,1217,20:17,146,[17:51 ➔ 20:17],False,150,Hạ cánh sớm hơn đệm (4p)
flight_key_v1_673dcf20d790de8c725518de8a909234,DL,2738,DL 2738,DEP,ATL,ORD,WIDEBODY,TURN_0430,PAIRED_TURN,SIM_AC_0430,2024-01-01_DL_848,75,60,G41,0.2413,24.1%,8.5,2.06,1085,18:05,1097,18:17,1101,18:21,16.0,Trễ 16p ⏳,928,15:28,1100,18:20,172,[15:28 ➔ 18:20],False,-1,Trễ vượt đệm an toàn (+1p)
flight_key_v1_f5fec47e4f279783a03441a8643cfac2,DL,2355,DL 2355,ARR,IND,ATL,NARROWBODY,TURN_0521,PAIRED_TURN,SIM_AC_0521,2024-01-01_DL_2355,40,45,G49,0.2316,23.2%,0.8,0.19,1086,18:06,1086,18:06,1062,17:42,-24.0,Sớm 24p ⚡,1071,17:51,1274,21:14,203,[17:51 ➔ 21:14],False,212,Hạ cánh sớm hơn đệm (9p)
flight_key_v1_c4fe595240d0db1a08cbd7db6e9c1c81,OO,4068,OO 4068,ARR,ASE,ATL,NARROWBODY,TURN_0522,PAIRED_TURN,SIM_AC_0522,2024-01-01_OO_4068,40,45,G171,0.6218,62.2%,4.3,2.69,1087,18:07,1091,18:11,1065,17:45,-22.0,Sớm 22p ⚡,1074,17:54,1282,21:22,208,[17:54 ➔ 21:22],False,217,Hạ cánh sớm hơn đệm (9p)
flight_key_v1_1dee099c6b6fc43944460a78e55b47c3,DL,1720,DL 1720,ARR,TPA,ATL,WIDEBODY,TURN_0523,PAIRED_TURN,SIM_AC_0523,2024-01-01_DL_1720,75,60,G52,0.2515,25.1%,1.8,0.46,1088,18:08,1089,18:09,1090,18:10,2.0,Trễ 2p ⏳,1073,17:53,1210,20:10,137,[17:53 ➔ 20:10],True,120,An toàn tuyệt đối (Được bảo vệ)
flight_key_v1_232c5734d85b38b39d39dbf5dc0b93a5,9E,4956,9E 4956,ARR,MLU,ATL,NARROWBODY,TURN_0524,PAIRED_TURN,SIM_AC_0524,2024-01-01_9E_4956,40,45,G79,0.2352,23.5%,0.8,0.19,1089,18:09,1089,18:09,1056,17:36,-33.0,Sớm 33p ⚡,1074,17:54,1280,21:20,206,[17:54 ➔ 21:20],False,224,Hạ cánh sớm hơn đệm (18p)
flight_key_v1_c72bbfbec0f4717291f150a28be45573,AA,778,AA 778,DEP,ATL,PHX,NARROWBODY,TURN_0479,PAIRED_TURN,SIM_AC_0479,2024-01-01_AA_990,40,45,G83,0.3907,39.1%,6.4,2.5,1090,18:10,1102,18:22,1083,18:03,-7.0,Sớm 7p ⚡,1010,16:50,1106,18:26,96,[16:50 ➔ 18:26],True,23,An toàn tuyệt đối (Được bảo vệ)
flight_key_v1_88ae2c15cc16d0b3a179aa8860ea937f,DL,730,DL 730,DEP,ATL,SAN,NARROWBODY,TURN_0457,PAIRED_TURN,SIM_AC_0457,2024-01-01_DL_1452,40,45,G134,0.2311,23.1%,6.4,1.47,1091,18:11,1100,18:20,1088,18:08,-3.0,Sớm 3p ⚡,982,16:22,1106,18:26,124,[16:22 ➔ 18:26],True,18,An toàn tuyệt đối (Được bảo vệ)
flight_key_v1_c02420474d252c51d00d888819ee1969,DL,2186,DL 2186,ARR,RIC,ATL,WIDEBODY,TURN_0525,PAIRED_TURN,SIM_AC_0525,2024-01-01_DL_2186,75,60,G139,0.2318,23.2%,0.8,0.19,1091,18:11,1091,18:11,1072,17:52,-19.0,Sớm 19p ⚡,1076,17:56,1210,20:10,134,[17:56 ➔ 20:10],False,138,Hạ cánh sớm hơn đệm (4p)
flight_key_v1_3fc355328f92b56fbe060084143d428a,DL,2377,DL 2377,ARR,CLE,ATL,NARROWBODY,TURN_0526,PAIRED_TURN,SIM_AC_0526,2024-01-01_DL_2377,40,45,G36,0.2461,24.6%,1.8,0.45,1091,18:11,1092,18:12,1070,17:50,-21.0,Sớm 21p ⚡,1076,17:56,1275,21:15,199,[17:56 ➔ 21:15],False,205,Hạ cánh sớm hơn đệm (6p)
flight_key_v1_0dc6ea4cee0c2a44dbd459e6f04b2c3c,DL,715,DL 715,ARR,LAX,ATL,WIDEBODY,TURN_0527,PAIRED_TURN,SIM_AC_0527,2024-01-01_DL_715,75,60,G111,0.3379,33.8%,2.1,0.7,1092,18:12,1094,18:14,1075,17:55,-17.0,Sớm 17p ⚡,1077,17:57,1275,21:15,198,[17:57 ➔ 21:15],False,200,Hạ cánh sớm hơn đệm (2p)
flight_key_v1_60e08848cc427137a17ebfec06116fa8,DL,417,DL 417,DEP,ATL,LGA,NARROWBODY,TURN_0460,PAIRED_TURN,SIM_AC_0460,2024-01-01_DL_1704,40,45,G120,0.2316,23.2%,6.1,1.42,1095,18:15,1104,18:24,1092,18:12,-3.0,Sớm 3p ⚡,985,16:25,1110,18:30,125,[16:25 ➔ 18:30],True,18,An toàn tuyệt đối (Được bảo vệ)
flight_key_v1_70b32cb437971e97fa4624c2c8f11348,DL,711,DL 711,DEP,ATL,LAS,NARROWBODY,TURN_0461,PAIRED_TURN,SIM_AC_0461,2024-01-01_DL_2026,40,45,G64,0.2406,24.1%,7.6,1.84,1095,18:15,1106,18:26,1088,18:08,-7.0,Sớm 7p ⚡,986,16:26,1110,18:30,124,[16:26 ➔ 18:30],True,22,An toàn tuyệt đối (Được bảo vệ)
flight_key_v1_0bbda143eb7573d49f86925b75a03fd4,DL,1490,DL 1490,DEP,ATL,BNA,NARROWBODY,TURN_0459,PAIRED_TURN,SIM_AC_0459,2024-01-01_DL_873,40,45,G07,0.3211,32.1%,5.6,1.8,1095,18:15,1105,18:25,1091,18:11,-4.0,Sớm 4p ⚡,984,16:24,1110,18:30,126,[16:24 ➔ 18:30],True,19,An toàn tuyệt đối (Được bảo vệ)
flight_key_v1_f18158e2879fe3efd1a5ff57c7b5c15a,DL,2022,DL 2022,DEP,ATL,PIT,NARROWBODY,TURN_0463,PAIRED_TURN,SIM_AC_0463,2024-01-01_DL_2739,40,45,G15,0.2512,25.1%,9.2,2.3,1095,18:15,1108,18:28,1087,18:07,-8.0,Sớm 8p ⚡,993,16:33,1110,18:30,117,[16:33 ➔ 18:30],True,23,An toàn tuyệt đối (Được bảo vệ)
flight_key_v1_0f0f4629ea53144ad929523dc993d1bc,DL,2285,DL 2285,ARR,GSO,ATL,NARROWBODY,TURN_0528,PAIRED_TURN,SIM_AC_0528,2024-01-01_DL_2285,40,45,G37,0.2413,24.1%,0.8,0.2,1098,18:18,1098,18:18,1081,18:01,-17.0,Sớm 17p ⚡,1083,18:03,1275,21:15,192,[18:03 ➔ 21:15],False,194,Hạ cánh sớm hơn đệm (2p)
flight_key_v1_9c97f50362ef687887ba219d7aabfb2e,AA,1248,AA 1248,DEP,ATL,DFW,NARROWBODY,TURN_0004,PAIRED_TURN,SIM_AC_0004,2024-01-01_AA_1248,40,45,G66,0.4511,45.1%,8.3,3.73,1099,18:19,1114,18:34,1090,18:10,-9.0,Sớm 9p ⚡,1035,17:15,1116,18:36,81,[17:15 ➔ 18:36],True,26,An toàn tuyệt đối (Được bảo vệ)
flight_key_v1_57f02de1ceea48d20d32c4a454e461dc,WN,1928,WN 1928,DEP,ATL,MCO,NARROWBODY,TURN_0022,PAIRED_TURN,SIM_AC_0022,2024-01-01_WN_1928,75,45,G71,0.4048,40.5%,10.7,4.35,1100,18:20,1139,18:59,1109,18:29,9.0,Trễ 9p ⏳,1041,17:21,1116,18:36,75,[17:21 ➔ 18:36],True,7,An toàn tuyệt đối (Được bảo vệ)
flight_key_v1_f23f188a0e21d6830284526a248f3b61,WN,2026,WN 2026,DEP,ATL,TPA,NARROWBODY,TURN_0025,PAIRED_TURN,SIM_AC_0025,2024-01-01_WN_2026,40,45,G123,0.5103,51.0%,10.7,5.44,1100,18:20,1118,18:38,1113,18:33,13.0,Trễ 13p ⏳,1037,17:17,1117,18:37,80,[17:17 ➔ 18:37],True,4,An toàn tuyệt đối (Được bảo vệ)
flight_key_v1_b7d5ccb9c74245514658dbe028532e66,DL,2687,DL 2687,DEP,ATL,CLT,NARROWBODY,TURN_0465,PAIRED_TURN,SIM_AC_0465,2024-01-01_DL_376,40,45,G17,0.2896,29.0%,6.2,1.79,1100,18:20,1110,18:30,1098,18:18,-2.0,Sớm 2p ⚡,994,16:34,1115,18:35,121,[16:34 ➔ 18:35],True,17,An toàn tuyệt đối (Được bảo vệ)
flight_key_v1_061ec31737a1b07b2fb957d8a1894ef6,DL,2759,DL 2759,DEP,ATL,SDF,NARROWBODY,TURN_0464,PAIRED_TURN,SIM_AC_0464,2024-01-01_DL_2420,40,45,G03,0.2316,23.2%,5.9,1.36,1100,18:20,1108,18:28,1096,18:16,-4.0,Sớm 4p ⚡,994,16:34,1115,18:35,121,[16:34 ➔ 18:35],True,19,An toàn tuyệt đối (Được bảo vệ)
flight_key_v1_8eb526ac91c88b501e7501c39401d602,F9,2143,F9 2143,DEP,ATL,MDW,NARROWBODY,TURN_0470,PAIRED_TURN,SIM_AC_0470,2024-01-01_F9_2897,40,45,G54,0.5322,53.2%,10.2,5.44,1101,18:21,1119,18:39,1101,18:21,0.0,Đúng giờ ✓,998,16:38,1118,18:38,120,[16:38 ➔ 18:38],True,17,An toàn tuyệt đối (Được bảo vệ)
flight_key_v1_3358a82b0aa47618b596f7ea8976390d,DL,2827,DL 2827,ARR,DAB,ATL,NARROWBODY,TURN_0529,PAIRED_TURN,SIM_AC_0529,2024-01-01_DL_2827,40,45,G95,0.2659,26.6%,0.8,0.22,1101,18:21,1101,18:21,1087,18:07,-14.0,Sớm 14p ⚡,1086,18:06,1275,21:15,189,[18:06 ➔ 21:15],True,188,An toàn tuyệt đối (Được bảo vệ)
flight_key_v1_3596256d0083658503027120856f7600,F9,4771,F9 4771,DEP,ATL,CVG,WIDEBODY,TURN_0840,UNMATCHED_DEP,SIM_AC_0840,2024-01-01_F9_4771,75,60,G85,0.2907,29.1%,10.0,2.9,1101,18:21,1114,18:34,1092,18:12,-9.0,Sớm 9p ⚡,1028,17:08,1118,18:38,90,[17:08 ➔ 18:38],True,26,An toàn tuyệt đối (Được bảo vệ)
flight_key_v1_a81de83f372b15e016cbcc6c4571ca4e,DL,2337,DL 2337,ARR,MSY,ATL,NARROWBODY,TURN_0530,PAIRED_TURN,SIM_AC_0530,2024-01-01_DL_2337,40,45,G104,0.2693,26.9%,1.3,0.36,1103,18:23,1104,18:24,1120,18:40,17.0,Trễ 17p ⏳,1088,18:08,1275,21:15,187,[18:08 ➔ 21:15],True,155,An toàn tuyệt đối (Được bảo vệ)
flight_key_v1_0ed31d07e13badd953f8ca541d64c88b,UA,277,UA 277,ARR,SFO,ATL,NARROWBODY,TURN_0681,UNMATCHED_ARR,SIM_AC_0681,2024-01-01_UA_277,40,45,G158,0.4055,40.6%,1.8,0.73,1105,18:25,1106,18:26,1110,18:30,5.0,Trễ 5p ⏳,1090,18:10,1160,19:20,70,[18:10 ➔ 19:20],True,50,An toàn tuyệt đối (Được bảo vệ)
flight_key_v1_83693c0d12809bbf848ceb3840c12e57,DL,736,DL 736,DEP,ATL,SFO,NARROWBODY,TURN_0473,PAIRED_TURN,SIM_AC_0473,2024-01-01_DL_2672,40,45,G165,0.2625,26.2%,11.3,2.97,1105,18:25,1120,18:40,1105,18:25,0.0,Đúng giờ ✓,1000,16:40,1120,18:40,120,[16:40 ➔ 18:40],True,15,An toàn tuyệt đối (Được bảo vệ)
flight_key_v1_519fdc7d776957b098c82d8472be8ee3,DL,1033,DL 1033,ARR,HSV,ATL,NARROWBODY,TURN_0531,PAIRED_TURN,SIM_AC_0531,2024-01-01_DL_1033,40,45,G122,0.2333,23.3%,0.8,0.19,1105,18:25,1105,18:25,1095,18:15,-10.0,Sớm 10p ⚡,1090,18:10,1275,21:15,185,[18:10 ➔ 21:15],True,180,An toàn tuyệt đối (Được bảo vệ)
flight_key_v1_608c1af7c1f0d3e73825bad04a6ad7f5,DL,1058,DL 1058,DEP,ATL,PBI,NARROWBODY,TURN_0468,PAIRED_TURN,SIM_AC_0468,2024-01-01_DL_967,40,45,G138,0.2551,25.5%,7.0,1.78,1105,18:25,1115,18:35,1101,18:21,-4.0,Sớm 4p ⚡,995,16:35,1120,18:40,125,[16:35 ➔ 18:40],True,19,An toàn tuyệt đối (Được bảo vệ)
flight_key_v1_3c74ba11362f805b9a57c06ce4b1cb3b,NK,1827,NK 1827,DEP,ATL,MIA,NARROWBODY,TURN_0450,PAIRED_TURN,SIM_AC_0450,2024-01-01_NK_1561,40,45,G99,0.4381,43.8%,17.2,7.54,1105,18:25,1129,18:49,1099,18:19,-6.0,Sớm 6p ⚡,980,16:20,1121,18:41,141,[16:20 ➔ 18:41],True,22,An toàn tuyệt đối (Được bảo vệ)
flight_key_v1_7b199dc72d0f16512a9dfa36a5da8f67,DL,2035,DL 2035,DEP,ATL,MCO,NARROWBODY,TURN_0469,PAIRED_TURN,SIM_AC_0469,2024-01-01_DL_725,40,45,G162,0.2342,23.4%,7.5,1.75,1105,18:25,1116,18:36,1120,18:40,15.0,Trễ 15p ⏳,995,16:35,1120,18:40,125,[16:35 ➔ 18:40],True,0,An toàn tuyệt đối (Được bảo vệ)
flight_key_v1_1fc515254e9b78b41ea98858b3609570,DL,2890,DL 2890,DEP,ATL,CMH,NARROWBODY,TURN_0467,PAIRED_TURN,SIM_AC_0467,2024-01-01_DL_2052,40,45,G57,0.2316,23.2%,5.9,1.36,1105,18:25,1113,18:33,1108,18:28,3.0,Trễ 3p ⏳,994,16:34,1120,18:40,126,[16:34 ➔ 18:40],True,12,An toàn tuyệt đối (Được bảo vệ)
flight_key_v1_b72d54f5bac816fe8b6fd6c28e58736a,9E,5121,9E 5121,DEP,ATL,LEX,NARROWBODY,TURN_0445,PAIRED_TURN,SIM_AC_0445,2024-01-01_9E_5184,40,45,G88,0.3207,32.1%,5.8,1.85,1105,18:25,1115,18:35,1099,18:19,-6.0,Sớm 6p ⚡,973,16:13,1120,18:40,147,[16:13 ➔ 18:40],True,21,An toàn tuyệt đối (Được bảo vệ)
flight_key_v1_784d9fe67d556d5681d6bf4abe84c51d,9E,5182,9E 5182,ARR,MOB,ATL,WIDEBODY,TURN_0532,PAIRED_TURN,SIM_AC_0532,2024-01-01_9E_5182,75,60,G159,0.2352,23.5%,0.8,0.19,1105,18:25,1105,18:25,1074,17:54,-31.0,Sớm 31p ⚡,1090,18:10,1317,21:57,227,[18:10 ➔ 21:57],False,243,Hạ cánh sớm hơn đệm (16p)
flight_key_v1_3c9cd1e9937553e50cec9353775e22d6,DL,371,DL 371,DEP,ATL,DEN,NARROWBODY,TURN_0474,PAIRED_TURN,SIM_AC_0474,2024-01-01_DL_1576,40,45,G151,0.2666,26.7%,6.9,1.84,1106,18:26,1116,18:36,1102,18:22,-4.0,Sớm 4p ⚡,1003,16:43,1121,18:41,118,[16:43 ➔ 18:41],True,19,An toàn tuyệt đối (Được bảo vệ)
flight_key_v1_0c6b73d9a37b7e4e32c7bdc4abe24270,MQ,3769,MQ 3769,DEP,ATL,ORD,NARROWBODY,TURN_0841,UNMATCHED_DEP,SIM_AC_0841,2024-01-01_MQ_3769,40,45,G34,0.2451,24.5%,8.5,2.08,1108,18:28,1120,18:40,1109,18:29,1.0,Trễ 1p ⏳,1050,17:30,1125,18:45,75,[17:30 ➔ 18:45],True,16,An toàn tuyệt đối (Được bảo vệ)
flight_key_v1_42139bb9fb4071567f67f74b7d90eb06,DL,2988,DL 2988,ARR,PNS,ATL,WIDEBODY,TURN_0533,PAIRED_TURN,SIM_AC_0533,2024-01-01_DL_2988,75,60,G46,0.2316,23.2%,0.8,0.19,1109,18:29,1109,18:29,1084,18:04,-25.0,Sớm 25p ⚡,1094,18:14,1275,21:15,181,[18:14 ➔ 21:15],False,191,Hạ cánh sớm hơn đệm (10p)
flight_key_v1_e92be2511dedb641583e084df1138e96,DL,319,DL 319,DEP,ATL,LAX,NARROWBODY,TURN_0476,PAIRED_TURN,SIM_AC_0476,2024-01-01_DL_2778,40,45,G35,0.2396,24.0%,8.6,2.05,1110,18:30,1122,18:42,1176,19:36,66.0,Trễ 66p ⏳,1006,16:46,1125,18:45,119,[16:46 ➔ 18:45],False,-51,Trễ vượt đệm an toàn (+51p)
flight_key_v1_0ed83949c89a2b6fc126a9fc89e5c10c,DL,1280,DL 1280,DEP,ATL,MSP,NARROWBODY,TURN_0475,PAIRED_TURN,SIM_AC_0475,2024-01-01_DL_968,40,45,G31,0.2307,23.1%,8.1,1.87,1110,18:30,1121,18:41,1103,18:23,-7.0,Sớm 7p ⚡,1006,16:46,1125,18:45,119,[16:46 ➔ 18:45],True,22,An toàn tuyệt đối (Được bảo vệ)
flight_key_v1_274679bf328e80cfd986a49b40d1392c,DL,2436,DL 2436,DEP,ATL,ECP,NARROWBODY,TURN_0478,PAIRED_TURN,SIM_AC_0478,2024-01-01_DL_1147,40,45,G20,0.3782,37.8%,6.6,2.51,1110,18:30,1122,18:42,1108,18:28,-2.0,Sớm 2p ⚡,1008,16:48,1126,18:46,118,[16:48 ➔ 18:46],True,18,An toàn tuyệt đối (Được bảo vệ)
flight_key_v1_def89939e72e6c0eed9c98ab60055fd3,WN,2876,WN 2876,ARR,TPA,ATL,NARROWBODY,TURN_0041,PAIRED_TURN,SIM_AC_0041,2024-01-01_WN_2876,40,45,G67,0.4889,48.9%,4.8,2.34,1110,18:30,1114,18:34,1117,18:37,7.0,Trễ 7p ⏳,1097,18:17,1187,19:47,90,[18:17 ➔ 19:47],True,70,An toàn tuyệt đối (Được bảo vệ)
flight_key_v1_ff13028e0347d05f9ccc459f6d640eee,OH,5552,OH 5552,ARR,CLT,ATL,NARROWBODY,TURN_0682,UNMATCHED_ARR,SIM_AC_0682,2024-01-01_OH_5552,40,45,G101,0.4014,40.1%,4.1,1.65,1110,18:30,1114,18:34,1098,18:18,-12.0,Sớm 12p ⚡,1096,18:16,1166,19:26,70,[18:16 ➔ 19:26],True,68,An toàn tuyệt đối (Được bảo vệ)
flight_key_v1_72ab95de914bcc461cfc84cc974b754d,DL,2456,DL 2456,ARR,CVG,ATL,NARROWBODY,TURN_0534,PAIRED_TURN,SIM_AC_0534,2024-01-01_DL_2456,40,45,G24,0.2557,25.6%,0.8,0.21,1112,18:32,1112,18:32,1084,18:04,-28.0,Sớm 28p ⚡,1097,18:17,1275,21:15,178,[18:17 ➔ 21:15],False,191,Hạ cánh sớm hơn đệm (13p)
flight_key_v1_2289fc0c3c1e9c2e337ef587596077f3,DL,1485,DL 1485,ARR,STL,ATL,WIDEBODY,TURN_0535,PAIRED_TURN,SIM_AC_0535,2024-01-01_DL_1485,75,60,G05,0.3161,31.6%,1.2,0.39,1113,18:33,1114,18:34,1100,18:20,-13.0,Sớm 13p ⚡,1098,18:18,1285,21:25,187,[18:18 ➔ 21:25],True,185,An toàn tuyệt đối (Được bảo vệ)
flight_key_v1_df5a228c1f1b847c04aabdc4e2cebcc1,DL,2367,DL 2367,DEP,ATL,MSY,NARROWBODY,TURN_0481,PAIRED_TURN,SIM_AC_0481,2024-01-01_DL_2097,40,45,G81,0.2883,28.8%,6.3,1.81,1113,18:33,1123,18:43,1111,18:31,-2.0,Sớm 2p ⚡,1010,16:50,1128,18:48,118,[16:50 ➔ 18:48],True,17,An toàn tuyệt đối (Được bảo vệ)
flight_key_v1_63f3b68fc03fe65427972f6b7c0945f6,DL,340,DL 340,ARR,BZN,ATL,NARROWBODY,TURN_0538,PAIRED_TURN,SIM_AC_0538,2024-01-01_DL_340,40,45,G32,0.3651,36.5%,1.0,0.35,1114,18:34,1114,18:34,1105,18:25,-9.0,Sớm 9p ⚡,1099,18:19,1280,21:20,181,[18:19 ➔ 21:20],True,175,An toàn tuyệt đối (Được bảo vệ)
flight_key_v1_05b019e92a419dba7aad9eab737baac6,DL,2089,DL 2089,ARR,CAE,ATL,NARROWBODY,TURN_0537,PAIRED_TURN,SIM_AC_0537,2024-01-01_DL_2089,40,45,G13,0.2356,23.6%,0.8,0.19,1114,18:34,1114,18:34,1096,18:16,-18.0,Sớm 18p ⚡,1099,18:19,1280,21:20,181,[18:19 ➔ 21:20],False,184,Hạ cánh sớm hơn đệm (3p)
flight_key_v1_0370870eebb786824ecab7ea6574450b,DL,2536,DL 2536,ARR,PHL,ATL,NARROWBODY,TURN_0536,PAIRED_TURN,SIM_AC_0536,2024-01-01_DL_2536,40,45,G69,0.2422,24.2%,0.8,0.2,1114,18:34,1114,18:34,1085,18:05,-29.0,Sớm 29p ⚡,1099,18:19,1275,21:15,176,[18:19 ➔ 21:15],False,190,Hạ cánh sớm hơn đệm (14p)
flight_key_v1_b88e041dab873c11673f2d682005b661,OO,4076,OO 4076,ARR,BTR,ATL,NARROWBODY,TURN_0539,PAIRED_TURN,SIM_AC_0539,2024-01-01_OO_4076,40,45,G110,0.3527,35.3%,2.9,1.04,1114,18:34,1116,18:36,1087,18:07,-27.0,Sớm 27p ⚡,1100,18:20,1291,21:31,191,[18:20 ➔ 21:31],False,204,Hạ cánh sớm hơn đệm (13p)
flight_key_v1_46fa1c7395f9dc78077a80caa0afffb8,WN,3168,WN 3168,DEP,ATL,PHL,NARROWBODY,TURN_0488,PAIRED_TURN,SIM_AC_0488,2024-01-01_WN_1937,40,45,G121,0.4492,44.9%,10.2,4.58,1115,18:35,1132,18:52,1115,18:35,0.0,Đúng giờ ✓,1016,16:56,1131,18:51,115,[16:56 ➔ 18:51],True,16,An toàn tuyệt đối (Được bảo vệ)
flight_key_v1_1beb7e56ccee7f27cb267b289be680bc,DL,1467,DL 1467,ARR,DTW,ATL,NARROWBODY,TURN_0541,PAIRED_TURN,SIM_AC_0541,2024-01-01_DL_1467,40,45,G18,0.2827,28.3%,0.8,0.23,1116,18:36,1116,18:36,1112,18:32,-4.0,Sớm 4p ⚡,1101,18:21,1290,21:30,189,[18:21 ➔ 21:30],True,178,An toàn tuyệt đối (Được bảo vệ)
flight_key_v1_bfbb8dd42deb313fe7940c411b7ba3f3,DL,2515,DL 2515,ARR,ABQ,ATL,NARROWBODY,TURN_0540,PAIRED_TURN,SIM_AC_0540,2024-01-01_DL_2515,40,45,G89,0.2415,24.1%,1.2,0.28,1116,18:36,1117,18:37,1106,18:26,-10.0,Sớm 10p ⚡,1101,18:21,1282,21:22,181,[18:21 ➔ 21:22],True,176,An toàn tuyệt đối (Được bảo vệ)
flight_key_v1_afb9f4b7522abf1d7aaeeaa6e8513a80,DL,1039,DL 1039,ARR,TUS,ATL,NARROWBODY,TURN_0542,PAIRED_TURN,SIM_AC_0542,2024-01-01_DL_1039,40,45,G48,0.2316,23.2%,0.9,0.21,1119,18:39,1119,18:39,1103,18:23,-16.0,Sớm 16p ⚡,1104,18:24,1290,21:30,186,[18:24 ➔ 21:30],False,187,Hạ cánh sớm hơn đệm (1p)
flight_key_v1_f360e404f476bac6a2b3287d8e84365a,DL,1882,DL 1882,ARR,SJU,ATL,NARROWBODY,TURN_0544,PAIRED_TURN,SIM_AC_0544,2024-01-01_DL_1882,40,45,G41,0.2507,25.1%,3.0,0.75,1119,18:39,1121,18:41,1132,18:52,13.0,Trễ 13p ⏳,1104,18:24,1290,21:30,186,[18:24 ➔ 21:30],True,158,An toàn tuyệt đối (Được bảo vệ)
flight_key_v1_99304da86932b0849136eb5bb0f893a1,DL,1950,DL 1950,ARR,STT,ATL,NARROWBODY,TURN_0543,PAIRED_TURN,SIM_AC_0543,2024-01-01_DL_1950,40,45,G51,0.3142,31.4%,2.8,0.87,1119,18:39,1121,18:41,1118,18:38,-1.0,Sớm 1p ⚡,1104,18:24,1290,21:30,186,[18:24 ➔ 21:30],True,172,An toàn tuyệt đối (Được bảo vệ)
flight_key_v1_afe53cab9ccbaf1c3fbf84dc629f9dcb,DL,2163,DL 2163,ARR,CMH,ATL,WIDEBODY,TURN_0545,PAIRED_TURN,SIM_AC_0545,2024-01-01_DL_2163,75,60,G128,0.2316,23.2%,0.8,0.19,1119,18:39,1119,18:39,1096,18:16,-23.0,Sớm 23p ⚡,1104,18:24,1295,21:35,191,[18:24 ➔ 21:35],False,199,Hạ cánh sớm hơn đệm (8p)
flight_key_v1_853aee578bb25dbdf857de9e1d21f39a,DL,2192,DL 2192,DEP,ATL,BWI,WIDEBODY,TURN_0442,PAIRED_TURN,SIM_AC_0442,2024-01-01_DL_1585,75,60,G30,0.2316,23.2%,6.0,1.4,1119,18:39,1128,18:48,1118,18:38,-1.0,Sớm 1p ⚡,965,16:05,1134,18:54,169,[16:05 ➔ 18:54],True,16,An toàn tuyệt đối (Được bảo vệ)
flight_key_v1_531a35ffc61ba35fb2a4f3ef3828843a,DL,2220,DL 2220,ARR,VPS,ATL,WIDEBODY,TURN_0546,PAIRED_TURN,SIM_AC_0546,2024-01-01_DL_2220,75,60,G125,0.2848,28.5%,2.0,0.58,1120,18:40,1122,18:42,1102,18:22,-18.0,Sớm 18p ⚡,1105,18:25,1295,21:35,190,[18:25 ➔ 21:35],False,193,Hạ cánh sớm hơn đệm (3p)
flight_key_v1_281330c8cccb74401401a64f427c9ffc,DL,2933,DL 2933,ARR,HDN,ATL,NARROWBODY,TURN_0547,PAIRED_TURN,SIM_AC_0547,2024-01-01_DL_2933,40,45,G75,0.2807,28.1%,0.6,0.17,1120,18:40,1120,18:40,1079,17:59,-41.0,Sớm 41p ⚡,1105,18:25,1290,21:30,185,[18:25 ➔ 21:30],False,211,Hạ cánh sớm hơn đệm (26p)
flight_key_v1_2de34f849eb1e709d03e9b4a59839a50,DL,2960,DL 2960,DEP,ATL,EWR,NARROWBODY,TURN_0484,PAIRED_TURN,SIM_AC_0484,2024-01-01_DL_1375,40,45,G161,0.291,29.1%,6.2,1.81,1120,18:40,1130,18:50,1111,18:31,-9.0,Sớm 9p ⚡,1013,16:53,1135,18:55,122,[16:53 ➔ 18:55],True,24,An toàn tuyệt đối (Được bảo vệ)
flight_key_v1_29baf3a096174a64c250ba804884735d,DL,1695,DL 1695,ARR,IAD,ATL,NARROWBODY,TURN_0548,PAIRED_TURN,SIM_AC_0548,2024-01-01_DL_1695,40,45,G19,0.2429,24.3%,1.8,0.44,1121,18:41,1122,18:42,1098,18:18,-23.0,Sớm 23p ⚡,1106,18:26,1300,21:40,194,[18:26 ➔ 21:40],False,202,Hạ cánh sớm hơn đệm (8p)
flight_key_v1_27b949134be889ae6d9fc2e00fea0d1f,DL,1524,DL 1524,ARR,TLH,ATL,NARROWBODY,TURN_0550,PAIRED_TURN,SIM_AC_0550,2024-01-01_DL_1524,40,45,G82,0.2342,23.4%,0.8,0.19,1122,18:42,1122,18:42,1108,18:28,-14.0,Sớm 14p ⚡,1107,18:27,1300,21:40,193,[18:27 ➔ 21:40],True,192,An toàn tuyệt đối (Được bảo vệ)
flight_key_v1_74811080096d5268ecdf89c12e88f582,DL,2061,DL 2061,ARR,SRQ,ATL,NARROWBODY,TURN_0551,PAIRED_TURN,SIM_AC_0551,2024-01-01_DL_2061,40,45,G163,0.2732,27.3%,1.1,0.3,1122,18:42,1123,18:43,1116,18:36,-6.0,Sớm 6p ⚡,1107,18:27,1300,21:40,193,[18:27 ➔ 21:40],True,184,An toàn tuyệt đối (Được bảo vệ)
flight_key_v1_172fa0ae05a164819503e421e82576b1,DL,2792,DL 2792,ARR,BOS,ATL,NARROWBODY,TURN_0549,PAIRED_TURN,SIM_AC_0549,2024-01-01_DL_2792,40,45,G39,0.252,25.2%,2.2,0.56,1122,18:42,1124,18:44,1085,18:05,-37.0,Sớm 37p ⚡,1107,18:27,1300,21:40,193,[18:27 ➔ 21:40],False,215,Hạ cánh sớm hơn đệm (22p)
flight_key_v1_f622d27049cd2e3005efc9968c3951a5,NK,75,NK 75,ARR,DFW,ATL,WIDEBODY,TURN_0683,UNMATCHED_ARR,SIM_AC_0683,2024-01-01_NK_75,75,60,G87,0.4701,47.0%,5.8,2.71,1124,18:44,1129,18:49,1104,18:24,-20.0,Sớm 20p ⚡,1111,18:31,1216,20:16,105,[18:31 ➔ 20:16],False,112,Hạ cánh sớm hơn đệm (7p)
flight_key_v1_5eb7f95e2af394ce5cbc8f613770f823,DL,1323,DL 1323,ARR,MIA,ATL,NARROWBODY,TURN_0552,PAIRED_TURN,SIM_AC_0552,2024-01-01_DL_1323,40,45,G65,0.3111,31.1%,2.2,0.69,1124,18:44,1126,18:46,1179,19:39,55.0,Trễ 55p ⏳,1109,18:29,1313,21:53,204,[18:29 ➔ 21:53],True,134,An toàn tuyệt đối (Được bảo vệ)
flight_key_v1_c197edc8faf8dcfe0c326a455c3ba168,DL,1553,DL 1553,ARR,JFK,ATL,NARROWBODY,TURN_0553,PAIRED_TURN,SIM_AC_0553,2024-01-01_DL_1553,40,45,G124,0.281,28.1%,2.2,0.62,1124,18:44,1126,18:46,1105,18:25,-19.0,Sớm 19p ⚡,1109,18:29,1315,21:55,206,[18:29 ➔ 21:55],False,210,Hạ cánh sớm hơn đệm (4p)
flight_key_v1_bea0bd914411a3934d6e24fe826788fb,WN,310,WN 310,ARR,MIA,ATL,WIDEBODY,TURN_0556,PAIRED_TURN,SIM_AC_0556,2024-01-01_WN_310,75,60,G140,0.5594,55.9%,5.2,2.9,1125,18:45,1130,18:50,1168,19:28,43.0,Trễ 43p ⏳,1112,18:32,1327,22:07,215,[18:32 ➔ 22:07],True,159,An toàn tuyệt đối (Được bảo vệ)
flight_key_v1_50286e782309defce8cc23a2137fef69,DL,1024,DL 1024,ARR,ELP,ATL,WIDEBODY,TURN_0554,PAIRED_TURN,SIM_AC_0554,2024-01-01_DL_1024,75,60,G100,0.3259,32.6%,1.2,0.38,1125,18:45,1126,18:46,1126,18:46,1.0,Trễ 1p ⏳,1110,18:30,1305,21:45,195,[18:30 ➔ 21:45],True,179,An toàn tuyệt đối (Được bảo vệ)
flight_key_v1_0b989ae833d57f10aa5d15efdf2584bd,DL,1640,DL 1640,ARR,GRR,ATL,WIDEBODY,TURN_0555,PAIRED_TURN,SIM_AC_0555,2024-01-01_DL_1640,75,60,G112,0.2515,25.1%,1.2,0.31,1125,18:45,1126,18:46,1093,18:13,-32.0,Sớm 32p ⚡,1110,18:30,1320,22:00,210,[18:30 ➔ 22:00],False,227,Hạ cánh sớm hơn đệm (17p)
flight_key_v1_f56287bc909eee88c2901428891a310a,WN,2269,WN 2269,ARR,SRQ,ATL,NARROWBODY,TURN_0032,PAIRED_TURN,SIM_AC_0032,2024-01-01_WN_2269,40,45,G93,0.4914,49.1%,4.0,1.94,1125,18:45,1128,18:48,1119,18:39,-6.0,Sớm 6p ⚡,1111,18:31,1191,19:51,80,[18:31 ➔ 19:51],True,72,An toàn tuyệt đối (Được bảo vệ)
flight_key_v1_473ddc1ee70145590e0b1b62d978cc66,DL,2720,DL 2720,ARR,JAX,ATL,NARROWBODY,TURN_0558,PAIRED_TURN,SIM_AC_0558,2024-01-01_DL_2720,40,45,G94,0.2382,23.8%,0.8,0.2,1125,18:45,1125,18:45,1110,18:30,-15.0,Sớm 15p ⚡,1110,18:30,1316,21:56,206,[18:30 ➔ 21:56],True,206,An toàn tuyệt đối (Được bảo vệ)
flight_key_v1_af86839ecbd456572b53709e3a0c1252,9E,5250,9E 5250,DEP,ATL,JAN,NARROWBODY,TURN_0452,PAIRED_TURN,SIM_AC_0452,2024-01-01_9E_4923,40,45,G167,0.2352,23.5%,5.8,1.36,1125,18:45,1134,18:54,1121,18:41,-4.0,Sớm 4p ⚡,980,16:20,1140,19:00,160,[16:20 ➔ 19:00],True,19,An toàn tuyệt đối (Được bảo vệ)
flight_key_v1_b93831685c58580a3223b1edb33badc9,9E,5428,9E 5428,ARR,TUL,ATL,NARROWBODY,TURN_0557,PAIRED_TURN,SIM_AC_0557,2024-01-01_9E_5428,40,45,G62,0.2352,23.5%,1.2,0.29,1125,18:45,1126,18:46,1113,18:33,-12.0,Sớm 12p ⚡,1110,18:30,1280,21:20,170,[18:30 ➔ 21:20],True,167,An toàn tuyệt đối (Được bảo vệ)
flight_key_v1_3e1a877e214cc809d4cf947fd6c08ed9,DL,1175,DL 1175,DEP,ATL,RIC,WIDEBODY,TURN_0456,PAIRED_TURN,SIM_AC_0456,2024-01-01_DL_883,75,60,G144,0.2512,25.1%,8.8,2.21,1126,18:46,1138,18:58,1126,18:46,0.0,Đúng giờ ✓,982,16:22,1141,19:01,159,[16:22 ➔ 19:01],True,15,An toàn tuyệt đối (Được bảo vệ)
flight_key_v1_ab9c78fd2f4d618ca1af349e83c6ba3b,AA,2937,AA 2937,ARR,MIA,ATL,NARROWBODY,TURN_0559,PAIRED_TURN,SIM_AC_0559,2024-01-01_AA_2937,40,45,G59,0.4385,43.9%,4.5,1.97,1128,18:48,1132,18:52,1174,19:34,46.0,Trễ 46p ⏳,1114,18:34,1232,20:32,118,[18:34 ➔ 20:32],True,58,An toàn tuyệt đối (Được bảo vệ)
flight_key_v1_d64e5a43f85e3cf822dec97ce8af50aa,YX,3532,YX 3532,ARR,EWR,ATL,NARROWBODY,TURN_0560,PAIRED_TURN,SIM_AC_0560,2024-01-01_YX_3532,40,45,G148,0.394,39.4%,2.2,0.87,1129,18:49,1131,18:51,1088,18:08,-41.0,Sớm 41p ⚡,1114,18:34,1188,19:48,74,[18:34 ➔ 19:48],False,100,Hạ cánh sớm hơn đệm (26p)
flight_key_v1_9bb4c6d0c64c187b02409607b0ead746,WN,785,WN 785,ARR,IAD,ATL,NARROWBODY,TURN_0065,PAIRED_TURN,SIM_AC_0065,2024-01-01_WN_785,40,45,G33,0.4692,46.9%,4.8,2.24,1130,18:50,1134,18:54,1124,18:44,-6.0,Sớm 6p ⚡,1117,18:37,1197,19:57,80,[18:37 ➔ 19:57],True,73,An toàn tuyệt đối (Được bảo vệ)
flight_key_v1_9bea9c5590e0951925d155e8b1eb4a9d,WN,2273,WN 2273,ARR,GSP,ATL,WIDEBODY,TURN_0684,UNMATCHED_ARR,SIM_AC_0684,2024-01-01_WN_2273,75,60,G154,0.3292,32.9%,3.7,1.23,1130,18:50,1133,18:53,1112,18:32,-18.0,Sớm 18p ⚡,1116,18:36,1221,20:21,105,[18:36 ➔ 20:21],False,109,Hạ cánh sớm hơn đệm (4p)
flight_key_v1_6b9b6e4742908d7708c9c89af44d096b,DL,2605,DL 2605,DEP,ATL,PNS,NARROWBODY,TURN_0485,PAIRED_TURN,SIM_AC_0485,2024-01-01_DL_2887,40,45,G26,0.2316,23.2%,5.8,1.35,1130,18:50,1138,18:58,1125,18:45,-5.0,Sớm 5p ⚡,1014,16:54,1145,19:05,131,[16:54 ➔ 19:05],True,20,An toàn tuyệt đối (Được bảo vệ)
flight_key_v1_ac3aae1786b769aeabc01f662c291f64,WN,2711,WN 2711,ARR,RIC,ATL,NARROWBODY,TURN_0038,PAIRED_TURN,SIM_AC_0038,2024-01-01_WN_2711,40,45,G135,0.3928,39.3%,3.7,1.47,1130,18:50,1133,18:53,1113,18:33,-17.0,Sớm 17p ⚡,1116,18:36,1191,19:51,75,[18:36 ➔ 19:51],False,78,Hạ cánh sớm hơn đệm (3p)
flight_key_v1_1b193f0291f95a2bd6b1cea625b04528,9E,5420,9E 5420,ARR,CLT,ATL,NARROWBODY,TURN_0561,PAIRED_TURN,SIM_AC_0561,2024-01-01_9E_5420,40,45,G113,0.2874,28.7%,1.8,0.52,1132,18:52,1133,18:53,1114,18:34,-18.0,Sớm 18p ⚡,1117,18:37,1285,21:25,168,[18:37 ➔ 21:25],False,171,Hạ cánh sớm hơn đệm (3p)
flight_key_v1_cfbd7f276d9e7f1c16be841bf2281b88,DL,1568,DL 1568,ARR,PIT,ATL,WIDEBODY,TURN_0562,PAIRED_TURN,SIM_AC_0562,2024-01-01_DL_1568,75,60,G17,0.2316,23.2%,0.8,0.19,1133,18:53,1133,18:53,1130,18:50,-3.0,Sớm 3p ⚡,1118,18:38,1334,22:14,216,[18:38 ➔ 22:14],True,204,An toàn tuyệt đối (Được bảo vệ)
flight_key_v1_b5fc98ab7c389e9aca3bef8e65e648f3,NK,745,NK 745,DEP,ATL,RSW,NARROWBODY,TURN_0502,PAIRED_TURN,SIM_AC_0502,2024-01-01_NK_1596,40,45,G150,0.445,44.5%,17.0,7.56,1134,18:54,1157,19:17,1125,18:45,-9.0,Sớm 9p ⚡,1037,17:17,1151,19:11,114,[17:17 ➔ 19:11],True,26,An toàn tuyệt đối (Được bảo vệ)
flight_key_v1_5b0ad68e9402ee462afdff81e6b9d411,UA,1046,UA 1046,DEP,ATL,ORD,NARROWBODY,TURN_0440,PAIRED_TURN,SIM_AC_0440,2024-01-01_UA_2464,40,45,G109,0.3768,37.7%,9.5,3.58,1134,18:54,1149,19:09,1126,18:46,-8.0,Sớm 8p ⚡,963,16:03,1150,19:10,187,[16:03 ➔ 19:10],True,24,An toàn tuyệt đối (Được bảo vệ)
flight_key_v1_b513de4323283c36e110308c3a231911,WN,1218,WN 1218,ARR,OMA,ATL,NARROWBODY,TURN_0564,PAIRED_TURN,SIM_AC_0564,2024-01-01_WN_1218,40,45,G06,0.3627,36.3%,4.2,1.53,1135,18:55,1139,18:59,1113,18:33,-22.0,Sớm 22p ⚡,1121,18:41,1196,19:56,75,[18:41 ➔ 19:56],False,83,Hạ cánh sớm hơn đệm (8p)
flight_key_v1_3bd9c9fbf7b03c871d16baaa03a2a07a,DL,1861,DL 1861,DEP,ATL,SJU,NARROWBODY,TURN_0487,PAIRED_TURN,SIM_AC_0487,2024-01-01_DL_2899,40,45,G70,0.2489,24.9%,8.3,2.07,1135,18:55,1147,19:07,1137,18:57,2.0,Trễ 2p ⏳,1015,16:55,1150,19:10,135,[16:55 ➔ 19:10],True,13,An toàn tuyệt đối (Được bảo vệ)
flight_key_v1_1da055d62b3cb72790016f7f3cae4031,WN,2381,WN 2381,ARR,SDF,ATL,NARROWBODY,TURN_0034,PAIRED_TURN,SIM_AC_0034,2024-01-01_WN_2381,75,45,G47,0.4322,43.2%,3.7,1.62,1135,18:55,1138,18:58,1120,18:40,-15.0,Sớm 15p ⚡,1121,18:41,1196,19:56,75,[18:41 ➔ 19:56],False,76,Hạ cánh sớm hơn đệm (1p)
flight_key_v1_b8d951d0246b46e5f83ba42071d5c023,WN,2588,WN 2588,ARR,RSW,ATL,NARROWBODY,TURN_0037,PAIRED_TURN,SIM_AC_0037,2024-01-01_WN_2588,40,45,G174,0.416,41.6%,3.7,1.56,1135,18:55,1138,18:58,1146,19:06,11.0,Trễ 11p ⏳,1121,18:41,1201,20:01,80,[18:41 ➔ 20:01],True,55,An toàn tuyệt đối (Được bảo vệ)
flight_key_v1_954d8d34f2e7920929940402b5bd7aaf,WN,2789,WN 2789,ARR,JAX,ATL,NARROWBODY,TURN_0563,PAIRED_TURN,SIM_AC_0563,2024-01-01_WN_2789,40,45,G136,0.4788,47.9%,3.7,1.79,1135,18:55,1138,18:58,1142,19:02,7.0,Trễ 7p ⏳,1121,18:41,1191,19:51,70,[18:41 ➔ 19:51],True,49,An toàn tuyệt đối (Được bảo vệ)
flight_key_v1_d22620bf58e81482ba77f5a1c9b7b104,WN,3108,WN 3108,ARR,RDU,ATL,NARROWBODY,TURN_0045,PAIRED_TURN,SIM_AC_0045,2024-01-01_WN_3108,75,45,G133,0.46,46.0%,3.7,1.72,1135,18:55,1138,18:58,1135,18:55,0.0,Đúng giờ ✓,1121,18:41,1196,19:56,75,[18:41 ➔ 19:56],True,61,An toàn tuyệt đối (Được bảo vệ)
flight_key_v1_bdd690e711f3ebced94ce78b84f277bf,NK,1220,NK 1220,ARR,BOS,ATL,NARROWBODY,TURN_0565,PAIRED_TURN,SIM_AC_0565,2024-01-01_NK_1220,40,45,G152,0.3889,38.9%,5.0,1.93,1136,18:56,1140,19:00,1150,19:10,14.0,Trễ 14p ⏳,1122,18:42,1245,20:45,123,[18:42 ➔ 20:45],True,95,An toàn tuyệt đối (Được bảo vệ)
flight_key_v1_9165f53bca71107045d9367eb7322008,DL,2580,DL 2580,ARR,MKE,ATL,NARROWBODY,TURN_0566,PAIRED_TURN,SIM_AC_0566,2024-01-01_DL_2580,40,45,G72,0.244,24.4%,1.2,0.3,1137,18:57,1138,18:58,1227,20:27,90.0,Trễ 90p ⏳,1122,18:42,1321,22:01,199,[18:42 ➔ 22:01],True,94,An toàn tuyệt đối (Được bảo vệ)
flight_key_v1_fc39b011e5ac331c0ad613c2f913df9a,DL,1588,DL 1588,DEP,ATL,MIA,NARROWBODY,TURN_0491,PAIRED_TURN,SIM_AC_0491,2024-01-01_DL_841,40,45,G155,0.2684,26.8%,8.1,2.18,1139,18:59,1151,19:11,1140,19:00,1.0,Trễ 1p ⏳,1024,17:04,1154,19:14,130,[17:04 ➔ 19:14],True,14,An toàn tuyệt đối (Được bảo vệ)
flight_key_v1_7af3aa4f45b557046f915e6db9c50f14,DL,2251,DL 2251,DEP,ATL,PHL,NARROWBODY,TURN_0489,PAIRED_TURN,SIM_AC_0489,2024-01-01_DL_1408,40,45,G147,0.2316,23.2%,6.1,1.42,1139,18:59,1148,19:08,1136,18:56,-3.0,Sớm 3p ⚡,1019,16:59,1154,19:14,135,[16:59 ➔ 19:14],True,18,An toàn tuyệt đối (Được bảo vệ)
flight_key_v1_712a1b033989dde16041d15188016b2c,9E,5203,9E 5203,DEP,ATL,TYS,NARROWBODY,TURN_0458,PAIRED_TURN,SIM_AC_0458,2024-01-01_9E_4987,40,45,G73,0.2352,23.5%,5.8,1.36,1139,18:59,1148,19:08,1135,18:55,-4.0,Sớm 4p ⚡,983,16:23,1154,19:14,171,[16:23 ➔ 19:14],True,19,An toàn tuyệt đối (Được bảo vệ)
flight_key_v1_b61fe3f18c1372de8f5b82b281c0a605,DL,706,DL 706,ARR,DEN,ATL,NARROWBODY,TURN_0568,PAIRED_TURN,SIM_AC_0568,2024-01-01_DL_706,40,45,G127,0.3761,37.6%,3.0,1.14,1140,19:00,1143,19:03,1121,18:41,-19.0,Sớm 19p ⚡,1126,18:46,1330,22:10,204,[18:46 ➔ 22:10],False,209,Hạ cánh sớm hơn đệm (5p)
flight_key_v1_6b53e16b84fe0da2a2c68a4feb27a2f7,WN,2242,WN 2242,ARR,PHL,ATL,NARROWBODY,TURN_0567,PAIRED_TURN,SIM_AC_0567,2024-01-01_WN_2242,40,45,G98,0.4619,46.2%,3.7,1.73,1140,19:00,1143,19:03,1155,19:15,15.0,Trễ 15p ⏳,1126,18:46,1206,20:06,80,[18:46 ➔ 20:06],True,51,An toàn tuyệt đối (Được bảo vệ)
flight_key_v1_dd3b61f628d2ab2bec9d3ed65673963e,OH,5243,OH 5243,DEP,ATL,CLT,NARROWBODY,TURN_0490,PAIRED_TURN,SIM_AC_0490,2024-01-01_OH_5019,40,45,G169,0.3396,34.0%,5.9,2.0,1140,19:00,1150,19:10,1132,18:52,-8.0,Sớm 8p ⚡,1023,17:03,1156,19:16,133,[17:03 ➔ 19:16],True,24,An toàn tuyệt đối (Được bảo vệ)
flight_key_v1_4a7edaa528c19eb3aa1dccd6394aefa6,DL,2925,DL 2925,ARR,ORF,ATL,WIDEBODY,TURN_0569,PAIRED_TURN,SIM_AC_0569,2024-01-01_DL_2925,75,60,G151,0.239,23.9%,2.3,0.54,1141,19:01,1143,19:03,1118,18:38,-23.0,Sớm 23p ⚡,1126,18:46,1365,22:45,239,[18:46 ➔ 22:45],False,247,Hạ cánh sớm hơn đệm (8p)
flight_key_v1_6e3455afcf1b7db54377e292102af8e1,9E,5057,9E 5057,ARR,HPN,ATL,NARROWBODY,TURN_0570,PAIRED_TURN,SIM_AC_0570,2024-01-01_9E_5057,40,45,G143,0.281,28.1%,2.2,0.62,1142,19:02,1144,19:04,1104,18:24,-38.0,Sớm 38p ⚡,1127,18:47,1296,21:36,169,[18:47 ➔ 21:36],False,192,Hạ cánh sớm hơn đệm (23p)
flight_key_v1_3f408564573f11fb4063b397cef8ddea,WN,2092,WN 2092,ARR,DEN,ATL,WIDEBODY,TURN_0685,UNMATCHED_ARR,SIM_AC_0685,2024-01-01_WN_2092,75,60,G175,0.5612,56.1%,5.6,3.11,1145,19:05,1150,19:10,1125,18:45,-20.0,Sớm 20p ⚡,1133,18:53,1238,20:38,105,[18:53 ➔ 20:38],False,113,Hạ cánh sớm hơn đệm (8p)
flight_key_v1_cfa6387ea1c45d35faa54c7f0dd8b658,WN,3035,WN 3035,ARR,HOU,ATL,NARROWBODY,TURN_0044,PAIRED_TURN,SIM_AC_0044,2024-01-01_WN_3035,40,45,G54,0.4929,49.3%,3.7,1.84,1145,19:05,1148,19:08,1127,18:47,-18.0,Sớm 18p ⚡,1131,18:51,1201,20:01,70,[18:51 ➔ 20:01],False,74,Hạ cánh sớm hơn đệm (4p)
flight_key_v1_02c43badb0f85257aa21f29fb6d222a5,NK,3103,NK 3103,ARR,LAX,ATL,NARROWBODY,TURN_0572,PAIRED_TURN,SIM_AC_0572,2024-01-01_NK_3103,40,45,G77,0.4195,41.9%,4.1,1.73,1145,19:05,1149,19:09,1150,19:10,5.0,Trễ 5p ⏳,1131,18:51,1292,21:32,161,[18:51 ➔ 21:32],True,142,An toàn tuyệt đối (Được bảo vệ)
flight_key_v1_8fed66536e7df97b3bf25a34360ecd7b,9E,5080,9E 5080,ARR,JAN,ATL,NARROWBODY,TURN_0571,PAIRED_TURN,SIM_AC_0571,2024-01-01_9E_5080,40,45,G146,0.2352,23.5%,0.8,0.19,1145,19:05,1145,19:05,1142,19:02,-3.0,Sớm 3p ⚡,1130,18:50,1318,21:58,188,[18:50 ➔ 21:58],True,176,An toàn tuyệt đối (Được bảo vệ)
flight_key_v1_18bbcd8d176bfbea2f2ff08dc4a87c73,9E,5137,9E 5137,ARR,LEX,ATL,NARROWBODY,TURN_0573,PAIRED_TURN,SIM_AC_0573,2024-01-01_9E_5137,40,45,G123,0.2932,29.3%,0.8,0.24,1147,19:07,1147,19:07,1132,18:52,-15.0,Sớm 15p ⚡,1132,18:52,1345,22:25,213,[18:52 ➔ 22:25],True,213,An toàn tuyệt đối (Được bảo vệ)
flight_key_v1_a255b1a96b810a6c0c4c9393ad2b0840,DL,2776,DL 2776,ARR,MCO,ATL,NARROWBODY,TURN_0574,PAIRED_TURN,SIM_AC_0574,2024-01-01_DL_2776,40,45,G55,0.2958,29.6%,2.7,0.79,1149,19:09,1151,19:11,1124,18:44,-25.0,Sớm 25p ⚡,1134,18:54,1331,22:11,197,[18:54 ➔ 22:11],False,207,Hạ cánh sớm hơn đệm (10p)
flight_key_v1_0f6fd564b55158da15fa74c219e2b54e,F9,1447,F9 1447,DEP,ATL,SFO,NARROWBODY,TURN_0496,PAIRED_TURN,SIM_AC_0496,2024-01-01_F9_3441,40,45,G108,0.5983,59.8%,14.7,8.81,1151,19:11,1174,19:34,1157,19:17,6.0,Trễ 6p ⏳,1034,17:14,1169,19:29,135,[17:14 ➔ 19:29],True,12,An toàn tuyệt đối (Được bảo vệ)
flight_key_v1_6973e8de41bbefd132c7896980245f7d,DL,1173,DL 1173,ARR,PBI,ATL,NARROWBODY,TURN_0575,PAIRED_TURN,SIM_AC_0575,2024-01-01_DL_1173,40,45,G28,0.2625,26.2%,1.8,0.48,1153,19:13,1154,19:14,1129,18:49,-24.0,Sớm 24p ⚡,1138,18:58,1334,22:14,196,[18:58 ➔ 22:14],False,205,Hạ cánh sớm hơn đệm (9p)
flight_key_v1_3a4a36911111d2f33b9a8d5c3ce81907,DL,2271,DL 2271,ARR,BNA,ATL,WIDEBODY,TURN_0576,PAIRED_TURN,SIM_AC_0576,2024-01-01_DL_2271,75,60,G114,0.2629,26.3%,0.8,0.22,1155,19:15,1155,19:15,1140,19:00,-15.0,Sớm 15p ⚡,1140,19:00,1366,22:46,226,[19:00 ➔ 22:46],True,226,An toàn tuyệt đối (Được bảo vệ)
flight_key_v1_bd988e93cf7adb8812fe7da74fca4458,DL,2010,DL 2010,ARR,ECP,ATL,NARROWBODY,TURN_0577,PAIRED_TURN,SIM_AC_0577,2024-01-01_DL_2010,40,45,G74,0.2512,25.1%,1.2,0.31,1156,19:16,1157,19:17,1140,19:00,-16.0,Sớm 16p ⚡,1141,19:01,1335,22:15,194,[19:01 ➔ 22:15],False,195,Hạ cánh sớm hơn đệm (1p)
flight_key_v1_f0fbf33a7aa595397e5d1318852bf260,DL,2718,DL 2718,DEP,ATL,HPN,NARROWBODY,TURN_0494,PAIRED_TURN,SIM_AC_0494,2024-01-01_DL_2659,40,45,G130,0.2329,23.3%,6.1,1.43,1156,19:16,1165,19:25,1189,19:49,33.0,Trễ 33p ⏳,1028,17:08,1171,19:31,143,[17:08 ➔ 19:31],False,-18,Trễ vượt đệm an toàn (+18p)
flight_key_v1_3f712c73e70f1f0060803ec99cf95415,9E,4983,9E 4983,ARR,AEX,ATL,NARROWBODY,TURN_0578,PAIRED_TURN,SIM_AC_0578,2024-01-01_9E_4983,40,45,G170,0.2538,25.4%,0.8,0.21,1157,19:17,1157,19:17,1131,18:51,-26.0,Sớm 26p ⚡,1142,19:02,1362,22:42,220,[19:02 ➔ 22:42],False,231,Hạ cánh sớm hơn đệm (11p)
flight_key_v1_61654107c814a0f1966245d4755eb1de,DL,337,DL 337,ARR,SLC,ATL,WIDEBODY,TURN_0579,PAIRED_TURN,SIM_AC_0579,2024-01-01_DL_337,75,60,G38,0.3014,30.1%,0.9,0.27,1158,19:18,1158,19:18,1146,19:06,-12.0,Sớm 12p ⚡,1143,19:03,1375,22:55,232,[19:03 ➔ 22:55],True,229,An toàn tuyệt đối (Được bảo vệ)
flight_key_v1_65b950934fae3178cba8a3aef8d475b4,DL,2995,DL 2995,ARR,FLL,ATL,NARROWBODY,TURN_0580,PAIRED_TURN,SIM_AC_0580,2024-01-01_DL_2995,40,45,G88,0.2915,29.1%,2.2,0.65,1158,19:18,1160,19:20,1134,18:54,-24.0,Sớm 24p ⚡,1143,19:03,1338,22:18,195,[19:03 ➔ 22:18],False,204,Hạ cánh sớm hơn đệm (9p)
flight_key_v1_35604d7756e5d2b3fc432580b13c24cd,B6,2614,B6 2614,ARR,LGA,ATL,NARROWBODY,TURN_0686,UNMATCHED_ARR,SIM_AC_0686,2024-01-01_B6_2614,40,45,G76,0.5775,57.8%,4.1,2.34,1159,19:19,1163,19:23,1135,18:55,-24.0,Sớm 24p ⚡,1146,19:06,1216,20:16,70,[19:06 ➔ 20:16],False,81,Hạ cánh sớm hơn đệm (11p)
flight_key_v1_e16f0426088c29e1682c008fa777dda5,WN,2050,WN 2050,ARR,DAL,ATL,NARROWBODY,TURN_0026,PAIRED_TURN,SIM_AC_0026,2024-01-01_WN_2050,40,45,G53,0.4938,49.4%,5.0,2.45,1160,19:20,1164,19:24,1153,19:13,-7.0,Sớm 7p ⚡,1147,19:07,1237,20:37,90,[19:07 ➔ 20:37],True,84,An toàn tuyệt đối (Được bảo vệ)
flight_key_v1_5c2d7360128f2f2f8808804e1a114cc1,AA,2403,AA 2403,ARR,DFW,ATL,WIDEBODY,TURN_0687,UNMATCHED_ARR,SIM_AC_0687,2024-01-01_AA_2403,75,60,G137,0.4763,47.6%,5.1,2.41,1161,19:21,1166,19:26,1186,19:46,25.0,Trễ 25p ⏳,1148,19:08,1253,20:53,105,[19:08 ➔ 20:53],True,67,An toàn tuyệt đối (Được bảo vệ)
flight_key_v1_5348b3f3f2feb7ed8da6be06cfc67102,DL,1660,DL 1660,ARR,MCI,ATL,NARROWBODY,TURN_0581,PAIRED_TURN,SIM_AC_0581,2024-01-01_DL_1660,40,45,G129,0.2886,28.9%,1.2,0.35,1162,19:22,1163,19:23,1143,19:03,-19.0,Sớm 19p ⚡,1147,19:07,1345,22:25,198,[19:07 ➔ 22:25],False,202,Hạ cánh sớm hơn đệm (4p)
flight_key_v1_c941eb85aaa39d16b45eba7381a5cdca,F9,3994,F9 3994,DEP,ATL,SJU,NARROWBODY,TURN_0842,UNMATCHED_DEP,SIM_AC_0842,2024-01-01_F9_3994,40,45,G40,0.2927,29.3%,11.6,3.4,1163,19:23,1178,19:38,1306,21:46,143.0,Trễ 143p ⏳,1106,18:26,1181,19:41,75,[18:26 ➔ 19:41],False,-125,Trễ vượt đệm an toàn (+125p)
flight_key_v1_eb6c4530200bc9d67102ce02d915dc2f,9E,5389,9E 5389,ARR,BMI,ATL,NARROWBODY,TURN_0582,PAIRED_TURN,SIM_AC_0582,2024-01-01_9E_5389,40,45,G162,0.2741,27.4%,1.1,0.3,1164,19:24,1165,19:25,1141,19:01,-23.0,Sớm 23p ⚡,1149,19:09,1375,22:55,226,[19:09 ➔ 22:55],False,234,Hạ cánh sớm hơn đệm (8p)
flight_key_v1_927e922f132cd930a14312b7d39b87cd,DL,1284,DL 1284,DEP,ATL,IAH,NARROWBODY,TURN_0497,PAIRED_TURN,SIM_AC_0497,2024-01-01_DL_2378,40,45,G126,0.2316,23.2%,6.1,1.42,1165,19:25,1174,19:34,1159,19:19,-6.0,Sớm 6p ⚡,1032,17:12,1180,19:40,148,[17:12 ➔ 19:40],True,21,An toàn tuyệt đối (Được bảo vệ)
flight_key_v1_53683209b2f5e044e41eb0850282b18d,DL,2881,DL 2881,DEP,ATL,MCO,NARROWBODY,TURN_0495,PAIRED_TURN,SIM_AC_0495,2024-01-01_DL_759,40,45,G115,0.2342,23.4%,7.5,1.75,1165,19:25,1176,19:36,1172,19:32,7.0,Trễ 7p ⏳,1029,17:09,1180,19:40,151,[17:09 ➔ 19:40],True,8,An toàn tuyệt đối (Được bảo vệ)
flight_key_v1_7e0b20eda2941ed6e2bbd7aac26ef19f,DL,660,DL 660,DEP,ATL,SLC,NARROWBODY,TURN_0498,PAIRED_TURN,SIM_AC_0498,2024-01-01_DL_1682,40,45,G63,0.2829,28.3%,6.3,1.79,1167,19:27,1177,19:37,1176,19:36,9.0,Trễ 9p ⏳,1032,17:12,1182,19:42,150,[17:12 ➔ 19:42],True,6,An toàn tuyệt đối (Được bảo vệ)
flight_key_v1_8cb76d7da3d1b12632175aeadfbbf3ad,UA,1259,UA 1259,DEP,ATL,SFO,NARROWBODY,TURN_0513,PAIRED_TURN,SIM_AC_0513,2024-01-01_UA_2290,40,45,G157,0.4324,43.2%,12.6,5.43,1168,19:28,1186,19:46,1164,19:24,-4.0,Sớm 4p ⚡,1059,17:39,1185,19:45,126,[17:39 ➔ 19:45],True,21,An toàn tuyệt đối (Được bảo vệ)
flight_key_v1_f4c93ed4713074a8fe3c17356019db51,WN,498,WN 498,ARR,BWI,ATL,NARROWBODY,TURN_0059,PAIRED_TURN,SIM_AC_0059,2024-01-01_WN_498,40,45,G155,0.5264,52.6%,5.0,2.62,1170,19:30,1174,19:34,1174,19:34,4.0,Trễ 4p ⏳,1157,19:17,1227,20:27,70,[19:17 ➔ 20:27],True,53,An toàn tuyệt đối (Được bảo vệ)
flight_key_v1_dc5ec70471f478b4cd550551cad24c58,DL,727,DL 727,DEP,ATL,SEA,NARROWBODY,TURN_0499,PAIRED_TURN,SIM_AC_0499,2024-01-01_DL_558,40,45,G103,0.2469,24.7%,6.6,1.63,1170,19:30,1180,19:40,1164,19:24,-6.0,Sớm 6p ⚡,1034,17:14,1185,19:45,151,[17:14 ➔ 19:45],True,21,An toàn tuyệt đối (Được bảo vệ)
flight_key_v1_5a46e765818a9c2cb5f0ccc7bb00e00a,DL,1671,DL 1671,ARR,BHM,ATL,NARROWBODY,TURN_0583,PAIRED_TURN,SIM_AC_0583,2024-01-01_DL_1671,40,45,G156,0.2237,22.4%,0.8,0.18,1170,19:30,1170,19:30,1146,19:06,-24.0,Sớm 24p ⚡,1155,19:15,1351,22:31,196,[19:15 ➔ 22:31],False,205,Hạ cánh sớm hơn đệm (9p)
flight_key_v1_0391fc0c973f02dc7c56c0055ecb5d88,WN,2876,WN 2876,DEP,ATL,SDF,NARROWBODY,TURN_0041,PAIRED_TURN,SIM_AC_0041,2024-01-01_WN_2876,40,45,G67,0.4889,48.9%,9.9,4.86,1170,19:30,1186,19:46,1199,19:59,29.0,Trễ 29p ⏳,1097,18:17,1187,19:47,90,[18:17 ➔ 19:47],False,-12,Trễ vượt đệm an toàn (+12p)
flight_key_v1_5843316ef8f52b900eb41df9761d7d61,DL,32,DL 32,ARR,DFW,ATL,NARROWBODY,TURN_0584,PAIRED_TURN,SIM_AC_0584,2024-01-01_DL_32,40,45,G64,0.3675,36.8%,3.0,1.11,1171,19:31,1174,19:34,1156,19:16,-15.0,Sớm 15p ⚡,1157,19:17,1361,22:41,204,[19:17 ➔ 22:41],False,205,Hạ cánh sớm hơn đệm (1p)
flight_key_v1_1582eff0d547d4986da985a5d4efe4f0,AA,1237,AA 1237,DEP,ATL,MIA,NARROWBODY,TURN_0002,PAIRED_TURN,SIM_AC_0002,2024-01-01_AA_1237,75,45,G12,0.4346,43.5%,8.0,3.48,1172,19:32,1187,19:47,1167,19:27,-5.0,Sớm 5p ⚡,998,16:38,1188,19:48,190,[16:38 ➔ 19:48],True,21,An toàn tuyệt đối (Được bảo vệ)
flight_key_v1_cf4271bd22402e3c825a6c765ff4379b,YX,4375,YX 4375,ARR,DCA,ATL,NARROWBODY,TURN_0068,PAIRED_TURN,SIM_AC_0068,2024-01-01_YX_4375,40,45,G131,0.2754,27.5%,0.8,0.23,1172,19:32,1172,19:32,1142,19:02,-30.0,Sớm 30p ⚡,1157,19:17,1243,20:43,86,[19:17 ➔ 20:43],False,101,Hạ cánh sớm hơn đệm (15p)
flight_key_v1_5e00858428e0a5adc3dcea2548b11762,YX,3514,YX 3514,DEP,ATL,IAD,NARROWBODY,TURN_0560,PAIRED_TURN,SIM_AC_0560,2024-01-01_YX_3532,40,45,G148,0.394,39.4%,6.2,2.45,1173,19:33,1185,19:45,1164,19:24,-9.0,Sớm 9p ⚡,1114,18:34,1188,19:48,74,[18:34 ➔ 19:48],True,24,An toàn tuyệt đối (Được bảo vệ)
flight_key_v1_2b923856069ca8cb7b2296a90e4e6d8f,F9,2297,F9 2297,ARR,PHL,ATL,NARROWBODY,TURN_0585,PAIRED_TURN,SIM_AC_0585,2024-01-01_F9_2297,40,45,G66,0.4869,48.7%,3.7,1.82,1174,19:34,1177,19:37,1166,19:26,-8.0,Sớm 8p ⚡,1160,19:20,1275,21:15,115,[19:20 ➔ 21:15],True,109,An toàn tuyệt đối (Được bảo vệ)
flight_key_v1_b38b5a6e793343086904cccc64a23f04,OO,3891,OO 3891,DEP,ATL,SBN,NARROWBODY,TURN_0432,PAIRED_TURN,SIM_AC_0432,2024-01-01_OO_3715,40,45,G105,0.3263,32.6%,6.5,2.1,1174,19:34,1185,19:45,1172,19:32,-2.0,Sớm 2p ⚡,931,15:31,1190,19:50,259,[15:31 ➔ 19:50],True,18,An toàn tuyệt đối (Được bảo vệ)
flight_key_v1_289c73fee32255ce3a106dd3c9007f17,WN,310,WN 310,DEP,ATL,HOU,NARROWBODY,TURN_0563,PAIRED_TURN,SIM_AC_0563,2024-01-01_WN_2789,40,45,G136,0.4788,47.9%,10.8,5.15,1175,19:35,1192,19:52,1220,20:20,45.0,Trễ 45p ⏳,1121,18:41,1191,19:51,70,[18:41 ➔ 19:51],False,-29,Trễ vượt đệm an toàn (+29p)
flight_key_v1_ea7562073a8138bd319094191d965e55,DL,488,DL 488,ARR,LAX,ATL,NARROWBODY,TURN_0586,PAIRED_TURN,SIM_AC_0586,2024-01-01_DL_488,40,45,G56,0.3138,31.4%,2.1,0.67,1175,19:35,1177,19:37,1165,19:25,-10.0,Sớm 10p ⚡,1160,19:20,1360,22:40,200,[19:20 ➔ 22:40],True,195,An toàn tuyệt đối (Được bảo vệ)
flight_key_v1_a558d17f8864f063fc4a1c8716918760,WN,2269,WN 2269,DEP,ATL,MCI,NARROWBODY,TURN_0032,PAIRED_TURN,SIM_AC_0032,2024-01-01_WN_2269,40,45,G93,0.4914,49.1%,10.2,5.01,1175,19:35,1192,19:52,1184,19:44,9.0,Trễ 9p ⏳,1111,18:31,1191,19:51,80,[18:31 ➔ 19:51],True,7,An toàn tuyệt đối (Được bảo vệ)
flight_key_v1_30d10a508c2b1cfd88e4274e6e679825,WN,2711,WN 2711,DEP,ATL,SAT,NARROWBODY,TURN_0038,PAIRED_TURN,SIM_AC_0038,2024-01-01_WN_2711,40,45,G135,0.3928,39.3%,10.3,4.03,1175,19:35,1191,19:51,1183,19:43,8.0,Trễ 8p ⏳,1116,18:36,1191,19:51,75,[18:36 ➔ 19:51],True,8,An toàn tuyệt đối (Được bảo vệ)
flight_key_v1_7300dca5d6635314bc7f2c7b65f4681c,9E,5215,9E 5215,DEP,ATL,MLU,NARROWBODY,TURN_0462,PAIRED_TURN,SIM_AC_0462,2024-01-01_9E_5014,40,45,G60,0.2352,23.5%,6.0,1.42,1175,19:35,1185,19:45,1163,19:23,-12.0,Sớm 12p ⚡,987,16:27,1190,19:50,203,[16:27 ➔ 19:50],True,27,An toàn tuyệt đối (Được bảo vệ)
flight_key_v1_80525636dd9665f2fdb210e6b4cccb82,9E,5271,9E 5271,DEP,ATL,ABE,NARROWBODY,TURN_0466,PAIRED_TURN,SIM_AC_0466,2024-01-01_9E_5195,40,45,G90,0.3095,30.9%,6.0,1.87,1175,19:35,1186,19:46,1168,19:28,-7.0,Sớm 7p ⚡,994,16:34,1190,19:50,196,[16:34 ➔ 19:50],True,22,An toàn tuyệt đối (Được bảo vệ)
flight_key_v1_6c9a730d56cefb68b045e8c71c840a2e,DL,2993,DL 2993,ARR,MSP,ATL,NARROWBODY,TURN_0587,PAIRED_TURN,SIM_AC_0587,2024-01-01_DL_2993,40,45,G120,0.2759,27.6%,1.2,0.34,1178,19:38,1179,19:39,1158,19:18,-20.0,Sớm 20p ⚡,1163,19:23,1360,22:40,197,[19:23 ➔ 22:40],False,202,Hạ cánh sớm hơn đệm (5p)
flight_key_v1_ea5495678074c1c5de55081f685288ef,DL,378,DL 378,DEP,ATL,DCA,NARROWBODY,TURN_0500,PAIRED_TURN,SIM_AC_0500,2024-01-01_DL_2567,40,45,G106,0.2713,27.1%,6.2,1.67,1180,19:40,1190,19:50,1191,19:51,11.0,Trễ 11p ⏳,1034,17:14,1195,19:55,161,[17:14 ➔ 19:55],True,4,An toàn tuyệt đối (Được bảo vệ)
flight_key_v1_5245ee0fd915bd55b342eca10ce79bd3,WN,785,WN 785,DEP,ATL,BNA,NARROWBODY,TURN_0065,PAIRED_TURN,SIM_AC_0065,2024-01-01_WN_785,40,45,G33,0.4692,46.9%,9.9,4.66,1180,19:40,1196,19:56,1195,19:55,15.0,Trễ 15p ⏳,1117,18:37,1197,19:57,80,[18:37 ➔ 19:57],True,2,An toàn tuyệt đối (Được bảo vệ)
flight_key_v1_d0c3c97158f4399cafd253acffc50b37,WN,2316,WN 2316,DEP,ATL,IND,NARROWBODY,TURN_0564,PAIRED_TURN,SIM_AC_0564,2024-01-01_WN_1218,40,45,G06,0.3627,36.3%,9.9,3.61,1180,19:40,1194,19:54,1204,20:04,24.0,Trễ 24p ⏳,1121,18:41,1196,19:56,75,[18:41 ➔ 19:56],False,-8,Trễ vượt đệm an toàn (+8p)
flight_key_v1_b50dc1309aa17bef5672d54411f43b00,WN,2381,WN 2381,DEP,ATL,JAN,NARROWBODY,TURN_0034,PAIRED_TURN,SIM_AC_0034,2024-01-01_WN_2381,75,45,G47,0.4322,43.2%,9.9,4.3,1180,19:40,1219,20:19,1206,20:06,26.0,Trễ 26p ⏳,1121,18:41,1196,19:56,75,[18:41 ➔ 19:56],False,-10,Trễ vượt đệm an toàn (+10p)
flight_key_v1_702dedecded3bad2c029492cfd6aad6e,WN,2527,WN 2527,DEP,ATL,BWI,WIDEBODY,TURN_0472,PAIRED_TURN,SIM_AC_0472,2024-01-01_WN_1970,75,60,G21,0.4549,45.5%,10.2,4.64,1180,19:40,1197,19:57,1203,20:03,23.0,Trễ 23p ⏳,1002,16:42,1197,19:57,195,[16:42 ➔ 19:57],False,-6,Trễ vượt đệm an toàn (+6p)
flight_key_v1_c9a078b0ec7d822352b5c732ebc973ee,WN,3108,WN 3108,DEP,ATL,MEM,NARROWBODY,TURN_0045,PAIRED_TURN,SIM_AC_0045,2024-01-01_WN_3108,75,45,G133,0.46,46.0%,9.9,4.57,1180,19:40,1220,20:20,1209,20:09,29.0,Trễ 29p ⏳,1121,18:41,1196,19:56,75,[18:41 ➔ 19:56],False,-13,Trễ vượt đệm an toàn (+13p)
flight_key_v1_0fe5a4febbed77fe9dc74f3440994a30,DL,884,DL 884,ARR,SFO,ATL,NARROWBODY,TURN_0588,PAIRED_TURN,SIM_AC_0588,2024-01-01_DL_884,40,45,G78,0.3313,33.1%,1.4,0.47,1184,19:44,1185,19:45,1158,19:18,-26.0,Sớm 26p ⚡,1169,19:29,1360,22:40,191,[19:29 ➔ 22:40],False,202,Hạ cánh sớm hơn đệm (11p)
flight_key_v1_ff6300d0c4a86361a648bda9b84934af,WN,367,WN 367,ARR,STL,ATL,WIDEBODY,TURN_0688,UNMATCHED_ARR,SIM_AC_0688,2024-01-01_WN_367,75,60,G92,0.4857,48.6%,3.7,1.82,1185,19:45,1188,19:48,1206,20:06,21.0,Trễ 21p ⏳,1171,19:31,1276,21:16,105,[19:31 ➔ 21:16],True,70,An toàn tuyệt đối (Được bảo vệ)
flight_key_v1_9ad0a631d4f18d787187dd3a9bd3862a,DL,1076,DL 1076,DEP,ATL,MDW,NARROWBODY,TURN_0501,PAIRED_TURN,SIM_AC_0501,2024-01-01_DL_454,40,45,G118,0.3095,30.9%,7.2,2.22,1185,19:45,1197,19:57,1174,19:34,-11.0,Sớm 11p ⚡,1035,17:15,1200,20:00,165,[17:15 ➔ 20:00],True,26,An toàn tuyệt đối (Được bảo vệ)
flight_key_v1_aec93047e9a3a410e97617f9959d161e,WN,2588,WN 2588,DEP,ATL,PIT,NARROWBODY,TURN_0037,PAIRED_TURN,SIM_AC_0037,2024-01-01_WN_2588,40,45,G174,0.416,41.6%,14.2,5.89,1185,19:45,1205,20:05,1199,19:59,14.0,Trễ 14p ⏳,1121,18:41,1201,20:01,80,[18:41 ➔ 20:01],True,2,An toàn tuyệt đối (Được bảo vệ)
flight_key_v1_9a42d0995e2461f5b856c05fe0db92a1,WN,3035,WN 3035,DEP,ATL,MKE,NARROWBODY,TURN_0044,PAIRED_TURN,SIM_AC_0044,2024-01-01_WN_3035,40,45,G54,0.4929,49.3%,11.1,5.46,1185,19:45,1203,20:03,1193,19:53,8.0,Trễ 8p ⏳,1131,18:51,1201,20:01,70,[18:51 ➔ 20:01],True,8,An toàn tuyệt đối (Được bảo vệ)
flight_key_v1_1c6d77d3784c6b821ce8f092e48dc05a,9E,5076,9E 5076,ARR,LIT,ATL,WIDEBODY,TURN_0689,UNMATCHED_ARR,SIM_AC_0689,2024-01-01_9E_5076,75,60,G14,0.2181,21.8%,0.8,0.18,1185,19:45,1185,19:45,1164,19:24,-21.0,Sớm 21p ⚡,1170,19:30,1275,21:15,105,[19:30 ➔ 21:15],False,111,Hạ cánh sớm hơn đệm (6p)
flight_key_v1_43b851ed551554bd6ba20723f4c74b70,NK,963,NK 963,DEP,ATL,IAH,WIDEBODY,TURN_0843,UNMATCHED_DEP,SIM_AC_0843,2024-01-01_NK_963,75,60,G09,0.3117,31.2%,16.5,5.16,1186,19:46,1207,20:07,1186,19:46,0.0,Đúng giờ ✓,1116,18:36,1206,20:06,90,[18:36 ➔ 20:06],True,20,An toàn tuyệt đối (Được bảo vệ)
flight_key_v1_c7b368adfc3d73b2d5e63f98f51e98d7,DL,2418,DL 2418,ARR,MEM,ATL,NARROWBODY,TURN_0589,PAIRED_TURN,SIM_AC_0589,2024-01-01_DL_2418,40,45,G86,0.2316,23.2%,0.8,0.19,1186,19:46,1186,19:46,1160,19:20,-26.0,Sớm 26p ⚡,1171,19:31,1360,22:40,189,[19:31 ➔ 22:40],False,200,Hạ cánh sớm hơn đệm (11p)
flight_key_v1_f5a8003816d54354b6a9f221bb368d54,DL,938,DL 938,ARR,LGA,ATL,WIDEBODY,TURN_0590,PAIRED_TURN,SIM_AC_0590,2024-01-01_DL_938,75,60,G81,0.3255,32.6%,1.1,0.35,1187,19:47,1188,19:48,1152,19:12,-35.0,Sớm 35p ⚡,1172,19:32,1380,23:00,208,[19:32 ➔ 23:00],False,228,Hạ cánh sớm hơn đệm (20p)
flight_key_v1_f571cc030645ebaeb52aa99d638c0cb7,DL,966,DL 966,DEP,ATL,LAS,WIDEBODY,TURN_0480,PAIRED_TURN,SIM_AC_0480,2024-01-01_DL_573,75,60,G11,0.3405,34.1%,7.6,2.6,1189,19:49,1201,20:01,1182,19:42,-7.0,Sớm 7p ⚡,1011,16:51,1206,20:06,195,[16:51 ➔ 20:06],True,24,An toàn tuyệt đối (Được bảo vệ)
flight_key_v1_7315a4b163eef6da2cf9b24b40ec265a,WN,1141,WN 1141,DEP,ATL,AUS,NARROWBODY,TURN_0567,PAIRED_TURN,SIM_AC_0567,2024-01-01_WN_2242,40,45,G98,0.4619,46.2%,10.7,4.93,1190,19:50,1207,20:07,1197,19:57,7.0,Trễ 7p ⏳,1126,18:46,1206,20:06,80,[18:46 ➔ 20:06],True,9,An toàn tuyệt đối (Được bảo vệ)
flight_key_v1_87eb4332f4acb1b8885c750b88808103,DL,796,DL 796,ARR,PHX,ATL,NARROWBODY,TURN_0591,PAIRED_TURN,SIM_AC_0591,2024-01-01_DL_796,40,45,G16,0.2373,23.7%,1.3,0.32,1191,19:51,1192,19:52,1200,20:00,9.0,Trễ 9p ⏳,1176,19:36,1360,22:40,184,[19:36 ➔ 22:40],True,160,An toàn tuyệt đối (Được bảo vệ)
flight_key_v1_fedfb92bb7e4d9ab89ecc4ec8cabccca,DL,1334,DL 1334,ARR,RDU,ATL,NARROWBODY,TURN_0592,PAIRED_TURN,SIM_AC_0592,2024-01-01_DL_1334,40,45,G150,0.2738,27.4%,0.8,0.22,1191,19:51,1191,19:51,1178,19:38,-13.0,Sớm 13p ⚡,1176,19:36,1364,22:44,188,[19:36 ➔ 22:44],True,186,An toàn tuyệt đối (Được bảo vệ)
flight_key_v1_c9f3f24d59ae08fdefcc3104aa52194d,DL,414,DL 414,DEP,ATL,PHX,NARROWBODY,TURN_0504,PAIRED_TURN,SIM_AC_0504,2024-01-01_DL_2434,40,45,G84,0.3386,33.9%,6.5,2.2,1194,19:54,1205,20:05,1187,19:47,-7.0,Sớm 7p ⚡,1041,17:21,1209,20:09,168,[17:21 ➔ 20:09],True,22,An toàn tuyệt đối (Được bảo vệ)
flight_key_v1_b538568c8524532ef959c43c09ed957b,DL,1507,DL 1507,DEP,ATL,COS,WIDEBODY,TURN_0483,PAIRED_TURN,SIM_AC_0483,2024-01-01_DL_1331,75,60,G50,0.2316,23.2%,6.3,1.47,1194,19:54,1203,20:03,1185,19:45,-9.0,Sớm 9p ⚡,1010,16:50,1209,20:09,199,[16:50 ➔ 20:09],True,24,An toàn tuyệt đối (Được bảo vệ)
flight_key_v1_7b2bdea07a00a1df5a2bee7103133e91,DL,2914,DL 2914,DEP,ATL,RSW,NARROWBODY,TURN_0503,PAIRED_TURN,SIM_AC_0503,2024-01-01_DL_2032,40,45,G80,0.242,24.2%,6.4,1.55,1194,19:54,1204,20:04,1188,19:48,-6.0,Sớm 6p ⚡,1041,17:21,1209,20:09,168,[17:21 ➔ 20:09],True,21,An toàn tuyệt đối (Được bảo vệ)
flight_key_v1_1c1bccfb55a290bdb45d351bedee7fd5,DL,888,DL 888,DEP,ATL,PDX,WIDEBODY,TURN_0523,PAIRED_TURN,SIM_AC_0523,2024-01-01_DL_1720,75,60,G52,0.2515,25.1%,6.2,1.55,1195,19:55,1205,20:05,1203,20:03,8.0,Trễ 8p ⏳,1073,17:53,1210,20:10,137,[17:53 ➔ 20:10],True,7,An toàn tuyệt đối (Được bảo vệ)
flight_key_v1_cef0e7926a2256b1bfe01901cc83cd04,DL,1457,DL 1457,DEP,ATL,TPA,WIDEBODY,TURN_0525,PAIRED_TURN,SIM_AC_0525,2024-01-01_DL_2186,75,60,G139,0.2318,23.2%,7.2,1.66,1195,19:55,1205,20:05,1186,19:46,-9.0,Sớm 9p ⚡,1076,17:56,1210,20:10,134,[17:56 ➔ 20:10],True,24,An toàn tuyệt đối (Được bảo vệ)
flight_key_v1_4bdd5c872ed0a4a7e027e9ce71a0f38c,DL,1518,DL 1518,DEP,ATL,RDU,NARROWBODY,TURN_0505,PAIRED_TURN,SIM_AC_0505,2024-01-01_DL_1605,40,45,G22,0.321,32.1%,6.6,2.11,1195,19:55,1206,20:06,1181,19:41,-14.0,Sớm 14p ⚡,1042,17:22,1210,20:10,168,[17:22 ➔ 20:10],True,29,An toàn tuyệt đối (Được bảo vệ)
flight_key_v1_d47eee12f5a9c269237788079148fe39,DL,1606,DL 1606,DEP,ATL,PBI,NARROWBODY,TURN_0507,PAIRED_TURN,SIM_AC_0507,2024-01-01_DL_733,40,45,G168,0.2384,23.8%,7.0,1.67,1195,19:55,1206,20:06,1193,19:53,-2.0,Sớm 2p ⚡,1045,17:25,1210,20:10,165,[17:25 ➔ 20:10],True,17,An toàn tuyệt đối (Được bảo vệ)
flight_key_v1_5aa4505a76ce4d2d26ba559417448963,WN,2271,WN 2271,DEP,ATL,STL,NARROWBODY,TURN_0844,UNMATCHED_DEP,SIM_AC_0844,2024-01-01_WN_2271,40,45,G20,0.2924,29.2%,10.2,2.98,1195,19:55,1209,20:09,1195,19:55,0.0,Đúng giờ ✓,1137,18:57,1212,20:12,75,[18:57 ➔ 20:12],True,17,An toàn tuyệt đối (Được bảo vệ)
flight_key_v1_bb6f0f3257c4960be96b8fd0ee4ab6d4,DL,1110,DL 1110,ARR,RSW,ATL,NARROWBODY,TURN_0593,PAIRED_TURN,SIM_AC_0593,2024-01-01_DL_1110,40,45,G35,0.2247,22.5%,0.8,0.18,1196,19:56,1196,19:56,1176,19:36,-20.0,Sớm 20p ⚡,1181,19:41,1364,22:44,183,[19:41 ➔ 22:44],False,188,Hạ cánh sớm hơn đệm (5p)
flight_key_v1_3675d495538d6f6f9d401b7c0b13c26b,DL,1489,DL 1489,DEP,ATL,FLL,NARROWBODY,TURN_0508,PAIRED_TURN,SIM_AC_0508,2024-01-01_DL_2799,40,45,G68,0.2582,25.8%,7.1,1.84,1196,19:56,1207,20:07,1182,19:42,-14.0,Sớm 14p ⚡,1045,17:25,1211,20:11,166,[17:25 ➔ 20:11],True,29,An toàn tuyệt đối (Được bảo vệ)
flight_key_v1_8a6a0babde70930574af74e3c95f02fa,DL,945,DL 945,ARR,LAS,ATL,NARROWBODY,TURN_0594,PAIRED_TURN,SIM_AC_0594,2024-01-01_DL_945,40,45,G85,0.3177,31.8%,2.3,0.74,1197,19:57,1199,19:59,1196,19:56,-1.0,Sớm 1p ⚡,1182,19:42,1364,22:44,182,[19:42 ➔ 22:44],True,168,An toàn tuyệt đối (Được bảo vệ)
flight_key_v1_f612d7d9f799ed66daa4a427af7f17c5,NK,1440,NK 1440,ARR,MSY,ATL,NARROWBODY,TURN_0595,PAIRED_TURN,SIM_AC_0595,2024-01-01_NK_1440,40,45,G169,0.4051,40.5%,4.3,1.75,1198,19:58,1202,20:02,1179,19:39,-19.0,Sớm 19p ⚡,1184,19:44,1311,21:51,127,[19:44 ➔ 21:51],False,132,Hạ cánh sớm hơn đệm (5p)
flight_key_v1_7b09a6c2a6a0fe756df99d2e4e3be488,DL,787,DL 787,ARR,GEG,ATL,NARROWBODY,TURN_0597,PAIRED_TURN,SIM_AC_0597,2024-01-01_DL_787,40,45,G134,0.2337,23.4%,1.0,0.23,1199,19:59,1199,19:59,1214,20:14,15.0,Trễ 15p ⏳,1184,19:44,1365,22:45,181,[19:44 ➔ 22:45],True,151,An toàn tuyệt đối (Được bảo vệ)
flight_key_v1_02fd264aa103259e448ce6eeda657deb,DL,1029,DL 1029,ARR,MTJ,ATL,NARROWBODY,TURN_0596,PAIRED_TURN,SIM_AC_0596,2024-01-01_DL_1029,40,45,G144,0.2936,29.4%,3.0,0.89,1199,19:59,1202,20:02,1190,19:50,-9.0,Sớm 9p ⚡,1184,19:44,1365,22:45,181,[19:44 ➔ 22:45],True,175,An toàn tuyệt đối (Được bảo vệ)
flight_key_v1_b1aa75022c5d54070c7790ce56a6c3a7,DL,1347,DL 1347,ARR,SAT,ATL,NARROWBODY,TURN_0598,PAIRED_TURN,SIM_AC_0598,2024-01-01_DL_1347,40,45,G83,0.2352,23.5%,0.8,0.19,1199,19:59,1199,19:59,1170,19:30,-29.0,Sớm 29p ⚡,1184,19:44,1365,22:45,181,[19:44 ➔ 22:45],False,195,Hạ cánh sớm hơn đệm (14p)
flight_key_v1_bbf77ec8e3d50fcd474137f4d9c3ba88,NK,1361,NK 1361,DEP,ATL,LAS,NARROWBODY,TURN_0520,PAIRED_TURN,SIM_AC_0520,2024-01-01_NK_2062,40,45,G117,0.4243,42.4%,17.8,7.55,1200,20:00,1223,20:23,1209,20:09,9.0,Trễ 9p ⏳,1071,17:51,1217,20:17,146,[17:51 ➔ 20:17],True,8,An toàn tuyệt đối (Được bảo vệ)
flight_key_v1_21d74905e710e2b354649ba74e0440e9,WN,2378,WN 2378,ARR,PIT,ATL,NARROWBODY,TURN_0599,PAIRED_TURN,SIM_AC_0599,2024-01-01_WN_2378,40,45,G03,0.4142,41.4%,3.7,1.55,1200,20:00,1203,20:03,1196,19:56,-4.0,Sớm 4p ⚡,1186,19:46,1281,21:21,95,[19:46 ➔ 21:21],True,85,An toàn tuyệt đối (Được bảo vệ)
flight_key_v1_4e87ff52e2457f57b9dbd0d267ff4ebb,OO,3691,OO 3691,DEP,ATL,ABY,NARROWBODY,TURN_0454,PAIRED_TURN,SIM_AC_0454,2024-01-01_OO_3935,40,45,G119,0.3991,39.9%,5.6,2.25,1200,20:00,1211,20:11,1184,19:44,-16.0,Sớm 16p ⚡,983,16:23,1216,20:16,233,[16:23 ➔ 20:16],True,32,An toàn tuyệt đối (Được bảo vệ)
flight_key_v1_ae25bb70c37d848f7246689160428ead,OO,3706,OO 3706,DEP,ATL,BQK,WIDEBODY,TURN_0845,UNMATCHED_DEP,SIM_AC_0845,2024-01-01_OO_3706,75,60,G164,0.2316,23.2%,5.6,1.31,1200,20:00,1208,20:08,1193,19:53,-7.0,Sớm 7p ⚡,1126,18:46,1216,20:16,90,[18:46 ➔ 20:16],True,23,An toàn tuyệt đối (Được bảo vệ)
flight_key_v1_216a3c926193716093460a50cbf032d5,9E,5004,9E 5004,DEP,ATL,AEX,NARROWBODY,TURN_0471,PAIRED_TURN,SIM_AC_0471,2024-01-01_9E_5003,40,45,G160,0.2396,24.0%,6.0,1.45,1200,20:00,1210,20:10,1191,19:51,-9.0,Sớm 9p ⚡,999,16:39,1215,20:15,216,[16:39 ➔ 20:15],True,24,An toàn tuyệt đối (Được bảo vệ)
flight_key_v1_8cf5e8172b4cf82df0e9f1324f1cd7f3,F9,3975,F9 3975,ARR,MCO,ATL,NARROWBODY,TURN_0600,PAIRED_TURN,SIM_AC_0600,2024-01-01_F9_3975,40,45,G71,0.6502,65.0%,6.2,4.06,1201,20:01,1207,20:07,1414,23:34,213.0,Trễ 213p ⏳,1190,19:50,1294,21:34,104,[19:50 ➔ 21:34],False,-120,Trễ vượt đệm an toàn (+120p)
flight_key_v1_62f995c57758da33a54160c8fc3cc573,DL,988,DL 988,ARR,TPA,ATL,WIDEBODY,TURN_0601,PAIRED_TURN,SIM_AC_0601,2024-01-01_DL_988,75,60,G43,0.2469,24.7%,1.8,0.45,1202,20:02,1203,20:03,1189,19:49,-13.0,Sớm 13p ⚡,1187,19:47,1380,23:00,193,[19:47 ➔ 23:00],True,191,An toàn tuyệt đối (Được bảo vệ)
flight_key_v1_cfcec5bb8e9eeba8825bb872fd6016a9,9E,5101,9E 5101,DEP,ATL,MSN,NARROWBODY,TURN_0477,PAIRED_TURN,SIM_AC_0477,2024-01-01_9E_4910,40,45,G27,0.2352,23.5%,7.1,1.67,1205,20:05,1216,20:16,1206,20:06,1.0,Trễ 1p ⏳,1007,16:47,1220,20:20,213,[16:47 ➔ 20:20],True,14,An toàn tuyệt đối (Được bảo vệ)
flight_key_v1_f1aaee4e8642d031ebbb1abd9ce7cbdb,9E,5443,9E 5443,DEP,ATL,VLD,NARROWBODY,TURN_0482,PAIRED_TURN,SIM_AC_0482,2024-01-01_9E_5225,40,45,G91,0.2806,28.1%,5.8,1.61,1207,20:07,1216,20:16,1272,21:12,-9.0,Sớm 9p ⚡,1010,16:50,1222,20:22,212,[16:50 ➔ 20:22],False,-50,Trễ vượt đệm an toàn (+50p)
flight_key_v1_581e3357515f139b383166b8c1b873f3,9E,4958,9E 4958,ARR,MLI,ATL,NARROWBODY,TURN_0690,UNMATCHED_ARR,SIM_AC_0690,2024-01-01_9E_4958,40,45,G153,0.3918,39.2%,1.5,0.59,1208,20:08,1209,20:09,1173,19:33,-35.0,Sớm 35p ⚡,1193,19:53,1263,21:03,70,[19:53 ➔ 21:03],False,90,Hạ cánh sớm hơn đệm (20p)
flight_key_v1_2ad48b057189418ac0e46bfa160bc6fb,DL,1128,DL 1128,ARR,BWI,ATL,NARROWBODY,TURN_0602,PAIRED_TURN,SIM_AC_0602,2024-01-01_DL_1128,40,45,G115,0.269,26.9%,2.2,0.6,1209,20:09,1211,20:11,1199,19:59,-10.0,Sớm 10p ⚡,1194,19:54,1365,22:45,171,[19:54 ➔ 22:45],True,166,An toàn tuyệt đối (Được bảo vệ)
flight_key_v1_a373c637c273c433ef1d27caff8950bc,DL,1386,DL 1386,ARR,MIA,ATL,NARROWBODY,TURN_0603,PAIRED_TURN,SIM_AC_0603,2024-01-01_DL_1386,40,45,G126,0.3242,32.4%,2.2,0.72,1209,20:09,1211,20:11,1266,21:06,57.0,Trễ 57p ⏳,1194,19:54,1366,22:46,172,[19:54 ➔ 22:46],True,100,An toàn tuyệt đối (Được bảo vệ)
flight_key_v1_f26769133907715ae7477bad7a307159,B6,2513,B6 2513,DEP,ATL,LGA,NARROWBODY,TURN_0444,PAIRED_TURN,SIM_AC_0444,2024-01-01_B6_1719,40,45,G132,0.5001,50.0%,15.8,7.92,1209,20:09,1232,20:32,1201,20:01,-8.0,Sớm 8p ⚡,974,16:14,1226,20:26,252,[16:14 ➔ 20:26],True,25,An toàn tuyệt đối (Được bảo vệ)
flight_key_v1_4bd6368592d420fb06e8158cfdc49d49,DL,331,DL 331,DEP,ATL,LAX,NARROWBODY,TURN_0509,PAIRED_TURN,SIM_AC_0509,2024-01-01_DL_1413,40,45,G25,0.2815,28.1%,8.4,2.36,1210,20:10,1222,20:22,1204,20:04,-6.0,Sớm 6p ⚡,1048,17:28,1225,20:25,177,[17:28 ➔ 20:25],True,21,An toàn tuyệt đối (Được bảo vệ)
flight_key_v1_ec65998a936adceeb9596000d50964e5,WN,498,WN 498,DEP,ATL,DAL,NARROWBODY,TURN_0059,PAIRED_TURN,SIM_AC_0059,2024-01-01_WN_498,40,45,G155,0.5264,52.6%,10.3,5.4,1210,20:10,1228,20:28,1219,20:19,9.0,Trễ 9p ⏳,1157,19:17,1227,20:27,70,[19:17 ➔ 20:27],True,8,An toàn tuyệt đối (Được bảo vệ)
flight_key_v1_95107326481940b722e2711f4b5dbb2c,DL,512,DL 512,ARR,BOS,ATL,NARROWBODY,TURN_0604,PAIRED_TURN,SIM_AC_0604,2024-01-01_DL_512,40,45,G106,0.3152,31.5%,2.2,0.7,1210,20:10,1212,20:12,1186,19:46,-24.0,Sớm 24p ⚡,1195,19:55,1368,22:48,173,[19:55 ➔ 22:48],False,182,Hạ cánh sớm hơn đệm (9p)
flight_key_v1_dd75e9483bfd849ac6b0d6afd0ebba26,DL,1251,DL 1251,DEP,ATL,TUS,NARROWBODY,TURN_0510,PAIRED_TURN,SIM_AC_0510,2024-01-01_DL_478,40,45,G116,0.2868,28.7%,6.3,1.8,1210,20:10,1220,20:20,1197,19:57,-13.0,Sớm 13p ⚡,1050,17:30,1225,20:25,175,[17:30 ➔ 20:25],True,28,An toàn tuyệt đối (Được bảo vệ)
flight_key_v1_be7584b4a3aa848428804fd461aa90c4,DL,1602,DL 1602,ARR,DEN,ATL,WIDEBODY,TURN_0605,PAIRED_TURN,SIM_AC_0605,2024-01-01_DL_1602,75,60,G121,0.4033,40.3%,3.0,1.22,1210,20:10,1213,20:13,1197,19:57,-13.0,Sớm 13p ⚡,1196,19:56,1381,23:01,185,[19:56 ➔ 23:01],True,184,An toàn tuyệt đối (Được bảo vệ)
flight_key_v1_1e737830c87c192944c152bc58f40bed,WN,2077,WN 2077,DEP,ATL,MDW,NARROWBODY,TURN_0846,UNMATCHED_DEP,SIM_AC_0846,2024-01-01_WN_2077,40,45,G61,0.3062,30.6%,11.1,3.39,1210,20:10,1226,20:26,1209,20:09,-1.0,Sớm 1p ⚡,1153,19:13,1228,20:28,75,[19:13 ➔ 20:28],True,19,An toàn tuyệt đối (Được bảo vệ)
flight_key_v1_2f91701e0085abea496b3c27133ada41,9E,5359,9E 5359,ARR,AGS,ATL,NARROWBODY,TURN_0691,UNMATCHED_ARR,SIM_AC_0691,2024-01-01_9E_5359,40,45,G142,0.2568,25.7%,2.3,0.58,1210,20:10,1212,20:12,1187,19:47,-23.0,Sớm 23p ⚡,1195,19:55,1265,21:05,70,[19:55 ➔ 21:05],False,78,Hạ cánh sớm hơn đệm (8p)
flight_key_v1_c13d0568fe731c43b2b552b8703f97cf,DL,904,DL 904,ARR,SMF,ATL,NARROWBODY,TURN_0607,PAIRED_TURN,SIM_AC_0607,2024-01-01_DL_904,40,45,G96,0.2406,24.1%,1.0,0.23,1212,20:12,1212,20:12,1206,20:06,-6.0,Sớm 6p ⚡,1197,19:57,1370,22:50,173,[19:57 ➔ 22:50],True,164,An toàn tuyệt đối (Được bảo vệ)
flight_key_v1_5413075a7a0dae8c000b1bd11602079b,DL,1742,DL 1742,ARR,MCO,ATL,NARROWBODY,TURN_0606,PAIRED_TURN,SIM_AC_0606,2024-01-01_DL_1742,40,45,G60,0.3032,30.3%,2.7,0.81,1212,20:12,1214,20:14,1263,21:03,51.0,Trễ 51p ⏳,1197,19:57,1369,22:49,172,[19:57 ➔ 22:49],True,106,An toàn tuyệt đối (Được bảo vệ)
flight_key_v1_c47abf9e05580a1951f59de27b157e68,DL,2053,DL 2053,ARR,DTW,ATL,NARROWBODY,TURN_0608,PAIRED_TURN,SIM_AC_0608,2024-01-01_DL_2053,40,45,G31,0.3513,35.1%,1.2,0.43,1213,20:13,1214,20:14,1180,19:40,-33.0,Sớm 33p ⚡,1198,19:58,1370,22:50,172,[19:58 ➔ 22:50],False,190,Hạ cánh sớm hơn đệm (18p)
flight_key_v1_c5191c7c4830a1c4b49db8c72ff3336c,DL,2479,DL 2479,ARR,ORD,ATL,NARROWBODY,TURN_0609,PAIRED_TURN,SIM_AC_0609,2024-01-01_DL_2479,40,45,G108,0.443,44.3%,3.0,1.34,1213,20:13,1216,20:16,1214,20:14,1.0,Trễ 1p ⏳,1199,19:59,1371,22:51,172,[19:59 ➔ 22:51],True,157,An toàn tuyệt đối (Được bảo vệ)
flight_key_v1_f5b4c076483b3eb5e5d35e6b190919b9,DL,1548,DL 1548,ARR,EYW,ATL,NARROWBODY,TURN_0610,PAIRED_TURN,SIM_AC_0610,2024-01-01_DL_1548,40,45,G90,0.3176,31.8%,1.1,0.35,1214,20:14,1215,20:15,1190,19:50,-24.0,Sớm 24p ⚡,1199,19:59,1370,22:50,171,[19:59 ➔ 22:50],False,180,Hạ cánh sớm hơn đệm (9p)
flight_key_v1_2139429ff4edff605cfeb7c4e1b0bf62,DL,809,DL 809,ARR,SJC,ATL,NARROWBODY,TURN_0611,PAIRED_TURN,SIM_AC_0611,2024-01-01_DL_809,40,45,G130,0.2307,23.1%,1.0,0.22,1215,20:15,1215,20:15,1212,20:12,-3.0,Sớm 3p ⚡,1200,20:00,1370,22:50,170,[20:00 ➔ 22:50],True,158,An toàn tuyệt đối (Được bảo vệ)
flight_key_v1_66caaca62495f9d2465890683e0fe271,DL,1362,DL 1362,ARR,EGE,ATL,NARROWBODY,TURN_0612,PAIRED_TURN,SIM_AC_0612,2024-01-01_DL_1362,40,45,G99,0.2463,24.6%,3.0,0.75,1215,20:15,1218,20:18,1204,20:04,-11.0,Sớm 11p ⚡,1200,20:00,1370,22:50,170,[20:00 ➔ 22:50],True,166,An toàn tuyệt đối (Được bảo vệ)
flight_key_v1_e8f629e5ad557cb7a5cdb3c04c027430,F9,2144,F9 2144,ARR,MDW,ATL,NARROWBODY,TURN_0613,PAIRED_TURN,SIM_AC_0613,2024-01-01_F9_2144,40,45,G57,0.5348,53.5%,6.0,3.23,1215,20:15,1221,20:21,1210,20:10,-5.0,Sớm 5p ⚡,1203,20:03,1310,21:50,107,[20:03 ➔ 21:50],True,100,An toàn tuyệt đối (Được bảo vệ)
flight_key_v1_7e6d8eb6ce501525510f667822a51e22,DL,2701,DL 2701,DEP,ATL,ILM,NARROWBODY,TURN_0511,PAIRED_TURN,SIM_AC_0511,2024-01-01_DL_995,40,45,G02,0.3493,34.9%,5.9,2.06,1215,20:15,1225,20:25,1207,20:07,-8.0,Sớm 8p ⚡,1050,17:30,1230,20:30,180,[17:30 ➔ 20:30],True,23,An toàn tuyệt đối (Được bảo vệ)
flight_key_v1_62f561ee51b2cc8b528e98a4a60abdd0,AA,2403,AA 2403,DEP,ATL,DFW,NARROWBODY,TURN_0559,PAIRED_TURN,SIM_AC_0559,2024-01-01_AA_2937,40,45,G59,0.4385,43.9%,8.1,3.57,1216,20:16,1231,20:31,1232,20:32,16.0,Trễ 16p ⏳,1114,18:34,1232,20:32,118,[18:34 ➔ 20:32],True,0,An toàn tuyệt đối (Được bảo vệ)
flight_key_v1_a98120c926264a61c73d979bec3db218,DL,874,DL 874,ARR,BOI,ATL,NARROWBODY,TURN_0614,PAIRED_TURN,SIM_AC_0614,2024-01-01_DL_874,40,45,G135,0.2915,29.1%,1.5,0.44,1218,20:18,1219,20:19,1211,20:11,-7.0,Sớm 7p ⚡,1203,20:03,1370,22:50,167,[20:03 ➔ 22:50],True,159,An toàn tuyệt đối (Được bảo vệ)
flight_key_v1_8f209f8d500b35e17529eae27d4cf321,DL,2191,DL 2191,ARR,MDW,ATL,NARROWBODY,TURN_0615,PAIRED_TURN,SIM_AC_0615,2024-01-01_DL_2191,40,45,G167,0.2626,26.3%,2.2,0.58,1219,20:19,1221,20:21,1196,19:56,-23.0,Sớm 23p ⚡,1204,20:04,1370,22:50,166,[20:04 ➔ 22:50],False,174,Hạ cánh sớm hơn đệm (8p)
flight_key_v1_8dee2aa840aad5f10a24431297cdb1ed,DL,2384,DL 2384,ARR,AUS,ATL,WIDEBODY,TURN_0692,UNMATCHED_ARR,SIM_AC_0692,2024-01-01_DL_2384,75,60,G70,0.2216,22.2%,0.8,0.18,1219,20:19,1219,20:19,1210,20:10,-9.0,Sớm 9p ⚡,1204,20:04,1309,21:49,105,[20:04 ➔ 21:49],True,99,An toàn tuyệt đối (Được bảo vệ)
flight_key_v1_a09e56e96c7c7f3969b779bc5a66279d,DL,329,DL 329,ARR,SNA,ATL,NARROWBODY,TURN_0618,PAIRED_TURN,SIM_AC_0618,2024-01-01_DL_329,40,45,G103,0.3078,30.8%,1.8,0.56,1220,20:20,1221,20:21,1207,20:07,-13.0,Sớm 13p ⚡,1205,20:05,1373,22:53,168,[20:05 ➔ 22:53],True,166,An toàn tuyệt đối (Được bảo vệ)
flight_key_v1_7d54b8af7135fbbfdf3f110c535287e8,DL,541,DL 541,ARR,ONT,ATL,WIDEBODY,TURN_0693,UNMATCHED_ARR,SIM_AC_0693,2024-01-01_DL_541,75,60,G165,0.2378,23.8%,0.9,0.21,1220,20:20,1220,20:20,1214,20:14,-6.0,Sớm 6p ⚡,1205,20:05,1310,21:50,105,[20:05 ➔ 21:50],True,96,An toàn tuyệt đối (Được bảo vệ)
flight_key_v1_4f49f11625ef6bb8c0ad2adfb75eff5f,WN,1637,WN 1637,ARR,CMH,ATL,NARROWBODY,TURN_0617,PAIRED_TURN,SIM_AC_0617,2024-01-01_WN_1637,40,45,G145,0.4095,40.9%,3.7,1.53,1220,20:20,1223,20:23,1207,20:07,-13.0,Sớm 13p ⚡,1206,20:06,1326,22:06,120,[20:06 ➔ 22:06],True,119,An toàn tuyệt đối (Được bảo vệ)
flight_key_v1_d62ee264d2516559b12377ed604e458d,DL,2044,DL 2044,ARR,FLL,ATL,NARROWBODY,TURN_0620,PAIRED_TURN,SIM_AC_0620,2024-01-01_DL_2044,40,45,G34,0.3044,30.4%,2.2,0.68,1220,20:20,1222,20:22,1277,21:17,57.0,Trễ 57p ⏳,1205,20:05,1378,22:58,173,[20:05 ➔ 22:58],True,101,An toàn tuyệt đối (Được bảo vệ)
flight_key_v1_d7833aab96dc35b6e258351a5823c56e,WN,2050,WN 2050,DEP,ATL,LGA,NARROWBODY,TURN_0026,PAIRED_TURN,SIM_AC_0026,2024-01-01_WN_2050,40,45,G53,0.4938,49.4%,10.2,5.03,1220,20:20,1237,20:37,1218,20:18,-2.0,Sớm 2p ⚡,1147,19:07,1237,20:37,90,[19:07 ➔ 20:37],True,19,An toàn tuyệt đối (Được bảo vệ)
flight_key_v1_63b68a4aef351ed5567d527aa4e44c63,WN,2194,WN 2194,ARR,MDW,ATL,NARROWBODY,TURN_0616,PAIRED_TURN,SIM_AC_0616,2024-01-01_WN_2194,40,45,G173,0.5268,52.7%,5.0,2.62,1220,20:20,1224,20:24,1222,20:22,2.0,Trễ 2p ⏳,1207,20:07,1322,22:02,115,[20:07 ➔ 22:02],True,100,An toàn tuyệt đối (Được bảo vệ)
flight_key_v1_9f2c29e1d57257e595a41ce7bca6a16a,DL,2340,DL 2340,ARR,MSY,ATL,NARROWBODY,TURN_0619,PAIRED_TURN,SIM_AC_0619,2024-01-01_DL_2340,40,45,G101,0.2558,25.6%,1.3,0.34,1220,20:20,1221,20:21,1212,20:12,-8.0,Sớm 8p ⚡,1205,20:05,1375,22:55,170,[20:05 ➔ 22:55],True,163,An toàn tuyệt đối (Được bảo vệ)
flight_key_v1_3cc06656ff30616dfba80f6cfb42ee09,9E,5204,9E 5204,DEP,ATL,ATW,NARROWBODY,TURN_0486,PAIRED_TURN,SIM_AC_0486,2024-01-01_9E_4953,40,45,G44,0.2494,24.9%,7.2,1.78,1220,20:20,1231,20:31,1209,20:09,-11.0,Sớm 11p ⚡,1014,16:54,1235,20:35,221,[16:54 ➔ 20:35],True,26,An toàn tuyệt đối (Được bảo vệ)
flight_key_v1_0f543b596ffdf9652e16feca490b1513,DL,493,DL 493,DEP,ATL,DEN,NARROWBODY,TURN_0512,PAIRED_TURN,SIM_AC_0512,2024-01-01_DL_1126,40,45,G166,0.2337,23.4%,6.7,1.57,1222,20:22,1232,20:32,1208,20:08,-14.0,Sớm 14p ⚡,1057,17:37,1237,20:37,180,[17:37 ➔ 20:37],True,29,An toàn tuyệt đối (Được bảo vệ)
flight_key_v1_188ac2bd7ee072d16bc7e90311f46f03,NK,2721,NK 2721,ARR,SJU,ATL,NARROWBODY,TURN_0621,PAIRED_TURN,SIM_AC_0621,2024-01-01_NK_2721,40,45,G54,0.4241,42.4%,6.0,2.55,1223,20:23,1229,20:29,1231,20:31,8.0,Trễ 8p ⏳,1210,20:10,1392,23:12,182,[20:10 ➔ 23:12],True,161,An toàn tuyệt đối (Được bảo vệ)
flight_key_v1_f1171143ead2fa9929ed58a649283a91,YX,4375,YX 4375,DEP,ATL,DCA,NARROWBODY,TURN_0068,PAIRED_TURN,SIM_AC_0068,2024-01-01_YX_4375,40,45,G131,0.2754,27.5%,6.2,1.72,1228,20:28,1238,20:38,1228,20:28,0.0,Đúng giờ ✓,1157,19:17,1243,20:43,86,[19:17 ➔ 20:43],True,15,An toàn tuyệt đối (Được bảo vệ)
flight_key_v1_b2722e4b46231bb5d9921e1b6ca0db51,NK,1893,NK 1893,DEP,ATL,FLL,NARROWBODY,TURN_0565,PAIRED_TURN,SIM_AC_0565,2024-01-01_NK_1220,40,45,G152,0.3889,38.9%,17.4,6.78,1229,20:29,1252,20:52,1234,20:34,5.0,Trễ 5p ⏳,1122,18:42,1245,20:45,123,[18:42 ➔ 20:45],True,11,An toàn tuyệt đối (Được bảo vệ)
flight_key_v1_a36cda993724500ccb33bea2ac732628,WN,367,WN 367,DEP,ATL,LAS,NARROWBODY,TURN_0847,UNMATCHED_DEP,SIM_AC_0847,2024-01-01_WN_367,40,45,G01,0.3082,30.8%,11.9,3.67,1230,20:30,1246,20:46,1256,20:56,26.0,Trễ 26p ⏳,1173,19:33,1248,20:48,75,[19:33 ➔ 20:48],False,-8,Trễ vượt đệm an toàn (+8p)
flight_key_v1_438ceb060e3b605d3f6ab5c71928cd94,DL,1254,DL 1254,ARR,HOU,ATL,NARROWBODY,TURN_0623,PAIRED_TURN,SIM_AC_0623,2024-01-01_DL_1254,40,45,G80,0.3216,32.2%,1.6,0.51,1234,20:34,1235,20:35,1211,20:11,-23.0,Sớm 23p ⚡,1219,20:19,1378,22:58,159,[20:19 ➔ 22:58],False,167,Hạ cánh sớm hơn đệm (8p)
flight_key_v1_14dbe33572384c9c973852060e85d29a,F9,3781,F9 3781,ARR,TPA,ATL,NARROWBODY,TURN_0622,PAIRED_TURN,SIM_AC_0622,2024-01-01_F9_3781,40,45,G10,0.5787,57.9%,6.5,3.78,1234,20:34,1240,20:40,1218,20:18,-16.0,Sớm 16p ⚡,1222,20:22,1332,22:12,110,[20:22 ➔ 22:12],False,114,Hạ cánh sớm hơn đệm (4p)
flight_key_v1_2942c5893c3fae3dfcfa335c93a693b9,WN,2421,WN 2421,DEP,ATL,DCA,NARROWBODY,TURN_0848,UNMATCHED_DEP,SIM_AC_0848,2024-01-01_WN_2421,40,45,G158,0.3082,30.8%,10.9,3.35,1235,20:35,1250,20:50,1237,20:37,2.0,Trễ 2p ⏳,1178,19:38,1253,20:53,75,[19:38 ➔ 20:53],True,16,An toàn tuyệt đối (Được bảo vệ)
flight_key_v1_103795950271c3332adf853de6e217f2,WN,3448,WN 3448,ARR,LGA,ATL,NARROWBODY,TURN_0624,PAIRED_TURN,SIM_AC_0624,2024-01-01_WN_3448,40,45,G172,0.5513,55.1%,4.6,2.51,1235,20:35,1239,20:39,1220,20:20,-15.0,Sớm 15p ⚡,1222,20:22,1332,22:12,110,[20:22 ➔ 22:12],False,112,Hạ cánh sớm hơn đệm (2p)
flight_key_v1_0e882489a45346f5b8e1cc1fedcb2311,NK,1078,NK 1078,ARR,FLL,ATL,NARROWBODY,TURN_0625,PAIRED_TURN,SIM_AC_0625,2024-01-01_NK_1078,40,45,G119,0.5154,51.5%,5.9,3.02,1240,20:40,1245,20:45,1254,20:54,14.0,Trễ 14p ⏳,1228,20:28,1419,23:39,191,[20:28 ➔ 23:39],True,165,An toàn tuyệt đối (Được bảo vệ)
flight_key_v1_61c91857cebd4a069f755693fd052745,WN,1666,WN 1666,ARR,BWI,ATL,NARROWBODY,TURN_0017,PAIRED_TURN,SIM_AC_0017,2024-01-01_WN_1666,40,45,G50,0.5699,57.0%,5.7,3.22,1240,20:40,1245,20:45,1260,21:00,20.0,Trễ 20p ⏳,1228,20:28,1298,21:38,70,[20:28 ➔ 21:38],True,38,An toàn tuyệt đối (Được bảo vệ)
flight_key_v1_6b42b5c1c6d451023ccf62574cb093f3,DL,1608,DL 1608,ARR,DCA,ATL,NARROWBODY,TURN_0626,PAIRED_TURN,SIM_AC_0626,2024-01-01_DL_1608,40,45,G30,0.2721,27.2%,1.6,0.43,1242,20:42,1243,20:43,1217,20:17,-25.0,Sớm 25p ⚡,1227,20:27,1379,22:59,152,[20:27 ➔ 22:59],False,162,Hạ cánh sớm hơn đệm (10p)
flight_key_v1_0c47eafd02a77a042eb63107bfbe7ec9,DL,786,DL 786,ARR,PDX,ATL,NARROWBODY,TURN_0627,PAIRED_TURN,SIM_AC_0627,2024-01-01_DL_786,40,45,G136,0.2333,23.3%,0.9,0.21,1247,20:47,1247,20:47,1253,20:53,6.0,Trễ 6p ⏳,1232,20:32,1379,22:59,147,[20:32 ➔ 22:59],True,126,An toàn tuyệt đối (Được bảo vệ)
flight_key_v1_cd326a8dfc99b826bf7c2a0b0484d24b,DL,307,DL 307,ARR,JAC,ATL,WIDEBODY,TURN_0694,UNMATCHED_ARR,SIM_AC_0694,2024-01-01_DL_307,75,60,G164,0.4962,49.6%,6.4,3.2,1248,20:48,1254,20:54,1256,20:56,8.0,Trễ 8p ⏳,1236,20:36,1341,22:21,105,[20:36 ➔ 22:21],True,85,An toàn tuyệt đối (Được bảo vệ)
flight_key_v1_a7b7d63d763e47776bb84b28b573ee2a,DL,314,DL 314,ARR,PSP,ATL,NARROWBODY,TURN_0628,PAIRED_TURN,SIM_AC_0628,2024-01-01_DL_314,40,45,G84,0.4052,40.5%,2.4,0.96,1249,20:49,1251,20:51,1257,20:57,8.0,Trễ 8p ⏳,1234,20:34,1380,23:00,146,[20:34 ➔ 23:00],True,123,An toàn tuyệt đối (Được bảo vệ)
flight_key_v1_0df67ae806efed5e09d055e38816989a,WN,2830,WN 2830,ARR,MEM,ATL,NARROWBODY,TURN_0039,PAIRED_TURN,SIM_AC_0039,2024-01-01_WN_2830,40,45,G15,0.5115,51.1%,4.6,2.33,1250,20:50,1254,20:54,1232,20:32,-18.0,Sớm 18p ⚡,1237,20:37,1322,22:02,85,[20:37 ➔ 22:02],False,90,Hạ cánh sớm hơn đệm (5p)
flight_key_v1_6b9ecb54f686f8cb5e3711add32f4a03,OO,4147,OO 4147,ARR,ASE,ATL,NARROWBODY,TURN_0629,PAIRED_TURN,SIM_AC_0629,2024-01-01_OO_4147,40,45,G117,0.6302,63.0%,7.2,4.52,1251,20:51,1258,20:58,1222,20:22,-29.0,Sớm 29p ⚡,1240,20:40,1314,21:54,74,[20:40 ➔ 21:54],False,92,Hạ cánh sớm hơn đệm (18p)
flight_key_v1_660731749809f841ae27e0d6521aaa71,WN,561,WN 561,ARR,MKE,ATL,NARROWBODY,TURN_0060,PAIRED_TURN,SIM_AC_0060,2024-01-01_WN_561,40,45,G148,0.4594,45.9%,5.8,2.66,1255,20:55,1260,21:00,1248,20:48,-7.0,Sớm 7p ⚡,1242,20:42,1322,22:02,80,[20:42 ➔ 22:02],True,74,An toàn tuyệt đối (Được bảo vệ)
flight_key_v1_96e3acac583184db177146c9eaed01dd,WN,1365,WN 1365,ARR,MCI,ATL,WIDEBODY,TURN_0695,UNMATCHED_ARR,SIM_AC_0695,2024-01-01_WN_1365,75,60,G160,0.5141,51.4%,5.8,2.98,1255,20:55,1260,21:00,1243,20:43,-12.0,Sớm 12p ⚡,1242,20:42,1347,22:27,105,[20:42 ➔ 22:27],True,104,An toàn tuyệt đối (Được bảo vệ)
flight_key_v1_8eb3efd152a851102c4f199b3f211e6a,DL,1397,DL 1397,DEP,ATL,BOS,NARROWBODY,TURN_0516,PAIRED_TURN,SIM_AC_0516,2024-01-01_DL_2450,40,45,G102,0.239,23.9%,8.1,1.93,1255,20:55,1267,21:07,1254,20:54,-1.0,Sớm 1p ⚡,1063,17:43,1270,21:10,207,[17:43 ➔ 21:10],True,16,An toàn tuyệt đối (Được bảo vệ)
flight_key_v1_ff608861e422cb346bc00e4473acaa47,WN,1778,WN 1778,ARR,JAN,ATL,NARROWBODY,TURN_0630,PAIRED_TURN,SIM_AC_0630,2024-01-01_WN_1778,40,45,G174,0.4653,46.5%,4.6,2.12,1255,20:55,1259,20:59,1235,20:35,-20.0,Sớm 20p ⚡,1242,20:42,1342,22:22,100,[20:42 ➔ 22:22],False,107,Hạ cánh sớm hơn đệm (7p)
flight_key_v1_1394c238873ba819f8a26f8084f1b924,DL,2275,DL 2275,DEP,ATL,AVL,NARROWBODY,TURN_0517,PAIRED_TURN,SIM_AC_0517,2024-01-01_DL_777,40,45,G97,0.2885,28.8%,9.0,2.6,1255,20:55,1268,21:08,1248,20:48,-7.0,Sớm 7p ⚡,1065,17:45,1270,21:10,205,[17:45 ➔ 21:10],True,22,An toàn tuyệt đối (Được bảo vệ)
flight_key_v1_8a623ed743e5674fe7bf692620215c88,DL,2334,DL 2334,DEP,ATL,BUF,NARROWBODY,TURN_0515,PAIRED_TURN,SIM_AC_0515,2024-01-01_DL_532,40,45,G04,0.2988,29.9%,9.3,2.77,1255,20:55,1268,21:08,1245,20:45,-10.0,Sớm 10p ⚡,1062,17:42,1270,21:10,208,[17:42 ➔ 21:10],True,25,An toàn tuyệt đối (Được bảo vệ)
flight_key_v1_bbb0fd309f6043c293294b32832b1832,DL,2423,DL 2423,DEP,ATL,OKC,NARROWBODY,TURN_0514,PAIRED_TURN,SIM_AC_0514,2024-01-01_DL_1442,40,45,G58,0.2316,23.2%,7.1,1.64,1255,20:55,1265,21:05,1248,20:48,-7.0,Sớm 7p ⚡,1060,17:40,1270,21:10,210,[17:40 ➔ 21:10],True,22,An toàn tuyệt đối (Được bảo vệ)
flight_key_v1_2a55bc33aa119f7edc8881b6057e0fe2,DL,2865,DL 2865,DEP,ATL,GRR,NARROWBODY,TURN_0519,PAIRED_TURN,SIM_AC_0519,2024-01-01_DL_1372,40,45,G149,0.2715,27.2%,9.3,2.52,1255,20:55,1268,21:08,1248,20:48,-7.0,Sớm 7p ⚡,1066,17:46,1270,21:10,204,[17:46 ➔ 21:10],True,22,An toàn tuyệt đối (Được bảo vệ)
flight_key_v1_3885865bf16b94c16ee8c70bf13fdc42,WN,3158,WN 3158,ARR,MSY,ATL,NARROWBODY,TURN_0046,PAIRED_TURN,SIM_AC_0046,2024-01-01_WN_3158,40,45,G44,0.54,54.0%,5.1,2.76,1255,20:55,1260,21:00,1256,20:56,1.0,Trễ 1p ⏳,1242,20:42,1322,22:02,80,[20:42 ➔ 22:02],True,66,An toàn tuyệt đối (Được bảo vệ)
flight_key_v1_c2e1127c42db15db7ddc759315c5a739,DL,2435,DL 2435,DEP,ATL,MLB,NARROWBODY,TURN_0521,PAIRED_TURN,SIM_AC_0521,2024-01-01_DL_2355,40,45,G49,0.2316,23.2%,6.8,1.57,1259,20:59,1268,21:08,1243,20:43,-16.0,Sớm 16p ⚡,1071,17:51,1274,21:14,203,[17:51 ➔ 21:14],True,31,An toàn tuyệt đối (Được bảo vệ)
flight_key_v1_f5747f83f8c21c2b05e2a3cecbd6cbd8,DL,2862,DL 2862,ARR,OKC,ATL,NARROWBODY,TURN_0631,PAIRED_TURN,SIM_AC_0631,2024-01-01_DL_2862,40,45,G98,0.2574,25.7%,4.4,1.13,1259,20:59,1263,21:03,1261,21:01,2.0,Trễ 2p ⏳,1245,20:45,1381,23:01,136,[20:45 ➔ 23:01],True,120,An toàn tuyệt đối (Được bảo vệ)
flight_key_v1_619d76a8a23e3f8e5f1e15e40aed970e,F9,4891,F9 4891,DEP,ATL,PHX,NARROWBODY,TURN_0585,PAIRED_TURN,SIM_AC_0585,2024-01-01_F9_2297,40,45,G66,0.4869,48.7%,11.6,5.65,1259,20:59,1277,21:17,1278,21:18,19.0,Trễ 19p ⏳,1160,19:20,1275,21:15,115,[19:20 ➔ 21:15],False,-3,Trễ vượt đệm an toàn (+3p)
flight_key_v1_e0b9299263a0eaaaaeca28a9018251e8,DL,31,DL 31,DEP,ATL,DFW,NARROWBODY,TURN_0528,PAIRED_TURN,SIM_AC_0528,2024-01-01_DL_2285,40,45,G37,0.2413,24.1%,8.6,2.08,1260,21:00,1272,21:12,1255,20:55,-5.0,Sớm 5p ⚡,1083,18:03,1275,21:15,192,[18:03 ➔ 21:15],True,20,An toàn tuyệt đối (Được bảo vệ)
flight_key_v1_a7bf1d66b3579903b4307837a01beb6c,DL,453,DL 453,DEP,ATL,SLC,NARROWBODY,TURN_0526,PAIRED_TURN,SIM_AC_0526,2024-01-01_DL_2377,40,45,G36,0.2461,24.6%,6.9,1.69,1260,21:00,1270,21:10,1276,21:16,16.0,Trễ 16p ⏳,1076,17:56,1275,21:15,199,[17:56 ➔ 21:15],False,-1,Trễ vượt đệm an toàn (+1p)
flight_key_v1_2ad637bfaee41c04080fe629e8eb4ea6,AA,1045,AA 1045,ARR,MIA,ATL,WIDEBODY,TURN_0696,UNMATCHED_ARR,SIM_AC_0696,2024-01-01_AA_1045,75,60,G47,0.4934,49.3%,5.2,2.56,1260,21:00,1265,21:05,1353,22:33,93.0,Trễ 93p ⏳,1247,20:47,1352,22:32,105,[20:47 ➔ 22:32],False,-1,Trễ vượt đệm an toàn (+1p)
flight_key_v1_a4e02a12cbff9db92dc473a837f70358,DL,1502,DL 1502,DEP,ATL,DTW,NARROWBODY,TURN_0536,PAIRED_TURN,SIM_AC_0536,2024-01-01_DL_2536,40,45,G69,0.2422,24.2%,9.3,2.25,1260,21:00,1273,21:13,1268,21:08,8.0,Trễ 8p ⏳,1099,18:19,1275,21:15,176,[18:19 ➔ 21:15],True,7,An toàn tuyệt đối (Được bảo vệ)
flight_key_v1_26f1bea55ab30adb1c8bb942ee739829,DL,1531,DL 1531,DEP,ATL,ABQ,NARROWBODY,TURN_0531,PAIRED_TURN,SIM_AC_0531,2024-01-01_DL_1033,40,45,G122,0.2333,23.3%,7.5,1.75,1260,21:00,1270,21:10,1252,20:52,-8.0,Sớm 8p ⚡,1090,18:10,1275,21:15,185,[18:10 ➔ 21:15],True,23,An toàn tuyệt đối (Được bảo vệ)
flight_key_v1_638d8da47ecf8183f33e3efcc5f2b365,DL,2121,DL 2121,DEP,ATL,PNS,WIDEBODY,TURN_0533,PAIRED_TURN,SIM_AC_0533,2024-01-01_DL_2988,75,60,G46,0.2316,23.2%,6.8,1.57,1260,21:00,1269,21:09,1256,20:56,-4.0,Sớm 4p ⚡,1094,18:14,1275,21:15,181,[18:14 ➔ 21:15],True,19,An toàn tuyệt đối (Được bảo vệ)
flight_key_v1_ca1b503989968660adf9a50a093dd4b3,DL,2306,DL 2306,DEP,ATL,DSM,NARROWBODY,TURN_0529,PAIRED_TURN,SIM_AC_0529,2024-01-01_DL_2827,40,45,G95,0.2659,26.6%,7.2,1.91,1260,21:00,1271,21:11,1249,20:49,-11.0,Sớm 11p ⚡,1086,18:06,1275,21:15,189,[18:06 ➔ 21:15],True,26,An toàn tuyệt đối (Được bảo vệ)
flight_key_v1_50f04a18947f59b1edcbf5d1363dbdae,DL,2419,DL 2419,DEP,ATL,BTV,NARROWBODY,TURN_0530,PAIRED_TURN,SIM_AC_0530,2024-01-01_DL_2337,40,45,G104,0.2693,26.9%,10.2,2.75,1260,21:00,1274,21:14,1250,20:50,-10.0,Sớm 10p ⚡,1088,18:08,1275,21:15,187,[18:08 ➔ 21:15],True,25,An toàn tuyệt đối (Được bảo vệ)
flight_key_v1_330c9911bbdc8f3dcd829e0dc2610f04,WN,2470,WN 2470,ARR,AUS,ATL,NARROWBODY,TURN_0036,PAIRED_TURN,SIM_AC_0036,2024-01-01_WN_2470,40,45,G40,0.4722,47.2%,4.8,2.25,1260,21:00,1264,21:04,1268,21:08,8.0,Trễ 8p ⏳,1247,20:47,1327,22:07,80,[20:47 ➔ 22:07],True,59,An toàn tuyệt đối (Được bảo vệ)
flight_key_v1_08959c6c03145d604ca71dff12ee9db1,DL,2771,DL 2771,DEP,ATL,DAY,NARROWBODY,TURN_0534,PAIRED_TURN,SIM_AC_0534,2024-01-01_DL_2456,40,45,G24,0.2557,25.6%,6.9,1.77,1260,21:00,1270,21:10,1257,20:57,-3.0,Sớm 3p ⚡,1097,18:17,1275,21:15,178,[18:17 ➔ 21:15],True,18,An toàn tuyệt đối (Được bảo vệ)
flight_key_v1_bcf49d5204909142c2cf2a7bf22afe08,DL,2938,DL 2938,DEP,ATL,MYR,WIDEBODY,TURN_0527,PAIRED_TURN,SIM_AC_0527,2024-01-01_DL_715,75,60,G111,0.3379,33.8%,6.8,2.29,1260,21:00,1271,21:11,1252,20:52,-8.0,Sớm 8p ⚡,1077,17:57,1275,21:15,198,[17:57 ➔ 21:15],True,23,An toàn tuyệt đối (Được bảo vệ)
flight_key_v1_62ae723cf5a9c2fca73ca491d6a86a44,WN,3467,WN 3467,ARR,PHX,ATL,NARROWBODY,TURN_0050,PAIRED_TURN,SIM_AC_0050,2024-01-01_WN_3467,75,45,G02,0.5326,53.3%,5.1,2.73,1260,21:00,1265,21:05,1257,20:57,-3.0,Sớm 3p ⚡,1247,20:47,1327,22:07,80,[20:47 ➔ 22:07],True,70,An toàn tuyệt đối (Được bảo vệ)
flight_key_v1_5f471a603cd110e3c3d6af6ca8eb0869,OO,3900,OO 3900,DEP,ATL,EVV,NARROWBODY,TURN_0506,PAIRED_TURN,SIM_AC_0506,2024-01-01_OO_3920,40,45,G08,0.3907,39.1%,6.6,2.59,1260,21:00,1272,21:12,1253,20:53,-7.0,Sớm 7p ⚡,1045,17:25,1276,21:16,231,[17:25 ➔ 21:16],True,23,An toàn tuyệt đối (Được bảo vệ)
flight_key_v1_f6f5f9706ecfc9b33cf197b5a9147fe2,9E,4930,9E 4930,DEP,ATL,XNA,NARROWBODY,TURN_0492,PAIRED_TURN,SIM_AC_0492,2024-01-01_9E_4945,40,45,G141,0.2371,23.7%,6.9,1.64,1260,21:00,1270,21:10,1246,20:46,-14.0,Sớm 14p ⚡,1025,17:05,1275,21:15,250,[17:05 ➔ 21:15],True,29,An toàn tuyệt đối (Được bảo vệ)
flight_key_v1_951c358992e02af842af3ec53849f852,WN,336,WN 336,ARR,IND,ATL,NARROWBODY,TURN_0699,UNMATCHED_ARR,SIM_AC_0699,2024-01-01_WN_336,40,45,G29,0.4652,46.5%,4.6,2.12,1265,21:05,1269,21:09,1250,20:50,-15.0,Sớm 15p ⚡,1252,20:52,1322,22:02,70,[20:52 ➔ 22:02],False,72,Hạ cánh sớm hơn đệm (2p)
flight_key_v1_d4bb66a377c38b4bc03fa71b2bbb75be,WN,429,WN 429,ARR,DEN,ATL,NARROWBODY,TURN_0056,PAIRED_TURN,SIM_AC_0056,2024-01-01_WN_429,40,45,G20,0.5762,57.6%,5.7,3.26,1265,21:05,1270,21:10,1277,21:17,12.0,Trễ 12p ⏳,1253,20:53,1328,22:08,75,[20:53 ➔ 22:08],True,51,An toàn tuyệt đối (Được bảo vệ)
flight_key_v1_516e36d365a54fa688e1a356320fbd05,DL,825,DL 825,DEP,ATL,LAS,NARROWBODY,TURN_0537,PAIRED_TURN,SIM_AC_0537,2024-01-01_DL_2089,40,45,G13,0.2356,23.6%,7.6,1.79,1265,21:05,1276,21:16,1258,20:58,-7.0,Sớm 7p ⚡,1099,18:19,1280,21:20,181,[18:19 ➔ 21:20],True,22,An toàn tuyệt đối (Được bảo vệ)
flight_key_v1_135f279c6d2d569063acbf3e9bacd240,WN,1683,WN 1683,ARR,TPA,ATL,WIDEBODY,TURN_0697,UNMATCHED_ARR,SIM_AC_0697,2024-01-01_WN_1683,75,60,G139,0.504,50.4%,5.5,2.76,1265,21:05,1270,21:10,1255,20:55,-10.0,Sớm 10p ⚡,1252,20:52,1357,22:37,105,[20:52 ➔ 22:37],True,102,An toàn tuyệt đối (Được bảo vệ)
flight_key_v1_67a71514ef0779c532696714aaed6ff6,WN,1917,WN 1917,ARR,SAT,ATL,NARROWBODY,TURN_0020,PAIRED_TURN,SIM_AC_0020,2024-01-01_WN_1917,40,45,G26,0.4686,46.9%,4.6,2.14,1265,21:05,1269,21:09,1248,20:48,-17.0,Sớm 17p ⚡,1252,20:52,1327,22:07,75,[20:52 ➔ 22:07],False,79,Hạ cánh sớm hơn đệm (4p)
flight_key_v1_a903801e86a3f2c5219d28663bd5d4d2,WN,2257,WN 2257,DEP,ATL,CMH,NARROWBODY,TURN_0599,PAIRED_TURN,SIM_AC_0599,2024-01-01_WN_2378,40,45,G03,0.4142,41.4%,10.8,4.49,1265,21:05,1281,21:21,1270,21:10,5.0,Trễ 5p ⏳,1186,19:46,1281,21:21,95,[19:46 ➔ 21:21],True,11,An toàn tuyệt đối (Được bảo vệ)
flight_key_v1_343a30b4ba786481a179e21dffc02136,WN,2415,WN 2415,ARR,BNA,ATL,NARROWBODY,TURN_0698,UNMATCHED_ARR,SIM_AC_0698,2024-01-01_WN_2415,40,45,G11,0.5302,53.0%,4.6,2.42,1265,21:05,1269,21:09,1244,20:44,-21.0,Sớm 21p ⚡,1252,20:52,1322,22:02,70,[20:52 ➔ 22:02],False,78,Hạ cánh sớm hơn đệm (8p)
flight_key_v1_f2aa16a8a7d3a0eb40c225b03f7cdb2f,DL,2948,DL 2948,DEP,ATL,GRB,NARROWBODY,TURN_0538,PAIRED_TURN,SIM_AC_0538,2024-01-01_DL_340,40,45,G32,0.3651,36.5%,9.3,3.39,1265,21:05,1279,21:19,1259,20:59,-6.0,Sớm 6p ⚡,1099,18:19,1280,21:20,181,[18:19 ➔ 21:20],True,21,An toàn tuyệt đối (Được bảo vệ)
flight_key_v1_722d6696eb262a5479401dd47971580e,OO,4110,OO 4110,DEP,ATL,CSG,NARROWBODY,TURN_0522,PAIRED_TURN,SIM_AC_0522,2024-01-01_OO_4068,40,45,G171,0.6218,62.2%,8.8,5.5,1265,21:05,1282,21:22,1262,21:02,-3.0,Sớm 3p ⚡,1074,17:54,1282,21:22,208,[17:54 ➔ 21:22],True,20,An toàn tuyệt đối (Được bảo vệ)
flight_key_v1_c231fa1cddc9091fe898078ff45c1236,9E,4954,9E 4954,DEP,ATL,CRW,NARROWBODY,TURN_0557,PAIRED_TURN,SIM_AC_0557,2024-01-01_9E_5428,40,45,G62,0.2352,23.5%,6.8,1.61,1265,21:05,1275,21:15,1256,20:56,-9.0,Sớm 9p ⚡,1110,18:30,1280,21:20,170,[18:30 ➔ 21:20],True,24,An toàn tuyệt đối (Được bảo vệ)
flight_key_v1_90b7671153bfa510b6c5596eb11a0164,9E,5008,9E 5008,DEP,ATL,SGF,NARROWBODY,TURN_0493,PAIRED_TURN,SIM_AC_0493,2024-01-01_9E_5471,40,45,G42,0.2841,28.4%,7.1,2.01,1265,21:05,1276,21:16,1255,20:55,-10.0,Sớm 10p ⚡,1027,17:07,1280,21:20,253,[17:07 ➔ 21:20],True,25,An toàn tuyệt đối (Được bảo vệ)
flight_key_v1_e2c73639a0f2f750a6104c847695ec90,9E,5208,9E 5208,DEP,ATL,OAJ,NARROWBODY,TURN_0524,PAIRED_TURN,SIM_AC_0524,2024-01-01_9E_4956,40,45,G79,0.2352,23.5%,6.7,1.57,1265,21:05,1275,21:15,1259,20:59,-6.0,Sớm 6p ⚡,1074,17:54,1280,21:20,206,[17:54 ➔ 21:20],True,21,An toàn tuyệt đối (Được bảo vệ)
flight_key_v1_bc961a526ad272852301c35612888518,DL,2364,DL 2364,ARR,OMA,ATL,NARROWBODY,TURN_0632,PAIRED_TURN,SIM_AC_0632,2024-01-01_DL_2364,40,45,G175,0.3127,31.3%,4.4,1.37,1266,21:06,1270,21:10,1252,20:52,-14.0,Sớm 14p ⚡,1252,20:52,1381,23:01,129,[20:52 ➔ 23:01],True,129,An toàn tuyệt đối (Được bảo vệ)
flight_key_v1_5a52f37e4c5e4c78dba9d209635ddb71,DL,989,DL 989,DEP,ATL,ONT,NARROWBODY,TURN_0540,PAIRED_TURN,SIM_AC_0540,2024-01-01_DL_2515,40,45,G89,0.2415,24.1%,7.1,1.71,1267,21:07,1278,21:18,1263,21:03,-4.0,Sớm 4p ⚡,1101,18:21,1282,21:22,181,[18:21 ➔ 21:22],True,19,An toàn tuyệt đối (Được bảo vệ)
flight_key_v1_2cca7cfd95dd9301788dc16148b05b14,DL,555,DL 555,ARR,LAS,ATL,NARROWBODY,TURN_0633,PAIRED_TURN,SIM_AC_0633,2024-01-01_DL_555,40,45,G166,0.3579,35.8%,3.1,1.12,1270,21:10,1273,21:13,1259,20:59,-11.0,Sớm 11p ⚡,1256,20:56,1381,23:01,125,[20:56 ➔ 23:01],True,122,An toàn tuyệt đối (Được bảo vệ)
flight_key_v1_709ee3924af6c84eee1eaf442a3b57ba,DL,1946,DL 1946,ARR,SJU,ATL,WIDEBODY,TURN_0700,UNMATCHED_ARR,SIM_AC_0700,2024-01-01_DL_1946,75,60,G116,0.2878,28.8%,3.9,1.12,1270,21:10,1273,21:13,1275,21:15,5.0,Trễ 5p ⏳,1256,20:56,1361,22:41,105,[20:56 ➔ 22:41],True,86,An toàn tuyệt đối (Được bảo vệ)
flight_key_v1_cae97d5f932b9e0792d26145b3079cff,DL,2956,DL 2956,DEP,ATL,CID,WIDEBODY,TURN_0535,PAIRED_TURN,SIM_AC_0535,2024-01-01_DL_1485,75,60,G05,0.3161,31.6%,9.3,2.93,1270,21:10,1284,21:24,1267,21:07,-3.0,Sớm 3p ⚡,1098,18:18,1285,21:25,187,[18:18 ➔ 21:25],True,18,An toàn tuyệt đối (Được bảo vệ)
flight_key_v1_c111a3cfc252553e8b6e8fb6acf82da6,WN,3354,WN 3354,ARR,FLL,ATL,NARROWBODY,TURN_0701,UNMATCHED_ARR,SIM_AC_0701,2024-01-01_WN_3354,40,45,G107,0.5737,57.4%,5.9,3.36,1270,21:10,1275,21:15,1275,21:15,5.0,Trễ 5p ⏳,1258,20:58,1328,22:08,70,[20:58 ➔ 22:08],True,53,An toàn tuyệt đối (Được bảo vệ)
flight_key_v1_ae23976b308b800587887a70d27f7f20,9E,5009,9E 5009,DEP,ATL,DHN,WIDEBODY,TURN_0518,PAIRED_TURN,SIM_AC_0518,2024-01-01_9E_5132,75,60,G45,0.246,24.6%,8.8,2.15,1270,21:10,1282,21:22,1261,21:01,-9.0,Sớm 9p ⚡,1065,17:45,1285,21:25,220,[17:45 ➔ 21:25],True,24,An toàn tuyệt đối (Được bảo vệ)
flight_key_v1_503d686925642a00d1115a904070cd8c,9E,5224,9E 5224,DEP,ATL,TYS,NARROWBODY,TURN_0561,PAIRED_TURN,SIM_AC_0561,2024-01-01_9E_5420,40,45,G113,0.2874,28.7%,6.7,1.92,1270,21:10,1280,21:20,1256,20:56,-14.0,Sớm 14p ⚡,1117,18:37,1285,21:25,168,[18:37 ➔ 21:25],True,29,An toàn tuyệt đối (Được bảo vệ)
flight_key_v1_62069195a730184620a47289aa39a4ea,YX,4277,YX 4277,ARR,PHL,ATL,WIDEBODY,TURN_0702,UNMATCHED_ARR,SIM_AC_0702,2024-01-01_YX_4277,75,60,G06,0.326,32.6%,1.6,0.52,1274,21:14,1275,21:15,1242,20:42,-32.0,Sớm 32p ⚡,1259,20:59,1364,22:44,105,[20:59 ➔ 22:44],False,122,Hạ cánh sớm hơn đệm (17p)
flight_key_v1_eee07183a0d7655fa7c9628432a35534,DL,637,DL 637,DEP,ATL,DCA,NARROWBODY,TURN_0547,PAIRED_TURN,SIM_AC_0547,2024-01-01_DL_2933,40,45,G75,0.2807,28.1%,6.9,1.95,1275,21:15,1285,21:25,1271,21:11,-4.0,Sớm 4p ⚡,1105,18:25,1290,21:30,185,[18:25 ➔ 21:30],True,19,An toàn tuyệt đối (Được bảo vệ)
flight_key_v1_28fdaf1d97b1bed69e5bacd3767ba785,DL,804,DL 804,ARR,IAH,ATL,NARROWBODY,TURN_0634,PAIRED_TURN,SIM_AC_0634,2024-01-01_DL_804,40,45,G21,0.3906,39.1%,3.1,1.22,1275,21:15,1278,21:18,1257,20:57,-18.0,Sớm 18p ⚡,1261,21:01,1381,23:01,120,[21:01 ➔ 23:01],False,124,Hạ cánh sớm hơn đệm (4p)
flight_key_v1_30292b7a9c39a51a66358b59697a7a29,DL,1220,DL 1220,DEP,ATL,DAL,NARROWBODY,TURN_0543,PAIRED_TURN,SIM_AC_0543,2024-01-01_DL_1950,40,45,G51,0.3142,31.4%,7.0,2.21,1275,21:15,1287,21:27,1265,21:05,-10.0,Sớm 10p ⚡,1104,18:24,1290,21:30,186,[18:24 ➔ 21:30],True,25,An toàn tuyệt đối (Được bảo vệ)
flight_key_v1_169cc6e0fb7d740a0778513a7f64df88,DL,2060,DL 2060,DEP,ATL,VPS,NARROWBODY,TURN_0542,PAIRED_TURN,SIM_AC_0542,2024-01-01_DL_1039,40,45,G48,0.2316,23.2%,6.8,1.57,1275,21:15,1284,21:24,1279,21:19,4.0,Trễ 4p ⏳,1104,18:24,1290,21:30,186,[18:24 ➔ 21:30],True,11,An toàn tuyệt đối (Được bảo vệ)
flight_key_v1_50bfe4e7f901704a69c383c957a21298,F9,2484,F9 2484,DEP,ATL,MIA,NARROWBODY,TURN_0600,PAIRED_TURN,SIM_AC_0600,2024-01-01_F9_3975,40,45,G71,0.6502,65.0%,11.8,7.67,1275,21:15,1296,21:36,1454,00:14,-11.0,Sớm 11p ⚡,1190,19:50,1294,21:34,104,[19:50 ➔ 21:34],False,-160,Trễ vượt đệm an toàn (+160p)
flight_key_v1_3bd90e12a618051088486180d2979c73,DL,2511,DL 2511,DEP,ATL,JFK,NARROWBODY,TURN_0541,PAIRED_TURN,SIM_AC_0541,2024-01-01_DL_1467,40,45,G18,0.2827,28.3%,7.1,2.0,1275,21:15,1286,21:26,1271,21:11,-4.0,Sớm 4p ⚡,1101,18:21,1290,21:30,189,[18:21 ➔ 21:30],True,19,An toàn tuyệt đối (Được bảo vệ)
flight_key_v1_e7e5c28041a25cac7a1b67a448a12e85,DL,2555,DL 2555,DEP,ATL,GPT,NARROWBODY,TURN_0544,PAIRED_TURN,SIM_AC_0544,2024-01-01_DL_1882,40,45,G41,0.2507,25.1%,6.8,1.7,1275,21:15,1285,21:25,1269,21:09,-6.0,Sớm 6p ⚡,1104,18:24,1290,21:30,186,[18:24 ➔ 21:30],True,21,An toàn tuyệt đối (Được bảo vệ)
flight_key_v1_c7e7f04fb0190d403fc0092ce0087a99,WN,3452,WN 3452,ARR,DCA,ATL,NARROWBODY,TURN_0048,PAIRED_TURN,SIM_AC_0048,2024-01-01_WN_3452,40,45,G109,0.4605,46.1%,4.6,2.1,1275,21:15,1279,21:19,1297,21:37,22.0,Trễ 22p ⏳,1262,21:02,1332,22:12,70,[21:02 ➔ 22:12],True,35,An toàn tuyệt đối (Được bảo vệ)
flight_key_v1_c84ad5d1d42926ddb26ea6a8b57f1144,OO,3683,OO 3683,DEP,ATL,FWA,NARROWBODY,TURN_0539,PAIRED_TURN,SIM_AC_0539,2024-01-01_OO_4076,40,45,G110,0.3527,35.3%,7.4,2.62,1275,21:15,1287,21:27,1269,21:09,-6.0,Sớm 6p ⚡,1100,18:20,1291,21:31,191,[18:20 ➔ 21:31],True,22,An toàn tuyệt đối (Được bảo vệ)
flight_key_v1_4d9513209d110d9323bcb614766b8f63,NK,1560,NK 1560,DEP,ATL,DTW,NARROWBODY,TURN_0572,PAIRED_TURN,SIM_AC_0572,2024-01-01_NK_3103,40,45,G77,0.4195,41.9%,20.4,8.58,1276,21:16,1302,21:42,1308,21:48,32.0,Trễ 32p ⏳,1131,18:51,1292,21:32,161,[18:51 ➔ 21:32],False,-16,Trễ vượt đệm an toàn (+16p)
flight_key_v1_b4b5de9c40bdb7b83f1cf2ebf664408c,DL,339,DL 339,DEP,ATL,PHX,WIDEBODY,TURN_0546,PAIRED_TURN,SIM_AC_0546,2024-01-01_DL_2220,75,60,G125,0.2848,28.5%,7.0,1.99,1280,21:20,1290,21:30,1288,21:28,8.0,Trễ 8p ⏳,1105,18:25,1295,21:35,190,[18:25 ➔ 21:35],True,7,An toàn tuyệt đối (Được bảo vệ)
flight_key_v1_d6ddf19878876c9651672c93d69bba63,WN,1666,WN 1666,DEP,ATL,DEN,NARROWBODY,TURN_0017,PAIRED_TURN,SIM_AC_0017,2024-01-01_WN_1666,40,45,G50,0.5699,57.0%,11.2,6.35,1280,21:20,1300,21:40,1302,21:42,22.0,Trễ 22p ⏳,1228,20:28,1298,21:38,70,[20:28 ➔ 21:38],False,-4,Trễ vượt đệm an toàn (+4p)
flight_key_v1_aea9b3e17a43ef0839572f1c0985ed99,DL,2735,DL 2735,ARR,BDL,ATL,NARROWBODY,TURN_0635,PAIRED_TURN,SIM_AC_0635,2024-01-01_DL_2735,40,45,G118,0.2691,26.9%,1.6,0.43,1280,21:20,1281,21:21,1251,20:51,-29.0,Sớm 29p ⚡,1265,21:05,1384,23:04,119,[21:05 ➔ 23:04],False,133,Hạ cánh sớm hơn đệm (14p)
flight_key_v1_2f7c8bad302631072334754e71224539,DL,2911,DL 2911,DEP,ATL,MCI,WIDEBODY,TURN_0545,PAIRED_TURN,SIM_AC_0545,2024-01-01_DL_2163,75,60,G128,0.2316,23.2%,7.2,1.66,1280,21:20,1290,21:30,1275,21:15,-5.0,Sớm 5p ⚡,1104,18:24,1295,21:35,191,[18:24 ➔ 21:35],True,20,An toàn tuyệt đối (Được bảo vệ)
flight_key_v1_c86b5959d83564477c042851d50eaeec,9E,4950,9E 4950,DEP,ATL,MLI,NARROWBODY,TURN_0570,PAIRED_TURN,SIM_AC_0570,2024-01-01_9E_5057,40,45,G143,0.281,28.1%,9.2,2.58,1281,21:21,1294,21:34,1268,21:08,-13.0,Sớm 13p ⚡,1127,18:47,1296,21:36,169,[18:47 ➔ 21:36],True,28,An toàn tuyệt đối (Được bảo vệ)
flight_key_v1_82e28cae6ca59890c50d44a5b76114e8,DL,2106,DL 2106,ARR,CHS,ATL,NARROWBODY,TURN_0636,PAIRED_TURN,SIM_AC_0636,2024-01-01_DL_2106,40,45,G157,0.2571,25.7%,1.6,0.41,1284,21:24,1285,21:25,1262,21:02,-22.0,Sớm 22p ⚡,1269,21:09,1385,23:05,116,[21:09 ➔ 23:05],False,123,Hạ cánh sớm hơn đệm (7p)
flight_key_v1_c9d3cda6fa02b53619be97547e1f708a,DL,656,DL 656,DEP,ATL,SFO,NARROWBODY,TURN_0551,PAIRED_TURN,SIM_AC_0551,2024-01-01_DL_2061,40,45,G163,0.2732,27.3%,12.0,3.28,1285,21:25,1301,21:41,1304,21:44,19.0,Trễ 19p ⏳,1107,18:27,1300,21:40,193,[18:27 ➔ 21:40],False,-4,Trễ vượt đệm an toàn (+4p)
flight_key_v1_5904a4def74731042f3a9722b10f8bb8,DL,1198,DL 1198,DEP,ATL,MCO,NARROWBODY,TURN_0550,PAIRED_TURN,SIM_AC_0550,2024-01-01_DL_1524,40,45,G82,0.2342,23.4%,8.2,1.93,1285,21:25,1297,21:37,1319,21:59,34.0,Trễ 34p ⏳,1107,18:27,1300,21:40,193,[18:27 ➔ 21:40],False,-19,Trễ vượt đệm an toàn (+19p)
flight_key_v1_a34dd4624ce423092bddd6ae57973976,DL,2138,DL 2138,DEP,ATL,PWM,NARROWBODY,TURN_0548,PAIRED_TURN,SIM_AC_0548,2024-01-01_DL_1695,40,45,G19,0.2429,24.3%,10.0,2.44,1285,21:25,1299,21:39,1276,21:16,-9.0,Sớm 9p ⚡,1106,18:26,1300,21:40,194,[18:26 ➔ 21:40],True,24,An toàn tuyệt đối (Được bảo vệ)
flight_key_v1_ac6d1d3ff7b50daf28ce51205f8901bf,DL,2842,DL 2842,DEP,ATL,FLL,NARROWBODY,TURN_0549,PAIRED_TURN,SIM_AC_0549,2024-01-01_DL_2792,40,45,G39,0.252,25.2%,7.9,1.98,1285,21:25,1296,21:36,1278,21:18,-7.0,Sớm 7p ⚡,1107,18:27,1300,21:40,193,[18:27 ➔ 21:40],True,22,An toàn tuyệt đối (Được bảo vệ)
flight_key_v1_54be8523a6c14b51f52ece8812377f45,DL,505,DL 505,DEP,ATL,LGA,WIDEBODY,TURN_0554,PAIRED_TURN,SIM_AC_0554,2024-01-01_DL_1024,75,60,G100,0.3259,32.6%,6.1,2.0,1290,21:30,1301,21:41,1317,21:57,27.0,Trễ 27p ⏳,1110,18:30,1305,21:45,195,[18:30 ➔ 21:45],False,-12,Trễ vượt đệm an toàn (+12p)
flight_key_v1_494d5d16224ca663c70bf5b281425cc0,WN,2359,WN 2359,ARR,DAL,ATL,NARROWBODY,TURN_0703,UNMATCHED_ARR,SIM_AC_0703,2024-01-01_WN_2359,40,45,G23,0.5082,50.8%,5.0,2.53,1290,21:30,1294,21:34,1282,21:22,-8.0,Sớm 8p ⚡,1277,21:17,1347,22:27,70,[21:17 ➔ 22:27],True,65,An toàn tuyệt đối (Được bảo vệ)
flight_key_v1_30726e0a12de5b3175cec29c86f26d64,UA,357,UA 357,ARR,ORD,ATL,NARROWBODY,TURN_0704,UNMATCHED_ARR,SIM_AC_0704,2024-01-01_UA_357,40,45,G111,0.4839,48.4%,4.8,2.32,1291,21:31,1295,21:35,1266,21:06,-25.0,Sớm 25p ⚡,1278,21:18,1348,22:28,70,[21:18 ➔ 22:28],False,82,Hạ cánh sớm hơn đệm (12p)
flight_key_v1_c460e0cdcdf086f56c4c45ac9cd71721,F9,1115,F9 1115,DEP,ATL,LAS,NARROWBODY,TURN_0613,PAIRED_TURN,SIM_AC_0613,2024-01-01_F9_2144,40,45,G57,0.5348,53.5%,11.6,6.18,1292,21:32,1311,21:51,1250,20:50,814.0,Trễ 814p ⏳,1203,20:03,1310,21:50,107,[20:03 ➔ 21:50],True,60,An toàn tuyệt đối (Được bảo vệ)
flight_key_v1_807e883e55eeab86de000b140bb6e18b,DL,905,DL 905,ARR,SLC,ATL,NARROWBODY,TURN_0637,PAIRED_TURN,SIM_AC_0637,2024-01-01_DL_905,40,45,G22,0.3012,30.1%,1.2,0.37,1294,21:34,1295,21:35,1274,21:14,-20.0,Sớm 20p ⚡,1279,21:19,1385,23:05,106,[21:19 ➔ 23:05],False,111,Hạ cánh sớm hơn đệm (5p)
flight_key_v1_cd2bde6ac9f7cdda5ac77b0c64be5ffe,DL,374,DL 374,ARR,DFW,ATL,NARROWBODY,TURN_0638,PAIRED_TURN,SIM_AC_0638,2024-01-01_DL_374,40,45,G01,0.2802,28.0%,2.2,0.62,1295,21:35,1297,21:37,1285,21:25,-10.0,Sớm 10p ⚡,1280,21:20,1385,23:05,105,[21:20 ➔ 23:05],True,100,An toàn tuyệt đối (Được bảo vệ)
flight_key_v1_e6ea746038dc4c8bc69ee1ce463e8ee5,NK,805,NK 805,DEP,ATL,LAS,NARROWBODY,TURN_0595,PAIRED_TURN,SIM_AC_0595,2024-01-01_NK_1440,40,45,G169,0.4051,40.5%,17.8,7.21,1295,21:35,1318,21:58,1328,22:08,33.0,Trễ 33p ⏳,1184,19:44,1311,21:51,127,[19:44 ➔ 21:51],False,-17,Trễ vượt đệm an toàn (+17p)
flight_key_v1_771c03c2d20331e03d35ceb1153b8129,OO,3822,OO 3822,DEP,ATL,SHV,NARROWBODY,TURN_0629,PAIRED_TURN,SIM_AC_0629,2024-01-01_OO_4147,40,45,G117,0.6302,63.0%,5.9,3.71,1295,21:35,1309,21:49,1290,21:30,-5.0,Sớm 5p ⚡,1240,20:40,1314,21:54,74,[20:40 ➔ 21:54],True,24,An toàn tuyệt đối (Được bảo vệ)
flight_key_v1_92c4342ecda6cba487872815a2576385,DL,352,DL 352,ARR,PHX,ATL,NARROWBODY,TURN_0639,PAIRED_TURN,SIM_AC_0639,2024-01-01_DL_352,40,45,G33,0.2425,24.2%,1.3,0.32,1298,21:38,1299,21:39,1281,21:21,-17.0,Sớm 17p ⚡,1283,21:23,1386,23:06,103,[21:23 ➔ 23:06],False,105,Hạ cánh sớm hơn đệm (2p)
flight_key_v1_38a452fc348c54f9708b6362a80ea75c,F9,1596,F9 1596,ARR,ORD,ATL,WIDEBODY,TURN_0705,UNMATCHED_ARR,SIM_AC_0705,2024-01-01_F9_1596,75,60,G104,0.5726,57.3%,6.6,3.79,1298,21:38,1304,21:44,1292,21:32,-6.0,Sớm 6p ⚡,1286,21:26,1391,23:11,105,[21:26 ➔ 23:11],True,99,An toàn tuyệt đối (Được bảo vệ)
flight_key_v1_05b806d3312380a23086de627559ad3b,DL,2064,DL 2064,DEP,ATL,PVD,NARROWBODY,TURN_0552,PAIRED_TURN,SIM_AC_0552,2024-01-01_DL_1323,40,45,G65,0.3111,31.1%,6.3,1.96,1298,21:38,1309,21:49,1297,21:37,-1.0,Sớm 1p ⚡,1109,18:29,1313,21:53,204,[18:29 ➔ 21:53],True,16,An toàn tuyệt đối (Được bảo vệ)
flight_key_v1_2f486210b03044c87fc5e82e3bb686ec,DL,2639,DL 2639,ARR,EWR,ATL,NARROWBODY,TURN_0640,PAIRED_TURN,SIM_AC_0640,2024-01-01_DL_2639,40,45,G42,0.3976,39.8%,2.2,0.88,1299,21:39,1301,21:41,1262,21:02,-37.0,Sớm 37p ⚡,1284,21:24,1387,23:07,103,[21:24 ➔ 23:07],False,125,Hạ cánh sớm hơn đệm (22p)
flight_key_v1_ad97ea0d08b7cd362024bbacf5ef1927,DL,1659,DL 1659,DEP,ATL,CHO,NARROWBODY,TURN_0553,PAIRED_TURN,SIM_AC_0553,2024-01-01_DL_1553,40,45,G124,0.281,28.1%,5.9,1.66,1300,21:40,1309,21:49,1286,21:26,-14.0,Sớm 14p ⚡,1109,18:29,1315,21:55,206,[18:29 ➔ 21:55],True,29,An toàn tuyệt đối (Được bảo vệ)
flight_key_v1_da01919fec883aef6ee17916b6133e99,WN,3655,WN 3655,ARR,MCO,ATL,NARROWBODY,TURN_0706,UNMATCHED_ARR,SIM_AC_0706,2024-01-01_WN_3655,40,45,G154,0.5763,57.6%,5.2,2.99,1300,21:40,1305,21:45,1314,21:54,14.0,Trễ 14p ⏳,1287,21:27,1357,22:37,70,[21:27 ➔ 22:37],True,43,An toàn tuyệt đối (Được bảo vệ)
flight_key_v1_2ccd76e65da04f18ab9f48ddc39cc65b,DL,1011,DL 1011,DEP,ATL,BDL,NARROWBODY,TURN_0558,PAIRED_TURN,SIM_AC_0558,2024-01-01_DL_2720,40,45,G94,0.2382,23.8%,7.2,1.71,1301,21:41,1312,21:52,1292,21:32,-9.0,Sớm 9p ⚡,1110,18:30,1316,21:56,206,[18:30 ➔ 21:56],True,24,An toàn tuyệt đối (Được bảo vệ)
flight_key_v1_b9a946b0d9a5a384641eee8a7bc98a21,DL,2902,DL 2902,ARR,IAD,ATL,WIDEBODY,TURN_0707,UNMATCHED_ARR,SIM_AC_0707,2024-01-01_DL_2902,75,60,G49,0.268,26.8%,1.8,0.49,1302,21:42,1303,21:43,1268,21:08,-34.0,Sớm 34p ⚡,1287,21:27,1392,23:12,105,[21:27 ➔ 23:12],False,124,Hạ cánh sớm hơn đệm (19p)
flight_key_v1_59b08a0186e3585ca62c5cb8a159fe89,9E,5410,9E 5410,DEP,ATL,BMI,WIDEBODY,TURN_0532,PAIRED_TURN,SIM_AC_0532,2024-01-01_9E_5182,75,60,G159,0.2352,23.5%,7.1,1.67,1302,21:42,1313,21:53,1298,21:38,-4.0,Sớm 4p ⚡,1090,18:10,1317,21:57,227,[18:10 ➔ 21:57],True,19,An toàn tuyệt đối (Được bảo vệ)
flight_key_v1_f959d541c791945437e4d715eb6b081e,DL,2049,DL 2049,ARR,DAL,ATL,NARROWBODY,TURN_0641,PAIRED_TURN,SIM_AC_0641,2024-01-01_DL_2049,40,45,G63,0.2734,27.3%,2.2,0.61,1303,21:43,1305,21:45,1299,21:39,-4.0,Sớm 4p ⚡,1288,21:28,1389,23:09,101,[21:28 ➔ 23:09],True,90,An toàn tuyệt đối (Được bảo vệ)
flight_key_v1_c5a74705695b8a11b050b40f604539cb,9E,5259,9E 5259,DEP,ATL,TRI,NARROWBODY,TURN_0571,PAIRED_TURN,SIM_AC_0571,2024-01-01_9E_5080,40,45,G146,0.2352,23.5%,6.0,1.4,1303,21:43,1312,21:52,1298,21:38,-5.0,Sớm 5p ⚡,1130,18:50,1318,21:58,188,[18:50 ➔ 21:58],True,20,An toàn tuyệt đối (Được bảo vệ)
flight_key_v1_9814fb375c7c5f1241de5c6f8e4dade9,DL,324,DL 324,ARR,SFO,ATL,NARROWBODY,TURN_0642,PAIRED_TURN,SIM_AC_0642,2024-01-01_DL_324,40,45,G32,0.3027,30.3%,1.8,0.55,1304,21:44,1305,21:45,1295,21:35,-9.0,Sớm 9p ⚡,1289,21:29,1390,23:10,101,[21:29 ➔ 23:10],True,95,An toàn tuyệt đối (Được bảo vệ)
flight_key_v1_5d72a2db1d86acf0e14627105ca85b48,WN,561,WN 561,DEP,ATL,FLL,NARROWBODY,TURN_0060,PAIRED_TURN,SIM_AC_0060,2024-01-01_WN_561,40,45,G148,0.4594,45.9%,11.1,5.12,1305,21:45,1323,22:03,1308,21:48,3.0,Trễ 3p ⏳,1242,20:42,1322,22:02,80,[20:42 ➔ 22:02],True,14,An toàn tuyệt đối (Được bảo vệ)
flight_key_v1_4ca4878b4f75142a3f16125856ea2223,WN,2354,WN 2354,DEP,ATL,BWI,NARROWBODY,TURN_0616,PAIRED_TURN,SIM_AC_0616,2024-01-01_WN_2194,40,45,G173,0.5268,52.7%,11.9,6.26,1305,21:45,1324,22:04,1311,21:51,6.0,Trễ 6p ⏳,1207,20:07,1322,22:02,115,[20:07 ➔ 22:02],True,11,An toàn tuyệt đối (Được bảo vệ)
flight_key_v1_18bf79fa0aaf189b3130e12d91bb26d0,WN,2830,WN 2830,DEP,ATL,RIC,NARROWBODY,TURN_0039,PAIRED_TURN,SIM_AC_0039,2024-01-01_WN_2830,40,45,G15,0.5115,51.1%,9.9,5.08,1305,21:45,1322,22:02,1311,21:51,6.0,Trễ 6p ⏳,1237,20:37,1322,22:02,85,[20:37 ➔ 22:02],True,11,An toàn tuyệt đối (Được bảo vệ)
flight_key_v1_1e2571bf5c6314b043f683452aa9a858,DL,2997,DL 2997,DEP,ATL,SRQ,WIDEBODY,TURN_0555,PAIRED_TURN,SIM_AC_0555,2024-01-01_DL_1640,75,60,G112,0.2515,25.1%,5.8,1.46,1305,21:45,1314,21:54,1292,21:32,-13.0,Sớm 13p ⚡,1110,18:30,1320,22:00,210,[18:30 ➔ 22:00],True,28,An toàn tuyệt đối (Được bảo vệ)
flight_key_v1_78a39cf8eae6537cf6965d156cb94ca0,WN,3158,WN 3158,DEP,ATL,RSW,NARROWBODY,TURN_0046,PAIRED_TURN,SIM_AC_0046,2024-01-01_WN_3158,40,45,G44,0.54,54.0%,10.8,5.81,1305,21:45,1323,22:03,1308,21:48,3.0,Trễ 3p ⏳,1242,20:42,1322,22:02,80,[20:42 ➔ 22:02],True,14,An toàn tuyệt đối (Được bảo vệ)
flight_key_v1_6b48320aabcd50401199b71a7feda559,DL,2746,DL 2746,DEP,ATL,HOU,NARROWBODY,TURN_0566,PAIRED_TURN,SIM_AC_0566,2024-01-01_DL_2580,40,45,G72,0.244,24.4%,7.2,1.76,1306,21:46,1317,21:57,1308,21:48,2.0,Trễ 2p ⏳,1122,18:42,1321,22:01,199,[18:42 ➔ 22:01],True,13,An toàn tuyệt đối (Được bảo vệ)
flight_key_v1_20389b08eb92227bfd6626ae302d294b,F9,2983,F9 2983,ARR,TTN,ATL,NARROWBODY,TURN_0643,PAIRED_TURN,SIM_AC_0643,2024-01-01_F9_2983,40,45,G08,0.4763,47.6%,6.2,2.98,1306,21:46,1312,21:52,1283,21:23,-23.0,Sớm 23p ⚡,1293,21:33,1378,22:58,85,[21:33 ➔ 22:58],False,95,Hạ cánh sớm hơn đệm (10p)
flight_key_v1_6dd0f6dae7b325f088e2f74413024714,DL,545,DL 545,ARR,LGA,ATL,NARROWBODY,TURN_0644,PAIRED_TURN,SIM_AC_0644,2024-01-01_DL_545,40,45,G07,0.3322,33.2%,1.1,0.36,1307,21:47,1308,21:48,1266,21:06,-41.0,Sớm 41p ⚡,1292,21:32,1390,23:10,98,[21:32 ➔ 23:10],False,124,Hạ cánh sớm hơn đệm (26p)
flight_key_v1_f9179c0f8d61ee94d1a61ffd59b88742,DL,385,DL 385,ARR,BOS,ATL,NARROWBODY,TURN_0645,PAIRED_TURN,SIM_AC_0645,2024-01-01_DL_385,40,45,G04,0.3109,31.1%,2.2,0.69,1308,21:48,1310,21:50,1298,21:38,-10.0,Sớm 10p ⚡,1293,21:33,1390,23:10,97,[21:33 ➔ 23:10],True,92,An toàn tuyệt đối (Được bảo vệ)
flight_key_v1_08663631c90da96f539e87ba515bf89a,NK,3878,NK 3878,ARR,DTW,ATL,NARROWBODY,TURN_0708,UNMATCHED_ARR,SIM_AC_0708,2024-01-01_NK_3878,40,45,G62,0.4916,49.2%,4.5,2.23,1308,21:48,1312,21:52,1317,21:57,9.0,Trễ 9p ⏳,1295,21:35,1365,22:45,70,[21:35 ➔ 22:45],True,48,An toàn tuyệt đối (Được bảo vệ)
flight_key_v1_ccec7b9192034fcaeaf5c2bc8686a970,WN,429,WN 429,DEP,ATL,GSP,NARROWBODY,TURN_0056,PAIRED_TURN,SIM_AC_0056,2024-01-01_WN_429,40,45,G20,0.5762,57.6%,10.8,6.24,1310,21:50,1329,22:09,1318,21:58,8.0,Trễ 8p ⏳,1253,20:53,1328,22:08,75,[20:53 ➔ 22:08],True,10,An toàn tuyệt đối (Được bảo vệ)
flight_key_v1_2442c378c3ba6e558872b7a8c1282c0f,DL,638,DL 638,ARR,SAN,ATL,NARROWBODY,TURN_0646,PAIRED_TURN,SIM_AC_0646,2024-01-01_DL_638,40,45,G14,0.2413,24.1%,0.8,0.2,1310,21:50,1310,21:50,1295,21:35,-15.0,Sớm 15p ⚡,1295,21:35,1390,23:10,95,[21:35 ➔ 23:10],True,95,An toàn tuyệt đối (Được bảo vệ)
flight_key_v1_c91f0982b003b90b0d5f063306e608b7,DL,700,DL 700,ARR,LAX,ATL,NARROWBODY,TURN_0648,PAIRED_TURN,SIM_AC_0648,2024-01-01_DL_700,40,45,G52,0.3117,31.2%,2.2,0.69,1310,21:50,1312,21:52,1284,21:24,-26.0,Sớm 26p ⚡,1295,21:35,1395,23:15,100,[21:35 ➔ 23:15],False,111,Hạ cánh sớm hơn đệm (11p)
flight_key_v1_f172c83b2d6826028c74fd8453ca93fc,WN,938,WN 938,DEP,ATL,MIA,WIDEBODY,TURN_0556,PAIRED_TURN,SIM_AC_0556,2024-01-01_WN_310,75,60,G140,0.5594,55.9%,11.0,6.14,1310,21:50,1328,22:08,1312,21:52,2.0,Trễ 2p ⏳,1112,18:32,1327,22:07,215,[18:32 ➔ 22:07],True,15,An toàn tuyệt đối (Được bảo vệ)
flight_key_v1_28e05103500f188c70f9fcf909714bca,WN,1917,WN 1917,DEP,ATL,SRQ,NARROWBODY,TURN_0020,PAIRED_TURN,SIM_AC_0020,2024-01-01_WN_1917,40,45,G26,0.4686,46.9%,9.9,4.65,1310,21:50,1326,22:06,1309,21:49,-1.0,Sớm 1p ⚡,1252,20:52,1327,22:07,75,[20:52 ➔ 22:07],True,18,An toàn tuyệt đối (Được bảo vệ)
flight_key_v1_c32a90ad17470c5ebf4f370833c5b5b3,WN,2125,WN 2125,DEP,ATL,TPA,NARROWBODY,TURN_0617,PAIRED_TURN,SIM_AC_0617,2024-01-01_WN_1637,40,45,G145,0.4095,40.9%,10.7,4.39,1310,21:50,1326,22:06,1319,21:59,9.0,Trễ 9p ⏳,1206,20:06,1326,22:06,120,[20:06 ➔ 22:06],True,7,An toàn tuyệt đối (Được bảo vệ)
flight_key_v1_acb324ff47feeb867a44c04b06bbf126,DL,2171,DL 2171,ARR,SEA,ATL,NARROWBODY,TURN_0647,PAIRED_TURN,SIM_AC_0647,2024-01-01_DL_2171,40,45,G46,0.3372,33.7%,1.8,0.61,1310,21:50,1311,21:51,1332,22:12,22.0,Trễ 22p ⏳,1295,21:35,1395,23:15,100,[21:35 ➔ 23:15],True,63,An toàn tuyệt đối (Được bảo vệ)
flight_key_v1_1479d2fb8bbde9007195e012979e9823,WN,2470,WN 2470,DEP,ATL,PBI,NARROWBODY,TURN_0036,PAIRED_TURN,SIM_AC_0036,2024-01-01_WN_2470,40,45,G40,0.4722,47.2%,10.8,5.08,1310,21:50,1327,22:07,1326,22:06,16.0,Trễ 16p ⏳,1247,20:47,1327,22:07,80,[20:47 ➔ 22:07],True,1,An toàn tuyệt đối (Được bảo vệ)
flight_key_v1_f83957d83d4888f5561b52d233a5f76b,WN,3467,WN 3467,DEP,ATL,RDU,NARROWBODY,TURN_0050,PAIRED_TURN,SIM_AC_0050,2024-01-01_WN_3467,75,45,G02,0.5326,53.3%,10.3,5.49,1310,21:50,1348,22:28,1310,21:50,0.0,Đúng giờ ✓,1247,20:47,1327,22:07,80,[20:47 ➔ 22:07],True,17,An toàn tuyệt đối (Được bảo vệ)
flight_key_v1_282093793c346e18c90ccc546946871d,AA,763,AA 763,ARR,CLT,ATL,NARROWBODY,TURN_0709,UNMATCHED_ARR,SIM_AC_0709,2024-01-01_AA_763,40,45,G138,0.3726,37.3%,4.1,1.53,1311,21:51,1315,21:55,1357,22:37,46.0,Trễ 46p ⏳,1297,21:37,1367,22:47,70,[21:37 ➔ 22:47],True,10,An toàn tuyệt đối (Được bảo vệ)
flight_key_v1_ab0ef0a3ecd674e039df8bf9e75b8c58,DL,2584,DL 2584,DEP,ATL,ALB,NARROWBODY,TURN_0568,PAIRED_TURN,SIM_AC_0568,2024-01-01_DL_706,40,45,G127,0.3761,37.6%,6.3,2.37,1314,21:54,1326,22:06,1309,21:49,-5.0,Sớm 5p ⚡,1126,18:46,1330,22:10,204,[18:46 ➔ 22:10],True,21,An toàn tuyệt đối (Được bảo vệ)
flight_key_v1_d1434566e56537bdf952e18c5649332f,OO,3689,OO 3689,DEP,ATL,MGM,WIDEBODY,TURN_0849,UNMATCHED_DEP,SIM_AC_0849,2024-01-01_OO_3689,75,60,G155,0.2316,23.2%,5.6,1.31,1314,21:54,1322,22:02,1308,21:48,-6.0,Sớm 6p ⚡,1240,20:40,1330,22:10,90,[20:40 ➔ 22:10],True,22,An toàn tuyệt đối (Được bảo vệ)
flight_key_v1_164b344f5dbfd096bd3dd397903d804a,F9,4103,F9 4103,DEP,ATL,DEN,NARROWBODY,TURN_0622,PAIRED_TURN,SIM_AC_0622,2024-01-01_F9_3781,40,45,G10,0.5787,57.9%,10.4,6.03,1314,21:54,1333,22:13,1350,22:30,36.0,Trễ 36p ⏳,1222,20:22,1332,22:12,110,[20:22 ➔ 22:12],False,-18,Trễ vượt đệm an toàn (+18p)
flight_key_v1_c21f9a0e27bdccfa7f5255d03f73eb3b,WN,1683,WN 1683,DEP,ATL,HOU,NARROWBODY,TURN_0624,PAIRED_TURN,SIM_AC_0624,2024-01-01_WN_3448,40,45,G172,0.5513,55.1%,10.7,5.89,1315,21:55,1333,22:13,1310,21:50,-5.0,Sớm 5p ⚡,1222,20:22,1332,22:12,110,[20:22 ➔ 22:12],True,22,An toàn tuyệt đối (Được bảo vệ)
flight_key_v1_5d4359c80294b5b2502039302af195fe,WN,3452,WN 3452,DEP,ATL,JAX,NARROWBODY,TURN_0048,PAIRED_TURN,SIM_AC_0048,2024-01-01_WN_3452,40,45,G109,0.4605,46.1%,10.4,4.81,1315,21:55,1332,22:12,1337,22:17,22.0,Trễ 22p ⏳,1262,21:02,1332,22:12,70,[21:02 ➔ 22:12],False,-5,Trễ vượt đệm an toàn (+5p)
flight_key_v1_26d402da4fa55682be8a7db13627d456,UA,1640,UA 1640,ARR,IAH,ATL,NARROWBODY,TURN_0710,UNMATCHED_ARR,SIM_AC_0710,2024-01-01_UA_1640,40,45,G61,0.3825,38.2%,4.0,1.54,1316,21:56,1320,22:00,1298,21:38,-18.0,Sớm 18p ⚡,1302,21:42,1372,22:52,70,[21:42 ➔ 22:52],False,74,Hạ cánh sớm hơn đệm (4p)
flight_key_v1_64f45951ee2f1f9e265219c79a943b5d,DL,2923,DL 2923,DEP,ATL,MDT,NARROWBODY,TURN_0574,PAIRED_TURN,SIM_AC_0574,2024-01-01_DL_2776,40,45,G55,0.2958,29.6%,6.1,1.82,1316,21:56,1326,22:06,1302,21:42,-14.0,Sớm 14p ⚡,1134,18:54,1331,22:11,197,[18:54 ➔ 22:11],True,29,An toàn tuyệt đối (Được bảo vệ)
flight_key_v1_4782d6ddc131a8d6f93b33cba46c9964,NK,1082,NK 1082,ARR,MSP,ATL,NARROWBODY,TURN_0711,UNMATCHED_ARR,SIM_AC_0711,2024-01-01_NK_1082,40,45,G19,0.4695,46.9%,4.5,2.13,1319,21:59,1323,22:03,1337,22:17,18.0,Trễ 18p ⏳,1306,21:46,1376,22:56,70,[21:46 ➔ 22:56],True,39,An toàn tuyệt đối (Được bảo vệ)
flight_key_v1_6e422402177fc10ad3855fad8db798fe,DL,2959,DL 2959,DEP,ATL,ICT,NARROWBODY,TURN_0575,PAIRED_TURN,SIM_AC_0575,2024-01-01_DL_1173,40,45,G28,0.2625,26.2%,7.2,1.88,1319,21:59,1330,22:10,1313,21:53,-6.0,Sớm 6p ⚡,1138,18:58,1334,22:14,196,[18:58 ➔ 22:14],True,21,An toàn tuyệt đối (Được bảo vệ)
flight_key_v1_c5ca18547ba8827dc52021d79eac9eb0,DL,2968,DL 2968,DEP,ATL,IND,WIDEBODY,TURN_0562,PAIRED_TURN,SIM_AC_0562,2024-01-01_DL_1568,75,60,G17,0.2316,23.2%,6.1,1.4,1319,21:59,1328,22:08,1318,21:58,-1.0,Sớm 1p ⚡,1118,18:38,1334,22:14,216,[18:38 ➔ 22:14],True,16,An toàn tuyệt đối (Được bảo vệ)
flight_key_v1_a6e6b25433aee92b941b93ec06193e2f,DL,2338,DL 2338,DEP,ATL,ORF,NARROWBODY,TURN_0577,PAIRED_TURN,SIM_AC_0577,2024-01-01_DL_2010,40,45,G74,0.2512,25.1%,8.2,2.07,1320,22:00,1332,22:12,1320,22:00,0.0,Đúng giờ ✓,1141,19:01,1335,22:15,194,[19:01 ➔ 22:15],True,15,An toàn tuyệt đối (Được bảo vệ)
flight_key_v1_43c1653d1c5a6404223117a066418860,WN,2685,WN 2685,ARR,HOU,ATL,NARROWBODY,TURN_0712,UNMATCHED_ARR,SIM_AC_0712,2024-01-01_WN_2685,40,45,G161,0.4712,47.1%,3.7,1.76,1320,22:00,1323,22:03,1323,22:03,3.0,Trễ 3p ⏳,1306,21:46,1376,22:56,70,[21:46 ➔ 22:56],True,53,An toàn tuyệt đối (Được bảo vệ)
flight_key_v1_4aae2731f58fa7bd719731baaaa0b871,AA,2779,AA 2779,ARR,ORD,ATL,NARROWBODY,TURN_0713,UNMATCHED_ARR,SIM_AC_0713,2024-01-01_AA_2779,40,45,G149,0.5059,50.6%,4.9,2.46,1322,22:02,1326,22:06,1329,22:09,7.0,Trễ 7p ⏳,1309,21:49,1379,22:59,70,[21:49 ➔ 22:59],True,50,An toàn tuyệt đối (Được bảo vệ)
flight_key_v1_c5c9381548151180ccbeded4f1ba68ae,DL,896,DL 896,DEP,ATL,SAN,NARROWBODY,TURN_0580,PAIRED_TURN,SIM_AC_0580,2024-01-01_DL_2995,40,45,G88,0.2915,29.1%,6.4,1.86,1323,22:03,1333,22:13,1315,21:55,-8.0,Sớm 8p ⚡,1143,19:03,1338,22:18,195,[19:03 ➔ 22:18],True,23,An toàn tuyệt đối (Được bảo vệ)
flight_key_v1_6311893a75ad68cd5365272fa3327759,NK,386,NK 386,ARR,TPA,ATL,NARROWBODY,TURN_0714,UNMATCHED_ARR,SIM_AC_0714,2024-01-01_NK_386,40,45,G70,0.3674,36.7%,4.8,1.76,1325,22:05,1329,22:09,1315,21:55,-10.0,Sớm 10p ⚡,1311,21:51,1381,23:01,70,[21:51 ➔ 23:01],True,66,An toàn tuyệt đối (Được bảo vệ)
flight_key_v1_d068febafe66130088ae89497a36bfe2,WN,4177,WN 4177,DEP,ATL,MCO,NARROWBODY,TURN_0630,PAIRED_TURN,SIM_AC_0630,2024-01-01_WN_1778,40,45,G174,0.4653,46.5%,10.5,4.89,1325,22:05,1342,22:22,1317,21:57,-8.0,Sớm 8p ⚡,1242,20:42,1342,22:22,100,[20:42 ➔ 22:22],True,25,An toàn tuyệt đối (Được bảo vệ)
flight_key_v1_24b507d23eaaab18f2abbe69a896516e,DL,2615,DL 2615,DEP,ATL,FSD,NARROWBODY,TURN_0581,PAIRED_TURN,SIM_AC_0581,2024-01-01_DL_1660,40,45,G129,0.2886,28.9%,6.9,1.99,1330,22:10,1340,22:20,1317,21:57,-13.0,Sớm 13p ⚡,1147,19:07,1345,22:25,198,[19:07 ➔ 22:25],True,28,An toàn tuyệt đối (Được bảo vệ)
flight_key_v1_37a10251fa5b8bc6843deb53301ae5d2,9E,5112,9E 5112,DEP,ATL,GTR,NARROWBODY,TURN_0573,PAIRED_TURN,SIM_AC_0573,2024-01-01_9E_5137,40,45,G123,0.2932,29.3%,5.7,1.66,1330,22:10,1339,22:19,1324,22:04,-6.0,Sớm 6p ⚡,1132,18:52,1345,22:25,213,[18:52 ➔ 22:25],True,21,An toàn tuyệt đối (Được bảo vệ)
flight_key_v1_69a794c75857ac8eed757585bceb352f,AA,2072,AA 2072,ARR,DFW,ATL,NARROWBODY,TURN_0715,UNMATCHED_ARR,SIM_AC_0715,2024-01-01_AA_2072,40,45,G158,0.4326,43.3%,4.5,1.94,1332,22:12,1336,22:16,1361,22:41,29.0,Trễ 29p ⏳,1318,21:58,1388,23:08,70,[21:58 ➔ 23:08],True,27,An toàn tuyệt đối (Được bảo vệ)
flight_key_v1_507726912101b1d40d3cdaddbb4e1bcb,YX,4623,YX 4623,ARR,DCA,ATL,NARROWBODY,TURN_0716,UNMATCHED_ARR,SIM_AC_0716,2024-01-01_YX_4623,40,45,G110,0.2822,28.2%,0.8,0.23,1333,22:13,1333,22:13,1296,21:36,-37.0,Sớm 37p ⚡,1318,21:58,1388,23:08,70,[21:58 ➔ 23:08],False,92,Hạ cánh sớm hơn đệm (22p)
flight_key_v1_efd9148213111ccf4fe623a7a95df84b,UA,1305,UA 1305,ARR,DEN,ATL,WIDEBODY,TURN_0717,UNMATCHED_ARR,SIM_AC_0717,2024-01-01_UA_1305,75,60,G163,0.3581,35.8%,4.0,1.44,1336,22:16,1340,22:20,1321,22:01,-15.0,Sớm 15p ⚡,1322,22:02,1427,23:47,105,[22:02 ➔ 23:47],False,106,Hạ cánh sớm hơn đệm (1p)
flight_key_v1_972e513c5bfd69e5526959f9ea6e8847,DL,2123,DL 2123,DEP,ATL,SYR,NARROWBODY,TURN_0583,PAIRED_TURN,SIM_AC_0583,2024-01-01_DL_1671,40,45,G156,0.2237,22.4%,6.3,1.41,1336,22:16,1345,22:25,1327,22:07,-9.0,Sớm 9p ⚡,1155,19:15,1351,22:31,196,[19:15 ➔ 22:31],True,24,An toàn tuyệt đối (Được bảo vệ)
flight_key_v1_cedb0e134c3cef7e1713bcc024977427,DL,2512,DL 2512,ARR,JFK,ATL,NARROWBODY,TURN_0649,PAIRED_TURN,SIM_AC_0649,2024-01-01_DL_2512,40,45,G124,0.2957,29.6%,2.2,0.66,1339,22:19,1341,22:21,1308,21:48,-31.0,Sớm 31p ⚡,1324,22:04,1395,23:15,71,[22:04 ➔ 23:15],False,87,Hạ cánh sớm hơn đệm (16p)
flight_key_v1_de9cf48f7479fa98d43dbb71b4cb674c,DL,1293,DL 1293,ARR,MSP,ATL,WIDEBODY,TURN_0718,UNMATCHED_ARR,SIM_AC_0718,2024-01-01_DL_1293,75,60,G66,0.2916,29.2%,1.2,0.36,1341,22:21,1342,22:22,1316,21:56,-25.0,Sớm 25p ⚡,1326,22:06,1431,23:51,105,[22:06 ➔ 23:51],False,115,Hạ cánh sớm hơn đệm (10p)
flight_key_v1_0b257e265c6ef5789de493c580f2146d,DL,805,DL 805,DEP,ATL,LAS,NARROWBODY,TURN_0584,PAIRED_TURN,SIM_AC_0584,2024-01-01_DL_32,40,45,G64,0.3675,36.8%,7.5,2.74,1345,22:25,1358,22:38,1338,22:18,-7.0,Sớm 7p ⚡,1157,19:17,1361,22:41,204,[19:17 ➔ 22:41],True,23,An toàn tuyệt đối (Được bảo vệ)
flight_key_v1_385b881c49207a56ed9fdc7dad59b769,DL,1162,DL 1162,DEP,ATL,MCO,NARROWBODY,TURN_0587,PAIRED_TURN,SIM_AC_0587,2024-01-01_DL_2993,40,45,G120,0.2759,27.6%,7.6,2.09,1345,22:25,1356,22:36,1338,22:18,-7.0,Sớm 7p ⚡,1163,19:23,1360,22:40,197,[19:23 ➔ 22:40],True,22,An toàn tuyệt đối (Được bảo vệ)
flight_key_v1_61535dda972e973dd9be43eca3a1390b,DL,2133,DL 2133,DEP,ATL,RIC,NARROWBODY,TURN_0588,PAIRED_TURN,SIM_AC_0588,2024-01-01_DL_884,40,45,G78,0.3313,33.1%,5.9,1.95,1345,22:25,1355,22:35,1341,22:21,-4.0,Sớm 4p ⚡,1169,19:29,1360,22:40,191,[19:29 ➔ 22:40],True,19,An toàn tuyệt đối (Được bảo vệ)
flight_key_v1_33cc9e244c1c2f214af19896645353bc,DL,2361,DL 2361,DEP,ATL,GNV,NARROWBODY,TURN_0586,PAIRED_TURN,SIM_AC_0586,2024-01-01_DL_488,40,45,G56,0.3138,31.4%,5.9,1.85,1345,22:25,1355,22:35,1407,23:27,62.0,Trễ 62p ⏳,1160,19:20,1360,22:40,200,[19:20 ➔ 22:40],False,-47,Trễ vượt đệm an toàn (+47p)
flight_key_v1_c3ced3d7a4d301977b387ce1b9b1bea6,DL,2642,DL 2642,DEP,ATL,PHL,NARROWBODY,TURN_0589,PAIRED_TURN,SIM_AC_0589,2024-01-01_DL_2418,40,45,G86,0.2316,23.2%,6.1,1.42,1345,22:25,1354,22:34,1344,22:24,-1.0,Sớm 1p ⚡,1171,19:31,1360,22:40,189,[19:31 ➔ 22:40],True,16,An toàn tuyệt đối (Được bảo vệ)
flight_key_v1_c871175a3fa6ec296f03de56faa7ea9f,DL,2861,DL 2861,DEP,ATL,CMH,NARROWBODY,TURN_0591,PAIRED_TURN,SIM_AC_0591,2024-01-01_DL_796,40,45,G16,0.2373,23.7%,6.1,1.44,1345,22:25,1355,22:35,1336,22:16,-9.0,Sớm 9p ⚡,1176,19:36,1360,22:40,184,[19:36 ➔ 22:40],True,24,An toàn tuyệt đối (Được bảo vệ)
flight_key_v1_77dd626f21f697b7d38507036a450744,NK,226,NK 226,ARR,FLL,ATL,NARROWBODY,TURN_0719,UNMATCHED_ARR,SIM_AC_0719,2024-01-01_NK_226,40,45,G77,0.4562,45.6%,5.2,2.36,1346,22:26,1351,22:31,1370,22:50,24.0,Trễ 24p ⏳,1333,22:13,1403,23:23,70,[22:13 ➔ 23:23],True,33,An toàn tuyệt đối (Được bảo vệ)
flight_key_v1_639d650437b83f5e6d85606e18e2b411,9E,5129,9E 5129,DEP,ATL,LFT,NARROWBODY,TURN_0578,PAIRED_TURN,SIM_AC_0578,2024-01-01_9E_4983,40,45,G170,0.2538,25.4%,5.9,1.5,1347,22:27,1356,22:36,1323,22:03,-24.0,Sớm 24p ⚡,1142,19:02,1362,22:42,220,[19:02 ➔ 22:42],True,39,An toàn tuyệt đối (Được bảo vệ)
flight_key_v1_fe8e98f63df8fa10bc39cff821b01485,DL,1012,DL 1012,DEP,ATL,ECP,NARROWBODY,TURN_0592,PAIRED_TURN,SIM_AC_0592,2024-01-01_DL_1334,40,45,G150,0.2738,27.4%,6.6,1.8,1349,22:29,1359,22:39,1346,22:26,-3.0,Sớm 3p ⚡,1176,19:36,1364,22:44,188,[19:36 ➔ 22:44],True,18,An toàn tuyệt đối (Được bảo vệ)
flight_key_v1_4c257f8c96cffea640467e51ae75e511,DL,2501,DL 2501,DEP,ATL,MEM,NARROWBODY,TURN_0594,PAIRED_TURN,SIM_AC_0594,2024-01-01_DL_945,40,45,G85,0.3177,31.8%,5.9,1.87,1349,22:29,1359,22:39,1342,22:22,-7.0,Sớm 7p ⚡,1182,19:42,1364,22:44,182,[19:42 ➔ 22:44],True,22,An toàn tuyệt đối (Được bảo vệ)
flight_key_v1_3b0da26adf8c07b734b9171c948b653c,DL,2850,DL 2850,DEP,ATL,CHS,NARROWBODY,TURN_0593,PAIRED_TURN,SIM_AC_0593,2024-01-01_DL_1110,40,45,G35,0.2247,22.5%,5.7,1.29,1349,22:29,1357,22:37,1339,22:19,-10.0,Sớm 10p ⚡,1181,19:41,1364,22:44,183,[19:41 ➔ 22:44],True,25,An toàn tuyệt đối (Được bảo vệ)
flight_key_v1_1aa358e3cf4292ccf6e067e9f6f89fd1,DL,865,DL 865,DEP,ATL,BOS,WIDEBODY,TURN_0569,PAIRED_TURN,SIM_AC_0569,2024-01-01_DL_2925,75,60,G151,0.239,23.9%,7.1,1.69,1350,22:30,1361,22:41,1343,22:23,-7.0,Sớm 7p ⚡,1126,18:46,1365,22:45,239,[18:46 ➔ 22:45],True,22,An toàn tuyệt đối (Được bảo vệ)
flight_key_v1_d7081ff1702f799866d805d2c0bcdb2d,DL,956,DL 956,DEP,ATL,DEN,NARROWBODY,TURN_0597,PAIRED_TURN,SIM_AC_0597,2024-01-01_DL_787,40,45,G134,0.2337,23.4%,6.7,1.57,1350,22:30,1360,22:40,1347,22:27,-3.0,Sớm 3p ⚡,1184,19:44,1365,22:45,181,[19:44 ➔ 22:45],True,18,An toàn tuyệt đối (Được bảo vệ)
flight_key_v1_5f898579d9f6aec6fcdfe1a4cc598828,DL,2239,DL 2239,DEP,ATL,FLL,NARROWBODY,TURN_0598,PAIRED_TURN,SIM_AC_0598,2024-01-01_DL_1347,40,45,G83,0.2352,23.5%,6.9,1.63,1350,22:30,1360,22:40,1346,22:26,-4.0,Sớm 4p ⚡,1184,19:44,1365,22:45,181,[19:44 ➔ 22:45],True,19,An toàn tuyệt đối (Được bảo vệ)
flight_key_v1_e012cf3203bf3b02b1ad1c3095c6c076,DL,2372,DL 2372,DEP,ATL,ROA,NARROWBODY,TURN_0596,PAIRED_TURN,SIM_AC_0596,2024-01-01_DL_1029,40,45,G144,0.2936,29.4%,6.1,1.78,1350,22:30,1360,22:40,1343,22:23,-7.0,Sớm 7p ⚡,1184,19:44,1365,22:45,181,[19:44 ➔ 22:45],True,22,An toàn tuyệt đối (Được bảo vệ)
flight_key_v1_4f94258bcd1c7c90b32aeae1185ca08c,DL,2940,DL 2940,DEP,ATL,DTW,NARROWBODY,TURN_0602,PAIRED_TURN,SIM_AC_0602,2024-01-01_DL_1128,40,45,G115,0.269,26.9%,6.1,1.65,1350,22:30,1360,22:40,1349,22:29,-1.0,Sớm 1p ⚡,1194,19:54,1365,22:45,171,[19:54 ➔ 22:45],True,16,An toàn tuyệt đối (Được bảo vệ)
flight_key_v1_32cf146242549b4f0ceaaf3b9c6ad87f,DL,1292,DL 1292,DEP,ATL,EWR,NARROWBODY,TURN_0603,PAIRED_TURN,SIM_AC_0603,2024-01-01_DL_1386,40,45,G126,0.3242,32.4%,6.1,1.99,1351,22:31,1362,22:42,1348,22:28,-3.0,Sớm 3p ⚡,1194,19:54,1366,22:46,172,[19:54 ➔ 22:46],True,18,An toàn tuyệt đối (Được bảo vệ)
flight_key_v1_997ee0d60ed2714d4cbe48527c2df1af,DL,2117,DL 2117,DEP,ATL,OMA,WIDEBODY,TURN_0576,PAIRED_TURN,SIM_AC_0576,2024-01-01_DL_2271,75,60,G114,0.2629,26.3%,6.9,1.81,1351,22:31,1361,22:41,1338,22:18,-13.0,Sớm 13p ⚡,1140,19:00,1366,22:46,226,[19:00 ➔ 22:46],True,28,An toàn tuyệt đối (Được bảo vệ)
flight_key_v1_07b5029526d03b03a70b24da6beb47a9,DL,2395,DL 2395,DEP,ATL,CVG,NARROWBODY,TURN_0604,PAIRED_TURN,SIM_AC_0604,2024-01-01_DL_512,40,45,G106,0.3152,31.5%,6.1,1.91,1353,22:33,1364,22:44,1349,22:29,-4.0,Sớm 4p ⚡,1195,19:55,1368,22:48,173,[19:55 ➔ 22:48],True,19,An toàn tuyệt đối (Được bảo vệ)
flight_key_v1_e8992c7d2fbbed28617a3c31c96ae1b6,DL,2590,DL 2590,DEP,ATL,BWI,NARROWBODY,TURN_0606,PAIRED_TURN,SIM_AC_0606,2024-01-01_DL_1742,40,45,G60,0.3032,30.3%,6.0,1.83,1354,22:34,1365,22:45,1347,22:27,-7.0,Sớm 7p ⚡,1197,19:57,1369,22:49,172,[19:57 ➔ 22:49],True,22,An toàn tuyệt đối (Được bảo vệ)
flight_key_v1_8eb6b406557c743fd09c9a77103480da,DL,1217,DL 1217,DEP,ATL,RSW,NARROWBODY,TURN_0610,PAIRED_TURN,SIM_AC_0610,2024-01-01_DL_1548,40,45,G90,0.3176,31.8%,6.2,1.98,1355,22:35,1366,22:46,1367,22:47,12.0,Trễ 12p ⏳,1199,19:59,1370,22:50,171,[19:59 ➔ 22:50],True,3,An toàn tuyệt đối (Được bảo vệ)
flight_key_v1_6695166e615ab9ff1934f41ca13c81cb,DL,1310,DL 1310,DEP,ATL,MSP,NARROWBODY,TURN_0611,PAIRED_TURN,SIM_AC_0611,2024-01-01_DL_809,40,45,G130,0.2307,23.1%,7.4,1.7,1355,22:35,1365,22:45,1353,22:33,-2.0,Sớm 2p ⚡,1200,20:00,1370,22:50,170,[20:00 ➔ 22:50],True,17,An toàn tuyệt đối (Được bảo vệ)
flight_key_v1_c412751f77d985fd5ea746da27185f43,DL,1508,DL 1508,DEP,ATL,SAT,NARROWBODY,TURN_0607,PAIRED_TURN,SIM_AC_0607,2024-01-01_DL_904,40,45,G96,0.2406,24.1%,6.3,1.53,1355,22:35,1365,22:45,1357,22:37,2.0,Trễ 2p ⏳,1197,19:57,1370,22:50,173,[19:57 ➔ 22:50],True,13,An toàn tuyệt đối (Được bảo vệ)
flight_key_v1_b727bb8e103bead2185b0daeec90b64c,DL,2091,DL 2091,DEP,ATL,DAB,NARROWBODY,TURN_0608,PAIRED_TURN,SIM_AC_0608,2024-01-01_DL_2053,40,45,G31,0.3513,35.1%,5.9,2.07,1355,22:35,1365,22:45,1344,22:24,-11.0,Sớm 11p ⚡,1198,19:58,1370,22:50,172,[19:58 ➔ 22:50],True,26,An toàn tuyệt đối (Được bảo vệ)
flight_key_v1_913c61d0713c37f57a3623c4e17e1a1d,DL,2472,DL 2472,DEP,ATL,ROC,NARROWBODY,TURN_0609,PAIRED_TURN,SIM_AC_0609,2024-01-01_DL_2479,40,45,G108,0.443,44.3%,6.4,2.83,1355,22:35,1368,22:48,1351,22:31,-4.0,Sớm 4p ⚡,1199,19:59,1371,22:51,172,[19:59 ➔ 22:51],True,20,An toàn tuyệt đối (Được bảo vệ)
flight_key_v1_1d57ec998aa43877dca94784d243b044,DL,2624,DL 2624,DEP,ATL,SDF,NARROWBODY,TURN_0612,PAIRED_TURN,SIM_AC_0612,2024-01-01_DL_1362,40,45,G99,0.2463,24.6%,5.9,1.45,1355,22:35,1364,22:44,1346,22:26,-9.0,Sớm 9p ⚡,1200,20:00,1370,22:50,170,[20:00 ➔ 22:50],True,24,An toàn tuyệt đối (Được bảo vệ)
flight_key_v1_88ec819fa17cf074d7f159ba304d2a3b,DL,2749,DL 2749,DEP,ATL,BHM,NARROWBODY,TURN_0615,PAIRED_TURN,SIM_AC_0615,2024-01-01_DL_2191,40,45,G167,0.2626,26.3%,5.9,1.55,1355,22:35,1364,22:44,1351,22:31,-4.0,Sớm 4p ⚡,1204,20:04,1370,22:50,166,[20:04 ➔ 22:50],True,19,An toàn tuyệt đối (Được bảo vệ)
flight_key_v1_06c300e8d806b91e090e762af1305e2d,DL,2807,DL 2807,DEP,ATL,JAN,NARROWBODY,TURN_0614,PAIRED_TURN,SIM_AC_0614,2024-01-01_DL_874,40,45,G135,0.2915,29.1%,5.9,1.72,1355,22:35,1364,22:44,1349,22:29,-6.0,Sớm 6p ⚡,1203,20:03,1370,22:50,167,[20:03 ➔ 22:50],True,21,An toàn tuyệt đối (Được bảo vệ)
flight_key_v1_a242c5fc0db4ba92bdcbbf89d6c81088,DL,1495,DL 1495,DEP,ATL,PBI,NARROWBODY,TURN_0618,PAIRED_TURN,SIM_AC_0618,2024-01-01_DL_329,40,45,G103,0.3078,30.8%,6.8,2.1,1358,22:38,1369,22:49,1356,22:36,-2.0,Sớm 2p ⚡,1205,20:05,1373,22:53,168,[20:05 ➔ 22:53],True,17,An toàn tuyệt đối (Được bảo vệ)
flight_key_v1_658e81030598557848a3348d11f97b11,DL,1601,DL 1601,DEP,ATL,IAH,WIDEBODY,TURN_0579,PAIRED_TURN,SIM_AC_0579,2024-01-01_DL_337,75,60,G38,0.3014,30.1%,6.2,1.87,1360,22:40,1371,22:51,1374,22:54,14.0,Trễ 14p ⏳,1143,19:03,1375,22:55,232,[19:03 ➔ 22:55],True,1,An toàn tuyệt đối (Được bảo vệ)
flight_key_v1_137f7cde5c368fb1fd9e59ff01e68569,DL,2276,DL 2276,DEP,ATL,JAX,NARROWBODY,TURN_0619,PAIRED_TURN,SIM_AC_0619,2024-01-01_DL_2340,40,45,G101,0.2558,25.6%,6.3,1.62,1360,22:40,1370,22:50,1355,22:35,-5.0,Sớm 5p ⚡,1205,20:05,1375,22:55,170,[20:05 ➔ 22:55],True,20,An toàn tuyệt đối (Được bảo vệ)
flight_key_v1_18ebe13230fc229a4c132e6fb38066d4,9E,5346,9E 5346,DEP,ATL,LEX,NARROWBODY,TURN_0582,PAIRED_TURN,SIM_AC_0582,2024-01-01_9E_5389,40,45,G162,0.2741,27.4%,5.8,1.59,1360,22:40,1369,22:49,1356,22:36,-4.0,Sớm 4p ⚡,1149,19:09,1375,22:55,226,[19:09 ➔ 22:55],True,19,An toàn tuyệt đối (Được bảo vệ)
flight_key_v1_ec81253af84bd80ad7ebd255c4ae9b60,AA,809,AA 809,ARR,PHX,ATL,NARROWBODY,TURN_0720,UNMATCHED_ARR,SIM_AC_0720,2024-01-01_AA_809,40,45,G141,0.3652,36.5%,3.6,1.32,1361,22:41,1364,22:44,1355,22:35,-6.0,Sớm 6p ⚡,1347,22:27,1417,23:37,70,[22:27 ➔ 23:37],True,62,An toàn tuyệt đối (Được bảo vệ)
flight_key_v1_43d17c1fc8dc6749ad24ab8c40fd3636,F9,3603,F9 3603,ARR,CLE,ATL,NARROWBODY,TURN_0721,UNMATCHED_ARR,SIM_AC_0721,2024-01-01_F9_3603,40,45,G03,0.4809,48.1%,5.9,2.82,1361,22:41,1366,22:46,1397,23:17,36.0,Trễ 36p ⏳,1348,22:28,1418,23:38,70,[22:28 ➔ 23:38],True,21,An toàn tuyệt đối (Được bảo vệ)
flight_key_v1_8aec5c8af88537cd841b7db70b2eedb9,F9,4559,F9 4559,DEP,ATL,LAS,NARROWBODY,TURN_0643,PAIRED_TURN,SIM_AC_0643,2024-01-01_F9_2983,40,45,G08,0.4763,47.6%,11.2,5.33,1361,22:41,1379,22:59,1323,22:03,104.0,Trễ 104p ⏳,1293,21:33,1378,22:58,85,[21:33 ➔ 22:58],True,55,An toàn tuyệt đối (Được bảo vệ)
flight_key_v1_ff7cdbc6a40409c08b3e25f35c7e0ae0,DL,1037,DL 1037,DEP,ATL,FAY,NARROWBODY,TURN_0623,PAIRED_TURN,SIM_AC_0623,2024-01-01_DL_1254,40,45,G80,0.3216,32.2%,5.9,1.9,1363,22:43,1373,22:53,1360,22:40,-3.0,Sớm 3p ⚡,1219,20:19,1378,22:58,159,[20:19 ➔ 22:58],True,18,An toàn tuyệt đối (Được bảo vệ)
flight_key_v1_e2ac6c8c211fafbcad956fc60502e25a,DL,2307,DL 2307,DEP,ATL,GSO,NARROWBODY,TURN_0620,PAIRED_TURN,SIM_AC_0620,2024-01-01_DL_2044,40,45,G34,0.3044,30.4%,5.9,1.8,1363,22:43,1373,22:53,1361,22:41,-2.0,Sớm 2p ⚡,1205,20:05,1378,22:58,173,[20:05 ➔ 22:58],True,17,An toàn tuyệt đối (Được bảo vệ)
flight_key_v1_67817aba229c0b715897bab9b092a7d9,DL,1335,DL 1335,DEP,ATL,AUS,NARROWBODY,TURN_0627,PAIRED_TURN,SIM_AC_0627,2024-01-01_DL_786,40,45,G136,0.2333,23.3%,7.0,1.62,1364,22:44,1373,22:53,1373,22:53,9.0,Trễ 9p ⏳,1232,20:32,1379,22:59,147,[20:32 ➔ 22:59],True,6,An toàn tuyệt đối (Được bảo vệ)
flight_key_v1_cdce43ab780223c7fdac6f4fd750f924,DL,2344,DL 2344,DEP,ATL,LIT,NARROWBODY,TURN_0626,PAIRED_TURN,SIM_AC_0626,2024-01-01_DL_1608,40,45,G30,0.2721,27.2%,5.9,1.61,1364,22:44,1373,22:53,1352,22:32,-12.0,Sớm 12p ⚡,1227,20:27,1379,22:59,152,[20:27 ➔ 22:59],True,27,An toàn tuyệt đối (Được bảo vệ)
flight_key_v1_9441a027d078764d4dc1854b98c22f61,DL,818,DL 818,DEP,ATL,DFW,NARROWBODY,TURN_0631,PAIRED_TURN,SIM_AC_0631,2024-01-01_DL_2862,40,45,G98,0.2574,25.7%,7.5,1.94,1365,22:45,1376,22:56,1361,22:41,-4.0,Sớm 4p ⚡,1245,20:45,1381,23:01,136,[20:45 ➔ 23:01],True,20,An toàn tuyệt đối (Được bảo vệ)
flight_key_v1_725d68121dabe2c50562e1a12b3b0260,DL,1423,DL 1423,DEP,ATL,ORD,NARROWBODY,TURN_0632,PAIRED_TURN,SIM_AC_0632,2024-01-01_DL_2364,40,45,G175,0.3127,31.3%,7.8,2.45,1365,22:45,1377,22:57,1359,22:39,-6.0,Sớm 6p ⚡,1252,20:52,1381,23:01,129,[20:52 ➔ 23:01],True,22,An toàn tuyệt đối (Được bảo vệ)
flight_key_v1_846a431a8e36386b7605830c7feeadf9,DL,2029,DL 2029,DEP,ATL,MOB,NARROWBODY,TURN_0634,PAIRED_TURN,SIM_AC_0634,2024-01-01_DL_804,40,45,G21,0.3906,39.1%,5.9,2.3,1365,22:45,1376,22:56,1356,22:36,-9.0,Sớm 9p ⚡,1261,21:01,1381,23:01,120,[21:01 ➔ 23:01],True,25,An toàn tuyệt đối (Được bảo vệ)
flight_key_v1_ac2eeac6f53238c1f139c2924ff81aba,DL,2043,DL 2043,DEP,ATL,TUL,WIDEBODY,TURN_0601,PAIRED_TURN,SIM_AC_0601,2024-01-01_DL_988,75,60,G43,0.2469,24.7%,6.3,1.56,1365,22:45,1375,22:55,1362,22:42,-3.0,Sớm 3p ⚡,1187,19:47,1380,23:00,193,[19:47 ➔ 23:00],True,18,An toàn tuyệt đối (Được bảo vệ)
flight_key_v1_bd6f424a387bc7638a50954991c3c662,DL,2068,DL 2068,DEP,ATL,BTR,NARROWBODY,TURN_0628,PAIRED_TURN,SIM_AC_0628,2024-01-01_DL_314,40,45,G84,0.4052,40.5%,5.9,2.39,1365,22:45,1376,22:56,1356,22:36,-9.0,Sớm 9p ⚡,1234,20:34,1380,23:00,146,[20:34 ➔ 23:00],True,24,An toàn tuyệt đối (Được bảo vệ)
flight_key_v1_aef501c0850e13412e62eacf2f873f9b,DL,2211,DL 2211,DEP,ATL,CLE,WIDEBODY,TURN_0590,PAIRED_TURN,SIM_AC_0590,2024-01-01_DL_938,75,60,G81,0.3255,32.6%,7.7,2.49,1365,22:45,1377,22:57,1358,22:38,-7.0,Sớm 7p ⚡,1172,19:32,1380,23:00,208,[19:32 ➔ 23:00],True,22,An toàn tuyệt đối (Được bảo vệ)
flight_key_v1_35820ca62cdcb24c3cf2f67e5e3e03a4,DL,2819,DL 2819,DEP,ATL,CLT,NARROWBODY,TURN_0633,PAIRED_TURN,SIM_AC_0633,2024-01-01_DL_555,40,45,G166,0.3579,35.8%,6.0,2.16,1365,22:45,1376,22:56,1359,22:39,-6.0,Sớm 6p ⚡,1256,20:56,1381,23:01,125,[20:56 ➔ 23:01],True,22,An toàn tuyệt đối (Được bảo vệ)
flight_key_v1_251ce540f62ca57093ebeba3c247d68b,DL,2970,DL 2970,DEP,ATL,MKE,WIDEBODY,TURN_0605,PAIRED_TURN,SIM_AC_0605,2024-01-01_DL_1602,75,60,G121,0.4033,40.3%,6.8,2.75,1365,22:45,1377,22:57,1356,22:36,-9.0,Sớm 9p ⚡,1196,19:56,1381,23:01,185,[19:56 ➔ 23:01],True,25,An toàn tuyệt đối (Được bảo vệ)
flight_key_v1_777d0c3394c677c182bbbb692ba25d88,DL,2212,DL 2212,DEP,ATL,GSP,NARROWBODY,TURN_0635,PAIRED_TURN,SIM_AC_0635,2024-01-01_DL_2735,40,45,G118,0.2691,26.9%,5.9,1.59,1369,22:49,1378,22:58,1362,22:42,-7.0,Sớm 7p ⚡,1265,21:05,1384,23:04,119,[21:05 ➔ 23:04],True,22,An toàn tuyệt đối (Được bảo vệ)
flight_key_v1_303a20295e7bfa7766c9ac38ad712b46,WN,1582,WN 1582,ARR,STL,ATL,NARROWBODY,TURN_0722,UNMATCHED_ARR,SIM_AC_0722,2024-01-01_WN_1582,40,45,G153,0.4921,49.2%,3.7,1.84,1370,22:50,1373,22:53,1365,22:45,-5.0,Sớm 5p ⚡,1356,22:36,1426,23:46,70,[22:36 ➔ 23:46],True,61,An toàn tuyệt đối (Được bảo vệ)
flight_key_v1_314cab7643bf9da235b70e29dcc96bd4,NK,2063,NK 2063,DEP,ATL,MCO,WIDEBODY,TURN_0850,UNMATCHED_DEP,SIM_AC_0850,2024-01-01_NK_2063,75,60,G73,0.3137,31.4%,15.8,4.97,1370,22:50,1390,23:10,1396,23:16,26.0,Trễ 26p ⏳,1299,21:39,1389,23:09,90,[21:39 ➔ 23:09],False,-7,Trễ vượt đệm an toàn (+7p)
flight_key_v1_608e4cbb80bf58716171fe3db9b55a08,DL,2327,DL 2327,DEP,ATL,CHA,NARROWBODY,TURN_0637,PAIRED_TURN,SIM_AC_0637,2024-01-01_DL_905,40,45,G22,0.3012,30.1%,5.9,1.78,1370,22:50,1380,23:00,1363,22:43,-7.0,Sớm 7p ⚡,1279,21:19,1385,23:05,106,[21:19 ➔ 23:05],True,22,An toàn tuyệt đối (Được bảo vệ)
flight_key_v1_b3f3bdd7b7badeae5cc527e5780743fa,DL,2549,DL 2549,DEP,ATL,IAD,NARROWBODY,TURN_0636,PAIRED_TURN,SIM_AC_0636,2024-01-01_DL_2106,40,45,G157,0.2571,25.7%,6.1,1.58,1370,22:50,1380,23:00,1375,22:55,5.0,Trễ 5p ⏳,1269,21:09,1385,23:05,116,[21:09 ➔ 23:05],True,10,An toàn tuyệt đối (Được bảo vệ)
flight_key_v1_485525b51e142c83fa73c72cf32cbdfa,DL,2603,DL 2603,DEP,ATL,PIT,NARROWBODY,TURN_0638,PAIRED_TURN,SIM_AC_0638,2024-01-01_DL_374,40,45,G01,0.2802,28.0%,8.0,2.25,1370,22:50,1382,23:02,1373,22:53,3.0,Trễ 3p ⏳,1280,21:20,1385,23:05,105,[21:20 ➔ 23:05],True,12,An toàn tuyệt đối (Được bảo vệ)
flight_key_v1_22a0c9227354f00ff63ca82eeacefc3d,DL,2860,DL 2860,DEP,ATL,SAV,NARROWBODY,TURN_0639,PAIRED_TURN,SIM_AC_0639,2024-01-01_DL_352,40,45,G33,0.2425,24.2%,6.2,1.49,1371,22:51,1381,23:01,1361,22:41,-10.0,Sớm 10p ⚡,1283,21:23,1386,23:06,103,[21:23 ➔ 23:06],True,25,An toàn tuyệt đối (Được bảo vệ)
flight_key_v1_ba8429c2f04fa55927a5d5598c4b75f2,DL,2504,DL 2504,DEP,ATL,TLH,NARROWBODY,TURN_0640,PAIRED_TURN,SIM_AC_0640,2024-01-01_DL_2639,40,45,G42,0.3976,39.8%,5.9,2.35,1372,22:52,1383,23:03,1365,22:45,-7.0,Sớm 7p ⚡,1284,21:24,1387,23:07,103,[21:24 ➔ 23:07],True,22,An toàn tuyệt đối (Được bảo vệ)
flight_key_v1_ad5b7291e9c2719509263d1b40adfede,DL,2196,DL 2196,DEP,ATL,RDU,NARROWBODY,TURN_0641,PAIRED_TURN,SIM_AC_0641,2024-01-01_DL_2049,40,45,G63,0.2734,27.3%,6.6,1.81,1374,22:54,1384,23:04,1368,22:48,-6.0,Sớm 6p ⚡,1288,21:28,1389,23:09,101,[21:28 ➔ 23:09],True,21,An toàn tuyệt đối (Được bảo vệ)
flight_key_v1_7620247d85e71dc540d574d2833c0adf,OO,3700,OO 3700,DEP,ATL,AGS,NARROWBODY,TURN_0851,UNMATCHED_DEP,SIM_AC_0851,2024-01-01_OO_3700,40,45,G27,0.2316,23.2%,5.8,1.33,1374,22:54,1382,23:02,1369,22:49,-5.0,Sớm 5p ⚡,1315,21:55,1390,23:10,75,[21:55 ➔ 23:10],True,21,An toàn tuyệt đối (Được bảo vệ)
flight_key_v1_69d6b0eb7ea88bb17f0e347900ffaba1,NK,388,NK 388,DEP,ATL,TPA,NARROWBODY,TURN_0621,PAIRED_TURN,SIM_AC_0621,2024-01-01_NK_2721,40,45,G54,0.4241,42.4%,15.7,6.67,1375,22:55,1396,23:16,1380,23:00,5.0,Trễ 5p ⏳,1210,20:10,1392,23:12,182,[20:10 ➔ 23:12],True,12,An toàn tuyệt đối (Được bảo vệ)
flight_key_v1_caef80b7e0084fe364a61a6639694ac8,DL,1253,DL 1253,DEP,ATL,TPA,NARROWBODY,TURN_0646,PAIRED_TURN,SIM_AC_0646,2024-01-01_DL_638,40,45,G14,0.2413,24.1%,7.1,1.72,1375,22:55,1386,23:06,1383,23:03,8.0,Trễ 8p ⏳,1295,21:35,1390,23:10,95,[21:35 ➔ 23:10],True,7,An toàn tuyệt đối (Được bảo vệ)
flight_key_v1_f26979e1ecae8bee8b1985c85357082b,DL,2139,DL 2139,DEP,ATL,CAE,NARROWBODY,TURN_0644,PAIRED_TURN,SIM_AC_0644,2024-01-01_DL_545,40,45,G07,0.3322,33.2%,5.9,1.96,1375,22:55,1385,23:05,1359,22:39,-16.0,Sớm 16p ⚡,1292,21:32,1390,23:10,98,[21:32 ➔ 23:10],True,31,An toàn tuyệt đối (Được bảo vệ)
flight_key_v1_4a31ba917997796c92cd56e0ac60d4f3,DL,2369,DL 2369,DEP,ATL,BNA,NARROWBODY,TURN_0645,PAIRED_TURN,SIM_AC_0645,2024-01-01_DL_385,40,45,G04,0.3109,31.1%,5.9,1.83,1375,22:55,1385,23:05,1368,22:48,-7.0,Sớm 7p ⚡,1293,21:33,1390,23:10,97,[21:33 ➔ 23:10],True,22,An toàn tuyệt đối (Được bảo vệ)
flight_key_v1_18a9a5b59a469371e1d25e7cee4f38f2,DL,2732,DL 2732,DEP,ATL,STL,NARROWBODY,TURN_0642,PAIRED_TURN,SIM_AC_0642,2024-01-01_DL_324,40,45,G32,0.3027,30.3%,6.8,2.06,1375,22:55,1386,23:06,1386,23:06,11.0,Trễ 11p ⏳,1289,21:29,1390,23:10,101,[21:29 ➔ 23:10],True,4,An toàn tuyệt đối (Được bảo vệ)
flight_key_v1_001c5e86fadf4c2e26754de7a9c410e7,DL,953,DL 953,ARR,DFW,ATL,NARROWBODY,TURN_0723,UNMATCHED_ARR,SIM_AC_0723,2024-01-01_DL_953,40,45,G36,0.28,28.0%,2.2,0.62,1377,22:57,1379,22:59,1359,22:39,-18.0,Sớm 18p ⚡,1362,22:42,1432,23:52,70,[22:42 ➔ 23:52],False,73,Hạ cánh sớm hơn đệm (3p)
flight_key_v1_4bdee7a45acedf2dc7975c515a6a52eb,F9,1101,F9 1101,ARR,PHL,ATL,NARROWBODY,TURN_0724,UNMATCHED_ARR,SIM_AC_0724,2024-01-01_F9_1101,40,45,G51,0.4768,47.7%,3.7,1.78,1377,22:57,1380,23:00,1345,22:25,-32.0,Sớm 32p ⚡,1363,22:43,1433,23:53,70,[22:43 ➔ 23:53],False,88,Hạ cánh sớm hơn đệm (18p)
flight_key_v1_8eeb9684c36b13fc9183394b25edcf1f,DL,1791,DL 1791,ARR,SJU,ATL,NARROWBODY,TURN_0725,UNMATCHED_ARR,SIM_AC_0725,2024-01-01_DL_1791,40,45,G117,0.2516,25.2%,3.0,0.75,1377,22:57,1379,22:59,1369,22:49,-8.0,Sớm 8p ⚡,1362,22:42,1432,23:52,70,[22:42 ➔ 23:52],True,63,An toàn tuyệt đối (Được bảo vệ)
flight_key_v1_d587ef0fc69b891530e0028b56fb0b04,F9,3309,F9 3309,ARR,SJU,ATL,WIDEBODY,TURN_0726,UNMATCHED_ARR,SIM_AC_0726,2024-01-01_F9_3309,75,60,G173,0.6372,63.7%,7.1,4.52,1378,22:58,1385,23:05,1395,23:15,17.0,Trễ 17p ⏳,1367,22:47,1472,00:32,105,[22:47 ➔ 00:32],True,77,An toàn tuyệt đối (Được bảo vệ)
flight_key_v1_c545301006737283bf8001e9df1264c0,DL,2553,DL 2553,ARR,FLL,ATL,NARROWBODY,TURN_0727,UNMATCHED_ARR,SIM_AC_0727,2024-01-01_DL_2553,40,45,G147,0.2881,28.8%,2.2,0.64,1379,22:59,1381,23:01,1363,22:43,-16.0,Sớm 16p ⚡,1364,22:44,1434,23:54,70,[22:44 ➔ 23:54],False,71,Hạ cánh sớm hơn đệm (1p)
flight_key_v1_cd57e266024a229893e7a59b21f622ac,DL,1324,DL 1324,DEP,ATL,MIA,NARROWBODY,TURN_0647,PAIRED_TURN,SIM_AC_0647,2024-01-01_DL_2171,40,45,G46,0.3372,33.7%,8.0,2.69,1380,23:00,1392,23:12,1377,22:57,-3.0,Sớm 3p ⚡,1295,21:35,1395,23:15,100,[21:35 ➔ 23:15],True,18,An toàn tuyệt đối (Được bảo vệ)
flight_key_v1_16816064bfe4809e054fcdf8f1da4b72,WN,1731,WN 1731,ARR,BWI,ATL,NARROWBODY,TURN_0728,UNMATCHED_ARR,SIM_AC_0728,2024-01-01_WN_1731,40,45,G140,0.6953,69.5%,9.9,6.88,1380,23:00,1389,23:09,1364,22:44,-16.0,Sớm 16p ⚡,1371,22:51,1441,00:01,70,[22:51 ➔ 00:01],False,77,Hạ cánh sớm hơn đệm (7p)
flight_key_v1_2fd92731ab3058709819f48a69a4f869,DL,2224,DL 2224,DEP,ATL,MSY,NARROWBODY,TURN_0648,PAIRED_TURN,SIM_AC_0648,2024-01-01_DL_700,40,45,G52,0.3117,31.2%,6.0,1.88,1380,23:00,1391,23:11,1375,22:55,-5.0,Sớm 5p ⚡,1295,21:35,1395,23:15,100,[21:35 ➔ 23:15],True,20,An toàn tuyệt đối (Được bảo vệ)
flight_key_v1_62b03f398ccd5c33259cd59616558709,DL,2946,DL 2946,DEP,ATL,HSV,NARROWBODY,TURN_0649,PAIRED_TURN,SIM_AC_0649,2024-01-01_DL_2512,40,45,G124,0.2957,29.6%,5.6,1.67,1380,23:00,1389,23:09,1369,22:49,-11.0,Sớm 11p ⚡,1324,22:04,1395,23:15,71,[22:04 ➔ 23:15],True,26,An toàn tuyệt đối (Được bảo vệ)
flight_key_v1_d6db25c424a54bce7913688f2d760814,DL,840,DL 840,ARR,DEN,ATL,NARROWBODY,TURN_0729,UNMATCHED_ARR,SIM_AC_0729,2024-01-01_DL_840,40,45,G139,0.2859,28.6%,2.2,0.63,1390,23:10,1392,23:12,1374,22:54,-16.0,Sớm 16p ⚡,1375,22:55,1445,00:05,70,[22:55 ➔ 00:05],False,71,Hạ cánh sớm hơn đệm (1p)
flight_key_v1_3859529b9187662df97652793fa59e64,WN,3626,WN 3626,ARR,MCO,ATL,NARROWBODY,TURN_0730,UNMATCHED_ARR,SIM_AC_0730,2024-01-01_WN_3626,40,45,G129,0.5621,56.2%,5.2,2.91,1390,23:10,1395,23:15,1384,23:04,-6.0,Sớm 6p ⚡,1377,22:57,1447,00:07,70,[22:57 ➔ 00:07],True,63,An toàn tuyệt đối (Được bảo vệ)
flight_key_v1_f0ad0ec3a752ba2c55837109f05c1198,NK,746,NK 746,ARR,RSW,ATL,NARROWBODY,TURN_0731,UNMATCHED_ARR,SIM_AC_0731,2024-01-01_NK_746,40,45,G120,0.3301,33.0%,4.1,1.34,1398,23:18,1402,23:22,1407,23:27,9.0,Trễ 9p ⏳,1384,23:04,1454,00:14,70,[23:04 ➔ 00:14],True,47,An toàn tuyệt đối (Được bảo vệ)
flight_key_v1_ed9122cdcd723d28e56fe941b3f96ac0,NK,228,NK 228,DEP,ATL,FLL,NARROWBODY,TURN_0625,PAIRED_TURN,SIM_AC_0625,2024-01-01_NK_1078,40,45,G119,0.5154,51.5%,16.2,8.34,1401,23:21,1425,23:45,1294,21:34,42.0,Trễ 42p ⏳,1228,20:28,1419,23:39,191,[20:28 ➔ 23:39],True,125,An toàn tuyệt đối (Được bảo vệ)
flight_key_v1_0d7026795ad70e56dc5ab8c45fa64de6,NK,1232,NK 1232,ARR,FLL,ATL,NARROWBODY,TURN_0732,UNMATCHED_ARR,SIM_AC_0732,2024-01-01_NK_1232,40,45,G125,0.4539,45.4%,5.2,2.35,1406,23:26,1411,23:31,1405,23:25,-1.0,Sớm 1p ⚡,1393,23:13,1463,00:23,70,[23:13 ➔ 00:23],True,58,An toàn tuyệt đối (Được bảo vệ)
flight_key_v1_aa4c4c2d4e46a0fb2c374dce20ded6db,DL,907,DL 907,ARR,SLC,ATL,NARROWBODY,TURN_0733,UNMATCHED_ARR,SIM_AC_0733,2024-01-01_DL_907,40,45,G105,0.26,26.0%,0.8,0.21,1412,23:32,1412,23:32,1418,23:38,6.0,Trễ 6p ⏳,1397,23:17,1467,00:27,70,[23:17 ➔ 00:27],True,49,An toàn tuyệt đối (Được bảo vệ)
flight_key_v1_e8b877e62e8451500e9d9cf0499b652c,B6,2514,B6 2514,ARR,LGA,ATL,NARROWBODY,TURN_0734,UNMATCHED_ARR,SIM_AC_0734,2024-01-01_B6_2514,40,45,G82,0.6253,62.5%,4.1,2.54,1414,23:34,1418,23:38,1376,22:56,-38.0,Sớm 38p ⚡,1401,23:21,1471,00:31,70,[23:21 ➔ 00:31],False,95,Hạ cánh sớm hơn đệm (25p)
flight_key_v1_bc0e47488b7d5a4b08217921897b26c9,DL,395,DL 395,ARR,LAX,ATL,NARROWBODY,TURN_0735,UNMATCHED_ARR,SIM_AC_0735,2024-01-01_DL_395,40,45,G154,0.3193,31.9%,2.2,0.71,1416,23:36,1418,23:38,1397,23:17,-19.0,Sớm 19p ⚡,1401,23:21,1471,00:31,70,[23:21 ➔ 00:31],False,74,Hạ cánh sớm hơn đệm (4p)
flight_key_v1_69da2087b8579df504c5349145492ce3,NK,635,NK 635,ARR,ORD,ATL,NARROWBODY,TURN_0736,UNMATCHED_ARR,SIM_AC_0736,2024-01-01_NK_635,40,45,G112,0.5621,56.2%,5.6,3.12,1425,23:45,1430,23:50,94,01:34,109.0,Trễ 109p ⏳,1413,23:33,1483,00:43,70,[23:33 ➔ 00:43],False,1389,Hạ cánh sớm hơn đệm (1319p)
flight_key_v1_70fb1a40c4c3adfc56ad4263a0f8a009,WN,2875,WN 2875,ARR,HOU,ATL,NARROWBODY,TURN_0737,UNMATCHED_ARR,SIM_AC_0737,2024-01-01_WN_2875,40,45,G101,0.4775,47.8%,3.7,1.79,1425,23:45,1428,23:48,1413,23:33,-12.0,Sớm 12p ⚡,1411,23:31,1481,00:41,70,[23:31 ➔ 00:41],True,68,An toàn tuyệt đối (Được bảo vệ)
flight_key_v1_d54529bb7c804afb8f0181b989d7c9ea,WN,3752,WN 3752,ARR,MDW,ATL,NARROWBODY,TURN_0738,UNMATCHED_ARR,SIM_AC_0738,2024-01-01_WN_3752,40,45,G175,0.6,60.0%,5.6,3.33,1425,23:45,1430,23:50,1404,23:24,-21.0,Sớm 21p ⚡,1413,23:33,1483,00:43,70,[23:33 ➔ 00:43],False,79,Hạ cánh sớm hơn đệm (9p)
flight_key_v1_2c9dbad91a847b92392fdb99c139c7f1,UA,673,UA 673,ARR,EWR,ATL,NARROWBODY,TURN_0739,UNMATCHED_ARR,SIM_AC_0739,2024-01-01_UA_673,40,45,G59,0.4813,48.1%,4.0,1.94,1428,23:48,1432,23:52,9,00:09,21.0,Trễ 21p ⏳,1414,23:34,1484,00:44,70,[23:34 ➔ 00:44],False,1475,Hạ cánh sớm hơn đệm (1405p)
flight_key_v1_3c8d13489f389fe199a304c061ad37c8,AA,2749,AA 2749,ARR,DFW,ATL,NARROWBODY,TURN_0740,UNMATCHED_ARR,SIM_AC_0740,2024-01-01_AA_2749,40,45,G113,0.4441,44.4%,4.5,1.99,1430,23:50,1434,23:54,1425,23:45,-5.0,Sớm 5p ⚡,1416,23:36,1486,00:46,70,[23:36 ➔ 00:46],True,61,An toàn tuyệt đối (Được bảo vệ)
flight_key_v1_15bed7a2cdf8297154f7ba75eb7d9353,B6,568,B6 568,ARR,FLL,ATL,NARROWBODY,TURN_0741,UNMATCHED_ARR,SIM_AC_0741,2024-01-01_B6_568,40,45,G151,0.6567,65.7%,6.2,4.1,1433,23:53,1439,23:59,122,02:02,129.0,Trễ 129p ⏳,1422,23:42,1492,00:52,70,[23:42 ➔ 00:52],False,1370,Hạ cánh sớm hơn đệm (1300p)
flight_key_v1_104848b72bfac3bbb7efd45f46e7850e,AA,2542,AA 2542,ARR,CLT,ATL,NARROWBODY,TURN_0742,UNMATCHED_ARR,SIM_AC_0742,2024-01-01_AA_2542,40,45,G38,0.3638,36.4%,4.1,1.49,1433,23:53,1437,23:57,1408,23:28,-25.0,Sớm 25p ⚡,1419,23:39,1489,00:49,70,[23:39 ➔ 00:49],False,81,Hạ cánh sớm hơn đệm (11p)
flight_key_v1_81e3eba90208ccf70c0a4c3e9293977b,WN,1566,WN 1566,ARR,AUS,ATL,NARROWBODY,TURN_0743,UNMATCHED_ARR,SIM_AC_0743,2024-01-01_WN_1566,40,45,G121,0.4518,45.2%,4.0,1.78,1435,23:55,1438,23:58,1415,23:35,-20.0,Sớm 20p ⚡,1421,23:41,1491,00:51,70,[23:41 ➔ 00:51],False,76,Hạ cánh sớm hơn đệm (6p)
flight_key_v1_4136d5bfb9518761d5fd3fae07f29685,DL,2274,DL 2274,ARR,JFK,ATL,WIDEBODY,TURN_0744,UNMATCHED_ARR,SIM_AC_0744,2024-01-01_DL_2274,75,60,G68,0.2951,29.5%,2.2,0.66,1437,23:57,1439,23:59,1392,23:12,-45.0,Sớm 45p ⚡,1422,23:42,1527,01:27,105,[23:42 ➔ 01:27],False,135,Hạ cánh sớm hơn đệm (30p)
flight_key_v1_6a7c49ea22731dce33e15f9d5babb1c5,AS,492,AS 492,ARR,SEA,ATL,NARROWBODY,TURN_0745,UNMATCHED_ARR,SIM_AC_0745,2024-01-01_AS_492,40,45,G69,0.4188,41.9%,1.8,0.76,1439,23:59,0,00:00,1427,23:47,-12.0,Sớm 12p ⚡,1424,23:44,1494,00:54,70,[23:44 ➔ 00:54],True,67,An toàn tuyệt đối (Được bảo vệ)
