session_id,sim_aircraft_id,session_type,carrier,aircraft_type,turnaround_time_min,dwell_time_min,arr_flight_key,dep_flight_key,arr_fl_num,dep_fl_num,origin,dest,chain_group_id,sched_start_min,sched_end_min,sched_duration_min,pred_start_min,pred_end_min,pred_duration_min,risk_buffer_min,p_delay_max,arr_delay_est_min,dep_delay_est_min,actual_start_min,actual_end_min,actual_duration_min,arr_true_delay_min,dep_true_delay_min,assigned_gate,occupancy_start_min,occupancy_end_min,occupancy_duration_min
TURN_0650,SIM_AC_0650,UNMATCHED_ARR,WN,NARROWBODY,40,45,flight_key_v1_0ea1de1868b7a3a389f9b900782befeb,,1579.0,,DEN,ATL,2024-01-01_WN_1579,25,70,45,29,82,53,8,0.5608,4.059999942779541,0.0,35,80,45,10.0,0.0,G161,12,82,70
TURN_0651,SIM_AC_0651,UNMATCHED_ARR,AA,NARROWBODY,40,45,flight_key_v1_96f840eff45e9e5fb568f29944058f53,,659.0,,MIA,ATL,2024-01-01_AA_659,28,73,45,32,83,51,6,0.4237,4.070000171661377,0.0,19,64,45,-9.0,0.0,G33,14,84,70
TURN_0652,SIM_AC_0652,UNMATCHED_ARR,NK,NARROWBODY,40,45,flight_key_v1_a9694ecdf5da9db77992990c69fcac84,,1600.0,,IAH,ATL,2024-01-01_NK_1600,31,76,45,35,86,51,6,0.4072,4.289999961853027,0.0,20,65,45,-11.0,0.0,G48,17,87,70
TURN_0653,SIM_AC_0653,UNMATCHED_ARR,WN,NARROWBODY,40,45,flight_key_v1_20869c24b24c2aa456ec24c26bd88c1b,,643.0,,DAL,ATL,2024-01-01_WN_643,35,80,45,39,91,52,7,0.4861,4.059999942779541,0.0,18,63,45,-17.0,0.0,G98,21,91,70
TURN_0654,SIM_AC_0654,UNMATCHED_ARR,WN,WIDEBODY,75,60,flight_key_v1_e586427d2b4266174399b981646f09df,,2675.0,,LAS,ATL,2024-01-01_WN_2675,40,100,60,44,113,69,9,0.5807,4.059999942779541,0.0,68,128,60,28.0,0.0,G10,27,132,105
TURN_0655,SIM_AC_0655,UNMATCHED_ARR,F9,NARROWBODY,40,45,flight_key_v1_d2f6b67eace337ce61b866be18daa52f,,4027.0,,MCO,ATL,2024-01-01_F9_4027,41,86,45,45,100,55,10,0.6431,4.170000076293945,0.0,39,84,45,-2.0,0.0,G88,28,98,70
TURN_0656,SIM_AC_0656,UNMATCHED_ARR,NK,NARROWBODY,40,45,flight_key_v1_f83afb034a54ffdd648397d60cfb66d6,,1594.0,,EWR,ATL,2024-01-01_NK_1594,44,89,45,48,100,52,7,0.4795,4.440000057220459,0.0,10,55,45,-34.0,0.0,G04,31,101,70
TURN_0657,SIM_AC_0657,UNMATCHED_ARR,NK,NARROWBODY,40,45,flight_key_v1_ff2d156375bb0e76ff326d25042baca4,,3065.0,,MCO,ATL,2024-01-01_NK_3065,45,90,45,49,101,52,7,0.4346,4.679999828338623,0.0,62,107,45,17.0,0.0,G87,32,102,70
TURN_0069,SIM_AC_0069,PAIRED_TURN,F9,NARROWBODY,40,45,flight_key_v1_a2b5b1e25355ceeb037d6e7d9f32ea9c,flight_key_v1_36ca44a65db86a7fc429b7a45ec1b345,4917.0,4026.0,SJU,MCO,2024-01-01_F9_4917,243,350,107,246,361,115,9,0.5925,3.3299999237060547,2.69,267,340,73,24.0,-10.0,G49,229,366,137
TURN_0746,SIM_AC_0746,UNMATCHED_DEP,NK,NARROWBODY,40,45,,flight_key_v1_fda60f243624933b0483bcabc312e72b,,403.0,ATL,FLL,2024-01-01_NK_403,276,321,45,280,328,48,3,0.1737,0.0,4.12,291,336,45,0.0,15.0,G28,261,336,75
TURN_0747,SIM_AC_0747,UNMATCHED_DEP,NK,NARROWBODY,40,45,,flight_key_v1_26dd8bc018117d5889c56946afc05ebd,,3389.0,ATL,LGA,2024-01-01_NK_3389,290,335,45,293,341,48,3,0.1703,0.0,3.65,296,341,45,0.0,6.0,G07,275,350,75
TURN_0748,SIM_AC_0748,UNMATCHED_DEP,AA,NARROWBODY,40,45,,flight_key_v1_8632b145ac8056167e2d35ebf5b2cf35,,1151.0,ATL,MIA,2024-01-01_AA_1151,291,336,45,294,341,47,2,0.1634,0.0,3.31,282,327,45,0.0,-9.0,G164,276,351,75
TURN_0070,SIM_AC_0070,PAIRED_TURN,DL,WIDEBODY,75,60,flight_key_v1_e53740121b8da89ad765c6dbc80e4a53,flight_key_v1_c02921fdee36248be4810a149ed4e17f,730.0,2934.0,SAN,MIA,2024-01-01_DL_730,300,480,180,300,487,187,3,0.1751,0.7200000286102295,4.64,283,476,193,-17.0,-4.0,G64,285,495,210
TURN_0749,SIM_AC_0749,UNMATCHED_DEP,AA,NARROWBODY,40,45,,flight_key_v1_9324dbd810f2f4b119ee2f3dc4fc6bc5,,2770.0,ATL,DFW,2024-01-01_AA_2770,302,347,45,304,351,47,2,0.1634,0.0,2.97,292,337,45,0.0,-10.0,G74,287,362,75
TURN_0752,SIM_AC_0752,UNMATCHED_DEP,NK,WIDEBODY,75,60,,flight_key_v1_4175c733e814bbe3cb9f5705ac43bb3d,,768.0,ATL,DTW,2024-01-01_NK_768,310,370,60,313,376,63,3,0.1703,0.0,3.12,305,365,60,0.0,-5.0,G105,295,385,90
TURN_0753,SIM_AC_0753,UNMATCHED_DEP,WN,WIDEBODY,75,60,,flight_key_v1_898d55329c0fb679f3d9d70839921fee,,3089.0,ATL,DEN,2024-01-01_WN_3089,310,370,60,311,373,62,2,0.1355,0.0,1.69,313,373,60,0.0,3.0,G110,295,385,90
TURN_0071,SIM_AC_0071,PAIRED_TURN,DL,NARROWBODY,40,45,flight_key_v1_fe58040ddf716ded0a685d9fe43945ec,flight_key_v1_62646dda0768e620dc14e9ed361cd1fa,2796.0,8783.0,LAS,LAX,2024-01-01_DL_2796,311,360,49,312,367,55,4,0.2383,1.8300000429153442,3.41,295,356,61,-16.0,-4.0,G127,296,375,79
TURN_0072,SIM_AC_0072,PAIRED_TURN,DL,WIDEBODY,75,60,flight_key_v1_b0555a294e46b636352e7a816d3e6c19,flight_key_v1_37c6f205ec6953f604d001fd2af022ca,823.0,2069.0,SFO,BDL,2024-01-01_DL_823,315,484,169,316,489,173,3,0.2315,1.5,2.67,312,472,160,-3.0,-12.0,G45,300,499,199
TURN_0750,SIM_AC_0750,UNMATCHED_DEP,B6,NARROWBODY,40,45,,flight_key_v1_239ce8bb92b60c4d61c627bb7f283d7f,,467.0,ATL,FLL,2024-01-01_B6_467,315,360,45,316,363,47,2,0.1634,0.0,1.62,308,353,45,0.0,-7.0,G29,300,375,75
TURN_0751,SIM_AC_0751,UNMATCHED_DEP,WN,NARROWBODY,40,45,,flight_key_v1_a49be62e9ce18e82a2ff3b4db862fa48,,1221.0,ATL,HOU,2024-01-01_WN_1221,320,365,45,321,368,47,2,0.1321,0.0,1.51,318,363,45,0.0,-2.0,G59,305,380,75
TURN_0073,SIM_AC_0073,PAIRED_TURN,DL,NARROWBODY,40,45,flight_key_v1_df0fd8038c398b8aa4b186a86a122652,flight_key_v1_ef57997fb21c82508401bfa699cc7446,414.0,2668.0,PHX,MSP,2024-01-01_DL_414,329,425,96,330,431,101,3,0.1998,1.100000023841858,3.25,304,424,120,-25.0,-1.0,G11,314,440,126
TURN_0754,SIM_AC_0754,UNMATCHED_DEP,WN,NARROWBODY,40,45,,flight_key_v1_f9ef85125a658c0538bcdbd1963d2198,,3741.0,ATL,LGA,2024-01-01_WN_3741,330,375,45,331,378,47,2,0.1321,0.0,1.35,329,374,45,0.0,-1.0,G148,315,390,75
TURN_0755,SIM_AC_0755,UNMATCHED_DEP,F9,NARROWBODY,40,45,,flight_key_v1_706bd7b37d5566112015439983bd4e57,,1595.0,ATL,ORD,2024-01-01_F9_1595,330,375,45,332,380,48,3,0.1737,0.0,2.64,374,419,45,0.0,44.0,G117,315,390,75
TURN_0759,SIM_AC_0759,UNMATCHED_DEP,UA,WIDEBODY,75,60,,flight_key_v1_3893cc3e105037762ce9ac12c386ef36,,222.0,ATL,EWR,2024-01-01_UA_222,330,390,60,332,394,62,2,0.1536,0.0,2.07,614,674,60,0.0,284.0,G33,315,405,90
TURN_0760,SIM_AC_0760,UNMATCHED_DEP,AA,WIDEBODY,75,60,,flight_key_v1_88c1385a9c7c144fdd4aaf1533c7c487,,2893.0,ATL,ORD,2024-01-01_AA_2893,331,391,60,333,395,62,2,0.1634,0.0,2.48,319,379,60,0.0,-12.0,G35,316,406,90
TURN_0756,SIM_AC_0756,UNMATCHED_DEP,NK,NARROWBODY,40,45,,flight_key_v1_4976d24fd913bb9a3e90fd2fd84abc77,,1081.0,ATL,MSP,2024-01-01_NK_1081,335,380,45,339,387,48,3,0.1737,0.0,4.41,333,378,45,0.0,-2.0,G89,320,395,75
TURN_0757,SIM_AC_0757,UNMATCHED_DEP,WN,NARROWBODY,40,45,,flight_key_v1_c8d8c103a6e374a55dd41154e777d5f1,,2870.0,ATL,PHX,2024-01-01_WN_2870,335,380,45,336,383,47,2,0.1321,0.0,1.84,338,383,45,0.0,3.0,G51,320,395,75
TURN_0761,SIM_AC_0761,UNMATCHED_DEP,WN,WIDEBODY,75,60,,flight_key_v1_6b66309d77f3d63a474d7973fd616fb3,,249.0,ATL,AUS,2024-01-01_WN_249,335,395,60,336,398,62,2,0.1321,0.0,1.48,335,395,60,0.0,0.0,G131,320,410,90
TURN_0758,SIM_AC_0758,UNMATCHED_DEP,WN,NARROWBODY,40,45,,flight_key_v1_b06f725c4870dfb29ea727620458ff8a,,1951.0,ATL,BNA,2024-01-01_WN_1951,340,385,45,341,388,47,2,0.1321,0.0,1.28,340,385,45,0.0,0.0,G145,325,400,75
TURN_0762,SIM_AC_0762,UNMATCHED_DEP,UA,WIDEBODY,75,60,,flight_key_v1_7c6801a29bcb073b7833259a31c0e9de,,1888.0,ATL,ORD,2024-01-01_UA_1888,340,400,60,342,404,62,2,0.1634,0.0,2.64,331,391,60,0.0,-9.0,G84,325,415,90
TURN_0074,SIM_AC_0074,PAIRED_TURN,NK,NARROWBODY,40,45,flight_key_v1_97bab9963f0d39cc62f3b229b1d97f11,flight_key_v1_07b3bab7964c4c8cc5983b021f812748,1828.0,3066.0,LAX,MCO,2024-01-01_NK_1828,343,402,59,347,411,64,6,0.4321,4.230000019073486,3.85,330,398,68,-13.0,-4.0,G58,329,418,89
TURN_0075,SIM_AC_0075,PAIRED_TURN,DL,NARROWBODY,40,45,flight_key_v1_df7f38fc5a605d745e27c045e72a4f8d,flight_key_v1_e7600d404283e5010550996e271056fb,738.0,1303.0,SEA,MIA,2024-01-01_DL_738,344,425,81,345,432,87,4,0.2363,1.8300000429153442,3.99,342,423,81,-2.0,-2.0,G44,329,440,111
TURN_0076,SIM_AC_0076,PAIRED_TURN,F9,NARROWBODY,40,45,flight_key_v1_f1bb81568c691f488accb5310f760583,flight_key_v1_09c4cf915a4aa18b62491e4dc047784a,4754.0,3604.0,SAN,CLE,2024-01-01_F9_4754,350,405,55,353,414,61,7,0.4657,3.319999933242798,2.59,297,421,124,-53.0,16.0,G156,336,421,85
TURN_0077,SIM_AC_0077,PAIRED_TURN,F9,NARROWBODY,40,45,flight_key_v1_2077b679633db3c8c5efe95a6058097f,flight_key_v1_587adedc82dbd87c6963e747037845b9,1450.0,3508.0,DEN,MCO,2024-01-01_F9_1450,354,504,150,357,515,158,8,0.5502,3.390000104904175,3.86,548,588,40,194.0,0.0,G82,340,520,180
TURN_0763,SIM_AC_0763,UNMATCHED_DEP,WN,NARROWBODY,40,45,,flight_key_v1_f865b7c2e43af2738dd5eeb7ebe1d85e,,3103.0,ATL,DAL,2024-01-01_WN_3103,355,400,45,356,403,47,2,0.1321,0.0,1.38,365,410,45,0.0,10.0,G154,340,415,75
TURN_0764,SIM_AC_0764,UNMATCHED_DEP,WN,NARROWBODY,40,45,,flight_key_v1_238328242addda5e4d567d695ef3f0d3,,596.0,ATL,LAS,2024-01-01_WN_596,360,405,45,362,409,47,2,0.1321,0.0,2.75,362,407,45,0.0,2.0,G17,345,420,75
TURN_0765,SIM_AC_0765,UNMATCHED_DEP,NK,NARROWBODY,40,45,,flight_key_v1_622dbd1a70914f1eb4e20363c8121cf6,,1589.0,ATL,EWR,2024-01-01_NK_1589,360,405,45,363,411,48,3,0.1721,0.0,3.75,359,404,45,0.0,-1.0,G96,345,420,75
TURN_0769,SIM_AC_0769,UNMATCHED_DEP,AA,WIDEBODY,75,60,,flight_key_v1_46a482cbe81bf7bc744b39bd9b83c5b8,,1718.0,ATL,CLT,2024-01-01_AA_1718,360,420,60,360,422,62,2,0.1582,0.0,0.92,353,413,60,0.0,-7.0,G66,345,435,90
TURN_0766,SIM_AC_0766,UNMATCHED_DEP,WN,NARROWBODY,40,45,,flight_key_v1_ae2c944c9ea937425f4211c6efd5bc69,,3652.0,ATL,TPA,2024-01-01_WN_3652,365,410,45,366,413,47,2,0.1321,0.0,1.47,361,406,45,0.0,-4.0,G151,350,425,75
TURN_0771,SIM_AC_0771,UNMATCHED_DEP,WN,WIDEBODY,75,60,,flight_key_v1_2771f4cf62799d98a8420a75d5bdf063,,1199.0,ATL,MDW,2024-01-01_WN_1199,365,425,60,366,428,62,2,0.1468,0.0,1.76,363,423,60,0.0,-2.0,G88,350,440,90
TURN_0078,SIM_AC_0078,PAIRED_TURN,DL,NARROWBODY,40,45,flight_key_v1_20d700d5cf733bfcf073227f20003d42,flight_key_v1_8991d2a378e3a574bef9c4e497837f38,899.0,712.0,LAX,LAX,2024-01-01_DL_899,366,434,68,367,442,75,4,0.2947,1.8300000429153442,4.14,339,432,93,-27.0,-2.0,G78,351,449,98
TURN_0767,SIM_AC_0767,UNMATCHED_DEP,WN,NARROWBODY,40,45,,flight_key_v1_c38c7cc33fccfc99ca9ede9f4447aafd,,850.0,ATL,MCO,2024-01-01_WN_850,370,415,45,371,418,47,2,0.1396,0.0,1.72,368,413,45,0.0,-2.0,G07,355,430,75
TURN_0768,SIM_AC_0768,UNMATCHED_DEP,AS,NARROWBODY,40,45,,flight_key_v1_09d00a90251a15a06038d2723025acd9,,377.0,ATL,SEA,2024-01-01_AS_377,375,420,45,374,421,47,2,0.151,0.0,-0.61,419,464,45,0.0,44.0,G106,360,435,75
TURN_0770,SIM_AC_0770,UNMATCHED_DEP,WN,NARROWBODY,40,45,,flight_key_v1_ca0b241a882cef6e744bfd1079a42e09,,1065.0,ATL,STL,2024-01-01_WN_1065,375,420,45,376,423,47,2,0.1468,0.0,1.76,374,419,45,0.0,-1.0,G06,360,435,75
TURN_0079,SIM_AC_0079,PAIRED_TURN,DL,NARROWBODY,40,45,flight_key_v1_d63abe4ac4eae62f8c01f058cfea1790,flight_key_v1_69e680dd66917411ed4321ba4d374a96,303.0,335.0,SLC,LGA,2024-01-01_DL_303,379,435,56,379,440,61,3,0.1936,0.03999999910593033,2.58,346,434,88,-33.0,-1.0,G128,364,450,86
TURN_0080,SIM_AC_0080,PAIRED_TURN,NK,NARROWBODY,40,45,flight_key_v1_a851eab2de8be861f0c295f2dbe08709,flight_key_v1_13497e1ed58e8e75534cd2d7d0cf9a75,1362.0,1829.0,LAS,LAX,2024-01-01_NK_1362,385,425,40,389,437,48,7,0.4406,4.409999847412109,5.92,405,422,17,20.0,-3.0,G165,371,441,70
TURN_0772,SIM_AC_0772,UNMATCHED_DEP,WN,NARROWBODY,40,45,,flight_key_v1_2851729618c47d602883c6dac8d8d152,,454.0,ATL,BWI,2024-01-01_WN_454,385,430,45,386,433,47,2,0.1468,0.0,1.76,394,439,45,0.0,9.0,G12,370,445,75
TURN_0081,SIM_AC_0081,PAIRED_TURN,DL,NARROWBODY,40,45,flight_key_v1_ce78b05a4885559a90cc14c55025802d,flight_key_v1_4f220aa1c28bc581c907c4bc1072e194,836.0,2039.0,HNL,FLL,2024-01-01_DL_836,389,440,51,390,448,58,5,0.3093,1.8300000429153442,3.1,359,439,80,-30.0,-1.0,G111,374,455,81
TURN_0082,SIM_AC_0082,PAIRED_TURN,DL,NARROWBODY,40,45,flight_key_v1_8ab6fb5fa3eda0e27bee0b7a5a6434ca,flight_key_v1_c14b4eb2efe69af8c8692dbb6034a8de,722.0,409.0,LAS,JFK,2024-01-01_DL_722,390,459,69,391,465,74,4,0.2664,1.940000057220459,2.58,363,474,111,-27.0,15.0,G112,375,474,99
TURN_0658,SIM_AC_0658,UNMATCHED_ARR,F9,WIDEBODY,75,60,flight_key_v1_607c799bf72b0dd4ce140f6b44c6d7a6,,4892.0,,PHX,ATL,2024-01-01_F9_4892,390,450,60,392,460,68,8,0.5242,2.559999942779541,0.0,382,442,60,-8.0,0.0,G68,376,481,105
TURN_0773,SIM_AC_0773,UNMATCHED_DEP,B6,NARROWBODY,40,45,,flight_key_v1_9068b23d849f842ee80bf1cdc0dc7326,,2713.0,ATL,LGA,2024-01-01_B6_2713,395,440,45,396,443,47,2,0.1625,0.0,1.48,387,432,45,0.0,-8.0,G87,380,455,75
TURN_0774,SIM_AC_0774,UNMATCHED_DEP,AA,NARROWBODY,40,45,,flight_key_v1_0e1f57fca7994f2e3aa5865792ef44bf,,1567.0,ATL,DFW,2024-01-01_AA_1567,396,441,45,399,447,48,3,0.1721,0.0,3.23,386,431,45,0.0,-10.0,G31,381,456,75
TURN_0775,SIM_AC_0775,UNMATCHED_DEP,WN,NARROWBODY,40,45,,flight_key_v1_90d8d52a0b52e8822feaaaf485210f77,,983.0,ATL,HOU,2024-01-01_WN_983,400,445,45,401,448,47,2,0.1468,0.0,1.93,395,440,45,0.0,-5.0,G123,385,460,75
TURN_0083,SIM_AC_0083,PAIRED_TURN,F9,NARROWBODY,40,45,flight_key_v1_0c26dbc5af3e3030485b4be3b8210fe2,flight_key_v1_ec40feaa64ad9d45086d7b56b2d8539f,1116.0,2634.0,LAS,BWI,2024-01-01_F9_1116,401,550,149,405,563,158,9,0.6056,4.409999847412109,4.06,420,547,127,19.0,-3.0,G92,388,567,179
TURN_0776,SIM_AC_0776,UNMATCHED_DEP,YX,NARROWBODY,40,45,,flight_key_v1_b772661b4ee550610bdf6e441f214dc9,,4291.0,ATL,PHL,2024-01-01_YX_4291,405,450,45,407,454,47,2,0.1625,0.0,2.38,401,446,45,0.0,-4.0,G19,390,465,75
TURN_0777,SIM_AC_0777,UNMATCHED_DEP,YX,NARROWBODY,40,45,,flight_key_v1_e9628553963e5d702f8e6031ed9c8df5,,4376.0,ATL,DCA,2024-01-01_YX_4376,406,451,45,407,454,47,2,0.1625,0.0,1.86,398,443,45,0.0,-8.0,G140,391,466,75
TURN_0780,SIM_AC_0780,UNMATCHED_DEP,NK,WIDEBODY,75,60,,flight_key_v1_4f8cba20b541c507d497a4c9187f5777,,1306.0,ATL,ORD,2024-01-01_NK_1306,410,470,60,414,477,63,3,0.194,0.0,4.72,402,462,60,0.0,-8.0,G118,395,485,90
TURN_0778,SIM_AC_0778,UNMATCHED_DEP,DL,NARROWBODY,40,45,,flight_key_v1_2d8fa821d99e02ab3cbd37150f191a0b,,965.0,ATL,SEA,2024-01-01_DL_965,415,460,45,418,465,47,2,0.1624,0.0,3.18,416,461,45,0.0,1.0,G37,400,475,75
TURN_0779,SIM_AC_0779,UNMATCHED_DEP,AA,NARROWBODY,40,45,,flight_key_v1_c2a795d55d110cac74c30d1ff2974c90,,1777.0,ATL,PHX,2024-01-01_AA_1777,417,462,45,418,465,47,2,0.1625,0.0,1.94,411,456,45,0.0,-6.0,G26,402,477,75
TURN_0084,SIM_AC_0084,PAIRED_TURN,DL,NARROWBODY,40,45,flight_key_v1_fd36425bf5694a4ef4920145a71b0e03,flight_key_v1_ddb2eee170f749e6e28eace8a980ea18,2409.0,830.0,GSP,SLC,2024-01-01_DL_2409,423,480,57,422,485,63,3,0.1692,-0.8100000023841858,2.66,407,476,69,-16.0,-4.0,G14,408,495,87
TURN_0085,SIM_AC_0085,PAIRED_TURN,DL,NARROWBODY,40,45,flight_key_v1_8e001568337d9660fa1405a8148d6e76,flight_key_v1_9ada892de43e16be2463b3b230ebce6c,1609.0,346.0,TLH,DEN,2024-01-01_DL_1609,427,480,53,426,486,60,3,0.1692,-0.47999998927116394,3.3,421,487,66,-6.0,7.0,G09,412,495,83
TURN_0086,SIM_AC_0086,PAIRED_TURN,DL,WIDEBODY,75,60,flight_key_v1_05c1e71d63e832984a7c999cfbed202b,flight_key_v1_ee30765c6d985391eb35ab801014a3ea,2712.0,2174.0,AVL,DAB,2024-01-01_DL_2712,428,540,112,427,546,119,3,0.2093,-0.9399999976158142,3.16,414,537,123,-14.0,-3.0,G28,413,555,142
TURN_0783,SIM_AC_0783,UNMATCHED_DEP,DL,WIDEBODY,75,60,,flight_key_v1_04e177151a77df35c23bf6f38ba3b391,,2207.0,ATL,IAH,2024-01-01_DL_2207,430,490,60,432,494,62,2,0.1636,0.0,2.68,427,487,60,0.0,-3.0,G35,415,505,90
TURN_0784,SIM_AC_0784,UNMATCHED_DEP,DL,WIDEBODY,75,60,,flight_key_v1_1144f569e6ebd81040a0e4477b44caf1,,1311.0,ATL,PBI,2024-01-01_DL_1311,430,490,60,433,496,63,3,0.1751,0.0,3.67,431,491,60,0.0,1.0,G40,415,505,90
TURN_0087,SIM_AC_0087,PAIRED_TURN,DL,NARROWBODY,40,45,flight_key_v1_1c14a0d9851ebb5cb21d85acbecbd067,flight_key_v1_a7bde8dd8f4a36dfc847e719d2582ecf,1579.0,2766.0,CHA,HOU,2024-01-01_DL_1579,432,490,58,431,494,63,2,0.1636,-0.47999998927116394,2.85,420,485,65,-12.0,-5.0,G15,417,505,88
TURN_0088,SIM_AC_0088,PAIRED_TURN,9E,NARROWBODY,40,45,flight_key_v1_37364af5a8620740e6d2c7acc86a9d0c,flight_key_v1_5280282b658d3c8d61327ce4402f8ce0,5053.0,5221.0,TRI,HSV,2024-01-01_9E_5053,435,500,65,433,504,71,2,0.1608,-1.0199999809265137,2.23,435,495,60,0.0,-5.0,G53,420,515,95
TURN_0781,SIM_AC_0781,UNMATCHED_DEP,AA,NARROWBODY,40,45,,flight_key_v1_43882bc00ff4e088a90b30e8c2de3577,,1049.0,ATL,MIA,2024-01-01_AA_1049,435,480,45,439,487,48,3,0.1768,0.0,4.38,429,474,45,0.0,-6.0,G24,420,495,75
TURN_0782,SIM_AC_0782,UNMATCHED_DEP,WN,NARROWBODY,40,45,,flight_key_v1_ba16904827858e726e24db50b4f2f886,,1078.0,ATL,FLL,2024-01-01_WN_1078,435,480,45,438,486,48,3,0.17,0.0,3.2,436,481,45,0.0,1.0,G162,420,495,75
TURN_0785,SIM_AC_0785,UNMATCHED_DEP,DL,WIDEBODY,75,60,,flight_key_v1_1343ba78009db42839099b78423763ed,,1213.0,ATL,MCO,2024-01-01_DL_1213,435,495,60,438,501,63,3,0.1695,0.0,3.41,472,532,60,0.0,37.0,G47,420,510,90
TURN_0089,SIM_AC_0089,PAIRED_TURN,DL,NARROWBODY,40,45,flight_key_v1_406bed449167ea2719cb01eeb1a6ab89,flight_key_v1_acd0812a7007a639d28e1182a476a844,2041.0,1089.0,SAV,RSW,2024-01-01_DL_2041,440,490,50,438,496,58,3,0.1729,-1.0199999809265137,3.03,426,488,62,-14.0,-2.0,G121,425,505,80
TURN_0090,SIM_AC_0090,PAIRED_TURN,DL,NARROWBODY,40,45,flight_key_v1_f83fb9bf78f0ededa41e376f60020e2c,flight_key_v1_adf4d6b8a25715176f10ca46f96c5f9d,2254.0,573.0,GNV,SJU,2024-01-01_DL_2254,440,490,50,439,497,58,3,0.1787,-0.47999998927116394,4.85,423,489,66,-17.0,-1.0,G95,425,505,80
TURN_0091,SIM_AC_0091,PAIRED_TURN,DL,WIDEBODY,75,60,flight_key_v1_07014cff99ff8684b7c20a485d0335d4,flight_key_v1_9ae9662f4804b7e0b06c9805ca381ecb,2172.0,1304.0,CLT,MSP,2024-01-01_DL_2172,442,540,98,441,547,106,3,0.1937,-0.47999998927116394,4.02,418,537,119,-24.0,-3.0,G48,427,555,128
TURN_0092,SIM_AC_0092,PAIRED_TURN,OO,NARROWBODY,40,45,flight_key_v1_7969cd77e0d2a40194de8a8121e8629e,flight_key_v1_606f902701e5d9c2e2f05dc738880699,4115.0,3711.0,CSG,AGS,2024-01-01_OO_4115,444,510,66,446,518,72,5,0.3236,2.1700000762939453,3.04,431,503,72,-13.0,-7.0,G149,429,525,96
TURN_0093,SIM_AC_0093,PAIRED_TURN,DL,NARROWBODY,40,45,flight_key_v1_06df3787fb4d11ccec275d0750171fd0,flight_key_v1_92b54000e81b275d7dae4628f2a8421c,2967.0,849.0,MYR,BOS,2024-01-01_DL_2967,446,495,49,444,500,56,3,0.1697,-1.159999966621399,2.32,425,495,70,-21.0,0.0,G03,431,510,79
TURN_0094,SIM_AC_0094,PAIRED_TURN,9E,NARROWBODY,40,45,flight_key_v1_8716352a1910c766e35a3d7f282dbcec,flight_key_v1_641103979a868b5bb606748ae65b7304,5255.0,5035.0,VLD,JAN,2024-01-01_9E_5255,447,505,58,446,511,65,4,0.2382,-0.12999999523162842,2.23,428,501,73,-19.0,-4.0,G38,432,520,88
TURN_0095,SIM_AC_0095,PAIRED_TURN,DL,NARROWBODY,40,45,flight_key_v1_f3bdc1330c821a51f9fb145148db41ef,flight_key_v1_ed229d112b66ebfe98c7c56732ea74de,1675.0,2403.0,GSO,AUS,2024-01-01_DL_1675,447,495,48,445,499,54,2,0.1636,-1.059999942779541,2.71,438,493,55,-9.0,-2.0,G126,432,510,78
TURN_0096,SIM_AC_0096,PAIRED_TURN,DL,NARROWBODY,40,45,flight_key_v1_ba025b102d50cd34584a8e1333179c23,flight_key_v1_4682f58d9a8c4aeadf9da8e0fb2ebef1,2299.0,1709.0,DAB,FLL,2024-01-01_DL_2299,449,500,51,448,506,58,3,0.1695,-0.47999998927116394,3.54,433,494,61,-16.0,-6.0,G163,434,515,81
TURN_0097,SIM_AC_0097,PAIRED_TURN,AS,NARROWBODY,40,45,flight_key_v1_0f1f7403fa0b8c6f06654ff0e3d5bd74,flight_key_v1_6463afb4defe84641b91c0824e8e00bf,376.0,497.0,SEA,SEA,2024-01-01_AS_376,452,540,88,453,545,92,5,0.3251,1.4299999475479126,0.41,445,541,96,-7.0,1.0,G27,437,555,118
TURN_0098,SIM_AC_0098,PAIRED_TURN,F9,NARROWBODY,40,45,flight_key_v1_c49ab6551e70fc51a8633f48d8cb1136,flight_key_v1_24cc872484b996806957ac9dbb857305,1448.0,1102.0,SFO,PHL,2024-01-01_F9_1448,452,561,109,455,572,117,7,0.4346,3.7699999809265137,4.06,466,555,89,14.0,-6.0,G139,438,577,139
TURN_0099,SIM_AC_0099,PAIRED_TURN,DL,NARROWBODY,40,45,flight_key_v1_b4ce421db4774fc6be30af4c6f51aeef,flight_key_v1_9a177db57fc39b5639379f59a83a569a,2407.0,373.0,CAE,DFW,2024-01-01_DL_2407,453,500,47,452,507,55,3,0.1751,-0.7799999713897705,4.39,452,497,45,-1.0,-3.0,G108,438,515,77
TURN_0100,SIM_AC_0100,PAIRED_TURN,DL,NARROWBODY,40,45,flight_key_v1_b75c60d9b1287e07aa27d2e1ccc0957f,flight_key_v1_95dc20a470aade2e2719c9915439e857,1289.0,1676.0,RSW,SAT,2024-01-01_DL_1289,454,500,46,453,504,51,2,0.1636,-0.8299999833106995,2.88,437,497,60,-17.0,-3.0,G129,439,515,76
TURN_0101,SIM_AC_0101,PAIRED_TURN,DL,NARROWBODY,40,45,flight_key_v1_6da11d69cea217002a10c3136c5572ba,flight_key_v1_89c62890f1ff1499b0db3cabc2b1e0ed,2362.0,1134.0,TPA,SRQ,2024-01-01_DL_2362,455,500,45,454,507,53,3,0.1966,-0.8299999833106995,4.12,449,512,63,-6.0,12.0,G08,440,515,75
TURN_0102,SIM_AC_0102,PAIRED_TURN,DL,NARROWBODY,40,45,flight_key_v1_331d8a7d07e9b2f9a4b5a2cb7a7cbf55,flight_key_v1_b68f8fc82c97888f08581c4c1e39f521,1077.0,884.0,FAY,SFO,2024-01-01_DL_1077,455,505,50,454,515,61,3,0.1954,-0.12999999523162842,7.93,447,503,56,-8.0,-2.0,G76,440,520,80
TURN_0103,SIM_AC_0103,PAIRED_TURN,DL,NARROWBODY,40,45,flight_key_v1_4c35e81045d77eac05f77e51a8f9a001,flight_key_v1_742e6a8c886f27d7302c0f38a6ada121,2574.0,1227.0,SDF,TPA,2024-01-01_DL_2574,455,509,54,454,514,60,3,0.2143,-0.7799999713897705,2.9,438,507,69,-17.0,-2.0,G18,440,524,84
TURN_0104,SIM_AC_0104,PAIRED_TURN,DL,NARROWBODY,40,45,flight_key_v1_c9d4c872175e0345476cb697e09ce28d,flight_key_v1_9bc5ebcf5fcc613583c8964402a38b84,1607.0,777.0,RDU,LAS,2024-01-01_DL_1607,455,510,55,454,516,62,2,0.1636,-0.6100000143051147,4.16,450,508,58,-5.0,-2.0,G60,440,525,85
TURN_0105,SIM_AC_0105,PAIRED_TURN,DL,NARROWBODY,40,45,flight_key_v1_a55e4daab56e9ab063aef0acdeae38b5,flight_key_v1_43e27f0341611f0476e291c9540851b6,2621.0,733.0,ILM,PHX,2024-01-01_DL_2621,455,510,55,454,515,61,2,0.1636,-0.7200000286102295,3.05,439,508,69,-16.0,-2.0,G56,440,525,85
TURN_0106,SIM_AC_0106,PAIRED_TURN,OO,NARROWBODY,40,45,flight_key_v1_c26c40eac943fc0b151ec91f61903070,flight_key_v1_dfd482bbec04977b4ae67ee02fd0517e,3816.0,3841.0,AGS,EVV,2024-01-01_OO_3816,455,580,125,457,589,132,6,0.4109,2.9600000381469727,3.55,441,578,137,-14.0,-2.0,G33,441,596,155
TURN_0787,SIM_AC_0787,UNMATCHED_DEP,WN,WIDEBODY,75,60,,flight_key_v1_867da9ff38b43af9d49b5b2c4951d142,,259.0,ATL,DCA,2024-01-01_WN_259,455,515,60,456,519,63,3,0.1697,0.0,1.91,463,523,60,0.0,8.0,G34,440,530,90
TURN_0043,SIM_AC_0043,PAIRED_TURN,WN,NARROWBODY,40,45,flight_key_v1_198509dd324167900bb70343064e1e5d,flight_key_v1_13dd50451f41e714e4d99d894e386c40,2977.0,2977.0,RSW,JAN,2024-01-01_WN_2977,460,520,60,459,524,65,2,0.1641,-0.5899999737739563,2.31,448,516,68,-12.0,-4.0,G160,445,535,90
TURN_0107,SIM_AC_0107,PAIRED_TURN,DL,NARROWBODY,40,45,flight_key_v1_638cab53aa8a3da262422481f4ba92bb,flight_key_v1_bd6b54951a11700f7a489b3628c832c6,2931.0,474.0,MLB,ORD,2024-01-01_DL_2931,460,523,63,458,529,71,3,0.1756,-1.2899999618530273,3.75,445,523,78,-15.0,0.0,G107,445,538,93
TURN_0108,SIM_AC_0108,PAIRED_TURN,DL,WIDEBODY,75,60,flight_key_v1_3ecbc1e210d81d134324f9cf35e9388a,flight_key_v1_574316f08392f76e28dec427dae92cf3,1036.0,1063.0,MCO,MDW,2024-01-01_DL_1036,461,555,94,460,561,101,3,0.182,-0.47999998927116394,3.16,467,552,85,6.0,-3.0,G43,446,570,124
TURN_0109,SIM_AC_0109,PAIRED_TURN,DL,NARROWBODY,40,45,flight_key_v1_163ae8915e478c03579d0a134d0fe34c,flight_key_v1_2606658f947a00de03a246009c2d9881,2441.0,898.0,CVG,LAX,2024-01-01_DL_2441,462,525,63,461,532,71,3,0.2167,-0.47999998927116394,4.6,449,534,85,-13.0,9.0,G55,447,540,93
TURN_0110,SIM_AC_0110,PAIRED_TURN,9E,NARROWBODY,40,45,flight_key_v1_7c52dada7dab2db11075643c517c2e79,flight_key_v1_c31613498c0091ba635446cd4bf7ce3e,5239.0,4935.0,LEX,ILM,2024-01-01_9E_5239,462,540,78,461,547,86,4,0.2464,-0.47999998927116394,3.01,434,551,117,-28.0,11.0,G97,447,555,108
TURN_0111,SIM_AC_0111,PAIRED_TURN,DL,WIDEBODY,75,60,flight_key_v1_899f7d89002bb7fb1bfa911c2f4da0a8,flight_key_v1_8d8640865b589e01301d84257d6cd22d,2469.0,2315.0,CMH,ECP,2024-01-01_DL_2469,462,560,98,460,566,106,3,0.1912,-1.0399999618530273,3.21,472,557,85,10.0,-3.0,G148,447,575,128
TURN_0112,SIM_AC_0112,PAIRED_TURN,DL,NARROWBODY,40,45,flight_key_v1_97113d0b2a89c1ee910b304bf63fbee6,flight_key_v1_502465b4984c5fe731306b8dada3a5a7,1352.0,2703.0,ROA,MSY,2024-01-01_DL_1352,462,525,63,461,531,70,4,0.2677,-0.12999999523162842,2.44,432,524,92,-30.0,-1.0,G138,447,540,93
TURN_0035,SIM_AC_0035,PAIRED_TURN,WN,NARROWBODY,75,45,flight_key_v1_626bae707de90cd0b2955a2ecc9baadc,flight_key_v1_6c9b596fc6df68d5a2b7710f2cf5b815,245.0,245.0,FLL,MCI,2024-01-01_WN_245,465,520,55,464,542,78,3,0.1697,-0.3799999952316284,2.11,454,519,65,-11.0,-1.0,G170,450,535,85
TURN_0113,SIM_AC_0113,PAIRED_TURN,NK,NARROWBODY,40,45,flight_key_v1_072b3d8eec28bae9119e9e298c9eb838,flight_key_v1_46931a9aa739ac0d21d93a644f6cb06e,3100.0,1209.0,MIA,MCO,2024-01-01_NK_3100,465,521,56,467,529,62,3,0.2327,2.0999999046325684,5.2,451,513,62,-14.0,-8.0,G150,450,536,86
TURN_0114,SIM_AC_0114,PAIRED_TURN,WN,NARROWBODY,40,45,flight_key_v1_d60497a9bdaa540a44baa1cfd10fb7f5,flight_key_v1_fb9c6c8ab6171c9bdbe7ffcd83fcdf88,3705.0,1021.0,RDU,BWI,2024-01-01_WN_3705,465,515,50,464,519,55,2,0.1641,-0.3700000047683716,2.31,451,514,63,-14.0,-1.0,G02,450,530,80
TURN_0789,SIM_AC_0789,UNMATCHED_DEP,WN,WIDEBODY,75,60,,flight_key_v1_6bde4dd3656233fd81751e4d8c465bc3,,3303.0,ATL,MCO,2024-01-01_WN_3303,465,525,60,468,531,63,3,0.17,0.0,3.15,461,521,60,0.0,-4.0,G57,450,540,90
TURN_0115,SIM_AC_0115,PAIRED_TURN,DL,NARROWBODY,40,45,flight_key_v1_47287de274dd68f226505178e6c476b9,flight_key_v1_0547b9de04908f023f45574bc060cf72,2637.0,2632.0,BNA,OMA,2024-01-01_DL_2637,466,535,69,465,540,75,3,0.1692,-0.47999998927116394,2.65,444,532,88,-22.0,-3.0,G51,451,550,99
TURN_0116,SIM_AC_0116,PAIRED_TURN,DL,WIDEBODY,75,60,flight_key_v1_3f223ba8553b0ad5dde63fdad8a13df6,flight_key_v1_1ca01eb69f6409a09d5e9a221b215626,1108.0,320.0,SRQ,HPN,2024-01-01_DL_1108,466,587,121,465,593,128,3,0.182,-0.6200000047683716,3.36,466,587,121,0.0,0.0,G32,451,602,151
TURN_0786,SIM_AC_0786,UNMATCHED_DEP,UA,NARROWBODY,40,45,,flight_key_v1_2a5c66fdb7d36f2f82e52bb21ece880c,,340.0,ATL,DEN,2024-01-01_UA_340,467,512,45,470,518,48,3,0.1709,0.0,3.62,460,505,45,0.0,-7.0,G171,452,527,75
TURN_0117,SIM_AC_0117,PAIRED_TURN,DL,NARROWBODY,40,45,flight_key_v1_e493ef9ad251dd78cef92574c2f346c5,flight_key_v1_1a1d976f2dd51a413f49cc3e2ce9c505,2623.0,569.0,IND,LGA,2024-01-01_DL_2623,468,535,67,466,539,73,2,0.1636,-1.0299999713897705,2.81,464,534,70,-4.0,-1.0,G113,453,550,97
TURN_0008,SIM_AC_0008,PAIRED_TURN,WN,NARROWBODY,40,45,flight_key_v1_2e00d7b0d44b63ce1123e3ea3b1751a4,flight_key_v1_f5c6209f690d3f5920c71b8384731bba,1110.0,1110.0,TPA,CMH,2024-01-01_WN_1110,470,525,55,469,540,71,3,0.1697,-0.5899999737739563,12.38,476,532,56,6.0,7.0,G116,455,540,85
TURN_0027,SIM_AC_0027,PAIRED_TURN,WN,NARROWBODY,40,45,flight_key_v1_a3ef9f96ffc09ae81afd979700fe22d2,flight_key_v1_070ec89fc24c08ef3e039c1dbc7a7cbf,2094.0,2094.0,PBI,DEN,2024-01-01_WN_2094,470,520,50,469,525,56,3,0.1697,-0.7200000286102295,2.83,458,516,58,-12.0,-4.0,G110,455,535,80
TURN_0066,SIM_AC_0066,PAIRED_TURN,WN,NARROWBODY,40,45,flight_key_v1_e2e0353e8ce453a230e3c7fb491aa887,flight_key_v1_285e50f7b1266a52cab9cd3a8ef7bba2,790.0,790.0,MCO,MKE,2024-01-01_WN_790,470,515,45,469,520,51,3,0.1862,-0.23999999463558197,2.08,481,521,40,11.0,6.0,G132,455,530,75
TURN_0118,SIM_AC_0118,PAIRED_TURN,DL,NARROWBODY,40,45,flight_key_v1_910aab0ac9923d89ea94317bfea4030e,flight_key_v1_1fd90d06a54a288bdce18199ce521ba6,2724.0,1428.0,DAY,EWR,2024-01-01_DL_2724,473,535,62,472,539,67,2,0.1636,-0.9399999976158142,2.81,463,529,66,-10.0,-6.0,G23,458,550,92
TURN_0013,SIM_AC_0013,PAIRED_TURN,WN,NARROWBODY,40,45,flight_key_v1_87dde2a64416d400e05499962a2d1a76,flight_key_v1_9dbf97335ec4f8569cb49225c4e78bc4,152.0,152.0,SRQ,IND,2024-01-01_WN_152,475,520,45,474,524,50,2,0.1641,-0.3799999952316284,2.31,478,530,52,3.0,10.0,G115,460,535,75
TURN_0058,SIM_AC_0058,PAIRED_TURN,WN,NARROWBODY,75,45,flight_key_v1_683d42858d90e42b24e0e498116f2e4c,flight_key_v1_7404b9d5eada98cd2ee9316cf94cab1b,457.0,457.0,JAX,AUS,2024-01-01_WN_457,475,520,45,474,551,77,2,0.1641,-0.8799999952316284,2.45,471,527,56,-4.0,7.0,G175,460,535,75
TURN_0062,SIM_AC_0062,PAIRED_TURN,WN,NARROWBODY,40,45,flight_key_v1_620a534643e1ab4e96dbd204a87b0546,flight_key_v1_482aa2e6723495f9fb4cc9495c76858e,576.0,576.0,GSP,SDF,2024-01-01_WN_576,475,530,55,474,534,60,2,0.1641,-0.07000000029802322,2.31,460,525,65,-15.0,-5.0,G102,460,545,85
TURN_0119,SIM_AC_0119,PAIRED_TURN,DL,WIDEBODY,75,60,flight_key_v1_09120c4a367e8218a5144786b3e2a814,flight_key_v1_3b63df7bac15a1eac0fb295f5ed5f85c,1132.0,329.0,PBI,SNA,2024-01-01_DL_1132,475,592,117,474,598,124,3,0.182,-0.9599999785423279,3.7,474,581,107,-1.0,-11.0,G93,460,607,147
TURN_0120,SIM_AC_0120,PAIRED_TURN,DL,NARROWBODY,40,45,flight_key_v1_3782a53dab7d6b16ac80c8e3c04f71e8,flight_key_v1_1b011ec15786eb0cc1cb1234feef9123,2585.0,2983.0,RIC,MLB,2024-01-01_DL_2585,475,535,60,474,540,66,3,0.1889,-0.6100000143051147,2.64,454,529,75,-21.0,-6.0,G104,460,550,90
TURN_0121,SIM_AC_0121,PAIRED_TURN,DL,NARROWBODY,40,45,flight_key_v1_d3523ff05d9ca479f645dae307532af9,flight_key_v1_3633bab94de7839abcd294a6f0ae0b04,2506.0,1493.0,MSY,BWI,2024-01-01_DL_2506,477,535,58,476,539,63,2,0.1636,-0.47999998927116394,2.64,469,531,62,-8.0,-4.0,G85,462,550,88
TURN_0122,SIM_AC_0122,PAIRED_TURN,9E,NARROWBODY,40,45,flight_key_v1_52a6f103c58078826670521f42c84810,flight_key_v1_52860c9c04e68c2783672c9234631677,4999.0,5039.0,OAJ,CHA,2024-01-01_9E_4999,478,542,64,476,548,72,3,0.182,-1.159999966621399,3.01,458,538,80,-20.0,-4.0,G78,463,557,94
TURN_0123,SIM_AC_0123,PAIRED_TURN,9E,NARROWBODY,40,45,flight_key_v1_e81ca88619bb616736448631ef08a1d1,flight_key_v1_0f71306025918a6f9150d0f861bc82a4,5109.0,5272.0,CRW,TRI,2024-01-01_9E_5109,479,555,76,478,562,84,4,0.2745,-0.47999998927116394,3.01,473,550,77,-6.0,-5.0,G58,464,570,106
TURN_0124,SIM_AC_0124,PAIRED_TURN,WN,NARROWBODY,40,45,flight_key_v1_db457b7939b5f30fa01235d31fab4d7e,flight_key_v1_d356798bbb357df1db0b648d0d018747,259.0,2466.0,MIA,STL,2024-01-01_WN_259,480,565,85,479,571,92,3,0.1838,-0.23999999463558197,3.57,463,567,104,-17.0,2.0,G165,465,580,115
TURN_0125,SIM_AC_0125,PAIRED_TURN,WN,WIDEBODY,75,60,flight_key_v1_0c3d8d8778bca160cf49674031bfe1c6,flight_key_v1_8d838bc0ff7812e32eac721f127841f3,3303.0,1467.0,RIC,MEM,2024-01-01_WN_3303,480,585,105,479,591,112,3,0.2043,-0.3700000047683716,3.37,463,583,120,-17.0,-2.0,G137,465,600,135
TURN_0126,SIM_AC_0126,PAIRED_TURN,DL,NARROWBODY,40,45,flight_key_v1_764bf2d660025a547089dd2a42c1e4e8,flight_key_v1_61284d6166fbe0e88f938b4d613a1382,2075.0,2892.0,PHL,EYW,2024-01-01_DL_2075,480,535,55,478,539,61,2,0.1636,-1.2300000190734863,2.65,471,530,59,-9.0,-5.0,G59,465,550,85
TURN_0788,SIM_AC_0788,UNMATCHED_DEP,NK,NARROWBODY,40,45,,flight_key_v1_0b0c21d460a6707b8dbb18940454ddd3,,3102.0,ATL,LAX,2024-01-01_NK_3102,480,525,45,486,534,48,3,0.2007,0.0,6.5,472,517,45,0.0,-8.0,G158,466,541,75
TURN_0791,SIM_AC_0791,UNMATCHED_DEP,9E,WIDEBODY,75,60,,flight_key_v1_8d63e0cd19b41541f745c8e3efd48c5e,,4933.0,ATL,TYS,2024-01-01_9E_4933,480,540,60,483,546,63,3,0.182,0.0,3.01,476,536,60,0.0,-4.0,G98,465,555,90
TURN_0127,SIM_AC_0127,PAIRED_TURN,DL,NARROWBODY,40,45,flight_key_v1_b12ca84737d2fcf7b464aaa1ecb76fe9,flight_key_v1_4565c3be9a586d9a934b21ae90e30a74,2734.0,2633.0,CLE,RDU,2024-01-01_DL_2734,482,535,53,481,542,61,5,0.3108,-0.1899999976158142,2.7,464,533,69,-18.0,-2.0,G133,467,550,83
TURN_0128,SIM_AC_0128,PAIRED_TURN,OO,NARROWBODY,40,45,flight_key_v1_cb17d1c42d8aa995ce4366396d01ef50,flight_key_v1_dec46da88cd39a2cbc11dfed515b03e7,3714.0,3876.0,ABY,ASE,2024-01-01_OO_3714,482,590,108,484,599,115,4,0.259,2.9100000858306885,5.32,465,586,121,-17.0,-4.0,G41,467,605,138
TURN_0129,SIM_AC_0129,PAIRED_TURN,OO,NARROWBODY,40,45,flight_key_v1_a9ab0237fd7bc5bf664e04a61190e41a,flight_key_v1_4b43d43d43ee75405eb5daf16bcd8b9d,3721.0,3809.0,BQK,SBN,2024-01-01_OO_3721,483,615,132,485,624,139,6,0.4099,2.6700000762939453,3.94,482,614,132,-1.0,-1.0,G44,469,631,162
TURN_0130,SIM_AC_0130,PAIRED_TURN,DL,NARROWBODY,40,45,flight_key_v1_f1c895f242e1bbf9b56e8fc09d31fe49,flight_key_v1_ac3aee51695a888e118758268963385d,2440.0,1240.0,JAX,DTW,2024-01-01_DL_2440,483,539,56,481,544,63,3,0.1692,-1.1200000047683716,2.55,467,536,69,-16.0,-3.0,G50,468,554,86
TURN_0131,SIM_AC_0131,PAIRED_TURN,DL,NARROWBODY,40,45,flight_key_v1_95ef670514d5c344141a6cc9346375de,flight_key_v1_b155ae7985e80e7e7697df1de3bda87e,2852.0,2270.0,PIT,PHL,2024-01-01_DL_2852,483,539,56,481,543,62,2,0.1636,-1.600000023841858,2.81,485,534,49,2.0,-5.0,G83,468,554,86
TURN_0132,SIM_AC_0132,PAIRED_TURN,DL,NARROWBODY,40,45,flight_key_v1_470c14262119a0d27d09551c9781b715,flight_key_v1_273f7bd4dfdc72b2085898e440acd2d6,410.0,1510.0,DCA,MIA,2024-01-01_DL_410,484,540,56,482,547,65,3,0.1881,-1.159999966621399,4.55,459,537,78,-25.0,-3.0,G69,469,555,86
TURN_0133,SIM_AC_0133,PAIRED_TURN,9E,NARROWBODY,40,45,flight_key_v1_60e14655d387ef698e146cc8bf3754c6,flight_key_v1_fae108a98507b3b2e0d296f36b2e74bd,5317.0,5460.0,TYS,LEX,2024-01-01_9E_5317,484,555,71,483,561,78,3,0.182,-0.9399999976158142,3.01,457,543,86,-27.0,-12.0,G146,469,570,101
TURN_0134,SIM_AC_0134,PAIRED_TURN,DL,NARROWBODY,40,45,flight_key_v1_1293a95a9774868460d8dfa19ce92bc6,flight_key_v1_2b6f751c43af27b468f7ae3db00dc796,2741.0,1366.0,JAN,CLE,2024-01-01_DL_2741,485,540,55,484,557,73,3,0.1912,-0.6600000262260437,14.16,473,538,65,-12.0,-2.0,G25,470,555,85
TURN_0135,SIM_AC_0135,PAIRED_TURN,DL,NARROWBODY,40,45,flight_key_v1_6d7dd1c69f467d31c79bf354f2f712a5,flight_key_v1_445cc67941d09110a65439de8ccb02a2,2683.0,2326.0,MEM,JAX,2024-01-01_DL_2683,485,540,55,484,546,62,3,0.182,-0.47999998927116394,3.05,466,535,69,-19.0,-5.0,G22,470,555,85
TURN_0136,SIM_AC_0136,PAIRED_TURN,DL,NARROWBODY,40,45,flight_key_v1_80e98bccf11d46b97b997d50c5e26823,flight_key_v1_d6d7c2b2b1c56f92b75cc288841bd2ed,1404.0,471.0,MIA,CVG,2024-01-01_DL_1404,485,540,55,484,546,62,3,0.1912,-0.47999998927116394,3.21,479,544,65,-6.0,4.0,G13,470,555,85
TURN_0137,SIM_AC_0137,PAIRED_TURN,DL,NARROWBODY,40,45,flight_key_v1_8a2dbaaec57ac62cc0e73cf2182b09d9,flight_key_v1_25c000abb3023e1221dedf69b5449356,2305.0,2290.0,GPT,STL,2024-01-01_DL_2305,485,545,60,484,551,67,3,0.182,-0.8100000023841858,3.16,470,539,69,-15.0,-6.0,G119,470,560,90
TURN_0792,SIM_AC_0792,UNMATCHED_DEP,9E,WIDEBODY,75,60,,flight_key_v1_dd1f1d4397a68fabd9de9056e374b005,,5189.0,ATL,BTR,2024-01-01_9E_5189,487,547,60,490,553,63,3,0.182,0.0,3.01,483,543,60,0.0,-4.0,G134,472,562,90
TURN_0138,SIM_AC_0138,PAIRED_TURN,DL,NARROWBODY,40,45,flight_key_v1_df5846ad536a233c94047fa21bec8bab,flight_key_v1_51b25bdb90ea81e53e432c28ebab81b3,2950.0,809.0,BWI,SJC,2024-01-01_DL_2950,488,545,57,487,551,64,3,0.182,-0.9599999785423279,3.6,482,543,61,-6.0,-2.0,G125,473,560,87
TURN_0139,SIM_AC_0139,PAIRED_TURN,DL,NARROWBODY,40,45,flight_key_v1_e12b0eb33f7ea6cc6fefb7d5f772499b,flight_key_v1_32e7004c099a3583eb512ecbf5ba8947,2804.0,2107.0,HSV,MKE,2024-01-01_DL_2804,488,550,62,486,556,70,3,0.1912,-1.2200000286102295,3.21,469,545,76,-19.0,-5.0,G101,473,565,92
TURN_0140,SIM_AC_0140,PAIRED_TURN,DL,NARROWBODY,40,45,flight_key_v1_3979bb4372eb9a840c14d7a1e2eedd65,flight_key_v1_57d9b3514bace6629717c26a1ce8fc61,2453.0,558.0,GRR,EGE,2024-01-01_DL_2453,489,550,61,488,556,68,3,0.1912,-0.9399999976158142,3.84,456,543,87,-33.0,-7.0,G20,474,565,91
TURN_0049,SIM_AC_0049,PAIRED_TURN,WN,NARROWBODY,40,45,flight_key_v1_1fd9e034b144042d6a96ab57b4d773a6,flight_key_v1_203b6ceaa3aa0a70eddc090ae92c72f8,3453.0,3453.0,STL,SAT,2024-01-01_WN_3453,490,530,40,489,535,46,3,0.1686,-0.23999999463558197,2.42,478,527,49,-12.0,-3.0,G120,475,545,70
TURN_0141,SIM_AC_0141,PAIRED_TURN,OO,NARROWBODY,40,45,flight_key_v1_ef365d726dcd78279a483a7051eee428,flight_key_v1_18a3f8298c15163d05d78964f52c95de,3684.0,3716.0,MGM,BQK,2024-01-01_OO_3684,493,660,167,495,668,173,4,0.266,2.3299999237060547,4.19,479,655,176,-14.0,-5.0,G144,478,675,197
TURN_0142,SIM_AC_0142,PAIRED_TURN,DL,NARROWBODY,40,45,flight_key_v1_c217c8fa62dc6ef73136ce797f4a9f86,flight_key_v1_36b86787b4b747b94aa39b6424e25927,2847.0,2223.0,ECP,SDF,2024-01-01_DL_2847,493,550,57,492,556,64,3,0.1984,-0.47999998927116394,3.16,493,544,51,0.0,-6.0,G67,478,565,87
TURN_0143,SIM_AC_0143,PAIRED_TURN,DL,NARROWBODY,40,45,flight_key_v1_38d25758e5ecf79fffcff143dcbb1a0a,flight_key_v1_dd19529606e02085299b987550bfa042,2550.0,2490.0,IAD,OKC,2024-01-01_DL_2550,495,550,55,493,556,63,3,0.1912,-1.2000000476837158,3.24,480,546,66,-15.0,-4.0,G147,480,565,85
TURN_0790,SIM_AC_0790,UNMATCHED_DEP,NK,NARROWBODY,40,45,,flight_key_v1_c2f0518284a39090ba579d5011dc0b56,,481.0,ATL,MSY,2024-01-01_NK_481,495,540,45,499,547,48,3,0.1956,0.0,4.93,603,648,45,0.0,108.0,G164,480,555,75
TURN_0144,SIM_AC_0144,PAIRED_TURN,DL,NARROWBODY,40,45,flight_key_v1_4a62490fdf0b25f23149b58e3e208dd7,flight_key_v1_975a39852d22375eaafe8f5aa320ff3c,1060.0,1345.0,FLL,CMH,2024-01-01_DL_1060,496,550,54,495,556,61,3,0.182,-0.6200000047683716,3.16,490,548,58,-6.0,-2.0,G39,481,565,84
TURN_0145,SIM_AC_0145,PAIRED_TURN,DL,NARROWBODY,40,45,flight_key_v1_7eb4eba5ca7bbdfad4d449202068282d,flight_key_v1_4e1d7e5bbef05484aa63ce16cd383f48,2463.0,786.0,PNS,PDX,2024-01-01_DL_2463,497,555,58,496,561,65,3,0.182,-0.47999998927116394,3.45,475,554,79,-22.0,-1.0,G114,482,570,88
TURN_0146,SIM_AC_0146,PAIRED_TURN,9E,NARROWBODY,40,45,flight_key_v1_c0fee8495f0409213508ce12f25d1968,flight_key_v1_e40143594486496be301d93cd9fc57a4,5102.0,4949.0,CHO,TUL,2024-01-01_9E_5102,497,560,63,496,566,70,3,0.2168,-0.47999998927116394,3.09,471,558,87,-26.0,-2.0,G12,482,575,93
TURN_0147,SIM_AC_0147,PAIRED_TURN,DL,NARROWBODY,40,45,flight_key_v1_73a772590cc7fb4b152f2b3a29826346,flight_key_v1_9981d852f49fd9ebe13f53e55dd77d19,2650.0,380.0,MDT,DCA,2024-01-01_DL_2650,499,555,56,497,560,63,3,0.1869,-1.059999942779541,2.95,474,550,76,-25.0,-5.0,G131,484,570,86
TURN_0148,SIM_AC_0148,PAIRED_TURN,OO,NARROWBODY,40,45,flight_key_v1_818d8e6a3fdc96626fe1d73baa7749f2,flight_key_v1_d780b60a093dc28c7e84211e9789b841,3677.0,4058.0,FWA,CSG,2024-01-01_OO_3677,499,665,166,501,674,173,5,0.3417,2.990000009536743,4.19,462,667,205,-37.0,2.0,G143,485,681,196
TURN_0149,SIM_AC_0149,PAIRED_TURN,DL,NARROWBODY,40,45,flight_key_v1_b99553124217a0490f4a0aa4c77f87e1,flight_key_v1_ee014864c1f39765787498dfeae7cea3,955.0,904.0,CHS,SMF,2024-01-01_DL_955,499,555,56,498,562,64,3,0.182,-0.6100000143051147,4.01,485,558,73,-14.0,3.0,G84,484,570,86
TURN_0150,SIM_AC_0150,PAIRED_TURN,DL,NARROWBODY,40,45,flight_key_v1_235d610dd38c15a362c677b3ef6138a6,flight_key_v1_82577ac26392c419c1ecc4f93ab96d9a,2390.0,2820.0,VPS,IAD,2024-01-01_DL_2390,500,555,55,499,560,61,3,0.182,-0.6299999952316284,2.88,516,551,35,16.0,-4.0,G77,485,570,85
TURN_0151,SIM_AC_0151,PAIRED_TURN,DL,WIDEBODY,75,60,flight_key_v1_474402cec976441b615d2ccc2dd6ba74,flight_key_v1_561ce7361655c67f50e95544c9510a7d,2707.0,2786.0,MOB,ORF,2024-01-01_DL_2707,500,593,93,499,599,100,3,0.182,-0.6600000262260437,3.33,500,593,93,0.0,0.0,G109,485,608,123
TURN_0152,SIM_AC_0152,PAIRED_TURN,DL,NARROWBODY,40,45,flight_key_v1_5a9dbbac007ad210cc153056d0338089,flight_key_v1_c0c75a8166564b08a118874679f79588,2781.0,340.0,ORF,BZN,2024-01-01_DL_2781,500,557,57,499,563,64,3,0.1912,-0.47999998927116394,3.84,492,549,57,-8.0,-8.0,G81,485,572,87
TURN_0795,SIM_AC_0795,UNMATCHED_DEP,9E,WIDEBODY,75,60,,flight_key_v1_3644ae67f5ad7b36fb2ef00fe4fe8a38,,4858.0,ATL,TLH,2024-01-01_9E_4858,500,560,60,503,566,63,3,0.182,0.0,3.01,495,555,60,0.0,-5.0,G37,485,575,90
TURN_0153,SIM_AC_0153,PAIRED_TURN,DL,NARROWBODY,40,45,flight_key_v1_76603ba0ed5f4d7a53dff6363207815f,flight_key_v1_25545980cd5ac414cb7435a519bb48b7,2375.0,1658.0,DTW,MCO,2024-01-01_DL_2375,502,559,57,500,565,65,3,0.19,-1.5,3.89,473,584,111,-29.0,25.0,G94,487,574,87
TURN_0154,SIM_AC_0154,PAIRED_TURN,DL,WIDEBODY,75,60,flight_key_v1_e76ee5034086c1310f66b863b163103a,flight_key_v1_d028fa9e314e458e06b08d0e55269804,1027.0,2547.0,SAT,GRR,2024-01-01_DL_1027,504,609,105,503,615,112,3,0.196,-0.47999998927116394,3.85,497,617,120,-7.0,8.0,G74,489,624,135
TURN_0155,SIM_AC_0155,PAIRED_TURN,9E,WIDEBODY,75,60,flight_key_v1_bfe39fbe7e2e34d8ae1ef044d214b5a3,flight_key_v1_0ce8be12cc5ed8c1b2f596efc1eb14df,4927.0,5312.0,GTR,VLD,2024-01-01_9E_4927,505,599,94,504,606,102,4,0.2377,-0.9100000262260437,3.29,491,624,133,-14.0,25.0,G100,490,614,124
TURN_0796,SIM_AC_0796,UNMATCHED_DEP,OO,WIDEBODY,75,60,,flight_key_v1_bdf0e165d116a873cc2656f9e166a4d1,,4176.0,ATL,FWA,2024-01-01_OO_4176,505,565,60,508,571,63,3,0.1838,0.0,3.61,493,553,60,0.0,-12.0,G70,490,580,90
TURN_0156,SIM_AC_0156,PAIRED_TURN,DL,NARROWBODY,40,45,flight_key_v1_fe05b3a8e87d6cbc00a6606b47b01b1f,flight_key_v1_d84a536c00608263a8382d9c067ed841,401.0,787.0,DFW,GEG,2024-01-01_DL_401,507,560,53,506,566,60,3,0.182,-0.47999998927116394,3.7,497,557,60,-10.0,-3.0,G11,492,575,83
TURN_0157,SIM_AC_0157,PAIRED_TURN,DL,NARROWBODY,40,45,flight_key_v1_44a70bee701da50c67a168ca3c099875,flight_key_v1_94e6a89270b1bd730a6454965a9d4447,2937.0,1620.0,HPN,FLL,2024-01-01_DL_2937,508,561,53,507,568,61,3,0.1881,-0.47999998927116394,4.2,703,743,40,195.0,-1.0,G86,493,576,83
TURN_0158,SIM_AC_0158,PAIRED_TURN,DL,NARROWBODY,40,45,flight_key_v1_d1ba55fa668bf18517a75e161ac39234,flight_key_v1_c414073180e146724fa922354695fb3c,2249.0,2071.0,BTR,MEM,2024-01-01_DL_2249,509,565,56,507,571,64,3,0.1912,-1.0099999904632568,3.21,502,563,61,-7.0,-2.0,G103,494,580,86
TURN_0793,SIM_AC_0793,UNMATCHED_DEP,UA,NARROWBODY,40,45,,flight_key_v1_902846e45c8a95989da5dd021e04ddb3,,1850.0,ATL,IAH,2024-01-01_UA_1850,510,555,45,513,561,48,3,0.1838,0.0,3.51,505,550,45,0.0,-5.0,G73,495,570,75
TURN_0794,SIM_AC_0794,UNMATCHED_DEP,AA,NARROWBODY,40,45,,flight_key_v1_262c6667e20a6118658e753f9b140894,,2977.0,ATL,CLT,2024-01-01_AA_2977,510,555,45,512,560,48,3,0.182,0.0,2.08,510,555,45,0.0,0.0,G54,495,570,75
TURN_0159,SIM_AC_0159,PAIRED_TURN,DL,NARROWBODY,40,45,flight_key_v1_1428ef2ef093be5d7ffbfdf88cc36018,flight_key_v1_ef8d7fc834c4aa02ef826522797c527c,2266.0,2952.0,EWR,IND,2024-01-01_DL_2266,511,567,56,510,573,63,3,0.1868,-0.6200000047683716,3.33,501,561,60,-10.0,-6.0,G161,496,582,86
TURN_0160,SIM_AC_0160,PAIRED_TURN,DL,NARROWBODY,40,45,flight_key_v1_eb35bc2484b4d0aca766ac5652a52830,flight_key_v1_05193410b17b6f0c119497a604239aad,2664.0,1316.0,BUF,BNA,2024-01-01_DL_2664,512,570,58,521,581,60,8,0.5016,9.529999732971191,3.16,511,568,57,-1.0,-2.0,G159,501,589,88
TURN_0659,SIM_AC_0659,UNMATCHED_ARR,9E,WIDEBODY,75,60,flight_key_v1_c096c75ea404bcf01d21ff5492bf6795,,5251.0,,ABE,ATL,2024-01-01_9E_5251,512,572,60,511,575,64,4,0.2455,-0.6399999856948853,0.0,477,537,60,-35.0,0.0,G172,497,602,105
TURN_0161,SIM_AC_0161,PAIRED_TURN,NK,NARROWBODY,40,45,flight_key_v1_3337bde6899e5081a0db17ba512e801f,flight_key_v1_8aa2c2ac1b3694bbee620b24b4c50efa,1305.0,1079.0,BWI,FLL,2024-01-01_NK_1305,513,570,57,514,580,66,4,0.2853,1.3899999856948853,6.27,511,582,71,-2.0,12.0,G01,498,585,87
TURN_0162,SIM_AC_0162,PAIRED_TURN,DL,NARROWBODY,40,45,flight_key_v1_f5d90af03c628d6fcca1d79a36903b78,flight_key_v1_37e537cc33e40751bf38d5e7a0068dd9,1561.0,2517.0,RSW,MYR,2024-01-01_DL_1561,514,574,60,513,580,67,3,0.182,-0.8299999833106995,3.16,506,569,63,-8.0,-5.0,G153,499,589,90
TURN_0163,SIM_AC_0163,PAIRED_TURN,DL,NARROWBODY,40,45,flight_key_v1_6c1ac579a94536fbe0dd0712f13f276e,flight_key_v1_241c9bfcbc5a6e551b5dfb954938f4fc,2782.0,1028.0,LIT,MIA,2024-01-01_DL_2782,516,580,64,515,587,72,3,0.1881,-0.6100000143051147,4.81,486,575,89,-30.0,-5.0,G155,501,595,94
TURN_0164,SIM_AC_0164,PAIRED_TURN,DL,NARROWBODY,40,45,flight_key_v1_2d947b18c37d14922d74fcbaa5cde4da,flight_key_v1_85bc89bb46114a1a2af522b6bc0a04d2,1306.0,2381.0,JFK,PBI,2024-01-01_DL_1306,517,580,63,515,587,72,3,0.1881,-1.600000023841858,4.04,507,584,77,-10.0,4.0,G24,502,595,93
TURN_0165,SIM_AC_0165,PAIRED_TURN,DL,NARROWBODY,40,45,flight_key_v1_0fa68fdc5416406135a2a1dccf3d3775,flight_key_v1_4f16968bcc2bcf4e8053d819ea8a947d,2038.0,1950.0,MKE,STT,2024-01-01_DL_2038,519,581,62,517,590,73,3,0.193,-1.600000023841858,6.25,513,579,66,-6.0,-2.0,G122,504,596,92
TURN_0166,SIM_AC_0166,PAIRED_TURN,DL,WIDEBODY,75,60,flight_key_v1_91265896f9d843520926c7472f0858e7,flight_key_v1_864443ce6c91e45a11702f5aa236004b,1464.0,2182.0,OMA,SAV,2024-01-01_DL_1464,519,615,96,517,621,104,3,0.1866,-1.0700000524520874,3.62,501,612,111,-18.0,-3.0,G124,504,630,126
TURN_0167,SIM_AC_0167,PAIRED_TURN,DL,NARROWBODY,40,45,flight_key_v1_dd14b6fc0cc4bb7448b8b7864dc33f9e,flight_key_v1_944e0afd17af174d77f1f3a288c810c2,2298.0,1587.0,STL,TPA,2024-01-01_DL_2298,522,582,60,521,588,67,3,0.182,-0.47999998927116394,3.65,540,577,37,18.0,-5.0,G79,507,597,90
TURN_0168,SIM_AC_0168,PAIRED_TURN,DL,NARROWBODY,40,45,flight_key_v1_fd3a6b6c773eab9b48e896f40353676a,flight_key_v1_5b59b9d602d2327cec53419450809a71,747.0,1882.0,LGA,SJU,2024-01-01_DL_747,523,585,62,521,594,73,3,0.2045,-1.600000023841858,6.72,499,584,85,-24.0,-1.0,G31,508,600,92
TURN_0169,SIM_AC_0169,PAIRED_TURN,DL,NARROWBODY,40,45,flight_key_v1_13460927f97b1e539ecddc0d361b15d0,flight_key_v1_bbec3ef731d0e3daf0eeb9d3aaaed653,1701.0,2400.0,ORD,MSY,2024-01-01_DL_1701,524,585,61,523,590,67,3,0.1999,-0.47999998927116394,2.99,522,590,68,-2.0,5.0,G166,509,600,91
TURN_0170,SIM_AC_0170,PAIRED_TURN,DL,NARROWBODY,40,45,flight_key_v1_6290cc6cab37a15b8dc06a309dede14c,flight_key_v1_3a668f17994c97e9bcc41aad1c646232,1344.0,560.0,AUS,SAN,2024-01-01_DL_1344,524,590,66,523,596,73,3,0.1836,-0.47999998927116394,3.83,506,580,74,-18.0,-10.0,G174,509,605,96
TURN_0171,SIM_AC_0171,PAIRED_TURN,DL,NARROWBODY,40,45,flight_key_v1_ab6b51ea10d73d28a33458102dfe9c65,flight_key_v1_4d982c379130e52668af4b0343d3dc22,2691.0,2177.0,GRB,RIC,2024-01-01_DL_2691,524,590,66,522,596,74,3,0.182,-1.5,3.33,495,588,93,-29.0,-2.0,G96,509,605,96
TURN_0172,SIM_AC_0172,PAIRED_TURN,DL,NARROWBODY,40,45,flight_key_v1_fbb19e18c5eb2df85d95f6e1f8103365,flight_key_v1_2fa054cba994f2cdf38d325acf17abbc,1051.0,1039.0,RDU,TUS,2024-01-01_DL_1051,524,590,66,523,596,73,3,0.2059,-0.49000000953674316,3.7,537,586,49,13.0,-4.0,G173,509,605,96
TURN_0173,SIM_AC_0173,PAIRED_TURN,DL,NARROWBODY,40,45,flight_key_v1_53f27f724a746b3f473d2d4d35ff95f1,flight_key_v1_02714d1573728ed85d7b7dd72cca5d7a,2767.0,837.0,CMH,HNL,2024-01-01_DL_2767,526,595,69,525,608,83,3,0.182,-0.9300000071525574,10.13,544,594,50,18.0,-1.0,G36,511,610,99
TURN_0174,SIM_AC_0174,PAIRED_TURN,OO,NARROWBODY,40,45,flight_key_v1_a8b2a138b47cb14a751e4609732ec019,flight_key_v1_880fd4aca3766f7c391e5e73d3454ca1,3938.0,3935.0,EVV,SHV,2024-01-01_OO_3938,527,719,192,528,727,199,4,0.2595,1.7799999713897705,4.42,486,715,229,-41.0,-4.0,G47,512,734,222
TURN_0175,SIM_AC_0175,PAIRED_TURN,9E,NARROWBODY,40,45,flight_key_v1_4cce14a810ae90bed8c6833c7d3b6241,flight_key_v1_7b230ab362abbaa4c9381666e6a3f742,5488.0,5381.0,MLU,ABE,2024-01-01_9E_5488,528,580,52,527,586,59,3,0.182,-0.47999998927116394,3.29,501,590,89,-27.0,10.0,G09,513,595,82
TURN_0176,SIM_AC_0176,PAIRED_TURN,DL,NARROWBODY,40,45,flight_key_v1_174b368e01dfda8aca93ad71c57c4509,flight_key_v1_6563fc7cb50c62faaa8234b3aed04b39,2652.0,387.0,BDL,SLC,2024-01-01_DL_2652,528,595,67,526,601,75,3,0.1912,-1.600000023841858,3.66,516,595,79,-12.0,0.0,G99,513,610,97
TURN_0177,SIM_AC_0177,PAIRED_TURN,9E,NARROWBODY,40,45,flight_key_v1_a9b5e546968c58e5c06fd92600bf5e74,flight_key_v1_bc6bc855bc2d6b87a6530f3530f8a41a,5183.0,4968.0,MSN,CLT,2024-01-01_9E_5183,529,580,51,527,585,58,3,0.182,-1.5,2.83,520,579,59,-9.0,-1.0,G06,514,595,81
TURN_0178,SIM_AC_0178,PAIRED_TURN,DL,NARROWBODY,40,45,flight_key_v1_9b0b1fbf0bd5d5a0b16217a4b6b04971,flight_key_v1_789f84aa1b68b643d0954faad854c0cc,1169.0,774.0,SYR,SEA,2024-01-01_DL_1169,529,596,67,527,602,75,3,0.2264,-1.1100000143051147,3.95,542,589,47,13.0,-7.0,G49,514,611,97
TURN_0179,SIM_AC_0179,PAIRED_TURN,9E,NARROWBODY,40,45,flight_key_v1_5808acdb303adc75b9a186ba184a7793,flight_key_v1_576dd0162686e22859c79e523e5287fd,5015.0,4963.0,AEX,DAY,2024-01-01_9E_5015,530,595,65,529,601,72,3,0.1865,-0.47999998927116394,3.29,501,592,91,-29.0,-3.0,G162,515,610,95
TURN_0180,SIM_AC_0180,PAIRED_TURN,WN,NARROWBODY,40,45,flight_key_v1_c74b2c0f45a7a2b49b6ab78350912e7a,flight_key_v1_9a17ba149ef3f44a7f765f11ee81dbca,2466.0,1301.0,PHL,MDW,2024-01-01_WN_2466,530,570,40,529,576,47,3,0.1838,-0.8899999856948853,3.57,514,575,61,-16.0,5.0,G65,515,585,70
TURN_0181,SIM_AC_0181,PAIRED_TURN,DL,NARROWBODY,40,45,flight_key_v1_1809702eb9af43990ced33769e29b52e,flight_key_v1_0f29b4e5e103f7786783a0b51daa30f8,1200.0,855.0,MCO,BOS,2024-01-01_DL_1200,532,597,65,531,603,72,3,0.1943,-0.36000001430511475,3.4,512,595,83,-20.0,-2.0,G145,517,612,95
TURN_0182,SIM_AC_0182,PAIRED_TURN,DL,WIDEBODY,75,60,flight_key_v1_3919417daf3b9afbaceaf0130e08d2d5,flight_key_v1_249582e437ab4dfe7af239bb2053137a,2851.0,314.0,BTV,PSP,2024-01-01_DL_2851,533,658,125,532,665,133,4,0.2615,-0.47999998927116394,3.94,503,655,152,-30.0,-3.0,G130,518,673,155
TURN_0183,SIM_AC_0183,PAIRED_TURN,DL,NARROWBODY,40,45,flight_key_v1_c6649daaf5c8f00a10fa46480791ef58,flight_key_v1_4e056b3f04bc1f5d7dd2e1971fe2ba52,2459.0,457.0,CID,LAX,2024-01-01_DL_2459,533,599,66,532,606,74,3,0.2034,-0.47999998927116394,4.74,506,606,100,-27.0,7.0,G90,518,614,96
TURN_0184,SIM_AC_0184,PAIRED_TURN,OO,NARROWBODY,40,45,flight_key_v1_d69d53bf711e63e7fc1e407b2ba6622c,flight_key_v1_b5dc43a601a9ad9b2bcd2c3bd8de0d4f,3910.0,3715.0,SHV,AGS,2024-01-01_OO_3910,533,763,230,535,771,236,4,0.2813,2.9200000762939453,4.31,514,758,244,-19.0,-5.0,G63,518,778,260
TURN_0185,SIM_AC_0185,PAIRED_TURN,9E,NARROWBODY,40,45,flight_key_v1_5f88883549a63a59220dc79088d93272,flight_key_v1_cf258ed4d65fba6b7a239b273e9b5862,5084.0,5157.0,LFT,ROA,2024-01-01_9E_5084,534,600,66,533,607,74,4,0.2403,-0.47999998927116394,3.51,512,622,110,-22.0,22.0,G40,519,615,96
TURN_0186,SIM_AC_0186,PAIRED_TURN,9E,NARROWBODY,40,45,flight_key_v1_11475051fcf68e16759b5c67879c8911,flight_key_v1_cb2bb02aa85c8a4fa6d47f209dc7c4ee,4912.0,5047.0,DHN,CRW,2024-01-01_9E_4912,534,605,71,533,612,79,4,0.2702,-0.8199999928474426,3.78,544,602,58,10.0,-3.0,G169,519,620,101
TURN_0187,SIM_AC_0187,PAIRED_TURN,DL,NARROWBODY,40,45,flight_key_v1_73eab427377e63292389b7b4f2cdd33e,flight_key_v1_321f068e3494e127ef6c7f8cf284bd76,2903.0,2286.0,MCI,JFK,2024-01-01_DL_2903,534,599,65,532,605,73,3,0.1917,-1.0099999904632568,3.36,511,611,100,-23.0,12.0,G61,519,614,95
TURN_0188,SIM_AC_0188,PAIRED_TURN,9E,NARROWBODY,40,45,flight_key_v1_815cbea7560593b56519471108f218a5,flight_key_v1_accd99b7b57211f6ad8eb951e9e43739,5025.0,5202.0,ATW,AVL,2024-01-01_9E_5025,534,620,86,533,628,95,5,0.324,-0.47999998927116394,3.51,516,617,101,-18.0,-3.0,G118,519,635,116
TURN_0061,SIM_AC_0061,PAIRED_TURN,WN,NARROWBODY,75,45,flight_key_v1_83d367f41e7ff9433ab2a330056fccd3,flight_key_v1_25d215193fe3c27f71376d0af591aa86,564.0,564.0,HOU,BWI,2024-01-01_WN_564,535,580,45,535,613,78,3,0.1838,0.15000000596046448,3.86,525,578,53,-10.0,-2.0,G38,520,595,75
TURN_0189,SIM_AC_0189,PAIRED_TURN,DL,WIDEBODY,75,60,flight_key_v1_153902c4f9979588e55aadaa4442d0d8,flight_key_v1_2b6116ad7f53266819993ef87f95d8e0,1494.0,2515.0,PBI,ABQ,2024-01-01_DL_1494,535,660,125,534,667,133,3,0.2029,-0.8399999737739563,4.34,520,658,138,-15.0,-2.0,G154,520,675,155
TURN_0190,SIM_AC_0190,PAIRED_TURN,WN,NARROWBODY,40,45,flight_key_v1_183640989bf4ece5b333a52eb90d6bd6,flight_key_v1_8021f50ec76083cef32c44a603c0f6d3,434.0,1061.0,SDF,SRQ,2024-01-01_WN_434,535,645,110,534,653,119,3,0.2229,-0.15000000596046448,5.63,520,644,124,-15.0,-1.0,G156,520,660,140
TURN_0191,SIM_AC_0191,PAIRED_TURN,9E,NARROWBODY,40,45,flight_key_v1_870e256e7ebb0db6252dfbff6b7c1784,flight_key_v1_187cbeb548af17f3e4d83a0d89b7bd3f,5383.0,5074.0,BMI,OAJ,2024-01-01_9E_5383,537,660,123,536,667,131,4,0.2421,-0.47999998927116394,3.93,516,656,140,-21.0,-4.0,G26,522,675,153
TURN_0192,SIM_AC_0192,PAIRED_TURN,DL,NARROWBODY,40,45,flight_key_v1_440acfef2b22106a6e79843a06b76376,flight_key_v1_2a4333caf7b1ca35d1fdb799adec92dd,2216.0,2908.0,ICT,MCI,2024-01-01_DL_2216,538,599,61,537,605,68,3,0.1912,-0.47999998927116394,3.63,522,595,73,-16.0,-4.0,G16,523,614,91
TURN_0193,SIM_AC_0193,PAIRED_TURN,DL,NARROWBODY,40,45,flight_key_v1_774ec79ee91f1bdca66471019d7169fb,flight_key_v1_7554f008d67c0bcc1b070dc2337a0717,2429.0,1153.0,ALB,RSW,2024-01-01_DL_2429,538,600,62,536,607,71,4,0.2543,-1.149999976158142,3.87,538,657,119,0.0,57.0,G19,523,615,92
TURN_0194,SIM_AC_0194,PAIRED_TURN,DL,WIDEBODY,75,60,flight_key_v1_cbde786ff0ee781b4ee03e21ba875238,flight_key_v1_3ca040d76db6f6e61693b2e9d5df76b9,1235.0,2672.0,TUL,ALB,2024-01-01_DL_1235,538,660,122,537,667,130,3,0.202,-0.47999998927116394,4.52,538,645,107,0.0,-15.0,G112,523,675,152
TURN_0195,SIM_AC_0195,PAIRED_TURN,DL,NARROWBODY,40,45,flight_key_v1_65d7cdec8b28ffd8bba8f208c37f2752,flight_key_v1_e89de681aa548bf7fa84d1319a996416,695.0,541.0,BOS,ONT,2024-01-01_DL_695,539,600,61,537,606,69,3,0.1866,-1.4800000190734863,3.94,540,605,65,1.0,5.0,G10,524,615,91
TURN_0033,SIM_AC_0033,PAIRED_TURN,WN,NARROWBODY,40,45,flight_key_v1_f9aced2271f00e5a3b1505c76ebe88af,flight_key_v1_762c2b7d1288cd1b348b191235add534,2379.0,2379.0,MDW,DAL,2024-01-01_WN_2379,540,590,50,540,596,56,3,0.2239,0.15000000596046448,3.89,523,591,68,-17.0,1.0,G168,525,605,80
TURN_0196,SIM_AC_0196,PAIRED_TURN,DL,NARROWBODY,40,45,flight_key_v1_e2081fa53f563664e692884f5ecba551,flight_key_v1_47ff4ae930728930b75f9fc15458daf6,2557.0,1298.0,HOU,DTW,2024-01-01_DL_2557,540,600,60,539,606,67,3,0.196,-0.47999998927116394,3.85,541,597,56,1.0,-3.0,G152,525,615,90
TURN_0197,SIM_AC_0197,PAIRED_TURN,DL,NARROWBODY,40,45,flight_key_v1_764724338ca433666d5380dfd6bc086e,flight_key_v1_499414e00284707a3fca690d159027cf,1604.0,1034.0,MSP,DAL,2024-01-01_DL_1604,542,600,58,540,606,66,3,0.1866,-1.600000023841858,3.61,522,596,74,-20.0,-4.0,G42,527,615,88
TURN_0198,SIM_AC_0198,PAIRED_TURN,DL,NARROWBODY,40,45,flight_key_v1_59f79a877d54be1f0fb0ecd82d214c25,flight_key_v1_f546e2178d625d4c6524ecae1a411bc4,2673.0,2484.0,PVD,CAE,2024-01-01_DL_2673,544,600,56,542,606,64,3,0.2074,-1.4800000190734863,3.58,548,597,49,4.0,-3.0,G141,529,615,86
TURN_0199,SIM_AC_0199,PAIRED_TURN,DL,NARROWBODY,40,45,flight_key_v1_7fe64ed084265fb311672f0184adcafc,flight_key_v1_6cd5bd5455c1aef5e839d40e5d46f8d5,2548.0,2775.0,MDW,MSP,2024-01-01_DL_2548,544,605,61,543,612,69,3,0.1974,-0.47999998927116394,4.66,532,610,78,-12.0,5.0,G128,529,620,91
TURN_0200,SIM_AC_0200,PAIRED_TURN,DL,NARROWBODY,40,45,flight_key_v1_9c908a6d516f6707edeeeb91de826132,flight_key_v1_a11170fd572e1668f837d85b6ef8c0a9,2780.0,2146.0,OKC,GNV,2024-01-01_DL_2780,544,605,61,543,611,68,3,0.1866,-0.5899999737739563,3.58,534,599,65,-10.0,-6.0,G105,529,620,91
TURN_0201,SIM_AC_0201,PAIRED_TURN,DL,WIDEBODY,75,60,flight_key_v1_a0593659f67cac3d203d78dfb75b2f63,flight_key_v1_4dfc8f1b59b684f8fa9c4a74b1313372,2638.0,629.0,DSM,SEA,2024-01-01_DL_2638,545,661,116,544,668,124,3,0.2002,-0.47999998927116394,4.55,535,659,124,-10.0,-2.0,G136,530,676,146
TURN_0202,SIM_AC_0202,PAIRED_TURN,DL,WIDEBODY,75,60,flight_key_v1_8533958b429d253d569c0f336df17b83,flight_key_v1_6a1684543522df1a72c6586c9a63f259,2318.0,1099.0,CLT,TPA,2024-01-01_DL_2318,545,664,119,544,671,127,3,0.1992,-0.36000001430511475,4.32,549,662,113,4.0,-2.0,G62,530,679,149
TURN_0203,SIM_AC_0203,PAIRED_TURN,DL,NARROWBODY,40,45,flight_key_v1_8f69020590a939dd0799ff69dd7209bb,flight_key_v1_91d4d2b0dd5b905b1d05fe9afde24ba6,1069.0,1728.0,IAH,PIT,2024-01-01_DL_1069,545,610,65,544,629,85,3,0.2108,-0.47999998927116394,16.78,564,605,41,19.0,-5.0,G17,530,625,95
TURN_0204,SIM_AC_0204,PAIRED_TURN,DL,NARROWBODY,40,45,flight_key_v1_d844b9528a7919d6722c69670c97153a,flight_key_v1_8e14a5dff6dc1ba8fc75ec83e54a7fb5,2773.0,2017.0,PWM,GSP,2024-01-01_DL_2773,545,610,65,544,617,73,4,0.2397,-0.47999998927116394,3.58,499,607,108,-46.0,-3.0,G15,530,625,95
TURN_0205,SIM_AC_0205,PAIRED_TURN,DL,NARROWBODY,40,45,flight_key_v1_bf546eb3404edc730389458c552bac47,flight_key_v1_4e34b1a325de3a43b78085886acdf718,1101.0,945.0,MIA,LAS,2024-01-01_DL_1101,545,610,65,544,618,74,3,0.1866,-0.36000001430511475,5.35,543,609,66,-2.0,-1.0,G02,530,625,95
TURN_0206,SIM_AC_0206,PAIRED_TURN,9E,NARROWBODY,40,45,flight_key_v1_f821ffc356e6aa49c53fd9df10e7ec6d,flight_key_v1_08e60fef169d4f892366aa14ddf2fa79,5419.0,5274.0,XNA,HSV,2024-01-01_9E_5419,545,674,129,544,682,138,5,0.3507,-0.6100000143051147,3.93,542,669,127,-3.0,-5.0,G64,530,689,159
TURN_0207,SIM_AC_0207,PAIRED_TURN,DL,NARROWBODY,40,45,flight_key_v1_c2c7ef87d1bf7e81010d0bfa660186c9,flight_key_v1_3e0f949ce15481ceaa8a03a0952c69b3,2264.0,2926.0,FSD,CHS,2024-01-01_DL_2264,545,610,65,544,616,72,3,0.2252,-0.6200000047683716,3.23,550,606,56,5.0,-4.0,G21,530,625,95
TURN_0208,SIM_AC_0208,PAIRED_TURN,DL,WIDEBODY,75,60,flight_key_v1_edef835d9d6d0eeb80c445a216c04796,flight_key_v1_cffcbd7d76664bc702fcffc002689ace,1318.0,1190.0,DAL,PBI,2024-01-01_DL_1318,545,685,140,544,693,149,3,0.2064,-0.47999998927116394,5.04,589,680,91,44.0,-5.0,G127,530,700,170
TURN_0209,SIM_AC_0209,PAIRED_TURN,DL,NARROWBODY,40,45,flight_key_v1_d6e58b1cb79282e43cee115225681473,flight_key_v1_07b097bd1b1eb7ff6e897794fa72e728,2115.0,995.0,ROC,DEN,2024-01-01_DL_2115,545,612,67,543,619,76,3,0.2259,-1.4800000190734863,4.26,541,609,68,-4.0,-3.0,G34,530,627,97
TURN_0660,SIM_AC_0660,UNMATCHED_ARR,9E,WIDEBODY,75,60,flight_key_v1_7f746e14ff24eb7f2a633450b2ed405f,,5022.0,,MLI,ATL,2024-01-01_9E_5022,545,605,60,544,608,64,4,0.2976,-0.949999988079071,0.0,555,615,60,10.0,0.0,G167,530,635,105
TURN_0661,SIM_AC_0661,UNMATCHED_ARR,9E,WIDEBODY,75,60,flight_key_v1_5b69c0b304c46597b52f4151332c3e0e,,5313.0,,SGF,ATL,2024-01-01_9E_5313,545,605,60,544,609,65,5,0.3383,-0.12999999523162842,0.0,540,600,60,-5.0,0.0,G14,530,635,105
TURN_0662,SIM_AC_0662,UNMATCHED_ARR,OO,NARROWBODY,40,45,flight_key_v1_3a25a9c4af2b285f9d2e689f929bf43c,,3877.0,,SBN,ATL,2024-01-01_OO_3877,545,590,45,547,597,50,5,0.3419,2.0199999809265137,0.0,504,549,45,-41.0,0.0,G149,530,600,70
TURN_0797,SIM_AC_0797,UNMATCHED_DEP,WN,WIDEBODY,75,60,,flight_key_v1_063841abb8d404f4ef8ed3906745cda4,,971.0,ATL,MSY,2024-01-01_WN_971,545,605,60,548,611,63,3,0.1927,0.0,3.81,542,602,60,0.0,-3.0,G72,530,620,90
TURN_0021,SIM_AC_0021,PAIRED_TURN,WN,NARROWBODY,40,45,flight_key_v1_5e8a9f4dd77ceb3d8c61dc15f55b44a1,flight_key_v1_26d8afabe91da13b8a166da12de48dac,1923.0,1923.0,MSY,PIT,2024-01-01_WN_1923,550,590,40,549,596,47,3,0.1838,-0.23999999463558197,3.86,535,585,50,-15.0,-5.0,G129,535,605,70
TURN_0210,SIM_AC_0210,PAIRED_TURN,NK,NARROWBODY,40,45,flight_key_v1_104ddbcfeb903556bc7f3a95b7ade2c0,flight_key_v1_42487f9b20ad470a7d2b4133247b77cc,740.0,968.0,FLL,DTW,2024-01-01_NK_740,551,604,53,552,614,62,4,0.2704,1.8600000143051147,6.07,612,669,57,61.0,65.0,G175,536,619,83
TURN_0211,SIM_AC_0211,PAIRED_TURN,DL,NARROWBODY,40,45,flight_key_v1_eaa1e1d2224c896e1bddac0b21a1a94d,flight_key_v1_9d5f4140dae7a06b82245a18750484dc,1618.0,1717.0,BHM,EYW,2024-01-01_DL_1618,555,613,58,554,619,65,3,0.1866,-0.36000001430511475,3.58,544,638,94,-11.0,25.0,G08,540,628,88
TURN_0212,SIM_AC_0212,PAIRED_TURN,DL,NARROWBODY,40,45,flight_key_v1_30582f93735d88821212aec5f8f7e93b,flight_key_v1_7a6a17a59a05066616b38713f0b46ebf,1044.0,2445.0,TPA,GSO,2024-01-01_DL_1044,559,615,56,558,621,63,3,0.1866,-0.7200000286102295,3.58,548,648,100,-11.0,33.0,G30,544,630,86
TURN_0213,SIM_AC_0213,PAIRED_TURN,DL,WIDEBODY,75,60,flight_key_v1_c648f59cc245f6e6b123ca0d29ff295e,flight_key_v1_c1ec0dc3f309b455d666632fd3a98347,2336.0,1582.0,BWI,FLL,2024-01-01_DL_2336,562,688,126,561,696,135,3,0.2022,-0.8399999737739563,5.21,538,683,145,-24.0,-5.0,G121,547,703,156
TURN_0214,SIM_AC_0214,PAIRED_TURN,WN,NARROWBODY,40,45,flight_key_v1_70c667360dd7b4957506fe2d86e6efa7,flight_key_v1_bfe13d3a9b4bf3c3bbe2ad7b1c951733,971.0,104.0,DCA,DCA,2024-01-01_WN_971,570,660,90,569,667,98,3,0.2158,-0.8100000023841858,4.5,541,660,119,-29.0,0.0,G107,555,675,120
TURN_0798,SIM_AC_0798,UNMATCHED_DEP,AA,NARROWBODY,40,45,,flight_key_v1_d8b91e645deeaa407cbbde29d915bcd5,,2344.0,ATL,PHL,2024-01-01_AA_2344,570,615,45,572,620,48,3,0.1907,0.0,2.6,560,605,45,0.0,-10.0,G71,555,630,75
TURN_0215,SIM_AC_0215,PAIRED_TURN,DL,NARROWBODY,40,45,flight_key_v1_19d7697d9db790f0d9c3e834e6406455,flight_key_v1_cd2724dd984308d1d28fee395e183204,1421.0,2777.0,BNA,LIT,2024-01-01_DL_1421,572,617,45,571,623,52,3,0.196,-0.36000001430511475,3.46,556,635,79,-16.0,18.0,G123,557,632,75
TURN_0216,SIM_AC_0216,PAIRED_TURN,DL,NARROWBODY,40,45,flight_key_v1_5c44e00c43365b5b4d7da44d2be7c6b8,flight_key_v1_0c5d06aca7277c0bd885b7eb03582af6,2499.0,2951.0,PHL,FLL,2024-01-01_DL_2499,575,621,46,573,628,55,3,0.1914,-1.1100000143051147,4.56,550,619,69,-25.0,-2.0,G88,560,636,76
TURN_0217,SIM_AC_0217,PAIRED_TURN,DL,NARROWBODY,40,45,flight_key_v1_f8d2b288515022d9d181ff560b647852,flight_key_v1_898b6d82ee42bccbd83654405683d7a3,959.0,808.0,DCA,MCO,2024-01-01_DL_959,575,624,49,573,631,58,3,0.1905,-1.0399999618530273,4.42,551,618,67,-24.0,-6.0,G104,560,639,79
TURN_0799,SIM_AC_0799,UNMATCHED_DEP,WN,WIDEBODY,75,60,,flight_key_v1_6c718b3fd49e597f87cdcd20822db499,,1515.0,ATL,OMA,2024-01-01_WN_1515,575,635,60,579,642,63,3,0.2023,0.0,4.37,573,633,60,0.0,-2.0,G138,560,650,90
TURN_0218,SIM_AC_0218,PAIRED_TURN,DL,NARROWBODY,40,45,flight_key_v1_b9f2021b3d8973e6a85110453f16d3eb,flight_key_v1_05755637d2c4882d2d65a0a5cea7c1fb,2387.0,874.0,SDF,BOI,2024-01-01_DL_2387,576,625,49,575,632,57,3,0.2003,-0.6600000262260437,4.32,560,621,61,-16.0,-4.0,G140,561,640,79
TURN_0219,SIM_AC_0219,PAIRED_TURN,B6,NARROWBODY,40,45,flight_key_v1_1ecf0c8a6d4b39c4c5ac088a46a0ce61,flight_key_v1_6e439f07243cbad7f0b766197a17d13f,1097.0,896.0,BOS,BOS,2024-01-01_B6_1097,579,635,56,579,645,66,5,0.3508,0.5699999928474426,5.54,534,625,91,-45.0,-10.0,G13,564,650,86
TURN_0220,SIM_AC_0220,PAIRED_TURN,DL,NARROWBODY,40,45,flight_key_v1_68df347dfba334dc6d37973bfb542fe9,flight_key_v1_5b9d48eeabeead197790511a3a3e9697,2025.0,324.0,MCO,SFO,2024-01-01_DL_2025,581,625,44,580,637,57,3,0.2155,-0.36000001430511475,9.88,598,624,26,17.0,-1.0,G75,566,640,74
TURN_0221,SIM_AC_0221,PAIRED_TURN,DL,NARROWBODY,40,45,flight_key_v1_1476303eef7bea3b733554d682b918b0,flight_key_v1_40c349bc5437295bdabc7302b613ff99,2411.0,2933.0,SAV,HDN,2024-01-01_DL_2411,583,627,44,582,634,52,3,0.196,-0.8999999761581421,4.09,559,620,61,-24.0,-7.0,G126,568,642,74
TURN_0222,SIM_AC_0222,PAIRED_TURN,DL,NARROWBODY,40,45,flight_key_v1_a0cd0f36463abf23ce30777ce74b335a,flight_key_v1_9f99ce1969c1546f6db863de3e19d848,2932.0,796.0,FLL,PHX,2024-01-01_DL_2932,583,630,47,582,636,54,3,0.1855,-0.5,3.99,569,629,60,-14.0,-1.0,G78,568,645,77
TURN_0223,SIM_AC_0223,PAIRED_TURN,DL,NARROWBODY,40,45,flight_key_v1_737420445b0c0a235b4b4728228b3229,flight_key_v1_78760e4839bc31b3c5b0f7ec618f8c83,2396.0,927.0,MSY,LGA,2024-01-01_DL_2396,584,630,46,583,636,53,3,0.1866,-0.36000001430511475,3.61,568,637,69,-16.0,7.0,G25,569,645,76
TURN_0010,SIM_AC_0010,PAIRED_TURN,WN,NARROWBODY,40,45,flight_key_v1_2fe2fd689f9ad13897050595657cadba,flight_key_v1_4e32441d336fec705b60482b698717e1,1286.0,1286.0,CMH,GSP,2024-01-01_WN_1286,585,645,60,587,655,68,6,0.3906,2.930000066757202,4.33,587,641,54,2.0,-4.0,G163,571,661,90
TURN_0053,SIM_AC_0053,PAIRED_TURN,WN,NARROWBODY,75,45,flight_key_v1_499a915aacd2655e1ebaa0a95760af70,flight_key_v1_8d5662fa484085f0535e2acca7b24a18,3584.0,3584.0,IND,JAX,2024-01-01_WN_3584,585,645,60,584,662,78,3,0.2098,-0.6700000166893005,4.24,574,637,63,-11.0,-8.0,G108,570,660,90
TURN_0224,SIM_AC_0224,PAIRED_TURN,WN,WIDEBODY,75,60,flight_key_v1_b456a162ba7039a7b96a19e6778b1a29,flight_key_v1_d5889f7ce0109c792bb5cb7a816640df,1061.0,2372.0,DAL,BWI,2024-01-01_WN_1061,585,765,180,584,774,190,3,0.231,-0.23999999463558197,6.59,565,764,199,-20.0,-1.0,G82,570,780,210
TURN_0225,SIM_AC_0225,PAIRED_TURN,DL,NARROWBODY,40,45,flight_key_v1_f14f9f5fb5160aec72082b9face913a6,flight_key_v1_5d067b169c476879fd1f42d395e0e360,2569.0,1332.0,JAX,MIA,2024-01-01_DL_2569,587,632,45,586,640,54,3,0.1905,-0.9900000095367432,5.14,596,634,38,9.0,2.0,G91,572,647,75
TURN_0226,SIM_AC_0226,PAIRED_TURN,DL,NARROWBODY,40,45,flight_key_v1_b930b22cdfb0607dc71935cebce31aff,flight_key_v1_c2bc7628fed6f632f7561facca173e39,2594.0,2247.0,STL,DFW,2024-01-01_DL_2594,588,640,52,587,647,60,3,0.1905,-0.36000001430511475,4.58,573,637,64,-15.0,-3.0,G89,573,655,82
TURN_0031,SIM_AC_0031,PAIRED_TURN,WN,NARROWBODY,40,45,flight_key_v1_629c39c3b1369b92c3d551ec573ab3cc,flight_key_v1_4507d1cc1d10d2c3e7681a70ed953d49,2232.0,2232.0,JAN,MCO,2024-01-01_WN_2232,590,640,50,590,648,58,3,0.1967,0.07999999821186066,5.2,567,639,72,-23.0,-1.0,G133,575,655,80
TURN_0040,SIM_AC_0040,PAIRED_TURN,WN,NARROWBODY,40,45,flight_key_v1_80e47c0bb220971db93a11dbf7c1976b,flight_key_v1_5db5730192de8b64c54b5324b2960e4a,2851.0,2851.0,MKE,MIA,2024-01-01_WN_2851,590,650,60,588,659,71,3,0.1967,-1.2599999904632568,6.12,566,646,80,-24.0,-4.0,G115,575,665,90
TURN_0227,SIM_AC_0227,PAIRED_TURN,DL,NARROWBODY,40,45,flight_key_v1_ec4feff51c6b31e279ab9f983a6eb4d0,flight_key_v1_78de1b02b0a6c941c1a9d02b493c63f9,1181.0,2739.0,RDU,BDL,2024-01-01_DL_1181,590,640,50,589,646,57,3,0.2028,-0.47999998927116394,3.58,570,639,69,-20.0,-1.0,G148,575,655,80
TURN_0228,SIM_AC_0228,PAIRED_TURN,DL,NARROWBODY,40,45,flight_key_v1_b1465b616477a5db915fd4fc70f8a6de,flight_key_v1_5f1e43a9a949ff11159009806e2041a1,2702.0,2719.0,PIT,PNS,2024-01-01_DL_2702,591,642,51,590,649,59,4,0.2664,-0.17000000178813934,3.58,584,645,61,-7.0,3.0,G29,576,657,81
TURN_0229,SIM_AC_0229,PAIRED_TURN,DL,NARROWBODY,40,45,flight_key_v1_fe431979fa8af9599f38f926f5c1c468,flight_key_v1_7ecfc940e2a96e75ee05b602efec7bd3,2772.0,2199.0,SRQ,BHM,2024-01-01_DL_2772,594,645,51,593,651,58,3,0.1866,-0.5,3.41,581,644,63,-13.0,-1.0,G114,579,660,81
TURN_0054,SIM_AC_0054,PAIRED_TURN,WN,NARROWBODY,40,45,flight_key_v1_22e9dfb9ca21faccbe632e9ae0b89c26,flight_key_v1_865838bfd5bd7a44549923de7dfd7921,3597.0,3597.0,AUS,LGA,2024-01-01_WN_3597,595,635,40,594,642,48,3,0.1926,-0.23999999463558197,4.36,580,676,96,-15.0,41.0,G98,580,650,70
TURN_0055,SIM_AC_0055,PAIRED_TURN,WN,NARROWBODY,40,45,flight_key_v1_06b71f25bbd2a34d34e4c38c3ac73927,flight_key_v1_ccac209e3b61dcc024b01cf879304d49,3681.0,3681.0,LGA,RSW,2024-01-01_WN_3681,595,650,55,593,657,64,3,0.2048,-1.2599999904632568,4.71,558,645,87,-37.0,-5.0,G151,580,665,85
TURN_0067,SIM_AC_0067,PAIRED_TURN,WN,NARROWBODY,40,45,flight_key_v1_75856a61f97a9d34cd23d33fb8d9f12f,flight_key_v1_fb2284a4915f258a61cd3032b7c733d8,954.0,954.0,SAT,RDU,2024-01-01_WN_954,595,655,60,594,662,68,3,0.1926,-0.23999999463558197,4.23,577,653,76,-18.0,-2.0,G45,580,670,90
TURN_0230,SIM_AC_0230,PAIRED_TURN,DL,NARROWBODY,40,45,flight_key_v1_017e973d30879b1bb5e1497728b07965,flight_key_v1_5659307cd7c6cbfd8765096aef034d30,1603.0,1333.0,PBI,SRQ,2024-01-01_DL_1603,597,658,61,596,665,69,3,0.1938,-0.8399999737739563,4.58,580,658,78,-17.0,0.0,G50,582,673,91
TURN_0231,SIM_AC_0231,PAIRED_TURN,DL,NARROWBODY,40,45,flight_key_v1_61a93865622c7acfa10f16c85503afb2,flight_key_v1_803d31175a3ab1392c79cc033a59121e,1130.0,2659.0,RSW,PVD,2024-01-01_DL_1130,597,661,64,596,668,72,3,0.1987,-0.7099999785423279,4.28,575,659,84,-22.0,-2.0,G147,582,676,94
TURN_0232,SIM_AC_0232,PAIRED_TURN,F9,NARROWBODY,40,45,flight_key_v1_a48b3b12e70b1d1164be488e16adb9b5,flight_key_v1_a871b058a3d39728e70c462cabd35ad0,2483.0,3442.0,MIA,MIA,2024-01-01_F9_2483,597,652,55,599,663,64,5,0.3628,2.569999933242798,6.16,575,649,74,-22.0,-3.0,G95,582,667,85
TURN_0233,SIM_AC_0233,PAIRED_TURN,DL,WIDEBODY,75,60,flight_key_v1_398a27af39973541f6f64909e03563f9,flight_key_v1_3b233ac852ca836284ea398f25555c5f,2838.0,2345.0,CLE,MSY,2024-01-01_DL_2838,598,710,112,596,716,120,3,0.1976,-1.3899999856948853,3.71,568,705,137,-30.0,-5.0,G77,583,725,142
TURN_0016,SIM_AC_0016,PAIRED_TURN,WN,NARROWBODY,40,45,flight_key_v1_b09afe0cc748eaa3ae62bd0167805eb2,flight_key_v1_295c4a64be2d23b5c29ab92c5b912b03,163.0,163.0,PIT,HOU,2024-01-01_WN_163,600,655,55,600,664,64,5,0.3316,0.05999999865889549,4.81,610,659,49,10.0,4.0,G171,585,670,85
TURN_0029,SIM_AC_0029,PAIRED_TURN,WN,NARROWBODY,75,45,flight_key_v1_9a524a15cb38381363b5c1ebda428b1d,flight_key_v1_73646949f7b3e9650a1a13dedfba9739,2129.0,2129.0,MEM,RIC,2024-01-01_WN_2129,600,645,45,599,677,78,3,0.2207,-0.23999999463558197,4.33,607,651,44,7.0,6.0,G57,585,660,75
TURN_0234,SIM_AC_0234,PAIRED_TURN,WN,NARROWBODY,40,45,flight_key_v1_73f1b34cbe92b12e6ced413b178cdff1,flight_key_v1_8bece62e4afed734d1c0581179913799,1515.0,1149.0,BWI,DEN,2024-01-01_WN_1515,600,750,150,599,760,161,4,0.234,-0.7200000286102295,6.05,595,749,154,-5.0,-1.0,G85,585,765,180
TURN_0235,SIM_AC_0235,PAIRED_TURN,DL,NARROWBODY,40,45,flight_key_v1_6b5c1c0194f7c02b5a0b560c38b906eb,flight_key_v1_10dd11b41f44a9b98d0a4ad9ffef5035,2514.0,1408.0,IND,SAT,2024-01-01_DL_2514,600,662,62,599,669,70,3,0.1987,-0.8999999761581421,4.24,593,655,62,-7.0,-7.0,G117,585,677,92
TURN_0236,SIM_AC_0236,PAIRED_TURN,9E,NARROWBODY,40,45,flight_key_v1_d381b4d59e7b2075925034bab041ec9a,flight_key_v1_094b6783066e5009026d7c57c55a5ef3,4918.0,5014.0,EYW,ICT,2024-01-01_9E_4918,600,675,75,599,682,83,3,0.2298,-0.019999999552965164,4.3,589,667,78,-11.0,-8.0,G66,585,690,105
TURN_0051,SIM_AC_0051,PAIRED_TURN,WN,NARROWBODY,40,45,flight_key_v1_f48d7aee221805eda77ce7fad473bd98,flight_key_v1_75f12acbf1dd707d471ed89d7d953a56,3535.0,3535.0,MCI,TPA,2024-01-01_WN_3535,605,645,40,604,652,48,3,0.2254,-0.7699999809265137,4.53,594,644,50,-11.0,-1.0,G35,590,660,70
TURN_0800,SIM_AC_0800,UNMATCHED_DEP,OO,WIDEBODY,75,60,,flight_key_v1_dc9e2a0c8bad18b169a28f3709c16bc3,,4137.0,ATL,ASE,2024-01-01_OO_4137,605,665,60,611,674,63,3,0.211,0.0,6.21,602,662,60,0.0,-3.0,G53,591,681,90
TURN_0237,SIM_AC_0237,PAIRED_TURN,UA,NARROWBODY,40,45,flight_key_v1_9205c8fc86a5f81e0011a4898ad96870,flight_key_v1_babf4901993bb1ebc9eca8d36a04f1ff,2008.0,626.0,ORD,ORD,2024-01-01_UA_2008,607,663,56,606,672,66,4,0.2624,-0.23999999463558197,5.56,577,659,82,-30.0,-4.0,G106,592,678,86
TURN_0238,SIM_AC_0238,PAIRED_TURN,DL,NARROWBODY,40,45,flight_key_v1_c7ca5916c667482fdc67507895298d96,flight_key_v1_2e93db3e9e4ec186b27b786b03224fc7,1088.0,2420.0,MIA,AUS,2024-01-01_DL_1088,607,665,58,606,672,66,3,0.202,-0.36000001430511475,4.21,629,662,33,22.0,-3.0,G103,592,680,88
TURN_0239,SIM_AC_0239,PAIRED_TURN,DL,NARROWBODY,40,45,flight_key_v1_97d43719c24cec911e5feeeec81b61b1,flight_key_v1_4993cd59baae77473e676f1ddfbb6b91,2566.0,2072.0,MKE,VPS,2024-01-01_DL_2566,608,665,57,606,672,66,3,0.1987,-1.4900000095367432,4.01,590,660,70,-18.0,-5.0,G150,593,680,87
TURN_0240,SIM_AC_0240,PAIRED_TURN,DL,WIDEBODY,75,60,flight_key_v1_144e5c7e013ddd2e90c02d60b4f11b9f,flight_key_v1_4c325e68f7e219a3d29956c59efa85e9,2281.0,2434.0,RIC,EWR,2024-01-01_DL_2281,608,716,108,607,723,116,3,0.1987,-0.47999998927116394,4.75,581,709,128,-27.0,-7.0,G05,593,731,138
TURN_0241,SIM_AC_0241,PAIRED_TURN,UA,NARROWBODY,40,45,flight_key_v1_cf775e1ac08cd55605fff8fd20f967c2,flight_key_v1_a8e30d690ac9af632d9f8ebe296f40fb,1428.0,325.0,EWR,EWR,2024-01-01_UA_1428,609,670,61,608,678,70,4,0.2345,-0.3799999952316284,4.36,585,660,75,-24.0,-10.0,G37,594,685,91
TURN_0242,SIM_AC_0242,PAIRED_TURN,DL,WIDEBODY,75,60,flight_key_v1_f2ab6c14ae089475ec4ec056bb289892,flight_key_v1_0fc3f8ba57b5a8620bf835ef5d10cf89,1367.0,895.0,ORD,LAX,2024-01-01_DL_1367,610,770,160,609,780,171,4,0.2526,-0.36000001430511475,6.13,589,771,182,-21.0,1.0,G159,595,785,190
TURN_0243,SIM_AC_0243,PAIRED_TURN,WN,WIDEBODY,75,60,flight_key_v1_7e678a9e5f0c5a7388675ec36625181a,flight_key_v1_14afc61dce5da3dabd6b4c11d1c935fe,104.0,191.0,DEN,BNA,2024-01-01_WN_104,610,780,170,609,790,181,4,0.2351,-0.23999999463558197,6.41,592,809,217,-18.0,29.0,G24,595,795,200
TURN_0244,SIM_AC_0244,PAIRED_TURN,DL,WIDEBODY,75,60,flight_key_v1_d87c54aed13873a996e24dd0f2234395,flight_key_v1_81b3ce58c23454710b9683eb31398525,533.0,2378.0,DFW,ILM,2024-01-01_DL_533,614,820,206,613,828,215,3,0.2152,-0.36000001430511475,5.04,594,841,247,-20.0,21.0,G97,599,835,236
TURN_0245,SIM_AC_0245,PAIRED_TURN,DL,NARROWBODY,40,45,flight_key_v1_7eb55262b58e77c582fb64bb36e61af1,flight_key_v1_817a6ba55292223d1c03fe443e4c7d36,1258.0,1375.0,AUS,SYR,2024-01-01_DL_1258,615,670,55,614,677,63,3,0.2048,-0.36000001430511475,4.88,596,661,65,-19.0,-9.0,G03,600,685,85
TURN_0246,SIM_AC_0246,PAIRED_TURN,DL,NARROWBODY,40,45,flight_key_v1_539b6ac5dfc6996614d250ee35dbf86f,flight_key_v1_97d42f2c9efd2d92a61a246ce90da7d8,2302.0,2754.0,CVG,JAX,2024-01-01_DL_2302,619,670,51,618,677,59,4,0.2413,-0.36000001430511475,3.77,622,665,43,3.0,-5.0,G18,604,685,81
TURN_0247,SIM_AC_0247,PAIRED_TURN,DL,NARROWBODY,40,45,flight_key_v1_75d06919d2e4d432db37d7307439edfe,flight_key_v1_b9de9c166c9bf17d1e4eca16b1783cc6,870.0,555.0,LGA,LAS,2024-01-01_DL_870,619,670,51,617,678,61,3,0.1987,-1.4900000095367432,5.65,578,678,100,-41.0,8.0,G87,604,685,81
TURN_0248,SIM_AC_0248,PAIRED_TURN,DL,WIDEBODY,75,60,flight_key_v1_8c4a5a58e90511c44a6fccecd39ebfa6,flight_key_v1_f3936e6b7aa31a3e2bb002ba45ac34d5,2399.0,2061.0,GSP,SRQ,2024-01-01_DL_2399,619,825,206,618,833,215,3,0.2157,-0.2199999988079071,5.98,598,820,222,-21.0,-5.0,G135,604,840,236
TURN_0249,SIM_AC_0249,PAIRED_TURN,DL,NARROWBODY,40,45,flight_key_v1_df0c250c1579fe67957510195da46a2b,flight_key_v1_182f22adfaa83e049fc9172fbcd1c3c7,1617.0,1024.0,SAT,ELP,2024-01-01_DL_1617,619,674,55,618,681,63,3,0.202,-0.36000001430511475,4.38,593,674,81,-26.0,0.0,G07,604,689,85
TURN_0250,SIM_AC_0250,PAIRED_TURN,DL,NARROWBODY,40,45,flight_key_v1_ed3927d3b34dfd5afaf0c1a8f4d1839d,flight_key_v1_9e3c4cecfc6341b17d2b79d0ce5fd87e,2678.0,2355.0,MEM,IND,2024-01-01_DL_2678,621,680,59,620,687,67,3,0.1987,-0.36000001430511475,4.01,598,675,77,-23.0,-5.0,G174,606,695,89
TURN_0801,SIM_AC_0801,UNMATCHED_DEP,OH,NARROWBODY,40,45,,flight_key_v1_e88c3d4a3eb8573957e53ac026375e53,,5584.0,ATL,DCA,2024-01-01_OH_5584,622,667,45,625,673,48,3,0.2024,0.0,3.8,611,656,45,0.0,-11.0,G52,607,682,75
TURN_0251,SIM_AC_0251,PAIRED_TURN,DL,NARROWBODY,40,45,flight_key_v1_2f4a6db9f76ae41b632697f7b78316ba,flight_key_v1_3c9b1593e7773aff00a9add533514ff4,2098.0,307.0,ORF,JAC,2024-01-01_DL_2098,623,684,61,622,691,69,3,0.202,-0.36000001430511475,4.7,609,689,80,-14.0,5.0,G60,608,699,91
TURN_0252,SIM_AC_0252,PAIRED_TURN,DL,NARROWBODY,40,45,flight_key_v1_20243415b43eaa8d73334442ccb582fb,flight_key_v1_38bffebb6077abe58837e963c6e13c10,2279.0,862.0,GSO,BOS,2024-01-01_DL_2279,624,685,61,623,692,69,3,0.2094,-0.3799999952316284,4.32,600,682,82,-24.0,-3.0,G83,609,700,91
TURN_0253,SIM_AC_0253,PAIRED_TURN,9E,NARROWBODY,40,45,flight_key_v1_1980d8f9920d7b7b89389bd5a40d7743,flight_key_v1_5cee849bf24e330ab6f281a5d07b89c3,5279.0,4987.0,TYS,MDT,2024-01-01_9E_5279,625,700,75,624,707,83,3,0.2031,-0.3499999940395355,4.29,595,698,103,-30.0,-2.0,G172,610,715,105
TURN_0254,SIM_AC_0254,PAIRED_TURN,F9,NARROWBODY,40,45,flight_key_v1_f3b25517a4ff7bc548748569fde4d3dd,flight_key_v1_d95107b3d039b2819157871e007373c6,4772.0,2898.0,CVG,DTW,2024-01-01_F9_4772,626,695,69,628,707,79,7,0.483,2.890000104904175,5.44,628,692,64,2.0,-3.0,G157,612,711,99
TURN_0802,SIM_AC_0802,UNMATCHED_DEP,AA,NARROWBODY,40,45,,flight_key_v1_4ba7ec8d526f2d33aa3ac736bc478cc3,,2476.0,ATL,DFW,2024-01-01_AA_2476,631,676,45,636,684,48,3,0.2105,0.0,5.16,627,672,45,0.0,-4.0,G80,617,692,75
TURN_0255,SIM_AC_0255,PAIRED_TURN,DL,NARROWBODY,40,45,flight_key_v1_c1b065626df97aed66a457740edd540e,flight_key_v1_801a0d6e656f45f5aa0a21cb759a6d9e,2575.0,2097.0,EWR,ROC,2024-01-01_DL_2575,632,685,53,631,692,61,3,0.23,-0.5,4.19,616,683,67,-16.0,-2.0,G31,617,700,83
TURN_0256,SIM_AC_0256,PAIRED_TURN,OH,NARROWBODY,40,45,flight_key_v1_fc21c8381736691c46ad2786bd4263db,flight_key_v1_a45fcf33a9d20d939ff2f7fa50b94cae,5584.0,5472.0,DCA,CLT,2024-01-01_OH_5584,635,707,72,635,715,80,5,0.3069,0.6899999976158142,3.94,614,697,83,-21.0,-10.0,G39,620,722,102
TURN_0257,SIM_AC_0257,PAIRED_TURN,DL,NARROWBODY,40,45,flight_key_v1_c7fbdc4a65b15a8ac2b9361fed1e4e94,flight_key_v1_d7358e242727bfe4fdf0af0b48e30233,2527.0,1704.0,MCO,DSM,2024-01-01_DL_2527,638,685,47,638,692,54,3,0.203,0.3400000035762787,4.31,731,771,40,93.0,-5.0,G102,623,700,77
TURN_0258,SIM_AC_0258,PAIRED_TURN,DL,WIDEBODY,75,60,flight_key_v1_c6bc9622d8d9c969d262ee6651ba9e3a,flight_key_v1_58146d9a6dbfc5ceb5eae06e47d4e82a,1653.0,1347.0,DTW,SAT,2024-01-01_DL_1653,640,827,187,638,836,198,4,0.2536,-1.3799999952316284,5.45,713,821,108,73.0,-6.0,G19,625,842,217
TURN_0807,SIM_AC_0807,UNMATCHED_DEP,NK,WIDEBODY,75,60,,flight_key_v1_94b4b63b1afb42f1e07b4ea36874d5b4,,1595.0,ATL,EWR,2024-01-01_NK_1595,641,701,60,647,710,63,3,0.2166,0.0,6.62,665,725,60,0.0,24.0,G72,627,717,90
TURN_0803,SIM_AC_0803,UNMATCHED_DEP,DL,NARROWBODY,40,45,,flight_key_v1_9b2e67734d9a3454fbc0bef26ea35fc6,,883.0,ATL,MSN,2024-01-01_DL_883,645,690,45,649,697,48,3,0.202,0.0,4.28,640,685,45,0.0,-5.0,G48,630,705,75
TURN_0804,SIM_AC_0804,UNMATCHED_DEP,DL,NARROWBODY,40,45,,flight_key_v1_b157807809809c4120c3af159a994a84,,1030.0,ATL,MCO,2024-01-01_DL_1030,645,690,45,650,698,48,3,0.2018,0.0,5.04,642,687,45,0.0,-3.0,G58,631,706,75
TURN_0805,SIM_AC_0805,UNMATCHED_DEP,DL,NARROWBODY,40,45,,flight_key_v1_e7c4062db25831ceaad2e0ae88318ffb,,967.0,ATL,BUF,2024-01-01_DL_967,645,690,45,649,697,48,3,0.2008,0.0,4.2,638,683,45,0.0,-7.0,G155,630,705,75
TURN_0259,SIM_AC_0259,PAIRED_TURN,NK,NARROWBODY,40,45,flight_key_v1_759ea655028718ec5f6393af2738f682,flight_key_v1_cb1b6968faccef7482e6b0fc11cfdfd6,770.0,2720.0,MCO,SJU,2024-01-01_NK_770,646,710,64,648,723,75,5,0.3284,2.0999999046325684,8.81,657,698,41,11.0,-12.0,G11,631,725,94
TURN_0260,SIM_AC_0260,PAIRED_TURN,DL,NARROWBODY,40,45,flight_key_v1_c5ad4bf2d63d61372607b4ae6e589286,flight_key_v1_5beed50c0a64aeae3e42f553d673bedc,1315.0,706.0,IAH,DEN,2024-01-01_DL_1315,646,687,41,647,694,47,3,0.2302,1.2100000381469727,4.53,623,685,62,-23.0,-2.0,G34,631,702,71
TURN_0261,SIM_AC_0261,PAIRED_TURN,UA,NARROWBODY,40,45,flight_key_v1_59fe495d281c99c341015438b2ca88e2,flight_key_v1_255b3832065cfa96c5aaf9a1397c86fd,2642.0,2424.0,IAD,IAD,2024-01-01_UA_2642,648,878,230,648,889,241,5,0.3028,0.23999999463558197,6.69,622,874,252,-26.0,-4.0,G01,633,893,260
TURN_0262,SIM_AC_0262,PAIRED_TURN,AA,NARROWBODY,40,45,flight_key_v1_a891d05635482bcf88887cb69baa23ae,flight_key_v1_479e10261367a08ab04b16da98b958a9,1046.0,2367.0,MIA,ORD,2024-01-01_AA_1046,649,689,40,650,697,47,4,0.2795,1.5399999618530273,4.63,640,687,47,-9.0,-2.0,G139,634,704,70
TURN_0806,SIM_AC_0806,UNMATCHED_DEP,DL,NARROWBODY,40,45,,flight_key_v1_c24a6c0f29dd5c2f8bab3f80fdb37872,,1889.0,ATL,STT,2024-01-01_DL_1889,650,695,45,656,704,48,3,0.2065,0.0,6.57,654,699,45,0.0,4.0,G56,636,711,75
TURN_0263,SIM_AC_0263,PAIRED_TURN,NK,NARROWBODY,40,45,flight_key_v1_8f7150e96f1f30cb2492c7d82d3050a2,flight_key_v1_6cc52964c81317ea074bc8355284a7fb,3901.0,1444.0,DTW,BOS,2024-01-01_NK_3901,651,743,92,652,757,105,6,0.3737,1.4199999570846558,8.77,629,741,112,-22.0,-2.0,G40,636,758,122
TURN_0264,SIM_AC_0264,PAIRED_TURN,DL,WIDEBODY,75,60,flight_key_v1_3b49d2cfae59fc0819ddd4163aff768c,flight_key_v1_32c11453bd03fd37b26aaa3f22fbf180,1741.0,1331.0,ELP,SAV,2024-01-01_DL_1741,659,837,178,658,844,186,3,0.2144,-0.47999998927116394,4.86,651,832,181,-8.0,-5.0,G109,644,852,208
TURN_0265,SIM_AC_0265,PAIRED_TURN,DL,NARROWBODY,40,45,flight_key_v1_00d17e06478bb52110474b1a5d6d94e1,flight_key_v1_246eea95d02c1c6f4907e7287f55d8b8,2023.0,501.0,MSP,LAX,2024-01-01_DL_2023,659,702,43,657,710,53,3,0.206,-1.4900000095367432,5.52,645,704,59,-14.0,2.0,G38,644,717,73
TURN_0266,SIM_AC_0266,PAIRED_TURN,DL,NARROWBODY,40,45,flight_key_v1_5cba66ae9f7638907999f43168ce3350,flight_key_v1_49f352318b992f5c1276b7c827ff6a00,1634.0,1147.0,COS,ORD,2024-01-01_DL_1634,660,713,53,659,721,62,4,0.2687,-0.7099999785423279,4.82,650,706,56,-10.0,-7.0,G168,645,728,83
TURN_0267,SIM_AC_0267,PAIRED_TURN,DL,NARROWBODY,40,45,flight_key_v1_c317da7f27dbe5ea359e7a2c8b48bafb,flight_key_v1_10de5e972e3ee26103ed6066f9348b96,2693.0,1362.0,PNS,EGE,2024-01-01_DL_2693,660,716,56,659,723,64,3,0.202,-0.36000001430511475,4.61,652,732,80,-8.0,16.0,G71,645,731,86
TURN_0808,SIM_AC_0808,UNMATCHED_DEP,9E,NARROWBODY,40,45,,flight_key_v1_0e12af3b2cd2d442b5952d6a91da65e2,,5479.0,ATL,MGM,2024-01-01_9E_5479,660,705,45,663,711,48,3,0.2031,0.0,3.93,655,700,45,0.0,-5.0,G141,645,720,75
TURN_0809,SIM_AC_0809,UNMATCHED_DEP,9E,NARROWBODY,40,45,,flight_key_v1_b514c1caf8c953ea724d7cf40b1e5afb,,5061.0,ATL,LFT,2024-01-01_9E_5061,661,706,45,664,712,48,3,0.2031,0.0,3.93,667,712,45,0.0,6.0,G118,646,721,75
TURN_0268,SIM_AC_0268,PAIRED_TURN,DL,NARROWBODY,40,45,flight_key_v1_0f0b78267ac94e07ddd52a6426be9bba,flight_key_v1_ae5ddeb81d75f2bb854cd8fb6126760f,322.0,663.0,BOS,SLC,2024-01-01_DL_322,662,718,56,660,725,65,3,0.202,-1.4600000381469727,4.72,627,709,82,-35.0,-9.0,G100,647,733,86
TURN_0810,SIM_AC_0810,UNMATCHED_DEP,AA,NARROWBODY,40,45,,flight_key_v1_1dded82e13f1886e8178145f98052fb4,,2785.0,ATL,MIA,2024-01-01_AA_2785,663,708,45,668,716,48,3,0.2105,0.0,5.7,659,704,45,0.0,-4.0,G131,649,724,75
TURN_0269,SIM_AC_0269,PAIRED_TURN,DL,WIDEBODY,75,60,flight_key_v1_0f99e1ff195f221a45b44969467aad15,flight_key_v1_3144292cb304bf5978635b5a99f975ab,1763.0,2567.0,SJU,GNV,2024-01-01_DL_1763,664,839,175,663,847,184,3,0.2152,-0.47999998927116394,5.21,654,839,185,-10.0,0.0,G105,649,854,205
TURN_0042,SIM_AC_0042,PAIRED_TURN,WN,NARROWBODY,40,45,flight_key_v1_9e09be66a277ee9773da5b0e59e1a6c7,flight_key_v1_3ca64902a6c2418778ca29f1de635915,2956.0,2956.0,BNA,PHL,2024-01-01_WN_2956,665,705,40,665,714,49,4,0.2398,0.5699999928474426,5.23,652,704,52,-13.0,-1.0,G165,650,720,70
TURN_0270,SIM_AC_0270,PAIRED_TURN,F9,NARROWBODY,40,45,flight_key_v1_ae83fc64baaf6e67de834bd2a612b6f1,flight_key_v1_c00b331df45b24d4798095fe22b3cc95,2911.0,2912.0,TPA,TPA,2024-01-01_F9_2911,665,755,90,666,766,100,5,0.3348,1.9800000190734863,6.24,887,946,59,222.0,191.0,G125,650,770,120
TURN_0271,SIM_AC_0271,PAIRED_TURN,AA,WIDEBODY,75,60,flight_key_v1_a00ff7ac55333aeba7194069dad83f51,flight_key_v1_d64c96b3a006cf06ebf8cbf5e4775b79,1241.0,1251.0,PHL,PHL,2024-01-01_AA_1241,666,812,146,666,820,154,4,0.2503,0.5600000023841858,4.36,638,805,167,-28.0,-7.0,G113,651,827,176
TURN_0272,SIM_AC_0272,PAIRED_TURN,DL,NARROWBODY,40,45,flight_key_v1_b39fdf7e464b21614c6d4a66708c0780,flight_key_v1_5bb7b804a0a23dc270dede81318d034b,455.0,835.0,DCA,LGA,2024-01-01_DL_455,668,719,51,669,726,57,3,0.2131,1.0499999523162842,4.75,640,718,78,-28.0,-1.0,G84,653,734,81
TURN_0273,SIM_AC_0273,PAIRED_TURN,DL,NARROWBODY,40,45,flight_key_v1_f5500851906882f3ec1daff147ef7122,flight_key_v1_ac559baef995aad36fa8e7cee9dd2c62,817.0,1682.0,DEN,IAH,2024-01-01_DL_817,668,719,51,667,726,59,3,0.2164,-0.5799999833106995,4.28,659,717,58,-9.0,-2.0,G04,653,734,81
TURN_0274,SIM_AC_0274,PAIRED_TURN,9E,NARROWBODY,40,45,flight_key_v1_d95c59fbd1716d838e9d4c55beb260db,flight_key_v1_c2aab586c97ef15defa4a097a5cddcc4,5221.0,5184.0,HSV,SGF,2024-01-01_9E_5221,670,719,49,669,726,57,3,0.209,-0.6299999952316284,4.2,655,719,64,-15.0,0.0,G110,655,734,79
TURN_0275,SIM_AC_0275,PAIRED_TURN,DL,NARROWBODY,40,45,flight_key_v1_eea39053facf276121bf734261c75f0a,flight_key_v1_cff5e61986fc7498b51c2e127e98f174,2328.0,1029.0,JAX,MTJ,2024-01-01_DL_2328,672,725,53,671,732,61,3,0.2099,-0.30000001192092896,4.89,681,731,50,9.0,6.0,G88,657,740,83
TURN_0811,SIM_AC_0811,UNMATCHED_DEP,9E,NARROWBODY,40,45,,flight_key_v1_1ae628a2058b40095f6274a5e1108b26,,5195.0,ATL,XNA,2024-01-01_9E_5195,674,719,45,678,726,48,3,0.209,0.0,4.2,669,714,45,0.0,-5.0,G08,659,734,75
TURN_0009,SIM_AC_0009,PAIRED_TURN,WN,NARROWBODY,40,45,flight_key_v1_d6bd09a4f8fcb342ff9f7f35263913a7,flight_key_v1_8866cc4ae31014a880a15fff287fe183,1181.0,1181.0,MDW,AUS,2024-01-01_WN_1181,675,720,45,675,729,54,4,0.2793,0.1599999964237213,5.87,812,852,40,137.0,86.0,G148,660,735,75
TURN_0276,SIM_AC_0276,PAIRED_TURN,OH,NARROWBODY,40,45,flight_key_v1_f6d48737f46addf059c96edd16ac3eca,flight_key_v1_931e81923dc5627280c3a4ed226c158e,5073.0,5412.0,CLT,CLT,2024-01-01_OH_5073,677,822,145,678,830,152,4,0.2751,1.0700000524520874,4.79,661,812,151,-16.0,-10.0,G91,662,837,175
TURN_0277,SIM_AC_0277,PAIRED_TURN,DL,NARROWBODY,40,45,flight_key_v1_605278cf57bfb09ed305c0ab9f7edbf0,flight_key_v1_056bbb517748b194b423f6791698bbbf,564.0,968.0,JFK,RSW,2024-01-01_DL_564,679,735,56,677,742,65,3,0.2094,-1.4800000190734863,4.76,662,732,70,-17.0,-3.0,G54,664,750,86
TURN_0278,SIM_AC_0278,PAIRED_TURN,DL,WIDEBODY,75,60,flight_key_v1_f8f61f43c4141dba58085748577a3159,flight_key_v1_6b84cb45fff7f5293ea552520d195c19,2582.0,1485.0,PHL,STL,2024-01-01_DL_2582,680,839,159,679,847,168,3,0.2152,-0.6399999856948853,5.2,656,842,186,-24.0,3.0,G146,665,854,189
TURN_0279,SIM_AC_0279,PAIRED_TURN,DL,NARROWBODY,40,45,flight_key_v1_2e029b57ed00c2b760541c1d35acc5b8,flight_key_v1_edf19bf6768ae579d5108a0ce08673bf,1228.0,1585.0,TPA,GPT,2024-01-01_DL_1228,682,735,53,681,742,61,3,0.2099,-0.019999999552965164,4.16,707,730,23,25.0,-5.0,G115,667,750,83
TURN_0005,SIM_AC_0005,PAIRED_TURN,AA,NARROWBODY,40,45,flight_key_v1_6733a06bde2ac918e1a24d26317a3eb1,flight_key_v1_48620ca35d88a77222f5299774f52db5,1276.0,1276.0,DFW,DFW,2024-01-01_AA_1276,683,736,53,684,746,62,5,0.3211,1.5399999618530273,5.43,660,723,63,-23.0,-13.0,G35,668,751,83
TURN_0812,SIM_AC_0812,UNMATCHED_DEP,B6,NARROWBODY,40,45,,flight_key_v1_86bb531fad77e6df2441782d2d3d7d28,,520.0,ATL,JFK,2024-01-01_B6_520,685,730,45,692,741,49,4,0.2367,0.0,7.1,686,731,45,0.0,1.0,G132,671,746,75
TURN_0280,SIM_AC_0280,PAIRED_TURN,DL,WIDEBODY,75,60,flight_key_v1_0d7c72f0a70a4000322dd92984ad7b6f,flight_key_v1_30fd0e209079e8881c006ed33a2d5d7e,1177.0,2995.0,TUS,FLL,2024-01-01_DL_1177,686,847,161,685,856,171,3,0.2226,-0.5799999833106995,6.61,654,843,189,-32.0,-4.0,G12,671,862,191
TURN_0281,SIM_AC_0281,PAIRED_TURN,DL,NARROWBODY,40,45,flight_key_v1_5fd0b44d2ee5095ccf978e81c29f33bd,flight_key_v1_befdcc2841ad29000254d2ecd406de20,1047.0,2320.0,FLL,CLT,2024-01-01_DL_1047,687,737,50,687,744,57,3,0.2104,0.20000000298023224,4.08,686,752,66,-1.0,15.0,G30,672,752,80
TURN_0282,SIM_AC_0282,PAIRED_TURN,OO,WIDEBODY,75,60,flight_key_v1_eae7c6a5d9396b75772ebe1d54613005,flight_key_v1_8ac83a9f183356c2841a27169ecc7c2b,3711.0,3920.0,AGS,ABY,2024-01-01_OO_3711,687,893,206,689,902,213,4,0.2944,2.809999942779541,5.68,666,886,220,-21.0,-7.0,G158,672,908,236
TURN_0283,SIM_AC_0283,PAIRED_TURN,DL,NARROWBODY,40,45,flight_key_v1_5de494ecbdf9fcc09c085446bd7a8bfe,flight_key_v1_e6a8d899e94d68a140a0638984b1148e,2526.0,1525.0,MSY,TPA,2024-01-01_DL_2526,690,737,47,690,744,54,3,0.2133,0.3400000035762787,4.86,673,736,63,-17.0,-1.0,G15,675,752,77
TURN_0284,SIM_AC_0284,PAIRED_TURN,NK,NARROWBODY,40,45,flight_key_v1_b86ffadfcd65ca109aaaf3f46dbc07b5,flight_key_v1_98119ce855b84e86881739fbec482e23,3390.0,3902.0,LGA,DTW,2024-01-01_NK_3390,692,880,188,692,896,204,4,0.2929,0.9599999785423279,12.37,654,881,227,-38.0,1.0,G98,677,895,218
TURN_0285,SIM_AC_0285,PAIRED_TURN,DL,NARROWBODY,40,45,flight_key_v1_3ba923b762c8166f9e4b84c431b0c25a,flight_key_v1_af730c450ba44481be569a3a0c94bd23,542.0,1946.0,PHX,SJU,2024-01-01_DL_542,693,738,45,692,748,56,3,0.2272,-0.5799999833106995,7.09,678,734,56,-15.0,-4.0,G79,678,753,75
TURN_0663,SIM_AC_0663,UNMATCHED_ARR,B6,NARROWBODY,40,45,flight_key_v1_1c467a3ff2e0ee3a33ec5718e162d761,,519.0,,JFK,ATL,2024-01-01_B6_519,695,740,45,695,746,51,6,0.4012,0.9599999785423279,0.0,690,735,45,-5.0,0.0,G142,680,750,70
TURN_0286,SIM_AC_0286,PAIRED_TURN,9E,NARROWBODY,40,45,flight_key_v1_2ad8fe8456664646ecb6008346ce7ad4,flight_key_v1_60368702b082fb21db7c2e7691deb1cf,5039.0,5003.0,CHA,CHO,2024-01-01_9E_5039,698,780,82,698,788,90,3,0.2198,0.7300000190734863,5.17,689,775,86,-9.0,-5.0,G74,683,795,112
TURN_0287,SIM_AC_0287,PAIRED_TURN,DL,NARROWBODY,40,45,flight_key_v1_e092a1f42f200e063c3191549aab6849,flight_key_v1_fb50d6047183d6879b72b89b79c27d5e,1688.0,2901.0,ABQ,MSP,2024-01-01_DL_1688,698,740,42,697,748,51,3,0.2097,-0.5799999833106995,5.8,690,738,48,-8.0,-2.0,G06,683,755,72
TURN_0288,SIM_AC_0288,PAIRED_TURN,DL,NARROWBODY,40,45,flight_key_v1_58722d7df4711e3e08dfb131dc847d1d,flight_key_v1_a501c6809ab9af7240ac1c70f07a3d0e,8785.0,454.0,DTW,MIA,2024-01-01_DL_8785,700,743,43,699,752,53,3,0.2274,-0.9200000166893005,6.65,683,754,71,-17.0,11.0,G45,685,758,73
TURN_0813,SIM_AC_0813,UNMATCHED_DEP,DL,NARROWBODY,40,45,,flight_key_v1_be401f8df8ea43d53f1976c4c37e6620,,511.0,ATL,JFK,2024-01-01_DL_511,704,749,45,708,756,48,3,0.2099,0.0,4.93,714,759,45,0.0,10.0,G28,690,765,75
TURN_0814,SIM_AC_0814,UNMATCHED_DEP,DL,NARROWBODY,40,45,,flight_key_v1_6a40d9f894049d594fa3eccaf4730140,,2536.0,ATL,PHL,2024-01-01_DL_2536,705,750,45,709,757,48,3,0.2099,0.0,4.9,698,743,45,0.0,-7.0,G122,691,766,75
TURN_0289,SIM_AC_0289,PAIRED_TURN,WN,NARROWBODY,40,45,flight_key_v1_6a04abdf3ddb2bd821bd1f4a2f882ff7,flight_key_v1_82dc3e2b44b7d8641ee36691645d4b2d,1211.0,1297.0,HOU,CMH,2024-01-01_WN_1211,710,780,70,710,790,80,4,0.2351,0.1599999964237213,6.85,689,776,87,-21.0,-4.0,G107,695,795,100
TURN_0290,SIM_AC_0290,PAIRED_TURN,DL,NARROWBODY,40,45,flight_key_v1_d1e9f70d08bc27ac9ed8db59d90513f9,flight_key_v1_58de0d6a7289934f852b0cfdb19c40dd,433.0,1523.0,LGA,DTW,2024-01-01_DL_433,710,750,40,708,758,50,3,0.2099,-1.0199999809265137,5.21,670,746,76,-40.0,-4.0,G13,695,765,70
TURN_0815,SIM_AC_0815,UNMATCHED_DEP,DL,NARROWBODY,40,45,,flight_key_v1_c7c86983071f4cb79da4c4c46762ceab,,350.0,ATL,BOS,2024-01-01_DL_350,710,755,45,715,763,48,3,0.22,0.0,5.66,708,753,45,0.0,-2.0,G173,696,771,75
TURN_0291,SIM_AC_0291,PAIRED_TURN,F9,NARROWBODY,40,45,flight_key_v1_63f9ee66091c4d9cb852f338aff92e29,flight_key_v1_4f330d02fb1a90a8873c7d5b3aa101d0,3294.0,1449.0,DEN,DEN,2024-01-01_F9_3294,711,766,55,713,779,66,7,0.4482,2.4200000762939453,6.48,698,772,74,-13.0,6.0,G67,697,782,85
TURN_0816,SIM_AC_0816,UNMATCHED_DEP,DL,NARROWBODY,40,45,,flight_key_v1_7afc5bc952122db420f5c06bf2540700,,352.0,ATL,PHX,2024-01-01_DL_352,711,756,45,716,764,48,3,0.2104,0.0,5.1,712,757,45,0.0,1.0,G126,697,772,75
TURN_0817,SIM_AC_0817,UNMATCHED_DEP,DL,NARROWBODY,40,45,,flight_key_v1_ad0b7efd498689af2c79269fd702f30d,,2026.0,ATL,RDU,2024-01-01_DL_2026,711,756,45,715,763,48,3,0.2103,0.0,4.3,737,782,45,0.0,26.0,G68,696,771,75
TURN_0292,SIM_AC_0292,PAIRED_TURN,9E,WIDEBODY,75,60,flight_key_v1_5e7afde28b1f8cc5d015edaa908b8b3d,flight_key_v1_adb0d85dd497f2e5629de9005618c49b,4933.0,4953.0,TYS,GTR,2024-01-01_9E_4933,713,825,112,713,832,119,3,0.2198,0.03999999910593033,4.91,696,819,123,-17.0,-6.0,G69,698,840,142
TURN_0818,SIM_AC_0818,UNMATCHED_DEP,DL,NARROWBODY,40,45,,flight_key_v1_04e85baecc93ce8f8a4d86086658f65b,,1576.0,ATL,MCO,2024-01-01_DL_1576,713,758,45,718,766,48,3,0.2125,0.0,5.52,762,807,45,0.0,49.0,G147,699,774,75
TURN_0819,SIM_AC_0819,UNMATCHED_DEP,DL,NARROWBODY,40,45,,flight_key_v1_c6a06b688df8be48c64204dcd472c6d9,,1413.0,ATL,FLL,2024-01-01_DL_1413,713,758,45,719,767,48,3,0.2137,0.0,6.06,727,772,45,0.0,14.0,G162,699,774,75
TURN_0293,SIM_AC_0293,PAIRED_TURN,WN,NARROWBODY,40,45,flight_key_v1_91d15abc2e6391549810f570a48b1cfd,flight_key_v1_6444386cace55e1c1374bd1d88636d87,1122.0,3216.0,BWI,LIT,2024-01-01_WN_1122,720,795,75,721,805,84,4,0.2894,1.5299999713897705,6.41,710,792,82,-10.0,-3.0,G70,705,810,105
TURN_0820,SIM_AC_0820,UNMATCHED_DEP,DL,NARROWBODY,40,45,,flight_key_v1_4ca187ed79df1ef20c02b7072f0e2542,,2377.0,ATL,CLE,2024-01-01_DL_2377,720,765,45,725,773,48,3,0.2099,0.0,5.07,730,775,45,0.0,10.0,G37,706,781,75
TURN_0294,SIM_AC_0294,PAIRED_TURN,9E,NARROWBODY,40,45,flight_key_v1_9d939451957b5e18d70cc3545d9f30f5,flight_key_v1_7fd5b1e63eb49794857ea5e9c5399ee5,5035.0,5057.0,JAN,HPN,2024-01-01_9E_5035,721,798,77,721,806,85,3,0.2198,0.07000000029802322,5.38,705,793,88,-16.0,-5.0,G16,706,813,107
TURN_0295,SIM_AC_0295,PAIRED_TURN,DL,NARROWBODY,40,45,flight_key_v1_9923c3e6383b258aac4a1990e19b6654,flight_key_v1_0b25bf0808b8175db04fe1486a0fe13a,2001.0,2799.0,MCI,BWI,2024-01-01_DL_2001,724,765,41,723,772,49,3,0.2099,-0.1899999976158142,4.9,702,768,66,-22.0,3.0,G145,709,780,71
TURN_0296,SIM_AC_0296,PAIRED_TURN,WN,NARROWBODY,40,45,flight_key_v1_8a6cb0d1f3f552c44d352d440bafd569,flight_key_v1_f21422135ce94544a58c853db5c49bc2,1375.0,3193.0,TPA,IND,2024-01-01_WN_1375,725,820,95,725,831,106,4,0.2351,0.9900000095367432,7.03,703,826,123,-22.0,6.0,G130,710,835,125
TURN_0821,SIM_AC_0821,UNMATCHED_DEP,DL,NARROWBODY,40,45,,flight_key_v1_50c87bcdf2add95cf5403b8d8189246a,,737.0,ATL,DCA,2024-01-01_DL_737,725,770,45,729,777,48,3,0.2087,0.0,4.57,722,767,45,0.0,-3.0,G59,710,785,75
TURN_0822,SIM_AC_0822,UNMATCHED_DEP,DL,NARROWBODY,40,45,,flight_key_v1_d88b01c1b64882c52b19f8644cccda37,,2778.0,ATL,MEM,2024-01-01_DL_2778,730,775,45,734,782,48,3,0.2099,0.0,4.8,725,770,45,0.0,-5.0,G60,716,791,75
TURN_0664,SIM_AC_0664,UNMATCHED_ARR,WN,WIDEBODY,75,60,flight_key_v1_eec5a31fcf003cadf4bed74933e38751,,1297.0,,MCO,ATL,2024-01-01_WN_1297,735,795,60,736,801,65,5,0.3114,1.7999999523162842,0.0,723,783,60,-12.0,0.0,G90,720,825,105
TURN_0665,SIM_AC_0665,UNMATCHED_ARR,WN,WIDEBODY,75,60,flight_key_v1_e355073ee31fa7f02b3431b8452bb644,,191.0,,DAL,ATL,2024-01-01_WN_191,735,795,60,735,799,64,4,0.2502,0.5699999928474426,0.0,733,793,60,-2.0,0.0,G07,720,825,105
TURN_0297,SIM_AC_0297,PAIRED_TURN,DL,NARROWBODY,40,45,flight_key_v1_430243118ee4256868ebab28737ef99c,flight_key_v1_cdd73cea4d7a893b5d094313983a4e68,394.0,530.0,SLC,DEN,2024-01-01_DL_394,740,780,40,739,788,49,3,0.2179,-0.5799999833106995,5.32,730,775,45,-10.0,-5.0,G17,725,795,70
TURN_0823,SIM_AC_0823,UNMATCHED_DEP,UA,WIDEBODY,75,60,,flight_key_v1_6a85b771c5ed3b382c73fc5bfdacd459,,556.0,ATL,EWR,2024-01-01_UA_556,740,800,60,745,808,63,3,0.2285,0.0,5.88,733,793,60,0.0,-7.0,G172,726,816,90
TURN_0298,SIM_AC_0298,PAIRED_TURN,9E,NARROWBODY,40,45,flight_key_v1_394e801e298a40c427d15d8e37357514,flight_key_v1_0b601fbddc11ab969cc2dc66f8260858,4858.0,4945.0,TLH,FAY,2024-01-01_9E_4858,745,822,77,745,830,85,3,0.2198,0.699999988079071,5.17,732,821,89,-13.0,-1.0,G61,730,837,107
TURN_0299,SIM_AC_0299,PAIRED_TURN,DL,NARROWBODY,40,45,flight_key_v1_bbd7ba2d7c19888d4f73a0db6f2fc88b,flight_key_v1_de8a3ae07113d29cb53bd7e477366c18,1303.0,2728.0,MIA,JAX,2024-01-01_DL_1303,745,786,41,746,793,47,3,0.2283,1.590000033378601,4.81,746,796,50,1.0,10.0,G123,730,801,71
TURN_0300,SIM_AC_0300,PAIRED_TURN,DL,NARROWBODY,40,45,flight_key_v1_35b38ada996693ded2b314314f7f349a,flight_key_v1_abcde139e030f5fc4cb8a4a091c15dc9,2039.0,431.0,FLL,LGA,2024-01-01_DL_2039,747,810,63,748,818,70,3,0.2152,1.4500000476837158,5.21,741,810,69,-6.0,0.0,G86,732,825,93
TURN_0301,SIM_AC_0301,PAIRED_TURN,9E,NARROWBODY,40,45,flight_key_v1_3adaf8cb7c423c9d7faddfe5c0f6041c,flight_key_v1_54e5457ae78ee4cc7ba5d23a3007e95a,5272.0,4923.0,TRI,TYS,2024-01-01_9E_5272,748,825,77,748,833,85,3,0.2198,0.41999998688697815,5.33,727,822,95,-21.0,-3.0,G120,733,840,107
TURN_0302,SIM_AC_0302,PAIRED_TURN,DL,NARROWBODY,40,45,flight_key_v1_76cf5216c05d938face50807e7c26a30,flight_key_v1_5e51a2c702272674bac8c211f7d72191,710.0,1323.0,PHX,MIA,2024-01-01_DL_710,757,815,58,756,825,69,3,0.2255,-0.4699999988079071,7.14,737,814,77,-20.0,-1.0,G65,742,830,88
TURN_0303,SIM_AC_0303,PAIRED_TURN,DL,NARROWBODY,40,45,flight_key_v1_e6f3d0e3d3f5fc2a9da72334a2bdf028,flight_key_v1_525e99a09696ec9005396f00bad96b4e,2326.0,1372.0,JAX,MCO,2024-01-01_DL_2326,757,818,61,757,826,69,3,0.2195,0.41999998688697815,5.86,744,838,94,-13.0,20.0,G48,742,833,91
TURN_0304,SIM_AC_0304,PAIRED_TURN,DL,NARROWBODY,40,45,flight_key_v1_a2ca76a21f7cbf5f37588dde87cdd85b,flight_key_v1_3ebf88e7dd832302f4b3b7dd81a388ec,1438.0,2052.0,DTW,BNA,2024-01-01_DL_1438,759,820,61,758,827,69,3,0.2299,-0.4099999964237213,4.85,748,815,67,-11.0,-5.0,G100,744,835,91
TURN_0015,SIM_AC_0015,PAIRED_TURN,WN,NARROWBODY,40,45,flight_key_v1_72c4983f23f5d5921d0d9f2ea7f61a8f,flight_key_v1_1130da0cd7a10aa1b6308b1e36adc66a,157.0,157.0,FLL,JAN,2024-01-01_WN_157,760,800,40,761,810,49,4,0.2823,1.659999966621399,6.41,750,803,53,-10.0,3.0,G129,745,815,70
TURN_0305,SIM_AC_0305,PAIRED_TURN,DL,NARROWBODY,40,45,flight_key_v1_33c36d3351c0e6db274ac7d12a921b9f,flight_key_v1_ab61090fe64e396ae88d74242f5898cb,1537.0,423.0,MSP,SLC,2024-01-01_DL_1537,763,820,57,761,828,67,3,0.2136,-1.0199999809265137,5.06,761,818,57,-2.0,-2.0,G170,748,835,87
TURN_0306,SIM_AC_0306,PAIRED_TURN,DL,NARROWBODY,40,45,flight_key_v1_d867efacaebc726a322e504a1105af56,flight_key_v1_f8172d9747e9e0a4050550a40fd6125a,1213.0,2887.0,MCO,MYR,2024-01-01_DL_1213,765,820,55,766,828,62,3,0.2152,1.559999942779541,5.03,762,819,57,-3.0,-1.0,G84,750,835,85
TURN_0307,SIM_AC_0307,PAIRED_TURN,DL,WIDEBODY,75,60,flight_key_v1_686f6c38a602949dd2a5a1b7d203ea2c,flight_key_v1_0daa94c044ba776297345f2f64232691,1134.0,1294.0,SRQ,JFK,2024-01-01_DL_1134,768,893,125,768,901,133,3,0.217,0.9399999976158142,5.6,759,891,132,-9.0,-2.0,G33,753,908,155
TURN_0030,SIM_AC_0030,PAIRED_TURN,WN,NARROWBODY,40,45,flight_key_v1_0838743bc1bf719d39647a364435bf14,flight_key_v1_53c1be30c8baa3a557d543929fdf754e,2214.0,2214.0,LAS,PIT,2024-01-01_WN_2214,770,815,45,769,839,70,4,0.2418,-0.3400000035762787,20.18,768,820,52,-2.0,5.0,G51,755,830,75
TURN_0308,SIM_AC_0308,PAIRED_TURN,DL,NARROWBODY,40,45,flight_key_v1_0614ee3ca44189c82338b0995d55ff1c,flight_key_v1_e2a6b16dd80812202358e956c45d9a24,2315.0,2186.0,ECP,RIC,2024-01-01_DL_2315,770,820,50,770,828,58,3,0.2152,0.7300000190734863,5.21,747,815,68,-23.0,-5.0,G148,755,835,80
TURN_0309,SIM_AC_0309,PAIRED_TURN,DL,WIDEBODY,75,60,flight_key_v1_aae7daaa02f71a95ce5e90b003cac4fc,flight_key_v1_8dc9f229bed5a9b14163ea9ad3f8f093,672.0,1442.0,LAX,GSP,2024-01-01_DL_672,770,905,135,769,913,144,3,0.2264,-0.5799999833106995,5.56,746,895,149,-24.0,-10.0,G133,755,920,165
TURN_0310,SIM_AC_0310,PAIRED_TURN,DL,NARROWBODY,40,45,flight_key_v1_8b9825483a518cd3c73cce8a8e276676,flight_key_v1_9687aa0f3506f29d1b57c292108235f8,2223.0,1640.0,SDF,GRR,2024-01-01_DL_2223,771,820,49,771,828,57,3,0.2152,0.25999999046325684,5.37,744,814,70,-27.0,-6.0,G81,756,835,79
TURN_0311,SIM_AC_0311,PAIRED_TURN,9E,NARROWBODY,40,45,flight_key_v1_c681d796474de9aa610f3f185ae34a2c,flight_key_v1_57a303239f8b1dc485408b82f22cc944,4935.0,5132.0,ILM,DAY,2024-01-01_9E_4935,772,825,53,772,846,74,3,0.2311,0.5699999928474426,18.09,749,820,71,-23.0,-5.0,G137,757,840,83
TURN_0666,SIM_AC_0666,UNMATCHED_ARR,AA,NARROWBODY,40,45,flight_key_v1_aa6d2de684050e04672746c2bc91f157,,2934.0,,ORD,ATL,2024-01-01_AA_2934,772,817,45,773,823,50,5,0.3621,1.6299999952316284,0.0,754,799,45,-18.0,0.0,G44,757,827,70
TURN_0312,SIM_AC_0312,PAIRED_TURN,9E,NARROWBODY,40,45,flight_key_v1_bfe81a8e587c8e0a1dac2be364260d58,flight_key_v1_6f9e03719a7abb6622671f38efefa204,5460.0,5428.0,LEX,TUL,2024-01-01_9E_5460,773,831,58,773,839,66,3,0.2198,0.699999988079071,5.51,750,824,74,-23.0,-7.0,G154,758,846,88
TURN_0313,SIM_AC_0313,PAIRED_TURN,DL,NARROWBODY,40,45,flight_key_v1_e0392fe6dbe7a6656621c695a03f0494,flight_key_v1_bbe10ea17a84bf42da6d9aff29fd3af1,1089.0,2032.0,RSW,SDF,2024-01-01_DL_1089,773,827,54,773,835,62,3,0.2152,0.699999988079071,5.38,766,818,52,-7.0,-9.0,G56,758,842,84
TURN_0314,SIM_AC_0314,PAIRED_TURN,DL,NARROWBODY,40,45,flight_key_v1_129b1ea9fb41c460447ff7345aa79cef,flight_key_v1_2e1bac47e37238ac7c18c80445552f4a,1227.0,1173.0,TPA,PBI,2024-01-01_DL_1227,775,829,54,775,838,63,3,0.2276,0.699999988079071,6.59,773,823,50,-2.0,-6.0,G144,760,844,84
TURN_0315,SIM_AC_0315,PAIRED_TURN,DL,NARROWBODY,40,45,flight_key_v1_2676a00db2ac285f865e409482eda877,flight_key_v1_c6f8670528b9db4108c6bfe3c2419def,755.0,8771.0,LAS,PDX,2024-01-01_DL_755,776,830,54,775,838,63,3,0.2136,-0.5799999833106995,5.1,757,856,99,-19.0,26.0,G169,761,845,84
TURN_0316,SIM_AC_0316,PAIRED_TURN,DL,NARROWBODY,40,45,flight_key_v1_d21ececc0df09cc90c22d9772d44523e,flight_key_v1_34a1d6d87ae408eb437f75743bcf031d,520.0,1720.0,BNA,TPA,2024-01-01_DL_520,778,833,55,778,841,63,3,0.2203,0.7300000190734863,5.4,759,832,73,-19.0,-1.0,G15,763,848,85
TURN_0317,SIM_AC_0317,PAIRED_TURN,WN,NARROWBODY,40,45,flight_key_v1_aa74d4833a1b71baf865554366768652,flight_key_v1_715ffbfbe7c266ccc0bd8fee785d2603,1076.0,361.0,STL,MDW,2024-01-01_WN_1076,780,860,80,781,871,90,4,0.2583,1.1299999952316284,7.59,775,884,109,-5.0,24.0,G21,765,875,110
TURN_0318,SIM_AC_0318,PAIRED_TURN,DL,NARROWBODY,40,45,flight_key_v1_532fed9d5dce3caadad6c78f8ce5cda1,flight_key_v1_f29d370b446f399c75748131cd5af32a,2703.0,921.0,MSY,DFW,2024-01-01_DL_2703,781,834,53,781,843,62,3,0.2294,0.7300000190734863,6.41,854,894,40,73.0,-5.0,G30,766,849,83
TURN_0319,SIM_AC_0319,PAIRED_TURN,DL,NARROWBODY,40,45,flight_key_v1_77856daf0b0dafec536b94e64388465e,flight_key_v1_4df45421f6fbf9b55a45d3d0b73739c2,2174.0,2450.0,DAB,MLB,2024-01-01_DL_2174,781,835,54,781,843,62,3,0.2152,0.699999988079071,5.21,760,830,70,-21.0,-5.0,G103,766,850,84
TURN_0320,SIM_AC_0320,PAIRED_TURN,DL,NARROWBODY,40,45,flight_key_v1_084fd73a7a939173085dd757a07e66dd,flight_key_v1_80274753d2ab16cdf42d1423c81e2180,2983.0,1660.0,MLB,MCI,2024-01-01_DL_2983,782,839,57,782,847,65,3,0.2152,0.019999999552965164,5.37,757,834,77,-25.0,-5.0,G13,767,854,87
TURN_0321,SIM_AC_0321,PAIRED_TURN,DL,NARROWBODY,40,45,flight_key_v1_db6594c4937f23ffaf13ee6d9eeda7c6,flight_key_v1_93d69ebe2268dc6466015d43482329bf,2633.0,2580.0,RDU,MKE,2024-01-01_DL_2633,784,839,55,784,847,63,3,0.2152,0.5699999928474426,5.2,763,944,181,-21.0,105.0,G55,769,854,85
TURN_0322,SIM_AC_0322,PAIRED_TURN,DL,NARROWBODY,40,45,flight_key_v1_793ee0bc2874b76f3993634bfadfada8,flight_key_v1_0ff228c0effaeb67e691500f29f1c6b5,2561.0,753.0,DEN,LAX,2024-01-01_DL_2561,785,840,55,784,851,67,4,0.238,-0.36000001430511475,7.35,784,835,51,-1.0,-5.0,G119,770,855,85
TURN_0323,SIM_AC_0323,PAIRED_TURN,9E,NARROWBODY,40,45,flight_key_v1_a28db7689cef831fd13f9bcd4964226d,flight_key_v1_b7b91da13cd5e1b09a3dfd1a0be5b4a1,4968.0,4910.0,CLT,DHN,2024-01-01_9E_4968,785,835,50,786,843,57,3,0.2198,1.0299999713897705,5.17,766,832,66,-19.0,-3.0,G110,770,850,80
TURN_0324,SIM_AC_0324,PAIRED_TURN,NK,NARROWBODY,40,45,flight_key_v1_b32d90e9045e5b4ca3870110efa154e7,flight_key_v1_ae330c611b7b071cbe384504dc1ed0b2,452.0,1435.0,MSY,BWI,2024-01-01_NK_452,788,963,175,790,982,192,5,0.3117,2.4200000762939453,14.24,777,1031,254,-11.0,68.0,G75,773,978,205
TURN_0325,SIM_AC_0325,PAIRED_TURN,DL,WIDEBODY,75,60,flight_key_v1_e50862bb8425235ef9342340139c1f66,flight_key_v1_a34215d521a259238cdbaabd7b689f54,2517.0,2735.0,MYR,BDL,2024-01-01_DL_2517,788,910,122,788,918,130,3,0.2264,0.25999999046325684,5.57,772,911,139,-16.0,1.0,G173,773,925,152
TURN_0326,SIM_AC_0326,PAIRED_TURN,9E,NARROWBODY,40,45,flight_key_v1_117dae2894b127de4ee65ea70ae7b05a,flight_key_v1_ecf606f3571be1b4a0c42124ef7558b2,5189.0,4956.0,BTR,MLU,2024-01-01_9E_5189,789,835,46,788,843,55,3,0.2198,-0.11999999731779099,5.17,764,830,66,-25.0,-5.0,G43,774,850,76
TURN_0327,SIM_AC_0327,PAIRED_TURN,DL,NARROWBODY,40,45,flight_key_v1_d97cb8d7b659ef6179cc97e60d1019a2,flight_key_v1_1deb69f469b7d4f53d6258834f348d77,2484.0,2285.0,CAE,GSO,2024-01-01_DL_2484,791,840,49,791,848,57,3,0.217,0.25999999046325684,5.48,769,836,67,-22.0,-4.0,G32,776,855,79
TURN_0328,SIM_AC_0328,PAIRED_TURN,DL,NARROWBODY,40,45,flight_key_v1_f4c398b0f250313f5faab522e6216637,flight_key_v1_850fb8fc01b450f07b0d4a2faa075e5d,2017.0,2925.0,GSP,ORF,2024-01-01_DL_2017,792,840,48,792,848,56,3,0.217,0.3100000023841858,5.48,776,835,59,-16.0,-5.0,G163,777,855,78
TURN_0667,SIM_AC_0667,UNMATCHED_ARR,OH,NARROWBODY,40,45,flight_key_v1_8a31c5db1e3692b40c345100aeb56918,,5412.0,,CLT,ATL,2024-01-01_OH_5412,792,837,45,793,842,49,4,0.2656,1.9500000476837158,0.0,776,821,45,-16.0,0.0,G126,777,847,70
TURN_0329,SIM_AC_0329,PAIRED_TURN,DL,NARROWBODY,40,45,flight_key_v1_2c01fd705d3c32f98b492613595d1e55,flight_key_v1_f17a40a3e1ab310fbd0bc44c9ac52b0d,471.0,2899.0,CVG,BHM,2024-01-01_DL_471,793,840,47,793,848,55,3,0.217,0.699999988079071,5.43,766,836,70,-27.0,-4.0,G73,778,855,77
TURN_0824,SIM_AC_0824,UNMATCHED_DEP,9E,WIDEBODY,75,60,,flight_key_v1_0cbc7921ee7ca38cf7d0974452d6314c,,5471.0,ATL,TRI,2024-01-01_9E_5471,793,853,60,798,861,63,3,0.2217,0.0,5.78,788,848,60,0.0,-5.0,G93,779,869,90
TURN_0011,SIM_AC_0011,PAIRED_TURN,WN,NARROWBODY,40,45,flight_key_v1_6d2c60b5873b3053adfddd987825fac7,flight_key_v1_71fb1af587232913d9824e523f2f2ee1,1338.0,1338.0,DEN,MSY,2024-01-01_WN_1338,795,845,50,794,857,63,5,0.3294,-0.23999999463558197,7.64,779,843,64,-16.0,-2.0,G64,780,860,80
TURN_0014,SIM_AC_0014,PAIRED_TURN,WN,NARROWBODY,40,45,flight_key_v1_63fba7f36ac001b91c7aa784b0ae5e13,flight_key_v1_aa8d407160e842266bb77b3bad1f8c8d,1567.0,1567.0,GSP,STL,2024-01-01_WN_1567,795,840,45,796,851,55,4,0.2583,1.3300000429153442,7.6,784,852,68,-11.0,12.0,G166,780,855,75
TURN_0330,SIM_AC_0330,PAIRED_TURN,DL,NARROWBODY,40,45,flight_key_v1_67581d7071b51e4c5b564a8ba85b15f6,flight_key_v1_0df548e4e4f55792eebbf790cf6178b7,2934.0,1568.0,MIA,PIT,2024-01-01_DL_2934,795,842,47,796,851,55,4,0.242,1.559999942779541,5.65,798,842,44,3.0,0.0,G94,780,857,77
TURN_0825,SIM_AC_0825,UNMATCHED_DEP,F9,WIDEBODY,75,60,,flight_key_v1_65615a074a17abdb5d5f4ba52388ebe9,,2298.0,ATL,PHL,2024-01-01_F9_2298,796,856,60,803,867,64,4,0.2484,0.0,7.44,795,855,60,0.0,-1.0,G134,782,872,90
TURN_0331,SIM_AC_0331,PAIRED_TURN,F9,NARROWBODY,40,45,flight_key_v1_7958f0c05683e156cd2bb7e2976c5c71,flight_key_v1_c75cbf011a03d530c7247acfafd38d2a,3507.0,3310.0,MCO,SJU,2024-01-01_F9_3507,798,855,57,801,871,70,7,0.4915,3.4800000190734863,9.37,794,865,71,-4.0,10.0,G40,784,871,87
TURN_0332,SIM_AC_0332,PAIRED_TURN,DL,NARROWBODY,40,45,flight_key_v1_f992b68e28afab16bc3fc8cc8e0f3eaa,flight_key_v1_9f1d5b1f0c4c5d376571b46e0d162ce6,2766.0,2337.0,HOU,MSY,2024-01-01_DL_2766,798,845,47,801,855,54,5,0.3386,3.319999933242798,5.43,778,892,114,-20.0,47.0,G29,784,861,77
TURN_0333,SIM_AC_0333,PAIRED_TURN,DL,NARROWBODY,40,45,flight_key_v1_5d94c28d14f7109ba0f74dff4761c1c9,flight_key_v1_56f92fcad9bec49f4639fb0540b99c84,456.0,1791.0,BOS,SJU,2024-01-01_DL_456,799,846,47,799,857,58,4,0.2365,0.5799999833106995,7.83,766,838,72,-33.0,-8.0,G127,784,861,77
TURN_0334,SIM_AC_0334,PAIRED_TURN,9E,NARROWBODY,40,45,flight_key_v1_a6a7f5c85e1c6af37ecb32d98268839f,flight_key_v1_290697a3cb760016620e263d7e8105af,5202.0,5225.0,AVL,AVL,2024-01-01_9E_5202,800,850,50,800,858,58,3,0.2217,0.15000000596046448,5.78,771,846,75,-29.0,-4.0,G111,785,865,80
TURN_0335,SIM_AC_0335,PAIRED_TURN,DL,NARROWBODY,40,45,flight_key_v1_1d51bf26d96993c4133cc1ff90659a6a,flight_key_v1_fe232980695b77f1119f6ff60fc816f5,2802.0,1695.0,PBI,IAD,2024-01-01_DL_2802,803,847,44,803,855,52,3,0.2163,0.8999999761581421,5.59,793,843,50,-10.0,-4.0,G27,788,862,74
TURN_0336,SIM_AC_0336,PAIRED_TURN,9E,NARROWBODY,40,45,flight_key_v1_ce691437e7f4a16671358c2541009561,flight_key_v1_8c71b71d8a331b95583d713614e14251,5312.0,5139.0,VLD,CHA,2024-01-01_9E_5312,803,865,62,804,874,70,4,0.2755,1.1100000143051147,5.62,791,860,69,-12.0,-5.0,G153,788,880,92
TURN_0337,SIM_AC_0337,PAIRED_TURN,DL,NARROWBODY,40,45,flight_key_v1_a6b2e10d4e978d776c094032d6168b18,flight_key_v1_a492efa9ac689658b5ad0cb5950feddb,8784.0,1126.0,SLC,CHS,2024-01-01_DL_8784,804,851,47,803,859,56,3,0.2154,-0.36000001430511475,5.13,780,847,67,-24.0,-4.0,G96,789,866,77
TURN_0338,SIM_AC_0338,PAIRED_TURN,DL,NARROWBODY,40,45,flight_key_v1_6e729f722e0f66beb20b3f95aaa74b27,flight_key_v1_a1cf1e537e7eb86b429344f06885f304,1709.0,2163.0,FLL,CMH,2024-01-01_DL_1709,806,857,51,807,865,58,3,0.2202,1.559999942779541,5.65,790,855,65,-16.0,-2.0,G82,791,872,81
TURN_0339,SIM_AC_0339,PAIRED_TURN,OO,NARROWBODY,40,45,flight_key_v1_bc659c4ce3c95d898b742b41be24a817,flight_key_v1_72ff4f947e0b1d6edfda260538ca2077,3841.0,4076.0,EVV,BTR,2024-01-01_OO_3841,808,868,60,810,878,68,5,0.3105,2.259999990463257,5.58,782,862,80,-26.0,-6.0,G67,793,883,90
TURN_0340,SIM_AC_0340,PAIRED_TURN,WN,NARROWBODY,40,45,flight_key_v1_d00ae9c419629609e1e52165a459f1e8,flight_key_v1_d4a6c85d153b5d51394a5cea07f0d08b,2783.0,2243.0,MCI,MCI,2024-01-01_WN_2783,810,865,55,810,876,66,4,0.2583,0.8100000023841858,7.59,817,860,43,7.0,-5.0,G59,795,880,85
TURN_0341,SIM_AC_0341,PAIRED_TURN,DL,NARROWBODY,40,45,flight_key_v1_ddffdacde9478c4bac67ab475caec0b6,flight_key_v1_0853aff6af392de4f24c9ce8f4704eec,2146.0,2456.0,GNV,CVG,2024-01-01_DL_2146,813,865,52,814,873,59,3,0.217,1.2000000476837158,5.65,795,864,69,-18.0,-1.0,G60,798,880,82
TURN_0342,SIM_AC_0342,PAIRED_TURN,DL,NARROWBODY,40,45,flight_key_v1_0bd96c0df7717f478986ad84f0320807,flight_key_v1_9c3b7993a0f88ed9cce9287c0ab91dc9,2290.0,2827.0,STL,DAB,2024-01-01_DL_2290,814,868,54,814,876,62,3,0.217,0.699999988079071,5.48,807,864,57,-7.0,-4.0,G36,799,883,84
TURN_0343,SIM_AC_0343,PAIRED_TURN,DL,NARROWBODY,40,45,flight_key_v1_9f5a72ff2247e20ad71436cb8610165a,flight_key_v1_a22949f82be45809b4e341632c3a376e,717.0,2384.0,SAN,AUS,2024-01-01_DL_717,814,869,55,813,878,65,3,0.2217,-0.47999998927116394,6.13,789,864,75,-25.0,-5.0,G35,799,884,85
TURN_0007,SIM_AC_0007,PAIRED_TURN,WN,NARROWBODY,40,45,flight_key_v1_87cba89a7f48c1a049931fe17f0aeaba,flight_key_v1_929ba21f94db336f373c6c9c681f1a34,106.0,106.0,LGA,MCO,2024-01-01_WN_106,815,860,45,814,872,58,4,0.2843,-0.009999999776482582,8.48,793,856,63,-22.0,-4.0,G99,800,875,75
TURN_0344,SIM_AC_0344,PAIRED_TURN,WN,WIDEBODY,75,60,flight_key_v1_1bb894018a7020751c0b6d0e3566bf75,flight_key_v1_650005cb823439ee07972ffa405b69d5,2243.0,1784.0,MIA,MDW,2024-01-01_WN_2243,815,1040,225,816,1055,239,5,0.3627,1.9700000286102295,10.05,785,1075,290,-30.0,35.0,G145,800,1055,255
TURN_0668,SIM_AC_0668,UNMATCHED_ARR,OO,NARROWBODY,40,45,flight_key_v1_9d92cfdc4987f193e3daad08ea7f3726,,4058.0,,CSG,ATL,2024-01-01_OO_4058,818,863,45,820,870,50,5,0.3107,2.880000114440918,0.0,803,848,45,-15.0,0.0,G143,803,873,70
TURN_0345,SIM_AC_0345,PAIRED_TURN,DL,NARROWBODY,40,45,flight_key_v1_1362071e081487230b37270838dc0481,flight_key_v1_e2d57e4bf375388fecdf1f5bd64831c4,2182.0,1150.0,SAV,MCO,2024-01-01_DL_2182,819,878,59,819,887,68,3,0.2214,0.7099999785423279,6.57,800,874,74,-19.0,-4.0,G115,804,893,89
TURN_0346,SIM_AC_0346,PAIRED_TURN,DL,NARROWBODY,40,45,flight_key_v1_b962e2ede88fc4a88d506c6148de6a6a,flight_key_v1_eaf1bb2376a4dcb947773a01e81850e0,1345.0,994.0,CMH,PHX,2024-01-01_DL_1345,819,878,59,819,886,67,3,0.2176,0.15000000596046448,5.64,791,877,86,-28.0,-1.0,G151,804,893,89
TURN_0064,SIM_AC_0064,PAIRED_TURN,WN,NARROWBODY,75,45,flight_key_v1_9bb0db734a56bba93a612280ea5ec5a6,flight_key_v1_3e74a4ebfb6bf356b095f9b38e937375,765.0,765.0,MSY,TPA,2024-01-01_WN_765,820,860,40,821,900,79,4,0.2665,1.2999999523162842,8.09,810,870,60,-10.0,10.0,G14,805,875,70
TURN_0347,SIM_AC_0347,PAIRED_TURN,DL,NARROWBODY,40,45,flight_key_v1_10570a9f4921e02fa70c5989d4308e25,flight_key_v1_ce4cd4843875ba6cd9edc449906fea24,2207.0,1005.0,IAH,DTW,2024-01-01_DL_2207,822,892,70,823,900,77,3,0.2311,1.590000033378601,5.7,815,890,75,-7.0,-2.0,G18,807,907,100
TURN_0348,SIM_AC_0348,PAIRED_TURN,UA,NARROWBODY,40,45,flight_key_v1_75494eaa665a83579e4679b9e094aa33,flight_key_v1_7f4f8fefcd7e8bdb2831b7106c9f1493,2444.0,216.0,ORD,ORD,2024-01-01_UA_2444,822,935,113,823,948,125,5,0.3397,1.590000033378601,8.78,806,933,127,-16.0,-2.0,G88,807,950,143
TURN_0349,SIM_AC_0349,PAIRED_TURN,DL,NARROWBODY,40,45,flight_key_v1_5d1201cc091f63e6079f0a1576ac0de6,flight_key_v1_c278113c4e6971ac10fd7eca02825ee4,762.0,2988.0,PDX,PNS,2024-01-01_DL_762,823,892,69,822,900,78,3,0.217,-0.47999998927116394,5.48,801,887,86,-22.0,-5.0,G39,808,907,99
TURN_0350,SIM_AC_0350,PAIRED_TURN,DL,NARROWBODY,40,45,flight_key_v1_a981aa60cf5d1c5774924510d3b9e782,flight_key_v1_3b4c9003a6c55cb9d78d8e0737499137,12.0,1386.0,SEA,MIA,2024-01-01_DL_12,826,897,71,825,907,82,3,0.2274,-0.47999998927116394,7.59,807,891,84,-19.0,-6.0,G140,811,912,101
TURN_0351,SIM_AC_0351,PAIRED_TURN,DL,NARROWBODY,40,45,flight_key_v1_0294421d9cf0033f6d40c3979bc3ef2a,flight_key_v1_a8f9c22ae76f6f417b8dfb89eb6cd5b6,2445.0,814.0,GSO,SEA,2024-01-01_DL_2445,828,897,69,828,905,77,3,0.2154,0.15000000596046448,5.79,835,894,59,7.0,-3.0,G31,813,912,99
TURN_0352,SIM_AC_0352,PAIRED_TURN,DL,NARROWBODY,40,45,flight_key_v1_0de8f13615b0927f56dd316a690b185d,flight_key_v1_5452ae9b4740e78e604ec099279e3a22,2926.0,1195.0,CHS,SFO,2024-01-01_DL_2926,828,900,72,828,914,86,4,0.259,0.8700000047683716,10.58,801,899,98,-27.0,-1.0,G16,813,915,102
TURN_0353,SIM_AC_0353,PAIRED_TURN,DL,NARROWBODY,40,45,flight_key_v1_971b6cbdb52bd563374af54204ded706,flight_key_v1_3ac0b282d3b4a8b0d75147315647590d,2820.0,1527.0,IAD,PBI,2024-01-01_DL_2820,829,901,72,829,911,82,4,0.2352,0.10000000149011612,6.69,803,899,96,-26.0,-2.0,G66,814,916,102
TURN_0354,SIM_AC_0354,PAIRED_TURN,DL,NARROWBODY,40,45,flight_key_v1_bbb19fe67a98b1db7fd1ead67315bc56,flight_key_v1_47598b73705bafbf5e89830d23baaddd,2952.0,2720.0,IND,JAX,2024-01-01_DL_2952,829,903,74,829,911,82,3,0.2269,0.6000000238418579,5.36,815,920,105,-14.0,17.0,G41,814,918,104
TURN_0355,SIM_AC_0355,PAIRED_TURN,DL,NARROWBODY,40,45,flight_key_v1_f68e42f946c35edb06447c4aaadf4b7b,flight_key_v1_18f7933371ca78a66b57fbf9e604559b,771.0,2479.0,LGA,ORD,2024-01-01_DL_771,829,910,81,828,921,93,4,0.238,-0.30000001192092896,7.36,788,919,131,-41.0,9.0,G37,814,925,111
TURN_0356,SIM_AC_0356,PAIRED_TURN,DL,NARROWBODY,40,45,flight_key_v1_d10c3462a31de8648e02013b5232faf2,flight_key_v1_60ea1d0ad7b00ac139befa15a40ff1a1,690.0,791.0,SFO,LGA,2024-01-01_DL_690,830,910,80,829,918,89,3,0.2264,-0.47999998927116394,5.57,811,909,98,-19.0,-1.0,G171,815,925,110
TURN_0357,SIM_AC_0357,PAIRED_TURN,DL,WIDEBODY,75,60,flight_key_v1_dda0a6445d77caa744bab42067b7adf5,flight_key_v1_c5fa45a102ca8fe1989193a4bc408a75,1493.0,526.0,BWI,SLC,2024-01-01_DL_1493,830,927,97,831,935,104,3,0.2184,1.440000057220459,5.8,813,920,107,-17.0,-7.0,G167,815,942,127
TURN_0669,SIM_AC_0669,UNMATCHED_ARR,WN,WIDEBODY,75,60,flight_key_v1_05c495d6f0b961d2f14646707b5b5de7,,276.0,,AUS,ATL,2024-01-01_WN_276,830,890,60,831,895,64,4,0.2402,1.1299999952316284,0.0,809,869,60,-21.0,0.0,G76,815,920,105
TURN_0826,SIM_AC_0826,UNMATCHED_DEP,WN,NARROWBODY,40,45,,flight_key_v1_46fc3bc4f03210eb48a6c63b1214a458,,1918.0,ATL,HOU,2024-01-01_WN_1918,830,875,45,838,887,49,4,0.2551,0.0,8.61,831,876,45,0.0,1.0,G156,817,892,75
TURN_0358,SIM_AC_0358,PAIRED_TURN,DL,WIDEBODY,75,60,flight_key_v1_db2cef6cbeba0650e293eff26f353cd3,flight_key_v1_2bccec802213e083ccd142d3fa3ef510,1658.0,1334.0,MCO,RDU,2024-01-01_DL_1658,832,940,108,833,948,115,3,0.227,1.7300000190734863,5.96,845,937,92,13.0,-3.0,G47,817,955,138
TURN_0359,SIM_AC_0359,PAIRED_TURN,DL,NARROWBODY,40,45,flight_key_v1_74fb08cb99343cb76daab0fed04e512b,flight_key_v1_7d93ed0faf223386fc39ea3c4408ec78,474.0,1128.0,ORD,BWI,2024-01-01_DL_474,836,910,74,837,920,83,5,0.3059,1.559999942779541,5.61,821,908,87,-15.0,-2.0,G70,821,925,104
TURN_0827,SIM_AC_0827,UNMATCHED_DEP,F9,NARROWBODY,40,45,,flight_key_v1_33958f1a6902aafedfcb7cb428a9ea9c,,2174.0,ATL,FLL,2024-01-01_F9_2174,838,883,45,846,895,49,4,0.2545,0.0,8.78,845,890,45,0.0,7.0,G08,825,900,75
TURN_0003,SIM_AC_0003,PAIRED_TURN,AA,NARROWBODY,40,45,flight_key_v1_e234dccad3eda915c6c4c7f8b3375fd1,flight_key_v1_c3dac66c96619cbe25292ffb4de0a20b,1245.0,1245.0,MIA,MIA,2024-01-01_AA_1245,839,895,56,842,907,65,5,0.3333,3.0999999046325684,7.64,831,893,62,-8.0,-2.0,G150,825,911,86
TURN_0360,SIM_AC_0360,PAIRED_TURN,DL,WIDEBODY,75,60,flight_key_v1_aefb159cae1fb5302f6b88eeb84506e0,flight_key_v1_047111f2db1f3154c94b3497aee2380c,380.0,804.0,DCA,IAH,2024-01-01_DL_380,839,945,106,839,953,114,3,0.2264,0.3100000023841858,5.6,828,962,134,-11.0,17.0,G123,824,960,136
TURN_0361,SIM_AC_0361,PAIRED_TURN,DL,NARROWBODY,40,45,flight_key_v1_d9a6676cad2fdc6a6706497a315204fa,flight_key_v1_a816b74303df3729dd6e7d06f1d77689,2403.0,1548.0,AUS,EYW,2024-01-01_DL_2403,839,910,71,839,918,79,3,0.2264,0.7300000190734863,5.53,829,905,76,-10.0,-5.0,G09,824,925,101
TURN_0362,SIM_AC_0362,PAIRED_TURN,DL,WIDEBODY,75,60,flight_key_v1_9ceae5398ef0e8f8d26f8709446178fc,flight_key_v1_02aff20fb29e5d84ff45d297e483e0c7,770.0,374.0,SNA,DFW,2024-01-01_DL_770,840,955,115,839,966,127,4,0.238,-0.7300000190734863,7.37,824,957,133,-16.0,2.0,G46,825,970,145
TURN_0363,SIM_AC_0363,PAIRED_TURN,DL,NARROWBODY,40,45,flight_key_v1_dc2bb1bece3182d1e3f2d794923c9c46,flight_key_v1_5899a848ccc9987c6d93e8cf4e8976f7,2892.0,2220.0,EYW,VPS,2024-01-01_DL_2892,840,915,75,840,924,84,4,0.2463,0.9399999976158142,5.56,826,906,80,-14.0,-9.0,G04,825,930,105
TURN_0364,SIM_AC_0364,PAIRED_TURN,DL,NARROWBODY,40,45,flight_key_v1_489f11f372a4fc5408505b84f92ab0e3,flight_key_v1_2fc3f8339ccccd90706fc35e3e1906dd,1063.0,1110.0,MDW,RSW,2024-01-01_DL_1063,842,915,73,843,924,81,3,0.2277,1.559999942779541,6.11,811,910,99,-31.0,-5.0,G26,827,930,103
TURN_0365,SIM_AC_0365,PAIRED_TURN,9E,NARROWBODY,40,45,flight_key_v1_6ecb645501c093aeeb27e224aff69109,flight_key_v1_0b0dadfe4ccf45e43e80d6d12b664250,5157.0,5182.0,ROA,MOB,2024-01-01_9E_5157,842,885,43,842,893,51,3,0.2217,0.8700000047683716,5.62,829,881,52,-13.0,-4.0,G124,827,900,73
TURN_0366,SIM_AC_0366,PAIRED_TURN,9E,NARROWBODY,40,45,flight_key_v1_8ef219cf49800f95afda10e0e07af47d,flight_key_v1_320231f51a734a2e0dfe81b36be556b8,5274.0,4983.0,HSV,AEX,2024-01-01_9E_5274,843,893,50,843,901,58,3,0.2217,0.03999999910593033,5.62,838,886,48,-5.0,-7.0,G06,828,908,80
TURN_0367,SIM_AC_0367,PAIRED_TURN,9E,NARROWBODY,40,45,flight_key_v1_9d9e6430caac220ef5ec57f8df52840b,flight_key_v1_e09f61aa377dd7a9ec54dbcddb5bc5ac,5047.0,5389.0,CRW,BMI,2024-01-01_9E_5047,843,899,56,844,909,65,5,0.3395,1.1100000143051147,5.78,816,914,98,-27.0,15.0,G87,828,914,86
TURN_0052,SIM_AC_0052,PAIRED_TURN,WN,NARROWBODY,40,45,flight_key_v1_45e79873d04029db8b82add83c9dc12a,flight_key_v1_1f33d70941244c4c0a2825683756153d,3549.0,3549.0,RDU,SAT,2024-01-01_WN_3549,845,890,45,846,902,56,4,0.2937,1.8799999952316284,8.24,860,932,72,15.0,42.0,G136,830,905,75
TURN_0368,SIM_AC_0368,PAIRED_TURN,DL,NARROWBODY,40,45,flight_key_v1_98b93db0de173e75e227f88364aa39de,flight_key_v1_a60c6cdcfa66f1b62a88878b663f9b2a,2400.0,2364.0,MSY,OMA,2024-01-01_DL_2400,845,915,70,845,924,79,3,0.2264,0.699999988079071,6.39,833,907,74,-12.0,-8.0,G162,830,930,100
TURN_0369,SIM_AC_0369,PAIRED_TURN,DL,NARROWBODY,40,45,flight_key_v1_03cb38b51639dca3397a05aab22c44da,flight_key_v1_50768ed12af5e74944c6743a1ffa377b,82.0,2044.0,MEM,FLL,2024-01-01_DL_82,846,916,70,846,925,79,3,0.2281,0.699999988079071,6.78,829,930,101,-17.0,14.0,G03,831,931,100
TURN_0370,SIM_AC_0370,PAIRED_TURN,DL,NARROWBODY,40,45,flight_key_v1_4216ec95cdb0337df76e47815b903751,flight_key_v1_74e0eb91c57bd24d3d8f654ad13c57c3,1587.0,843.0,TPA,SAN,2024-01-01_DL_1587,846,920,74,846,928,82,3,0.226,0.8700000047683716,5.93,822,916,94,-24.0,-4.0,G142,831,935,104
TURN_0371,SIM_AC_0371,PAIRED_TURN,DL,NARROWBODY,40,45,flight_key_v1_61a9e6cd45136c2692b2e744a504e3a9,flight_key_v1_f228831b214f6e6eee42d46a95509e7e,879.0,1254.0,ONT,HOU,2024-01-01_DL_879,847,923,76,846,933,87,4,0.2361,-0.36000001430511475,6.47,824,910,86,-23.0,-13.0,G101,832,938,106
TURN_0372,SIM_AC_0372,PAIRED_TURN,DL,NARROWBODY,40,45,flight_key_v1_8b5f570f6cf1a5ce21a931289e489e59,flight_key_v1_cbe1797190bb3f35c5205a93ca20fb2a,373.0,2191.0,DFW,MDW,2024-01-01_DL_373,847,925,78,848,934,86,4,0.2525,1.8300000429153442,5.77,830,922,92,-17.0,-3.0,G72,832,940,108
TURN_0373,SIM_AC_0373,PAIRED_TURN,DL,NARROWBODY,40,45,flight_key_v1_bd3e5b43ab17b07b7ae8564b0cde2991,flight_key_v1_0f17e39a0e7eeac65923b543a074d930,1366.0,1524.0,CLE,TLH,2024-01-01_DL_1366,847,926,79,849,935,86,4,0.2684,2.809999942779541,5.45,838,920,82,-9.0,-6.0,G121,832,941,109
TURN_0374,SIM_AC_0374,PAIRED_TURN,DL,NARROWBODY,40,45,flight_key_v1_f40d38d665f3c4dac2dfdc028948d95f,flight_key_v1_1ff7a30fccc7cd1221c656f8636cff19,2069.0,821.0,BDL,BOS,2024-01-01_DL_2069,847,930,83,846,940,94,4,0.2357,-0.30000001192092896,6.8,833,927,94,-14.0,-3.0,G106,832,945,113
TURN_0375,SIM_AC_0375,PAIRED_TURN,DL,NARROWBODY,40,45,flight_key_v1_191a619239cf26fdd2e4360d39c6f4eb,flight_key_v1_18457560b52d5459d4603b4c060e7759,1510.0,2089.0,MIA,CAE,2024-01-01_DL_1510,848,930,82,849,939,90,4,0.2625,1.7300000190734863,5.45,862,925,63,14.0,-5.0,G20,833,945,112
TURN_0023,SIM_AC_0023,PAIRED_TURN,WN,NARROWBODY,40,45,flight_key_v1_d9316f3e79779b3c5ff7dc996f7319a1,flight_key_v1_d53be369bbcec3c4e455c7cdaeb64901,1935.0,1935.0,MCO,LGA,2024-01-01_WN_1935,850,895,45,852,909,57,6,0.381,2.549999952316284,8.37,843,894,51,-7.0,-1.0,G148,835,910,75
TURN_0376,SIM_AC_0376,PAIRED_TURN,WN,NARROWBODY,40,45,flight_key_v1_9c968546c8ea6603b470b8d7989eeb41,flight_key_v1_b06a4cbf22f292f09196f766077ceef3,732.0,1664.0,DCA,RIC,2024-01-01_WN_732,850,895,45,851,906,55,4,0.2577,1.3300000429153442,7.98,841,891,50,-9.0,-4.0,G122,835,910,75
TURN_0377,SIM_AC_0377,PAIRED_TURN,NK,NARROWBODY,40,45,flight_key_v1_697741e2c17596900adb7e8702e31d0f,flight_key_v1_b97764d7c936b004aa73fae0236499c3,1837.0,600.0,PHL,PHL,2024-01-01_NK_1837,850,970,120,851,989,138,5,0.3117,1.7400000095367432,14.26,818,1008,190,-32.0,38.0,G118,835,985,150
TURN_0828,SIM_AC_0828,UNMATCHED_DEP,9E,WIDEBODY,75,60,,flight_key_v1_8325858a1c48a97bd222993567cf7d2a,,4958.0,ATL,MLI,2024-01-01_9E_4958,850,910,60,856,919,63,3,0.2312,0.0,6.59,845,905,60,0.0,-5.0,G90,836,926,90
TURN_0378,SIM_AC_0378,PAIRED_TURN,DL,NARROWBODY,40,45,flight_key_v1_4fb49944a2d3b8200d0e3f44f4408418,flight_key_v1_846290803825c2985478d668a373534b,525.0,2862.0,LAS,OKC,2024-01-01_DL_525,851,930,79,850,939,89,3,0.2264,-0.36000001430511475,6.39,838,926,88,-13.0,-4.0,G141,836,945,109
TURN_0379,SIM_AC_0379,PAIRED_TURN,9E,NARROWBODY,40,45,flight_key_v1_6041158502f079089be99ce09dc45c79,flight_key_v1_21aa9d14d0179a3e559f61abdd8d2ef8,4963.0,5420.0,DAY,CLT,2024-01-01_9E_4963,851,910,59,851,918,67,3,0.2258,0.3100000023841858,5.56,822,905,83,-29.0,-5.0,G54,836,925,89
TURN_0670,SIM_AC_0670,UNMATCHED_ARR,OO,WIDEBODY,75,60,flight_key_v1_7006eaa40b34eb5e8d8119b4dfbf2694,,4176.0,,FWA,ATL,2024-01-01_OO_4176,851,911,60,853,919,66,6,0.3763,2.880000114440918,0.0,824,884,60,-27.0,0.0,G159,837,942,105
TURN_0380,SIM_AC_0380,PAIRED_TURN,DL,NARROWBODY,40,45,flight_key_v1_e7e1fe55efb6e246eaae5e556c244d21,flight_key_v1_873118b15c26e8d90631edb2e1b8dad7,2107.0,1033.0,MKE,HSV,2024-01-01_DL_2107,854,930,76,853,938,85,3,0.2264,-0.30000001192092896,5.56,831,919,88,-23.0,-11.0,G108,839,945,106
TURN_0381,SIM_AC_0381,PAIRED_TURN,F9,NARROWBODY,40,45,flight_key_v1_523018b123deb31fd56e085c2c2e5f96,flight_key_v1_28ea49f03cf3e000b6fcc4fa1a011ff3,1079.0,3976.0,BWI,MCO,2024-01-01_F9_1079,856,940,84,859,955,96,6,0.4218,3.4600000381469727,9.34,827,1171,344,-29.0,231.0,G34,842,956,114
TURN_0382,SIM_AC_0382,PAIRED_TURN,DL,NARROWBODY,40,45,flight_key_v1_e85f1dc733aa840ef016d7de6a1445d5,flight_key_v1_4382af0ac805a4d5df586dc3bd26ac2a,780.0,988.0,LAX,TPA,2024-01-01_DL_780,857,937,80,856,946,90,3,0.2286,-0.36000001430511475,6.46,844,960,116,-13.0,23.0,G132,842,952,110
TURN_0383,SIM_AC_0383,PAIRED_TURN,9E,WIDEBODY,75,60,flight_key_v1_94beefdbca3b162182057222e7274d6b,flight_key_v1_3fb447d1a07f0f8c0f7a470f99afdbe9,4949.0,4947.0,TUL,EYW,2024-01-01_9E_4949,859,1060,201,859,1069,210,4,0.2352,0.699999988079071,5.95,839,1048,209,-20.0,-12.0,G51,844,1075,231
TURN_0384,SIM_AC_0384,PAIRED_TURN,DL,NARROWBODY,40,45,flight_key_v1_a6ad59fd4f1dffca848db4da08eca49b,flight_key_v1_c961898dd172ff173b23ebf95bac0967,2777.0,840.0,LIT,DEN,2024-01-01_DL_2777,861,938,77,861,947,86,3,0.2292,0.5699999928474426,6.12,851,933,82,-10.0,-5.0,G11,846,953,107
TURN_0385,SIM_AC_0385,PAIRED_TURN,DL,NARROWBODY,40,45,flight_key_v1_3b5184ad9e5db9657df031ec147936d2,flight_key_v1_57887a07c52d89984dc8d77ea3d910ca,2719.0,1742.0,PNS,MCO,2024-01-01_DL_2719,866,943,77,866,952,86,3,0.2309,0.8700000047683716,6.98,844,939,95,-22.0,-4.0,G125,851,958,107
TURN_0386,SIM_AC_0386,PAIRED_TURN,DL,NARROWBODY,40,45,flight_key_v1_778e959dc4deceacf2f7e4af8f323f12,flight_key_v1_0776c156c210ba446f912ead9ea759d7,1676.0,1573.0,SAT,MSP,2024-01-01_DL_1676,868,943,75,868,953,85,3,0.2262,0.699999988079071,7.4,841,940,99,-27.0,-3.0,G170,853,958,105
TURN_0387,SIM_AC_0387,PAIRED_TURN,DL,NARROWBODY,40,45,flight_key_v1_d6e923cc1f0aecd8b4798e0c408b54e3,flight_key_v1_d99e8579958f5d7852dae08001520639,793.0,2418.0,SLC,MEM,2024-01-01_DL_793,868,945,77,867,954,87,4,0.2423,-0.36000001430511475,5.45,861,947,86,-7.0,2.0,G38,853,960,107
TURN_0388,SIM_AC_0388,PAIRED_TURN,DL,NARROWBODY,40,45,flight_key_v1_69ac03ad57f4f8b908c68cc94feea32e,flight_key_v1_5ee4b5c3bdb3edd98d41344eb0f90eed,2490.0,2271.0,OKC,BNA,2024-01-01_DL_2490,868,945,77,868,953,85,3,0.2264,0.699999988079071,5.56,850,940,90,-18.0,-5.0,G120,853,960,107
TURN_0389,SIM_AC_0389,PAIRED_TURN,DL,NARROWBODY,40,45,flight_key_v1_46bfd40fb31c5986b6785778e97351a3,flight_key_v1_570bda9f3a8733bc7a49f3e7f4a39326,2270.0,2010.0,PHL,ECP,2024-01-01_DL_2270,869,945,76,869,954,85,3,0.2264,0.03999999910593033,6.24,843,941,98,-26.0,-4.0,G49,854,960,106
TURN_0390,SIM_AC_0390,PAIRED_TURN,DL,NARROWBODY,40,45,flight_key_v1_38cb3e6f1cb3def287ad44298d07677b,flight_key_v1_f9cd438652d0ab237775a90a47b804d1,1620.0,918.0,FLL,DCA,2024-01-01_DL_1620,870,950,80,871,959,88,4,0.2534,1.7300000190734863,5.52,857,949,92,-13.0,-1.0,G169,855,965,110
TURN_0391,SIM_AC_0391,PAIRED_TURN,DL,NARROWBODY,40,45,flight_key_v1_2f57a419fa91d8ba1c3064f751a5a801,flight_key_v1_766abf8b84d47322f9494b8657f3c6ca,703.0,2639.0,SMF,EWR,2024-01-01_DL_703,871,955,84,870,963,93,3,0.2264,-0.36000001430511475,5.6,870,948,78,-1.0,-7.0,G91,856,970,114
TURN_0392,SIM_AC_0392,PAIRED_TURN,DL,NARROWBODY,40,45,flight_key_v1_d21f9a717ddaa441ef737f987e8e674f,flight_key_v1_17d173a8fce20d26a64e8bbc7a8048b8,1428.0,1567.0,EWR,PHL,2024-01-01_DL_1428,873,957,84,874,966,92,4,0.2732,1.7300000190734863,5.57,859,952,93,-14.0,-5.0,G42,858,972,114
TURN_0393,SIM_AC_0393,PAIRED_TURN,DL,NARROWBODY,40,45,flight_key_v1_94b32f316503321fe3ab921b67f342eb,flight_key_v1_a6f4b7ce6090fe5003801c6f54d83aa2,1596.0,2340.0,MSP,MSY,2024-01-01_DL_1596,874,958,84,873,966,93,3,0.2252,-0.4099999964237213,5.43,851,952,101,-23.0,-6.0,G48,859,973,114
TURN_0394,SIM_AC_0394,PAIRED_TURN,DL,NARROWBODY,40,45,flight_key_v1_d977609d1ad1316b50010fef9e7d2485,flight_key_v1_3b7116bea727bf2acb2c527c52a55a2e,2072.0,2859.0,VPS,IND,2024-01-01_DL_2072,874,960,86,874,968,94,3,0.2316,0.8199999928474426,5.58,861,957,96,-13.0,-3.0,G131,859,975,116
TURN_0395,SIM_AC_0395,PAIRED_TURN,DL,NARROWBODY,40,45,flight_key_v1_3b87cfcec1da18c92cf6853a1aa1860e,flight_key_v1_5838231de3112c74552730554b99fa4b,2381.0,659.0,PBI,LAS,2024-01-01_DL_2381,875,960,85,876,971,95,4,0.2356,1.2000000476837158,7.37,893,957,64,18.0,-3.0,G85,860,975,115
TURN_0396,SIM_AC_0396,PAIRED_TURN,DL,NARROWBODY,40,45,flight_key_v1_317a2be01e6bdd0fe7a105b6307c71f6,flight_key_v1_131e5e82cf7b318565122c5063a0c90a,2786.0,2049.0,ORF,DAL,2024-01-01_DL_2786,875,981,106,876,989,113,3,0.2316,1.2000000476837158,5.84,861,979,118,-14.0,-2.0,G84,860,996,136
TURN_0397,SIM_AC_0397,PAIRED_TURN,DL,NARROWBODY,40,45,flight_key_v1_bfecba4938205a663827f866e8a87e7d,flight_key_v1_14c234d008ae9ff0c18b371e35bf3da5,2632.0,1671.0,OMA,BHM,2024-01-01_DL_2632,875,990,115,874,998,124,3,0.2316,-0.029999999329447746,5.61,848,987,139,-27.0,-3.0,G102,860,1005,145
TURN_0398,SIM_AC_0398,PAIRED_TURN,DL,NARROWBODY,40,45,flight_key_v1_9feb84a86082ca0d558c099e206d8372,flight_key_v1_27f5e80418315e12844e60ab5b919a7b,2177.0,1328.0,RIC,MIA,2024-01-01_DL_2177,875,996,121,875,1007,132,4,0.2372,0.8700000047683716,7.91,854,993,139,-21.0,-3.0,G44,860,1011,151
TURN_0671,SIM_AC_0671,UNMATCHED_ARR,OO,NARROWBODY,40,45,flight_key_v1_e3b499c5a7fa5f8d0ddcf1407e0b66b9,,3716.0,,BQK,ATL,2024-01-01_OO_3716,875,920,45,878,928,50,5,0.3372,3.7699999809265137,0.0,847,892,45,-28.0,0.0,G100,861,931,70
TURN_0829,SIM_AC_0829,UNMATCHED_DEP,9E,NARROWBODY,40,45,,flight_key_v1_3dcb206b2b49c4f3aaa3a56ae0edf5ae,,5137.0,ATL,LEX,2024-01-01_9E_5137,875,920,45,880,928,48,3,0.2312,0.0,5.75,869,914,45,0.0,-6.0,G138,861,936,75
TURN_0830,SIM_AC_0830,UNMATCHED_DEP,9E,NARROWBODY,40,45,,flight_key_v1_924889d9df6d2acbf8c8184099b3ef1f,,5080.0,ATL,JAN,2024-01-01_9E_5080,876,921,45,881,929,48,3,0.2312,0.0,5.86,872,917,45,0.0,-4.0,G160,862,937,75
TURN_0399,SIM_AC_0399,PAIRED_TURN,UA,NARROWBODY,40,45,flight_key_v1_8439382db1dfe34dfdc8ea35c01c19dd,flight_key_v1_8ebb4fc0bc9569116abdfd46b35b3c77,1940.0,225.0,IAD,DEN,2024-01-01_UA_1940,878,985,107,878,996,118,4,0.2625,0.5600000023841858,7.84,848,984,136,-30.0,-1.0,G63,863,1000,137
TURN_0400,SIM_AC_0400,PAIRED_TURN,DL,NARROWBODY,40,45,flight_key_v1_7e05bc5383beeb75e4f689ee3a3d8647,flight_key_v1_c9cc42e1ca3c28bc52562a0079d20959,486.0,743.0,SJC,SMF,2024-01-01_DL_486,881,1000,119,880,1009,129,3,0.2311,-0.47999998927116394,6.11,846,998,152,-35.0,-2.0,G103,866,1015,149
TURN_0672,SIM_AC_0672,UNMATCHED_ARR,WN,WIDEBODY,75,60,flight_key_v1_e89d5b63a363425f941769bb2a1fe4de,,4618.0,,RIC,ATL,2024-01-01_WN_4618,885,945,60,887,951,64,4,0.2649,2.680000066757202,0.0,873,933,60,-12.0,0.0,G161,870,975,105
TURN_0831,SIM_AC_0831,UNMATCHED_DEP,WN,NARROWBODY,40,45,,flight_key_v1_d6d098fae95861b3de87c6d41bd24069,,4618.0,ATL,DAL,2024-01-01_WN_4618,885,930,45,893,942,49,4,0.2701,0.0,8.91,886,931,45,0.0,1.0,G22,872,947,75
TURN_0832,SIM_AC_0832,UNMATCHED_DEP,WN,NARROWBODY,40,45,,flight_key_v1_c600b2b0aaf4b09f8968ce51aca1bcab,,1982.0,ATL,DCA,2024-01-01_WN_1982,885,930,45,893,942,49,4,0.2711,0.0,8.97,889,934,45,0.0,4.0,G68,872,947,75
TURN_0401,SIM_AC_0401,PAIRED_TURN,DL,NARROWBODY,40,45,flight_key_v1_09247c4ff3c5030182060addd4cfe683,flight_key_v1_feaa454097923d15d5cc065cbeed7668,1153.0,301.0,RSW,LAX,2024-01-01_DL_1153,886,1000,114,886,1011,125,4,0.2396,0.8700000047683716,7.93,920,995,75,34.0,-5.0,G166,871,1015,144
TURN_0402,SIM_AC_0402,PAIRED_TURN,DL,NARROWBODY,40,45,flight_key_v1_628b8a29dd540602b32cfc657928c1e3,flight_key_v1_f62a4a396ae3a4be8325d684bcbaea47,1728.0,942.0,PIT,SJC,2024-01-01_DL_1728,886,1015,129,893,1027,134,6,0.3669,7.159999847412109,6.25,869,1012,143,-17.0,-3.0,G135,873,1032,159
TURN_0403,SIM_AC_0403,PAIRED_TURN,DL,NARROWBODY,40,45,flight_key_v1_1c0ecfb4a706f47f48ec5126e3822318,flight_key_v1_96051e3acb4be3c33c5592e3ed5591d0,2754.0,2902.0,JAX,IAD,2024-01-01_DL_2754,887,1030,143,887,1038,151,3,0.2237,0.6499999761581421,5.78,887,1042,155,0.0,12.0,G74,872,1045,173
TURN_0404,SIM_AC_0404,PAIRED_TURN,DL,NARROWBODY,40,45,flight_key_v1_7620b2e3d8b7bdc3d757ebe767891c40,flight_key_v1_b8a278cd2da6c3934639e7dcc5eb20d7,1028.0,953.0,MIA,DFW,2024-01-01_DL_1028,890,1040,150,891,1051,160,4,0.2734,1.7300000190734863,7.58,891,1041,150,1.0,1.0,G110,875,1055,180
TURN_0405,SIM_AC_0405,PAIRED_TURN,9E,NARROWBODY,40,45,flight_key_v1_9567e87b87834e3069240598fb09a565,flight_key_v1_4b845496e4dfb034582280515d59a384,5381.0,5076.0,ABE,LIT,2024-01-01_9E_5381,890,941,51,890,949,59,3,0.2312,0.6000000238418579,5.91,877,939,62,-13.0,-2.0,G157,875,956,81
TURN_0673,SIM_AC_0673,UNMATCHED_ARR,WN,WIDEBODY,75,60,flight_key_v1_e45538f5239b6667b77e0f25ab1dcd67,,2144.0,,IND,ATL,2024-01-01_WN_2144,890,950,60,892,957,65,5,0.3283,2.680000066757202,0.0,866,926,60,-24.0,0.0,G134,875,980,105
TURN_0406,SIM_AC_0406,PAIRED_TURN,9E,NARROWBODY,40,45,flight_key_v1_810b7560895640758864881acc6feb00,flight_key_v1_3517afaf23465a3200ba4c669220dd2f,5074.0,5491.0,OAJ,MSP,2024-01-01_9E_5074,894,1019,125,894,1030,136,4,0.2343,0.09000000357627869,7.71,880,1017,137,-14.0,-2.0,G86,879,1034,155
TURN_0407,SIM_AC_0407,PAIRED_TURN,DL,NARROWBODY,40,45,flight_key_v1_f5c2f8c93f4382c2fde071a718fb5478,flight_key_v1_e7a41c58d0553c7e18e38f73fc157ccb,808.0,543.0,MCO,SNA,2024-01-01_DL_808,895,1040,145,896,1049,153,3,0.2316,1.7000000476837158,6.31,886,1068,182,-9.0,28.0,G29,880,1055,175
TURN_0833,SIM_AC_0833,UNMATCHED_DEP,NK,WIDEBODY,75,60,,flight_key_v1_2f52ca95c803b95892fe572ede5534f2,,1441.0,ATL,MSY,2024-01-01_NK_1441,895,955,60,908,972,64,4,0.2941,0.0,13.04,896,956,60,0.0,1.0,G95,883,973,90
TURN_0408,SIM_AC_0408,PAIRED_TURN,NK,NARROWBODY,40,45,flight_key_v1_3a277a11ae5660715bf131c4e2114f92,flight_key_v1_e9f62a308649df3594be65bf969effa8,969.0,77.0,DTW,DFW,2024-01-01_NK_969,900,1065,165,902,1087,185,6,0.3918,2.630000114440918,16.65,940,1059,119,40.0,-6.0,G164,886,1081,195
TURN_0409,SIM_AC_0409,PAIRED_TURN,DL,NARROWBODY,40,45,flight_key_v1_e8d63e9be01f0d9f0d9578ab63119c18,flight_key_v1_d3e5e30ad81e07f0b3ee9e4a09da4931,381.0,1497.0,JFK,MCO,2024-01-01_DL_381,901,1045,144,901,1056,155,4,0.2342,0.7400000095367432,7.44,874,1038,164,-27.0,-7.0,G52,886,1060,174
TURN_0674,SIM_AC_0674,UNMATCHED_ARR,OO,NARROWBODY,40,45,flight_key_v1_ba59f49a2af7d1520213d5cda5392f19,,3809.0,,SBN,ATL,2024-01-01_OO_3809,904,949,45,906,957,51,6,0.4042,2.930000066757202,0.0,893,938,45,-11.0,0.0,G96,890,960,70
TURN_0410,SIM_AC_0410,PAIRED_TURN,DL,NARROWBODY,40,45,flight_key_v1_e4e24e3b70f0cf292bf34cc9b2a178cc,flight_key_v1_05c412f89bbebdb6fe59ac3693a8ac90,515.0,1417.0,LAX,JFK,2024-01-01_DL_515,905,1055,150,904,1065,161,4,0.2827,-0.36000001430511475,6.17,911,1050,139,6.0,-5.0,G79,890,1070,180
TURN_0675,SIM_AC_0675,UNMATCHED_ARR,NK,WIDEBODY,75,60,flight_key_v1_8ba7a7c59ab0730b3fd8c9e89eb43321,,806.0,,LAS,ATL,2024-01-01_NK_806,908,968,60,910,976,66,6,0.3815,2.0999999046325684,0.0,953,1013,60,45.0,0.0,G112,893,998,105
TURN_0411,SIM_AC_0411,PAIRED_TURN,DL,NARROWBODY,40,45,flight_key_v1_296bb9298903280611ec37989421ad78,flight_key_v1_95ee10b29af4eb0d3e252b07593eb073,363.0,1097.0,BOS,RDU,2024-01-01_DL_363,910,1060,150,910,1070,160,4,0.26,0.7400000095367432,6.38,862,1059,197,-48.0,-1.0,G01,895,1075,180
TURN_0412,SIM_AC_0412,PAIRED_TURN,UA,NARROWBODY,40,45,flight_key_v1_9bb50c8f857e2c56f691299ee845ad28,flight_key_v1_043ea1baa6912e2668f5db84af15997c,2415.0,208.0,DEN,EWR,2024-01-01_UA_2415,914,1042,128,915,1054,139,5,0.3634,1.590000033378601,7.74,931,1036,105,17.0,-6.0,G98,899,1057,158
TURN_0413,SIM_AC_0413,PAIRED_TURN,F9,NARROWBODY,40,45,flight_key_v1_78d08211a87743b8bbb03319b2cbc17c,flight_key_v1_4c34976c328d8c6800fdfcfe3c7c6ff1,2173.0,3782.0,FLL,TPA,2024-01-01_F9_2173,914,973,59,917,991,74,9,0.5798,3.930000066757202,9.72,907,978,71,-7.0,5.0,G115,901,990,89
TURN_0018,SIM_AC_0018,PAIRED_TURN,WN,NARROWBODY,75,45,flight_key_v1_b065dc1acd7e2ff0be83924a7f44f354,flight_key_v1_47076c37027fd2e1d8057ccf29630187,1706.0,1706.0,PIT,MIA,2024-01-01_WN_1706,915,965,50,924,1007,83,8,0.5427,9.850000381469727,11.06,896,969,73,-19.0,4.0,G117,905,985,80
TURN_0414,SIM_AC_0414,PAIRED_TURN,WN,NARROWBODY,40,45,flight_key_v1_7c8f9e52100916cc60ffa23378c29f9e,flight_key_v1_5b8de8c8e48ddf2bab8f418073eca284,2691.0,2019.0,HOU,AUS,2024-01-01_WN_2691,915,965,50,920,983,63,8,0.5238,5.099999904632568,10.42,904,967,63,-11.0,2.0,G113,902,982,80
TURN_0415,SIM_AC_0415,PAIRED_TURN,DL,NARROWBODY,40,45,flight_key_v1_5b67dc62f461b9610995e2df39d1f5da,flight_key_v1_c5456ffa4f936b382046d9c3ab6af9c5,1717.0,2106.0,EYW,CHS,2024-01-01_DL_1717,916,1061,145,917,1070,153,4,0.2977,1.0499999523162842,5.39,894,1058,164,-22.0,-3.0,G152,901,1076,175
TURN_0416,SIM_AC_0416,PAIRED_TURN,DL,NARROWBODY,40,45,flight_key_v1_074c84e38601396f789b0a5c4c197b34,flight_key_v1_30da3179d6a0e796b4e285cfb2daa4ce,2547.0,1388.0,GRR,AVL,2024-01-01_DL_2547,916,1064,148,916,1073,157,3,0.2316,0.09000000357627869,6.48,916,1059,143,0.0,-5.0,G53,901,1079,178
TURN_0012,SIM_AC_0012,PAIRED_TURN,WN,NARROWBODY,40,45,flight_key_v1_8ff076f8c72db57f328d4d79109161b2,flight_key_v1_907273392bcb9649a00b5afaf79162f2,1356.0,1356.0,JAX,GSP,2024-01-01_WN_1356,920,965,45,922,979,57,5,0.3634,2.990000009536743,9.74,910,962,52,-10.0,-3.0,G163,906,981,75
TURN_0417,SIM_AC_0417,PAIRED_TURN,B6,NARROWBODY,40,45,flight_key_v1_f97d07f22420fd3decbf0f1e4c9ab042,flight_key_v1_fd32f95bd1f17d3431140c48ebe222fd,1768.0,1767.0,FLL,FLL,2024-01-01_B6_1768,920,965,45,923,988,65,9,0.5851,3.930000066757202,14.18,948,991,43,28.0,26.0,G104,907,982,75
TURN_0418,SIM_AC_0418,PAIRED_TURN,DL,WIDEBODY,75,60,flight_key_v1_c0a1322b2fa905c7a2c223f98e82aa62,flight_key_v1_784d7afee818a69b04577f07e954c71a,2188.0,832.0,DTW,DCA,2024-01-01_DL_2188,920,1035,115,920,1044,124,4,0.262,0.09000000357627869,5.57,889,1046,157,-31.0,11.0,G114,905,1050,145
TURN_0676,SIM_AC_0676,UNMATCHED_ARR,WN,WIDEBODY,75,60,flight_key_v1_5048a8ff973a9d6954e7a2cb70836bef,,623.0,,BNA,ATL,2024-01-01_WN_623,920,980,60,922,987,65,5,0.3428,2.680000066757202,0.0,909,969,60,-11.0,0.0,G50,905,1010,105
TURN_0419,SIM_AC_0419,PAIRED_TURN,WN,NARROWBODY,40,45,flight_key_v1_33dec9d329a49ed2263c21379edde214,flight_key_v1_b785693f0a1133b36c195ee454da430a,3017.0,623.0,TPA,IAD,2024-01-01_WN_3017,925,965,40,927,979,52,5,0.3523,2.9700000286102295,9.67,913,964,51,-12.0,-1.0,G69,911,981,70
TURN_0420,SIM_AC_0420,PAIRED_TURN,DL,NARROWBODY,40,45,flight_key_v1_92e4e910e114beac753acd44829fdc04,flight_key_v1_0894a1b8a7e887a9b74d69ad6257fc1b,320.0,1594.0,HPN,TPA,2024-01-01_DL_320,925,1065,140,926,1075,149,4,0.2823,1.9700000286102295,6.96,978,1061,83,53.0,-4.0,G127,910,1080,170
TURN_0421,SIM_AC_0421,PAIRED_TURN,DL,NARROWBODY,40,45,flight_key_v1_0fef70c48fba5900addf786bf1d696a0,flight_key_v1_2a140dedb78c7a200602b6ac93f713c0,1333.0,1478.0,SRQ,DTW,2024-01-01_DL_1333,925,1065,140,926,1075,149,3,0.2316,1.0499999523162842,7.02,906,1058,152,-19.0,-7.0,G67,910,1080,170
TURN_0422,SIM_AC_0422,PAIRED_TURN,DL,NARROWBODY,40,45,flight_key_v1_b013da829fe768574022d7d1c24d182b,flight_key_v1_7ff09c3035a5f601bda81a7f5124efc8,761.0,1670.0,SEA,FLL,2024-01-01_DL_761,925,1065,140,924,1076,152,4,0.2351,-0.36000001430511475,7.06,917,1063,146,-8.0,-2.0,G39,910,1080,170
TURN_0423,SIM_AC_0423,PAIRED_TURN,DL,NARROWBODY,40,45,flight_key_v1_55061a4466d19c3166752b5fc3eddb54,flight_key_v1_dc1d8f51311d469166aa7dd2ff3ab7dc,1099.0,1124.0,TPA,RSW,2024-01-01_DL_1099,926,1065,139,927,1074,147,3,0.2329,1.100000023841858,6.31,900,1072,172,-26.0,7.0,G89,911,1080,169
TURN_0834,SIM_AC_0834,UNMATCHED_DEP,F9,NARROWBODY,40,45,,flight_key_v1_83e88329a4f4d121e1527be6c9d9b31a,,2984.0,ATL,TTN,2024-01-01_F9_2984,928,973,45,937,986,49,4,0.2907,0.0,9.5,929,974,45,0.0,1.0,G43,915,990,75
TURN_0424,SIM_AC_0424,PAIRED_TURN,DL,NARROWBODY,40,45,flight_key_v1_91e7cfc757ef885b9344190bb6b829b6,flight_key_v1_f2a69e023f849cd0d81b8d6a037a5b05,2199.0,653.0,BHM,SLC,2024-01-01_DL_2199,929,1068,139,929,1077,148,3,0.2247,0.800000011920929,6.29,917,1068,151,-12.0,0.0,G148,914,1083,169
TURN_0001,SIM_AC_0001,PAIRED_TURN,AA,NARROWBODY,75,45,flight_key_v1_79e30bab31770557dcc964f06560d508,flight_key_v1_d4d429476cf527aff6c824fe8c552f20,1236.0,1236.0,DFW,DFW,2024-01-01_AA_1236,930,984,54,933,1014,81,6,0.4136,3.5799999237060547,7.89,905,1063,158,-25.0,79.0,G65,916,1000,84
TURN_0028,SIM_AC_0028,PAIRED_TURN,WN,NARROWBODY,75,45,flight_key_v1_36354d15c635bb66953b703b4043cdc9,flight_key_v1_f56ec9b3765b995c52e280718845c665,2121.0,2121.0,SAT,STL,2024-01-01_WN_2121,930,970,40,931,1011,80,5,0.3105,1.8799999952316284,9.51,916,976,60,-14.0,6.0,G62,915,985,70
TURN_0425,SIM_AC_0425,PAIRED_TURN,DL,WIDEBODY,75,60,flight_key_v1_34b9b4068b10f4e0c738cc1d91264162,flight_key_v1_bd0003a472f240e9d8ddf18973d6b719,2951.0,2398.0,FLL,MCI,2024-01-01_DL_2951,932,1070,138,933,1080,147,4,0.2746,1.7000000476837158,6.28,983,1065,82,51.0,-5.0,G55,917,1085,168
TURN_0835,SIM_AC_0835,UNMATCHED_DEP,WN,NARROWBODY,40,45,,flight_key_v1_0653e3adb34f2dc3cbf732e903991b8e,,786.0,ATL,JAX,2024-01-01_WN_786,935,980,45,944,993,49,4,0.2944,0.0,9.92,934,979,45,0.0,-1.0,G71,922,997,75
TURN_0677,SIM_AC_0677,UNMATCHED_ARR,B6,WIDEBODY,75,60,flight_key_v1_bbaa05621927193780c84914a4789f2e,,2814.0,,LGA,ATL,2024-01-01_B6_2814,936,996,60,938,1005,67,7,0.4632,2.200000047683716,0.0,957,1017,60,21.0,0.0,G154,922,1027,105
TURN_0836,SIM_AC_0836,UNMATCHED_DEP,B6,NARROWBODY,40,45,,flight_key_v1_652fec077a53e92d55ec5c15681929b1,,2613.0,ATL,LGA,2024-01-01_B6_2613,936,981,45,949,999,50,5,0.3051,0.0,13.21,971,1016,45,0.0,35.0,G156,925,1000,75
TURN_0426,SIM_AC_0426,PAIRED_TURN,DL,NARROWBODY,40,45,flight_key_v1_7a2878b92ca31f8aaf552ec680368e3f,flight_key_v1_84a0296ba3bb748966d72c7365ceea01,2908.0,2329.0,MCI,ORF,2024-01-01_DL_2908,938,1070,132,938,1078,140,3,0.2316,0.4399999976158142,5.84,918,1073,155,-20.0,3.0,G129,923,1085,162
TURN_0427,SIM_AC_0427,PAIRED_TURN,DL,NARROWBODY,40,45,flight_key_v1_ffc21d6e78517243976afebd8e4fec58,flight_key_v1_9fbbb867df7bf5a7e1cc6b900cf113a8,871.0,2539.0,SFO,GSO,2024-01-01_DL_871,938,1070,132,937,1079,142,4,0.2524,-0.36000001430511475,5.84,938,1068,130,0.0,-2.0,G146,923,1085,162
TURN_0428,SIM_AC_0428,PAIRED_TURN,DL,NARROWBODY,40,45,flight_key_v1_c579a9c462aa50e87e18ea533b2b524e,flight_key_v1_2802ef1ca984a54ccd09247307a3ab69,2320.0,2152.0,CLT,MKE,2024-01-01_DL_2320,940,1075,135,941,1084,143,3,0.2316,1.8300000429153442,6.73,925,1066,141,-15.0,-9.0,G77,925,1090,165
TURN_0429,SIM_AC_0429,PAIRED_TURN,DL,NARROWBODY,40,45,flight_key_v1_20a592c4c5c6ee9a96673c4d881d090a,flight_key_v1_032a4370eccaf0c5e873bf884d29c568,1332.0,2871.0,MIA,CLE,2024-01-01_DL_1332,942,1075,133,943,1085,142,4,0.2986,1.7000000476837158,6.25,959,1071,112,17.0,-4.0,G122,927,1090,163
TURN_0430,SIM_AC_0430,PAIRED_TURN,DL,WIDEBODY,75,60,flight_key_v1_e859c3cf625bb770e3c0f09315a07ced,flight_key_v1_673dcf20d790de8c725518de8a909234,848.0,2738.0,LGA,ORD,2024-01-01_DL_848,943,1085,142,943,1097,154,4,0.2413,0.09000000357627869,8.52,904,1101,197,-39.0,16.0,G41,928,1100,172
TURN_0431,SIM_AC_0431,PAIRED_TURN,AA,NARROWBODY,40,45,flight_key_v1_ee8209da065d0c24d5ee76bc15456de5,flight_key_v1_712c97ac7ea6ebdc6fb158630fdf9ad4,866.0,2221.0,PHX,LAX,2024-01-01_AA_866,943,1030,87,945,1042,97,4,0.294,2.0999999046325684,8.15,924,1026,102,-19.0,-4.0,G133,928,1045,117
TURN_0432,SIM_AC_0432,PAIRED_TURN,OO,NARROWBODY,40,45,flight_key_v1_c0efd910c32896261d0036087f96e6aa,flight_key_v1_b38b5a6e793343086904cccc64a23f04,3715.0,3891.0,AGS,SBN,2024-01-01_OO_3715,945,1174,229,949,1185,236,5,0.3263,4.079999923706055,6.45,916,1172,256,-29.0,-2.0,G105,931,1190,259
TURN_0433,SIM_AC_0433,PAIRED_TURN,DL,NARROWBODY,40,45,flight_key_v1_8ce1f23371069d09a4386a43bb3e89a3,flight_key_v1_6982583464545df47f1de24ba6c77a07,842.0,2516.0,SLC,SAV,2024-01-01_DL_842,945,1075,130,945,1084,139,4,0.2571,0.3400000035762787,5.91,910,1068,158,-35.0,-7.0,G14,930,1090,160
TURN_0063,SIM_AC_0063,PAIRED_TURN,WN,NARROWBODY,40,45,flight_key_v1_6aaadeff5b01feb911006c19a444fdeb,flight_key_v1_309bbf40553f0e7ea36c13703bd81775,662.0,662.0,OKC,FLL,2024-01-01_WN_662,950,1000,50,951,1014,63,4,0.2944,1.8799999952316284,10.77,944,999,55,-6.0,-1.0,G24,935,1015,80
TURN_0006,SIM_AC_0006,PAIRED_TURN,OH,NARROWBODY,40,45,flight_key_v1_3a52855b9a61a97d40756ae4fd350b30,flight_key_v1_c5f11729afbad4bf4757e07b08c7e427,5527.0,5527.0,DCA,DCA,2024-01-01_OH_5527,955,1020,65,957,1031,74,5,0.3343,2.859999895095825,6.01,951,1011,60,-4.0,-9.0,G107,940,1035,95
TURN_0057,SIM_AC_0057,PAIRED_TURN,WN,NARROWBODY,40,45,flight_key_v1_5cff331f7b70509461864d92f23b1fec,flight_key_v1_19b9bf102e0aea28dfe96487604c6b3c,4501.0,4501.0,LIT,BWI,2024-01-01_WN_4501,955,1000,45,957,1014,57,5,0.3213,2.680000066757202,9.92,941,996,55,-14.0,-4.0,G92,940,1015,75
TURN_0434,SIM_AC_0434,PAIRED_TURN,WN,NARROWBODY,40,45,flight_key_v1_ebeb25040419d0e0c10917179c335a39,flight_key_v1_2f0330383da275a9ae43408555b61e35,1235.0,2897.0,STL,RDU,2024-01-01_WN_1235,955,1000,45,957,1015,58,6,0.3976,2.930000066757202,9.92,941,999,58,-14.0,-1.0,G13,941,1016,75
TURN_0435,SIM_AC_0435,PAIRED_TURN,WN,NARROWBODY,40,45,flight_key_v1_8aada7fcd9f9fa38696b5272318bb8e8,flight_key_v1_a8f86f5e6f3f4b89aacd01400a9745e0,1572.0,3610.0,CMH,CLE,2024-01-01_WN_1572,960,1005,45,963,1019,56,5,0.323,3.380000114440918,9.76,958,1007,49,-2.0,2.0,G168,946,1021,75
TURN_0436,SIM_AC_0436,PAIRED_TURN,DL,NARROWBODY,40,45,flight_key_v1_962cf118b2d701d0243d878a50c7e68b,flight_key_v1_94005949457dc6a46afa27e7196482ca,1030.0,1491.0,MCO,AUS,2024-01-01_DL_1030,960,1075,115,962,1086,124,4,0.2595,2.240000009536743,7.09,953,1072,119,-7.0,-3.0,G172,945,1090,145
TURN_0437,SIM_AC_0437,PAIRED_TURN,DL,NARROWBODY,40,45,flight_key_v1_daee0160d4dc6ad7c2ceb7e85d636936,flight_key_v1_1c1f64843a472532fee0dee64c6e3e34,2345.0,2331.0,MSY,JAX,2024-01-01_DL_2345,960,1078,118,961,1087,126,3,0.2333,1.100000023841858,6.04,967,1136,169,7.0,58.0,G143,945,1093,148
TURN_0438,SIM_AC_0438,PAIRED_TURN,9E,NARROWBODY,40,45,flight_key_v1_55f96fcd7aefb2488de77e18b2300d2e,flight_key_v1_b97c8e94fc8231315c30fe841b66a3d3,5061.0,5359.0,LFT,AGS,2024-01-01_9E_5061,969,1024,55,970,1033,63,4,0.258,1.4299999475479126,5.8,941,1025,84,-28.0,1.0,G16,954,1039,85
TURN_0439,SIM_AC_0439,PAIRED_TURN,DL,NARROWBODY,40,45,flight_key_v1_1fb83ca22d4c48bc00e841194e1f39d5,flight_key_v1_069ca49691d8314b49c07dfd3101cdb4,847.0,2248.0,DEN,CVG,2024-01-01_DL_847,970,1079,109,971,1090,119,5,0.3071,1.9700000286102295,6.0,951,1082,131,-19.0,3.0,G142,955,1094,139
TURN_0678,SIM_AC_0678,UNMATCHED_ARR,9E,WIDEBODY,75,60,flight_key_v1_c5d77ed93952059a3b37b0fa3c68011e,,5479.0,,MGM,ATL,2024-01-01_9E_5479,971,1031,60,973,1037,64,4,0.2588,2.240000009536743,0.0,978,1038,60,7.0,0.0,G33,956,1061,105
TURN_0440,SIM_AC_0440,PAIRED_TURN,UA,NARROWBODY,40,45,flight_key_v1_5d119e299d47c4038b3cc04a6d89351c,flight_key_v1_5b0ad68e9402ee462afdff81e6b9d411,2464.0,1046.0,EWR,ORD,2024-01-01_UA_2464,977,1134,157,980,1149,169,6,0.3768,3.380000114440918,9.5,943,1126,183,-34.0,-8.0,G109,963,1150,187
TURN_0837,SIM_AC_0837,UNMATCHED_DEP,B6,NARROWBODY,40,45,,flight_key_v1_ea7d08f8f846521cb37395f0a738e0a5,,1320.0,ATL,JFK,2024-01-01_B6_1320,978,1023,45,993,1043,50,5,0.3051,0.0,15.42,993,1038,45,0.0,15.0,G59,967,1042,75
TURN_0441,SIM_AC_0441,PAIRED_TURN,DL,NARROWBODY,40,45,flight_key_v1_95507d1ed1e8ac719c453a1a28afc0a2,flight_key_v1_1cf7285259a6713c0f3b0a002b59cec4,2247.0,2730.0,DFW,STL,2024-01-01_DL_2247,979,1079,100,981,1088,107,4,0.287,2.3499999046325684,5.72,965,1078,113,-14.0,-1.0,G170,964,1094,130
TURN_0047,SIM_AC_0047,PAIRED_TURN,WN,NARROWBODY,40,45,flight_key_v1_23f104212f92fce6fefaf7e6fb80bab5,flight_key_v1_3a06f69bd092691bd537f82a8695344e,3177.0,3177.0,MCO,OKC,2024-01-01_WN_3177,980,1030,50,984,1047,63,7,0.4752,4.679999828338623,10.15,970,1028,58,-10.0,-2.0,G128,967,1047,80
TURN_0442,SIM_AC_0442,PAIRED_TURN,DL,WIDEBODY,75,60,flight_key_v1_baf0275ccf7cc121bb7e2bc7ccd11348,flight_key_v1_853aee578bb25dbdf857de9e1d21f39a,1585.0,2192.0,GPT,BWI,2024-01-01_DL_1585,980,1119,139,980,1128,148,3,0.2316,0.7200000286102295,6.05,955,1118,163,-25.0,-1.0,G30,965,1134,169
TURN_0443,SIM_AC_0443,PAIRED_TURN,DL,NARROWBODY,40,45,flight_key_v1_61c1161197ebf08cb99017f420d2a894,flight_key_v1_6f59705d34da7ab1eae3e840cc0f46af,1190.0,2635.0,PBI,SRQ,2024-01-01_DL_1190,985,1080,95,986,1088,102,3,0.2323,1.8300000429153442,5.74,1007,1077,70,22.0,-3.0,G10,970,1095,125
TURN_0444,SIM_AC_0444,PAIRED_TURN,B6,NARROWBODY,40,45,flight_key_v1_d666d04281b7adca5d5997107a604e50,flight_key_v1_f26769133907715ae7477bad7a307159,1719.0,2513.0,JFK,LGA,2024-01-01_B6_1719,987,1209,222,991,1232,241,8,0.5001,4.010000228881836,15.83,999,1201,202,12.0,-8.0,G132,974,1226,252
TURN_0445,SIM_AC_0445,PAIRED_TURN,9E,NARROWBODY,40,45,flight_key_v1_235216c68369fe7a8fb521e181ff2857,flight_key_v1_b72d54f5bac816fe8b6fd6c28e58736a,5184.0,5121.0,SGF,LEX,2024-01-01_9E_5184,988,1105,117,989,1115,126,5,0.3207,1.0399999618530273,5.78,967,1099,132,-21.0,-6.0,G88,973,1120,147
TURN_0019,SIM_AC_0019,PAIRED_TURN,WN,NARROWBODY,40,45,flight_key_v1_8d0125aa90dde4fd4d68e4fd1ea48772,flight_key_v1_08a4d5a45407059910143d6b66e57053,1893.0,1893.0,JAN,DEN,2024-01-01_WN_1893,990,1030,40,993,1046,53,6,0.372,3.380000114440918,10.36,978,1030,52,-12.0,0.0,G157,976,1046,70
TURN_0446,SIM_AC_0446,PAIRED_TURN,WN,NARROWBODY,40,45,flight_key_v1_26c1f514f0333806d6d136998eb7a2a7,flight_key_v1_ee80dc533c10705bf6fe237c6100ed64,942.0,1970.0,CLE,DAL,2024-01-01_WN_942,990,1060,70,993,1075,82,5,0.3474,3.880000114440918,10.1,1019,1075,56,29.0,15.0,G94,976,1076,100
TURN_0447,SIM_AC_0447,PAIRED_TURN,DL,NARROWBODY,40,45,flight_key_v1_5a2fcef3583b53854079bc08d0396908,flight_key_v1_9d7214ef66aaeb768c76d2ae729f370c,2137.0,1714.0,DTW,SAT,2024-01-01_DL_2137,990,1080,90,990,1090,100,4,0.2816,0.8500000238418579,6.36,964,1077,113,-26.0,-3.0,G48,975,1095,120
TURN_0448,SIM_AC_0448,PAIRED_TURN,DL,NARROWBODY,40,45,flight_key_v1_1d0a73efdeaa9812336cf274ed4d191f,flight_key_v1_a7a07df10cc30d846776f4dec4975d85,1525.0,2465.0,TPA,BOS,2024-01-01_DL_1525,992,1080,88,993,1091,98,4,0.239,1.4900000095367432,7.24,972,1086,114,-20.0,6.0,G78,977,1095,118
TURN_0449,SIM_AC_0449,PAIRED_TURN,DL,NARROWBODY,40,45,flight_key_v1_3141e445bd8cd8f0dcca17f15a642206,flight_key_v1_9da0fa73fad380b185110a66c5469eab,1034.0,2811.0,DAL,GSP,2024-01-01_DL_1034,993,1083,90,995,1093,98,5,0.3546,2.109999895095825,5.88,978,1132,154,-15.0,49.0,G56,978,1098,120
TURN_0450,SIM_AC_0450,PAIRED_TURN,NK,NARROWBODY,40,45,flight_key_v1_b77f04d465570298070668e82024b015,flight_key_v1_3c74ba11362f805b9a57c06ce4b1cb3b,1561.0,1827.0,DTW,MIA,2024-01-01_NK_1561,994,1105,111,997,1129,132,7,0.4381,3.9600000381469727,17.21,968,1099,131,-26.0,-6.0,G99,980,1121,141
TURN_0451,SIM_AC_0451,PAIRED_TURN,DL,NARROWBODY,40,45,flight_key_v1_f3f0ea49a34f125395b028d6ef8ed364,flight_key_v1_1320172b34a6404d7465735c81d89ae8,1582.0,2008.0,FLL,MEM,2024-01-01_DL_1582,994,1083,89,996,1092,96,4,0.2931,2.240000009536743,5.6,1010,1074,64,16.0,-9.0,G96,979,1098,119
TURN_0452,SIM_AC_0452,PAIRED_TURN,9E,NARROWBODY,40,45,flight_key_v1_51d6f440e5b4ca34862e39f363e363f7,flight_key_v1_af86839ecbd456572b53709e3a0c1252,4923.0,5250.0,TYS,JAN,2024-01-01_9E_4923,995,1125,130,995,1134,139,4,0.2352,0.7200000286102295,5.78,977,1121,144,-18.0,-4.0,G167,980,1140,160
TURN_0453,SIM_AC_0453,PAIRED_TURN,F9,NARROWBODY,40,45,flight_key_v1_586f5535b095199939282dbc4c710f89,flight_key_v1_d055faf4ee9b7072a12102f81b60c13f,1669.0,4753.0,RDU,SAN,2024-01-01_F9_1669,995,1074,79,998,1091,93,8,0.522,3.490000009536743,9.97,977,1063,86,-18.0,-11.0,G173,981,1090,109
TURN_0454,SIM_AC_0454,PAIRED_TURN,OO,NARROWBODY,40,45,flight_key_v1_2d992ec6f0c866fb9c1352ca8855dbd0,flight_key_v1_4e87ff52e2457f57b9dbd0d267ff4ebb,3935.0,3691.0,SHV,ABY,2024-01-01_OO_3935,997,1200,203,1001,1211,210,6,0.3991,4.289999961853027,5.64,975,1184,209,-22.0,-16.0,G119,983,1216,233
TURN_0455,SIM_AC_0455,PAIRED_TURN,AS,NARROWBODY,40,45,flight_key_v1_533346da1abd2842535763c506cf4955,flight_key_v1_cca2e7daa1264f1ad6c69bade6a4d07a,334.0,321.0,SEA,SEA,2024-01-01_AS_334,997,1082,85,996,1089,93,5,0.3641,-0.20999999344348907,2.75,987,1092,105,-10.0,10.0,G93,982,1097,115
TURN_0456,SIM_AC_0456,PAIRED_TURN,DL,WIDEBODY,75,60,flight_key_v1_5f3a01a03148cb1be5a775ed26744d5d,flight_key_v1_3e1a877e214cc809d4cf947fd6c08ed9,883.0,1175.0,MSN,RIC,2024-01-01_DL_883,997,1126,129,997,1138,141,4,0.2512,0.23999999463558197,8.79,976,1126,150,-21.0,0.0,G144,982,1141,159
TURN_0457,SIM_AC_0457,PAIRED_TURN,DL,NARROWBODY,40,45,flight_key_v1_6a911683926870b92e9da86c32d6fd4a,flight_key_v1_88ae2c15cc16d0b3a179aa8860ea937f,1452.0,730.0,MSP,SAN,2024-01-01_DL_1452,997,1091,94,997,1100,103,3,0.2311,0.23999999463558197,6.36,979,1088,109,-18.0,-3.0,G134,982,1106,124
TURN_0458,SIM_AC_0458,PAIRED_TURN,9E,NARROWBODY,40,45,flight_key_v1_d55d88ebdaea0cd61f41c8df20a4a662,flight_key_v1_712a1b033989dde16041d15188016b2c,4987.0,5203.0,MDT,TYS,2024-01-01_9E_4987,998,1139,141,998,1148,150,4,0.2352,0.4399999976158142,5.78,967,1135,168,-31.0,-4.0,G73,983,1154,171
TURN_0459,SIM_AC_0459,PAIRED_TURN,DL,NARROWBODY,40,45,flight_key_v1_af61eaa8b34719f884e94f5c2ab6c377,flight_key_v1_0bbda143eb7573d49f86925b75a03fd4,873.0,1490.0,LAX,BNA,2024-01-01_DL_873,999,1095,96,999,1105,106,5,0.3211,0.75,5.6,1003,1091,88,4.0,-4.0,G07,984,1110,126
TURN_0460,SIM_AC_0460,PAIRED_TURN,DL,NARROWBODY,40,45,flight_key_v1_64182b2c16d8b210c3927420074c7180,flight_key_v1_60e08848cc427137a17ebfec06116fa8,1704.0,417.0,DSM,LGA,2024-01-01_DL_1704,1000,1095,95,1000,1104,104,3,0.2316,0.800000011920929,6.14,983,1092,109,-17.0,-3.0,G120,985,1110,125
TURN_0838,SIM_AC_0838,UNMATCHED_DEP,F9,WIDEBODY,75,60,,flight_key_v1_1bdc5236918b2a71fea90f9a0d853a52,,4848.0,ATL,RDU,2024-01-01_F9_4848,1000,1060,60,1009,1073,64,4,0.2907,0.0,9.62,993,1053,60,0.0,-7.0,G38,987,1077,90
TURN_0461,SIM_AC_0461,PAIRED_TURN,DL,NARROWBODY,40,45,flight_key_v1_4c7af0666f6144afd8bbfa05ee77a356,flight_key_v1_70b32cb437971e97fa4624c2c8f11348,2026.0,711.0,RDU,LAS,2024-01-01_DL_2026,1001,1095,94,1001,1106,105,4,0.2406,0.7200000286102295,7.64,1002,1088,86,1.0,-7.0,G64,986,1110,124
TURN_0462,SIM_AC_0462,PAIRED_TURN,9E,NARROWBODY,40,45,flight_key_v1_47cc6acbe62394e35ca4dd4e525f67f8,flight_key_v1_7300dca5d6635314bc7f2c7b65f4681c,5014.0,5215.0,ICT,MLU,2024-01-01_9E_5014,1002,1175,173,1002,1185,183,4,0.2352,0.800000011920929,6.05,987,1163,176,-15.0,-12.0,G60,987,1190,203
TURN_0463,SIM_AC_0463,PAIRED_TURN,DL,NARROWBODY,40,45,flight_key_v1_570df21c9d4183b364c04e46f20f5835,flight_key_v1_f18158e2879fe3efd1a5ff57c7b5c15a,2739.0,2022.0,BDL,PIT,2024-01-01_DL_2739,1008,1095,87,1008,1108,100,4,0.2512,0.4399999976158142,9.15,979,1087,108,-29.0,-8.0,G15,993,1110,117
TURN_0464,SIM_AC_0464,PAIRED_TURN,DL,NARROWBODY,40,45,flight_key_v1_2b740403935fa4562f81628a628f1a72,flight_key_v1_061ec31737a1b07b2fb957d8a1894ef6,2420.0,2759.0,AUS,SDF,2024-01-01_DL_2420,1009,1100,91,1009,1108,99,3,0.2316,0.800000011920929,5.88,992,1096,104,-17.0,-4.0,G03,994,1115,121
TURN_0465,SIM_AC_0465,PAIRED_TURN,DL,NARROWBODY,40,45,flight_key_v1_33279d88fec742cfa3912d934ffc3e46,flight_key_v1_b7d5ccb9c74245514658dbe028532e66,376.0,2687.0,BOS,CLT,2024-01-01_DL_376,1009,1100,91,1010,1110,100,4,0.2896,1.5499999523162842,6.18,969,1098,129,-40.0,-2.0,G17,994,1115,121
TURN_0466,SIM_AC_0466,PAIRED_TURN,9E,NARROWBODY,40,45,flight_key_v1_99ae92e1bae346385a331fea75c41789,flight_key_v1_80525636dd9665f2fdb210e6b4cccb82,5195.0,5271.0,XNA,ABE,2024-01-01_9E_5195,1009,1175,166,1010,1186,176,5,0.3095,1.1299999952316284,6.05,991,1168,177,-18.0,-7.0,G90,994,1190,196
TURN_0467,SIM_AC_0467,PAIRED_TURN,DL,NARROWBODY,40,45,flight_key_v1_f0db82f4bdb1ce1753df356e28d7a198,flight_key_v1_1fc515254e9b78b41ea98858b3609570,2052.0,2890.0,BNA,CMH,2024-01-01_DL_2052,1009,1105,96,1009,1113,104,3,0.2316,0.7200000286102295,5.88,993,1108,115,-16.0,3.0,G57,994,1120,126
TURN_0468,SIM_AC_0468,PAIRED_TURN,DL,NARROWBODY,40,45,flight_key_v1_50775600e105fa990d1023eb94b35dc6,flight_key_v1_608c1af7c1f0d3e73825bad04a6ad7f5,967.0,1058.0,BUF,PBI,2024-01-01_DL_967,1010,1105,95,1012,1115,103,4,0.2551,2.490000009536743,6.97,981,1101,120,-29.0,-4.0,G138,995,1120,125
TURN_0469,SIM_AC_0469,PAIRED_TURN,DL,NARROWBODY,40,45,flight_key_v1_8f4a806073fd4aa467b53de2117e99e7,flight_key_v1_7b199dc72d0f16512a9dfa36a5da8f67,725.0,2035.0,SAN,MCO,2024-01-01_DL_725,1010,1105,95,1010,1116,106,4,0.2342,0.33000001311302185,7.47,1088,1120,32,78.0,15.0,G162,995,1120,125
TURN_0470,SIM_AC_0470,PAIRED_TURN,F9,NARROWBODY,40,45,flight_key_v1_50dd8fde21e30f5fb5e8db2012f783f6,flight_key_v1_8eb526ac91c88b501e7501c39401d602,2897.0,2143.0,DTW,MDW,2024-01-01_F9_2897,1011,1101,90,1014,1119,105,8,0.5322,3.9600000381469727,10.22,995,1101,106,-16.0,0.0,G54,998,1118,120
TURN_0002,SIM_AC_0002,PAIRED_TURN,AA,NARROWBODY,75,45,flight_key_v1_c827cd52bc2041b5694c74f6d5dc58e0,flight_key_v1_1582eff0d547d4986da985a5d4efe4f0,1237.0,1237.0,MIA,MIA,2024-01-01_AA_1237,1012,1172,160,1016,1187,171,7,0.4346,4.480000019073486,8.0,1010,1167,157,-2.0,-5.0,G12,998,1188,190
TURN_0471,SIM_AC_0471,PAIRED_TURN,9E,NARROWBODY,40,45,flight_key_v1_944d3a7c9169ba795cf0a29765581ee7,flight_key_v1_216a3c926193716093460a50cbf032d5,5003.0,5004.0,CHO,AEX,2024-01-01_9E_5003,1014,1200,186,1014,1210,196,4,0.2396,0.7200000286102295,6.05,996,1191,195,-18.0,-9.0,G160,999,1215,216
TURN_0472,SIM_AC_0472,PAIRED_TURN,WN,WIDEBODY,75,60,flight_key_v1_272506cf2870191390db8ba90ad45dbb,flight_key_v1_702dedecded3bad2c029492cfd6aad6e,1970.0,2527.0,BWI,BWI,2024-01-01_WN_1970,1015,1180,165,1019,1197,178,7,0.4549,4.46999979019165,10.19,1027,1203,176,12.0,23.0,G21,1002,1197,195
TURN_0473,SIM_AC_0473,PAIRED_TURN,DL,NARROWBODY,40,45,flight_key_v1_9cd75e5fea04a32ebbd734fea915c974,flight_key_v1_83693c0d12809bbf848ceb3840c12e57,2672.0,736.0,ALB,SFO,2024-01-01_DL_2672,1015,1105,90,1016,1120,104,4,0.2625,1.1299999952316284,11.3,982,1105,123,-33.0,0.0,G165,1000,1120,120
TURN_0474,SIM_AC_0474,PAIRED_TURN,DL,NARROWBODY,40,45,flight_key_v1_1fcaf62583d4b3021cec7ad1fd29476e,flight_key_v1_3c9cd1e9937553e50cec9353775e22d6,1576.0,371.0,MCO,DEN,2024-01-01_DL_1576,1018,1106,88,1020,1116,96,4,0.2666,2.240000009536743,6.89,1039,1102,63,21.0,-4.0,G151,1003,1121,118
TURN_0475,SIM_AC_0475,PAIRED_TURN,DL,NARROWBODY,40,45,flight_key_v1_541db64809d025f000b2cd89b9cb3787,flight_key_v1_0ed83949c89a2b6fc126a9fc89e5c10c,968.0,1280.0,RSW,MSP,2024-01-01_DL_968,1021,1110,89,1021,1121,100,3,0.2307,0.8199999928474426,8.11,1005,1103,98,-16.0,-7.0,G31,1006,1125,119
TURN_0476,SIM_AC_0476,PAIRED_TURN,DL,NARROWBODY,40,45,flight_key_v1_b9d14aefd645b5f92eef13a9385bed79,flight_key_v1_e92be2511dedb641583e084df1138e96,2778.0,319.0,MEM,LAX,2024-01-01_DL_2778,1021,1110,89,1021,1122,101,4,0.2396,0.8199999928474426,8.56,1000,1176,176,-21.0,66.0,G35,1006,1125,119
TURN_0679,SIM_AC_0679,UNMATCHED_ARR,9E,WIDEBODY,75,60,flight_key_v1_93caa23a90d19f7d1a9d97de554c2d35,,5139.0,,CHA,ATL,2024-01-01_9E_5139,1021,1081,60,1021,1085,64,4,0.259,0.8199999928474426,0.0,1001,1061,60,-20.0,0.0,G61,1006,1111,105
TURN_0477,SIM_AC_0477,PAIRED_TURN,9E,NARROWBODY,40,45,flight_key_v1_5f9079602de03fd463f88f6d782ff7d0,flight_key_v1_cfcec5bb8e9eeba8825bb872fd6016a9,4910.0,5101.0,DHN,MSN,2024-01-01_9E_4910,1022,1205,183,1022,1216,194,4,0.2352,0.8199999928474426,7.08,996,1206,210,-26.0,1.0,G27,1007,1220,213
TURN_0478,SIM_AC_0478,PAIRED_TURN,DL,NARROWBODY,40,45,flight_key_v1_b6f9e97f335284fa63eeb404e255093c,flight_key_v1_274679bf328e80cfd986a49b40d1392c,1147.0,2436.0,ORD,ECP,2024-01-01_DL_1147,1022,1110,88,1025,1122,97,6,0.3782,3.0299999713897705,6.64,999,1108,109,-23.0,-2.0,G20,1008,1126,118
TURN_0839,SIM_AC_0839,UNMATCHED_DEP,OH,NARROWBODY,40,45,,flight_key_v1_8ef81884590b6fe33e338c4346378551,,5021.0,ATL,PHL,2024-01-01_OH_5021,1022,1067,45,1028,1077,49,4,0.2352,0.0,6.0,1012,1057,45,0.0,-10.0,G158,1008,1083,75
TURN_0479,SIM_AC_0479,PAIRED_TURN,AA,NARROWBODY,40,45,flight_key_v1_e98ad5addde9c3f87adcb5f6348b46fe,flight_key_v1_c72bbfbec0f4717291f150a28be45573,990.0,778.0,LAX,PHX,2024-01-01_AA_990,1024,1090,66,1026,1102,76,6,0.3907,2.680000066757202,6.41,1023,1083,60,-1.0,-7.0,G83,1010,1106,96
TURN_0480,SIM_AC_0480,PAIRED_TURN,DL,WIDEBODY,75,60,flight_key_v1_0eec27e45985e1e6eedcb7eebdeff952,flight_key_v1_f571cc030645ebaeb52aa99d638c0cb7,573.0,966.0,SJU,LAS,2024-01-01_DL_573,1024,1189,165,1030,1201,171,5,0.3405,6.159999847412109,7.63,1013,1182,169,-11.0,-7.0,G11,1011,1206,195
TURN_0481,SIM_AC_0481,PAIRED_TURN,DL,NARROWBODY,40,45,flight_key_v1_a541a5b8d538c9efaefe40760b7187b0,flight_key_v1_df5a228c1f1b847c04aabdc4e2cebcc1,2097.0,2367.0,ROC,MSY,2024-01-01_DL_2097,1025,1113,88,1027,1123,96,4,0.2883,2.609999895095825,6.27,985,1111,126,-40.0,-2.0,G81,1010,1128,118
TURN_0482,SIM_AC_0482,PAIRED_TURN,9E,NARROWBODY,40,45,flight_key_v1_0dcd6a9851c5e79adae426c28e381315,flight_key_v1_f1aaee4e8642d031ebbb1abd9ce7cbdb,5225.0,5443.0,AVL,VLD,2024-01-01_9E_5225,1025,1207,182,1026,1216,190,4,0.2806,1.5,5.75,1232,1272,40,207.0,-9.0,G91,1010,1222,212
TURN_0483,SIM_AC_0483,PAIRED_TURN,DL,WIDEBODY,75,60,flight_key_v1_4ed3c28f100de4a979df4a75fd534afd,flight_key_v1_b538568c8524532ef959c43c09ed957b,1331.0,1507.0,SAV,COS,2024-01-01_DL_1331,1025,1194,169,1025,1203,178,3,0.2316,0.8199999928474426,6.33,1006,1185,179,-19.0,-9.0,G50,1010,1209,199
TURN_0484,SIM_AC_0484,PAIRED_TURN,DL,NARROWBODY,40,45,flight_key_v1_1f0d872ef0ca117b9d8ff48cb87dc7e6,flight_key_v1_2de34f849eb1e709d03e9b4a59839a50,1375.0,2960.0,SYR,EWR,2024-01-01_DL_1375,1028,1120,92,1030,1130,100,4,0.291,2.0199999809265137,6.21,987,1111,124,-41.0,-9.0,G161,1013,1135,122
TURN_0485,SIM_AC_0485,PAIRED_TURN,DL,NARROWBODY,40,45,flight_key_v1_160c67928a59f35c302c62d595cf8384,flight_key_v1_6b9b6e4742908d7708c9c89af44d096b,2887.0,2605.0,MYR,PNS,2024-01-01_DL_2887,1029,1130,101,1029,1138,109,3,0.2316,0.8199999928474426,5.84,1015,1125,110,-14.0,-5.0,G26,1014,1145,131
TURN_0486,SIM_AC_0486,PAIRED_TURN,9E,NARROWBODY,40,45,flight_key_v1_672b8c05bd63e206b07a8e728af9daeb,flight_key_v1_3cc06656ff30616dfba80f6cfb42ee09,4953.0,5204.0,GTR,ATW,2024-01-01_9E_4953,1029,1220,191,1029,1231,202,4,0.2494,0.8199999928474426,7.15,994,1209,215,-35.0,-11.0,G44,1014,1235,221
TURN_0487,SIM_AC_0487,PAIRED_TURN,DL,NARROWBODY,40,45,flight_key_v1_1978e98ab7d2a62f3cfd6be8c502fb3c,flight_key_v1_3bd9c9fbf7b03c871d16baaa03a2a07a,2899.0,1861.0,BHM,SJU,2024-01-01_DL_2899,1030,1135,105,1030,1147,117,4,0.2489,0.8199999928474426,8.31,1011,1137,126,-19.0,2.0,G70,1015,1150,135
TURN_0488,SIM_AC_0488,PAIRED_TURN,WN,NARROWBODY,40,45,flight_key_v1_bb7e404bc18fe05865fdb024311d761a,flight_key_v1_46fa1c7395f9dc78077a80caa0afffb8,1937.0,3168.0,LGA,PHL,2024-01-01_WN_1937,1030,1115,85,1033,1132,99,7,0.4492,3.740000009536743,10.19,1057,1115,58,27.0,0.0,G121,1016,1131,115
TURN_0489,SIM_AC_0489,PAIRED_TURN,DL,NARROWBODY,40,45,flight_key_v1_dd39d08cdfe71db0628a642dcfecc472,flight_key_v1_7af3aa4f45b557046f915e6db9c50f14,1408.0,2251.0,SAT,PHL,2024-01-01_DL_1408,1034,1139,105,1034,1148,114,3,0.2316,0.8999999761581421,6.14,1015,1136,121,-19.0,-3.0,G147,1019,1154,135
TURN_0490,SIM_AC_0490,PAIRED_TURN,OH,NARROWBODY,40,45,flight_key_v1_e56563dd1004f34c5f84a1595c215654,flight_key_v1_dd3b61f628d2ab2bec9d3ed65673963e,5019.0,5243.0,PHL,CLT,2024-01-01_OH_5019,1037,1140,103,1040,1150,110,5,0.3396,3.049999952316284,5.89,1019,1132,113,-18.0,-8.0,G169,1023,1156,133
TURN_0491,SIM_AC_0491,PAIRED_TURN,DL,NARROWBODY,40,45,flight_key_v1_0147b742dd7e4beb3fdff250a67c6463,flight_key_v1_fc39b011e5ac331c0ad613c2f913df9a,841.0,1588.0,SLC,MIA,2024-01-01_DL_841,1039,1139,100,1039,1151,112,4,0.2684,0.9200000166893005,8.13,1061,1140,79,22.0,1.0,G155,1024,1154,130
TURN_0024,SIM_AC_0024,PAIRED_TURN,WN,NARROWBODY,40,45,flight_key_v1_4570797c1430598eacb6372604dc906a,flight_key_v1_3e8f8f3a411e404dde8f453509df63ff,2014.0,2014.0,DCA,MSY,2024-01-01_WN_2014,1040,1080,40,1043,1095,52,6,0.3941,3.740000009536743,9.91,1022,1078,56,-18.0,-2.0,G23,1026,1096,70
TURN_0492,SIM_AC_0492,PAIRED_TURN,9E,NARROWBODY,40,45,flight_key_v1_cbb82d2add016d2d82f6be1ed4f7651b,flight_key_v1_f6f5f9706ecfc9b33cf197b5a9147fe2,4945.0,4930.0,FAY,XNA,2024-01-01_9E_4945,1040,1260,220,1041,1270,229,4,0.2371,1.809999942779541,6.92,1019,1246,227,-21.0,-14.0,G141,1025,1275,250
TURN_0840,SIM_AC_0840,UNMATCHED_DEP,F9,WIDEBODY,75,60,,flight_key_v1_3596256d0083658503027120856f7600,,4771.0,ATL,CVG,2024-01-01_F9_4771,1041,1101,60,1050,1114,64,4,0.2907,0.0,9.97,1032,1092,60,0.0,-9.0,G85,1028,1118,90
TURN_0493,SIM_AC_0493,PAIRED_TURN,9E,NARROWBODY,40,45,flight_key_v1_7f3c67ff79e6b2d72d32cb07022e2643,flight_key_v1_90b7671153bfa510b6c5596eb11a0164,5471.0,5008.0,TRI,SGF,2024-01-01_9E_5471,1042,1265,223,1042,1276,234,4,0.2841,0.8199999928474426,7.08,1024,1255,231,-18.0,-10.0,G42,1027,1280,253
TURN_0494,SIM_AC_0494,PAIRED_TURN,DL,NARROWBODY,40,45,flight_key_v1_f6e65044b19f660bc66bb187a78cddfb,flight_key_v1_f0fbf33a7aa595397e5d1318852bf260,2659.0,2718.0,PVD,HPN,2024-01-01_DL_2659,1043,1156,113,1044,1165,121,3,0.2329,1.3300000429153442,6.14,997,1189,192,-46.0,33.0,G130,1028,1171,143
TURN_0495,SIM_AC_0495,PAIRED_TURN,DL,NARROWBODY,40,45,flight_key_v1_d498d6b30792da2a0613164e52ffcd94,flight_key_v1_53683209b2f5e044e41eb0850282b18d,759.0,2881.0,DCA,MCO,2024-01-01_DL_759,1044,1165,121,1044,1176,132,4,0.2342,0.8199999928474426,7.47,1028,1172,144,-16.0,7.0,G115,1029,1180,151
TURN_0496,SIM_AC_0496,PAIRED_TURN,F9,NARROWBODY,40,45,flight_key_v1_57dbf3fef38661f68c38189783edb498,flight_key_v1_0f6fd564b55158da15fa74c219e2b54e,3441.0,1447.0,MIA,SFO,2024-01-01_F9_3441,1046,1151,105,1052,1174,122,9,0.5983,6.25,14.72,1046,1157,111,0.0,6.0,G108,1034,1169,135
TURN_0497,SIM_AC_0497,PAIRED_TURN,DL,NARROWBODY,40,45,flight_key_v1_8e7609c1f51cf69f292834762718e35d,flight_key_v1_927e922f132cd930a14312b7d39b87cd,2378.0,1284.0,ILM,IAH,2024-01-01_DL_2378,1047,1165,118,1047,1174,127,3,0.2316,0.8199999928474426,6.14,1041,1159,118,-6.0,-6.0,G126,1032,1180,148
TURN_0498,SIM_AC_0498,PAIRED_TURN,DL,NARROWBODY,40,45,flight_key_v1_c6b5814799f6f07fd7344481174b340a,flight_key_v1_7e0b20eda2941ed6e2bbd7aac26ef19f,1682.0,660.0,IAH,SLC,2024-01-01_DL_1682,1047,1167,120,1049,1177,128,4,0.2829,2.2200000286102295,6.33,1035,1176,141,-12.0,9.0,G63,1032,1182,150
TURN_0004,SIM_AC_0004,PAIRED_TURN,AA,NARROWBODY,40,45,flight_key_v1_1e6dbe90e3cb35f4a94f56ca8f137191,flight_key_v1_9c97f50362ef687887ba219d7aabfb2e,1248.0,1248.0,DFW,DFW,2024-01-01_AA_1248,1048,1099,51,1052,1114,62,7,0.4511,4.489999771118164,8.26,1035,1090,55,-13.0,-9.0,G66,1035,1116,81
TURN_0499,SIM_AC_0499,PAIRED_TURN,DL,NARROWBODY,40,45,flight_key_v1_a958a908cd138c13f5d20fb92062b983,flight_key_v1_dc5ec70471f478b4cd550551cad24c58,558.0,727.0,EGE,SEA,2024-01-01_DL_558,1049,1170,121,1050,1180,130,4,0.2469,1.3200000524520874,6.6,1058,1164,106,9.0,-6.0,G103,1034,1185,151
TURN_0500,SIM_AC_0500,PAIRED_TURN,DL,NARROWBODY,40,45,flight_key_v1_e1675326824428a4a714fb734af05063,flight_key_v1_ea5495678074c1c5de55081f685288ef,2567.0,378.0,GNV,DCA,2024-01-01_DL_2567,1049,1180,131,1051,1190,139,4,0.2713,2.2699999809265137,6.16,1023,1191,168,-26.0,11.0,G106,1034,1195,161
TURN_0025,SIM_AC_0025,PAIRED_TURN,WN,NARROWBODY,40,45,flight_key_v1_36adb1db4cad92f0f0ef74b1e5ab646f,flight_key_v1_f23f188a0e21d6830284526a248f3b61,2026.0,2026.0,MDW,TPA,2024-01-01_WN_2026,1050,1100,50,1055,1118,63,8,0.5103,5.550000190734863,10.67,1055,1113,58,5.0,13.0,G123,1037,1117,80
TURN_0501,SIM_AC_0501,PAIRED_TURN,DL,NARROWBODY,40,45,flight_key_v1_1ca91b1aee1334d79b0b53d3c78654c9,flight_key_v1_9ad0a631d4f18d787187dd3a9bd3862a,454.0,1076.0,MIA,MDW,2024-01-01_DL_454,1050,1185,135,1052,1197,145,5,0.3095,2.2200000286102295,7.18,1099,1174,75,49.0,-11.0,G118,1035,1200,165
TURN_0502,SIM_AC_0502,PAIRED_TURN,NK,NARROWBODY,40,45,flight_key_v1_cde2a0d12fcbc3752d4d133aa0297fb4,flight_key_v1_b5fc98ab7c389e9aca3bef8e65e648f3,1596.0,745.0,EWR,RSW,2024-01-01_NK_1596,1050,1134,84,1055,1157,102,7,0.445,5.179999828338623,16.99,1018,1125,107,-32.0,-9.0,G150,1037,1151,114
TURN_0022,SIM_AC_0022,PAIRED_TURN,WN,NARROWBODY,75,45,flight_key_v1_daa13cf69174e66d192cafb2b8a1ccde,flight_key_v1_57f02de1ceea48d20d32c4a454e461dc,1928.0,1928.0,AUS,MCO,2024-01-01_WN_1928,1055,1100,45,1058,1139,81,6,0.4048,3.950000047683716,10.74,1053,1109,56,-2.0,9.0,G71,1041,1116,75
TURN_0503,SIM_AC_0503,PAIRED_TURN,DL,NARROWBODY,40,45,flight_key_v1_8e46d3161010c4fb1425e3301b7342b0,flight_key_v1_7b2bdea07a00a1df5a2bee7103133e91,2032.0,2914.0,SDF,RSW,2024-01-01_DL_2032,1056,1194,138,1056,1204,148,4,0.242,0.8199999928474426,6.41,1030,1188,158,-26.0,-6.0,G80,1041,1209,168
TURN_0504,SIM_AC_0504,PAIRED_TURN,DL,NARROWBODY,40,45,flight_key_v1_d2049c279cdad60c9c0f10ceca6b22fc,flight_key_v1_c9f3f24d59ae08fdefcc3104aa52194d,2434.0,414.0,EWR,PHX,2024-01-01_DL_2434,1056,1194,138,1058,1205,147,5,0.3386,2.2200000286102295,6.51,1014,1187,173,-42.0,-7.0,G84,1041,1209,168
TURN_0505,SIM_AC_0505,PAIRED_TURN,DL,NARROWBODY,40,45,flight_key_v1_a4e1d5340faa5d56261397b779351f42,flight_key_v1_4bdd5c872ed0a4a7e027e9ce71a0f38c,1605.0,1518.0,STT,RDU,2024-01-01_DL_1605,1057,1195,138,1059,1206,147,5,0.321,2.759999990463257,6.58,1057,1181,124,0.0,-14.0,G22,1042,1210,168
TURN_0506,SIM_AC_0506,PAIRED_TURN,OO,NARROWBODY,40,45,flight_key_v1_696de97af067c4c7fd2bb043a6513a82,flight_key_v1_5f471a603cd110e3c3d6af6ca8eb0869,3920.0,3900.0,ABY,EVV,2024-01-01_OO_3920,1059,1260,201,1061,1272,211,6,0.3907,2.6700000762939453,6.62,1044,1253,209,-15.0,-7.0,G08,1045,1276,231
TURN_0507,SIM_AC_0507,PAIRED_TURN,DL,NARROWBODY,40,45,flight_key_v1_acfbc32d47d4445fc25b17edeb756bdd,flight_key_v1_d47eee12f5a9c269237788079148fe39,733.0,1606.0,PHX,PBI,2024-01-01_DL_733,1060,1195,135,1061,1206,145,4,0.2384,1.1799999475479126,7.02,1039,1193,154,-21.0,-2.0,G168,1045,1210,165
TURN_0508,SIM_AC_0508,PAIRED_TURN,DL,NARROWBODY,40,45,flight_key_v1_f8d1c6a5287efeba68380982668d781c,flight_key_v1_3675d495538d6f6f9d401b7c0b13c26b,2799.0,1489.0,BWI,FLL,2024-01-01_DL_2799,1060,1196,136,1062,1207,145,4,0.2582,2.2200000286102295,7.13,1033,1182,149,-27.0,-14.0,G68,1045,1211,166
TURN_0509,SIM_AC_0509,PAIRED_TURN,DL,NARROWBODY,40,45,flight_key_v1_e0a6f2c0cec40656a5678a82702cf0ad,flight_key_v1_4bd6368592d420fb06e8158cfdc49d49,1413.0,331.0,FLL,LAX,2024-01-01_DL_1413,1063,1210,147,1065,1222,157,4,0.2815,2.2200000286102295,8.39,1065,1204,139,2.0,-6.0,G25,1048,1225,177
TURN_0841,SIM_AC_0841,UNMATCHED_DEP,MQ,NARROWBODY,40,45,,flight_key_v1_0c6b73d9a37b7e4e32c7bdc4abe24270,,3769.0,ATL,ORD,2024-01-01_MQ_3769,1063,1108,45,1071,1120,49,4,0.2451,0.0,8.47,1064,1109,45,0.0,1.0,G34,1050,1125,75
TURN_0510,SIM_AC_0510,PAIRED_TURN,DL,NARROWBODY,40,45,flight_key_v1_912db8f28832e3274bee57ea44876583,flight_key_v1_dd75e9483bfd849ac6b0d6afd0ebba26,478.0,1251.0,LGA,TUS,2024-01-01_DL_478,1065,1210,145,1066,1220,154,4,0.2868,1.090000033378601,6.28,1018,1197,179,-47.0,-13.0,G116,1050,1225,175
TURN_0511,SIM_AC_0511,PAIRED_TURN,DL,NARROWBODY,40,45,flight_key_v1_ff0f5311bf3f3697a4142037844e58d5,flight_key_v1_7e6d8eb6ce501525510f667822a51e22,995.0,2701.0,DEN,ILM,2024-01-01_DL_995,1065,1215,150,1067,1225,158,5,0.3493,2.4100000858306885,5.89,1036,1207,171,-29.0,-8.0,G02,1050,1230,180
TURN_0512,SIM_AC_0512,PAIRED_TURN,DL,NARROWBODY,40,45,flight_key_v1_26fce382606eb2ee44bd14e6323e0ee1,flight_key_v1_0f543b596ffdf9652e16feca490b1513,1126.0,493.0,CHS,DEN,2024-01-01_DL_1126,1072,1222,150,1072,1232,160,4,0.2337,0.8199999928474426,6.71,1061,1208,147,-11.0,-14.0,G166,1057,1237,180
TURN_0513,SIM_AC_0513,PAIRED_TURN,UA,NARROWBODY,40,45,flight_key_v1_a1881211a981b76ef35c76f2818ea051,flight_key_v1_8cb76d7da3d1b12632175aeadfbbf3ad,2290.0,1259.0,ORD,SFO,2024-01-01_UA_2290,1072,1168,96,1076,1186,110,6,0.4324,4.800000190734863,12.56,1043,1164,121,-29.0,-4.0,G157,1059,1185,126
TURN_0514,SIM_AC_0514,PAIRED_TURN,DL,NARROWBODY,40,45,flight_key_v1_4215044fe8d6999f39ce43dcd871fd55,flight_key_v1_bbb0fd309f6043c293294b32832b1832,1442.0,2423.0,GSP,OKC,2024-01-01_DL_1442,1075,1255,180,1075,1265,190,3,0.2316,0.8199999928474426,7.09,1054,1248,194,-21.0,-7.0,G58,1060,1270,210
TURN_0515,SIM_AC_0515,PAIRED_TURN,DL,NARROWBODY,40,45,flight_key_v1_797c5a5d7297256207bfa48d3f76f356,flight_key_v1_8a623ed743e5674fe7bf692620215c88,532.0,2334.0,SEA,BUF,2024-01-01_DL_532,1077,1255,178,1078,1268,190,4,0.2988,1.1299999952316284,9.27,1063,1245,182,-14.0,-10.0,G04,1062,1270,208
TURN_0516,SIM_AC_0516,PAIRED_TURN,DL,NARROWBODY,40,45,flight_key_v1_61a96ecb8fb75eb7b59bf1ae6b05814f,flight_key_v1_8eb3efd152a851102c4f199b3f211e6a,2450.0,1397.0,MLB,BOS,2024-01-01_DL_2450,1078,1255,177,1078,1267,189,4,0.239,0.8199999928474426,8.09,1058,1254,196,-20.0,-1.0,G102,1063,1270,207
TURN_0680,SIM_AC_0680,UNMATCHED_ARR,MQ,NARROWBODY,40,45,flight_key_v1_28789106052101ab208db620d4ca5d11,,3769.0,,ORD,ATL,2024-01-01_MQ_3769,1078,1123,45,1082,1134,52,7,0.4424,4.679999828338623,0.0,1084,1129,45,6.0,0.0,G153,1065,1135,70
TURN_0517,SIM_AC_0517,PAIRED_TURN,DL,NARROWBODY,40,45,flight_key_v1_38ba122f5e802ff4f7fa616adbee1caa,flight_key_v1_1394c238873ba819f8a26f8084f1b924,777.0,2275.0,LAS,AVL,2024-01-01_DL_777,1080,1255,175,1082,1268,186,4,0.2885,2.309999942779541,9.02,1090,1248,158,10.0,-7.0,G97,1065,1270,205
TURN_0518,SIM_AC_0518,PAIRED_TURN,9E,WIDEBODY,75,60,flight_key_v1_b2727b70bf5f5fe65e6c077a1d8bb89b,flight_key_v1_ae23976b308b800587887a70d27f7f20,5132.0,5009.0,DAY,DHN,2024-01-01_9E_5132,1080,1270,190,1080,1282,202,4,0.246,0.8199999928474426,8.76,1069,1261,192,-11.0,-9.0,G45,1065,1285,220
TURN_0519,SIM_AC_0519,PAIRED_TURN,DL,NARROWBODY,40,45,flight_key_v1_27c1662b746adb8e113be216a7bc9492,flight_key_v1_2a55bc33aa119f7edc8881b6057e0fe2,1372.0,2865.0,MCO,GRR,2024-01-01_DL_1372,1081,1255,174,1083,1268,185,4,0.2715,2.680000066757202,9.28,1091,1248,157,10.0,-7.0,G149,1066,1270,204
TURN_0520,SIM_AC_0520,PAIRED_TURN,NK,NARROWBODY,40,45,flight_key_v1_5c79727fe96550f2801760b26f5434a1,flight_key_v1_bbf77ec8e3d50fcd474137f4d9c3ba88,2062.0,1361.0,MCO,LAS,2024-01-01_NK_2062,1084,1200,116,1089,1223,134,6,0.4243,5.179999828338623,17.79,1067,1209,142,-17.0,9.0,G117,1071,1217,146
TURN_0521,SIM_AC_0521,PAIRED_TURN,DL,NARROWBODY,40,45,flight_key_v1_f5fec47e4f279783a03441a8643cfac2,flight_key_v1_c2e1127c42db15db7ddc759315c5a739,2355.0,2435.0,IND,MLB,2024-01-01_DL_2355,1086,1259,173,1086,1268,182,3,0.2316,0.8199999928474426,6.77,1062,1243,181,-24.0,-16.0,G49,1071,1274,203
TURN_0522,SIM_AC_0522,PAIRED_TURN,OO,NARROWBODY,40,45,flight_key_v1_c4fe595240d0db1a08cbd7db6e9c1c81,flight_key_v1_722d6696eb262a5479401dd47971580e,4068.0,4110.0,ASE,CSG,2024-01-01_OO_4068,1087,1265,178,1091,1282,191,9,0.6218,4.320000171661377,8.84,1065,1262,197,-22.0,-3.0,G171,1074,1282,208
TURN_0523,SIM_AC_0523,PAIRED_TURN,DL,WIDEBODY,75,60,flight_key_v1_1dee099c6b6fc43944460a78e55b47c3,flight_key_v1_1c1bccfb55a290bdb45d351bedee7fd5,1720.0,888.0,TPA,PDX,2024-01-01_DL_1720,1088,1195,107,1089,1205,116,4,0.2515,1.809999942779541,6.17,1090,1203,113,2.0,8.0,G52,1073,1210,137
TURN_0524,SIM_AC_0524,PAIRED_TURN,9E,NARROWBODY,40,45,flight_key_v1_232c5734d85b38b39d39dbf5dc0b93a5,flight_key_v1_e2c73639a0f2f750a6104c847695ec90,4956.0,5208.0,MLU,OAJ,2024-01-01_9E_4956,1089,1265,176,1089,1275,186,4,0.2352,0.8199999928474426,6.67,1056,1259,203,-33.0,-6.0,G79,1074,1280,206
TURN_0525,SIM_AC_0525,PAIRED_TURN,DL,WIDEBODY,75,60,flight_key_v1_c02420474d252c51d00d888819ee1969,flight_key_v1_cef0e7926a2256b1bfe01901cc83cd04,2186.0,1457.0,RIC,TPA,2024-01-01_DL_2186,1091,1195,104,1091,1205,114,3,0.2318,0.8199999928474426,7.16,1072,1186,114,-19.0,-9.0,G139,1076,1210,134
TURN_0526,SIM_AC_0526,PAIRED_TURN,DL,NARROWBODY,40,45,flight_key_v1_3fc355328f92b56fbe060084143d428a,flight_key_v1_a7bf1d66b3579903b4307837a01beb6c,2377.0,453.0,CLE,SLC,2024-01-01_DL_2377,1091,1260,169,1092,1270,178,4,0.2461,1.809999942779541,6.86,1070,1276,206,-21.0,16.0,G36,1076,1275,199
TURN_0527,SIM_AC_0527,PAIRED_TURN,DL,WIDEBODY,75,60,flight_key_v1_0dc6ea4cee0c2a44dbd459e6f04b2c3c,flight_key_v1_bcf49d5204909142c2cf2a7bf22afe08,715.0,2938.0,LAX,MYR,2024-01-01_DL_715,1092,1260,168,1094,1271,177,5,0.3379,2.069999933242798,6.77,1075,1252,177,-17.0,-8.0,G111,1077,1275,198
TURN_0528,SIM_AC_0528,PAIRED_TURN,DL,NARROWBODY,40,45,flight_key_v1_0f0f4629ea53144ad929523dc993d1bc,flight_key_v1_e0b9299263a0eaaaaeca28a9018251e8,2285.0,31.0,GSO,DFW,2024-01-01_DL_2285,1098,1260,162,1098,1272,174,4,0.2413,0.8199999928474426,8.61,1081,1255,174,-17.0,-5.0,G37,1083,1275,192
TURN_0529,SIM_AC_0529,PAIRED_TURN,DL,NARROWBODY,40,45,flight_key_v1_3358a82b0aa47618b596f7ea8976390d,flight_key_v1_ca1b503989968660adf9a50a093dd4b3,2827.0,2306.0,DAB,DSM,2024-01-01_DL_2827,1101,1260,159,1101,1271,170,4,0.2659,0.8199999928474426,7.18,1087,1249,162,-14.0,-11.0,G95,1086,1275,189
TURN_0530,SIM_AC_0530,PAIRED_TURN,DL,NARROWBODY,40,45,flight_key_v1_a81de83f372b15e016cbcc6c4571ca4e,flight_key_v1_50f04a18947f59b1edcbf5d1363dbdae,2337.0,2419.0,MSY,BTV,2024-01-01_DL_2337,1103,1260,157,1104,1274,170,4,0.2693,1.3300000429153442,10.2,1120,1250,130,17.0,-10.0,G104,1088,1275,187
TURN_0531,SIM_AC_0531,PAIRED_TURN,DL,NARROWBODY,40,45,flight_key_v1_519fdc7d776957b098c82d8472be8ee3,flight_key_v1_26f1bea55ab30adb1c8bb942ee739829,1033.0,1531.0,HSV,ABQ,2024-01-01_DL_1033,1105,1260,155,1105,1270,165,3,0.2333,0.8199999928474426,7.48,1095,1252,157,-10.0,-8.0,G122,1090,1275,185
TURN_0532,SIM_AC_0532,PAIRED_TURN,9E,WIDEBODY,75,60,flight_key_v1_784d9fe67d556d5681d6bf4abe84c51d,flight_key_v1_59b08a0186e3585ca62c5cb8a159fe89,5182.0,5410.0,MOB,BMI,2024-01-01_9E_5182,1105,1302,197,1105,1313,208,4,0.2352,0.8199999928474426,7.08,1074,1298,224,-31.0,-4.0,G159,1090,1317,227
TURN_0681,SIM_AC_0681,UNMATCHED_ARR,UA,NARROWBODY,40,45,flight_key_v1_0ed31d07e13badd953f8ca541d64c88b,,277.0,,SFO,ATL,2024-01-01_UA_277,1105,1150,45,1106,1157,51,6,0.4055,1.7999999523162842,0.0,1110,1155,45,5.0,0.0,G158,1090,1160,70
TURN_0533,SIM_AC_0533,PAIRED_TURN,DL,WIDEBODY,75,60,flight_key_v1_42139bb9fb4071567f67f74b7d90eb06,flight_key_v1_638d8da47ecf8183f33e3efcc5f2b365,2988.0,2121.0,PNS,PNS,2024-01-01_DL_2988,1109,1260,151,1109,1269,160,3,0.2316,0.8199999928474426,6.77,1084,1256,172,-25.0,-4.0,G46,1094,1275,181
TURN_0041,SIM_AC_0041,PAIRED_TURN,WN,NARROWBODY,40,45,flight_key_v1_def89939e72e6c0eed9c98ab60055fd3,flight_key_v1_0391fc0c973f02dc7c56c0055ecb5d88,2876.0,2876.0,TPA,SDF,2024-01-01_WN_2876,1110,1170,60,1114,1186,72,7,0.4889,4.78000020980835,9.94,1117,1199,82,7.0,29.0,G67,1097,1187,90
TURN_0682,SIM_AC_0682,UNMATCHED_ARR,OH,NARROWBODY,40,45,flight_key_v1_ff13028e0347d05f9ccc459f6d640eee,,5552.0,,CLT,ATL,2024-01-01_OH_5552,1110,1155,45,1114,1165,51,6,0.4014,4.099999904632568,0.0,1098,1143,45,-12.0,0.0,G101,1096,1166,70
TURN_0534,SIM_AC_0534,PAIRED_TURN,DL,NARROWBODY,40,45,flight_key_v1_72ab95de914bcc461cfc84cc974b754d,flight_key_v1_08959c6c03145d604ca71dff12ee9db1,2456.0,2771.0,CVG,DAY,2024-01-01_DL_2456,1112,1260,148,1112,1270,158,4,0.2557,0.8199999928474426,6.93,1084,1257,173,-28.0,-3.0,G24,1097,1275,178
TURN_0535,SIM_AC_0535,PAIRED_TURN,DL,WIDEBODY,75,60,flight_key_v1_2289fc0c3c1e9c2e337ef587596077f3,flight_key_v1_cae97d5f932b9e0792d26145b3079cff,1485.0,2956.0,STL,CID,2024-01-01_DL_1485,1113,1270,157,1114,1284,170,5,0.3161,1.2300000190734863,9.28,1100,1267,167,-13.0,-3.0,G05,1098,1285,187
TURN_0536,SIM_AC_0536,PAIRED_TURN,DL,NARROWBODY,40,45,flight_key_v1_0370870eebb786824ecab7ea6574450b,flight_key_v1_a4e02a12cbff9db92dc473a837f70358,2536.0,1502.0,PHL,DTW,2024-01-01_DL_2536,1114,1260,146,1114,1273,159,4,0.2422,0.8199999928474426,9.28,1085,1268,183,-29.0,8.0,G69,1099,1275,176
TURN_0537,SIM_AC_0537,PAIRED_TURN,DL,NARROWBODY,40,45,flight_key_v1_05b019e92a419dba7aad9eab737baac6,flight_key_v1_516e36d365a54fa688e1a356320fbd05,2089.0,825.0,CAE,LAS,2024-01-01_DL_2089,1114,1265,151,1114,1276,162,4,0.2356,0.8199999928474426,7.6,1096,1258,162,-18.0,-7.0,G13,1099,1280,181
TURN_0538,SIM_AC_0538,PAIRED_TURN,DL,NARROWBODY,40,45,flight_key_v1_63f3b68fc03fe65427972f6b7c0945f6,flight_key_v1_f2aa16a8a7d3a0eb40c225b03f7cdb2f,340.0,2948.0,BZN,GRB,2024-01-01_DL_340,1114,1265,151,1114,1279,165,5,0.3651,0.9700000286102295,9.28,1105,1259,154,-9.0,-6.0,G32,1099,1280,181
TURN_0539,SIM_AC_0539,PAIRED_TURN,OO,NARROWBODY,40,45,flight_key_v1_b88e041dab873c11673f2d682005b661,flight_key_v1_c84ad5d1d42926ddb26ea6a8b57f1144,4076.0,3683.0,BTR,FWA,2024-01-01_OO_4076,1114,1275,161,1116,1287,171,5,0.3527,2.940000057220459,7.43,1087,1269,182,-27.0,-6.0,G110,1100,1291,191
TURN_0540,SIM_AC_0540,PAIRED_TURN,DL,NARROWBODY,40,45,flight_key_v1_bfbb8dd42deb313fe7940c411b7ba3f3,flight_key_v1_5a52f37e4c5e4c78dba9d209635ddb71,2515.0,989.0,ABQ,ONT,2024-01-01_DL_2515,1116,1267,151,1117,1278,161,4,0.2415,1.1699999570846558,7.08,1106,1263,157,-10.0,-4.0,G89,1101,1282,181
TURN_0541,SIM_AC_0541,PAIRED_TURN,DL,NARROWBODY,40,45,flight_key_v1_1beb7e56ccee7f27cb267b289be680bc,flight_key_v1_3bd90e12a618051088486180d2979c73,1467.0,2511.0,DTW,JFK,2024-01-01_DL_1467,1116,1275,159,1116,1286,170,4,0.2827,0.8199999928474426,7.09,1112,1271,159,-4.0,-4.0,G18,1101,1290,189
TURN_0842,SIM_AC_0842,UNMATCHED_DEP,F9,NARROWBODY,40,45,,flight_key_v1_c941eb85aaa39d16b45eba7381a5cdca,,3994.0,ATL,SJU,2024-01-01_F9_3994,1118,1163,45,1129,1178,49,4,0.2927,0.0,11.62,1261,1306,45,0.0,143.0,G40,1106,1181,75
TURN_0542,SIM_AC_0542,PAIRED_TURN,DL,NARROWBODY,40,45,flight_key_v1_afb9f4b7522abf1d7aaeeaa6e8513a80,flight_key_v1_169cc6e0fb7d740a0778513a7f64df88,1039.0,2060.0,TUS,VPS,2024-01-01_DL_1039,1119,1275,156,1119,1284,165,3,0.2316,0.8999999761581421,6.77,1103,1279,176,-16.0,4.0,G48,1104,1290,186
TURN_0543,SIM_AC_0543,PAIRED_TURN,DL,NARROWBODY,40,45,flight_key_v1_99304da86932b0849136eb5bb0f893a1,flight_key_v1_30292b7a9c39a51a66358b59697a7a29,1950.0,1220.0,STT,DAL,2024-01-01_DL_1950,1119,1275,156,1121,1287,166,5,0.3142,2.759999990463257,7.02,1118,1265,147,-1.0,-10.0,G51,1104,1290,186
TURN_0544,SIM_AC_0544,PAIRED_TURN,DL,NARROWBODY,40,45,flight_key_v1_f360e404f476bac6a2b3287d8e84365a,flight_key_v1_e7e5c28041a25cac7a1b67a448a12e85,1882.0,2555.0,SJU,GPT,2024-01-01_DL_1882,1119,1275,156,1121,1285,164,4,0.2507,2.9800000190734863,6.77,1132,1269,137,13.0,-6.0,G41,1104,1290,186
TURN_0545,SIM_AC_0545,PAIRED_TURN,DL,WIDEBODY,75,60,flight_key_v1_afe53cab9ccbaf1c3fbf84dc629f9dcb,flight_key_v1_2f7c8bad302631072334754e71224539,2163.0,2911.0,CMH,MCI,2024-01-01_DL_2163,1119,1280,161,1119,1290,171,3,0.2316,0.8199999928474426,7.18,1096,1275,179,-23.0,-5.0,G128,1104,1295,191
TURN_0546,SIM_AC_0546,PAIRED_TURN,DL,WIDEBODY,75,60,flight_key_v1_531a35ffc61ba35fb2a4f3ef3828843a,flight_key_v1_b4b5de9c40bdb7b83f1cf2ebf664408c,2220.0,339.0,VPS,PHX,2024-01-01_DL_2220,1120,1280,160,1122,1290,168,4,0.2848,2.0199999809265137,6.99,1102,1288,186,-18.0,8.0,G125,1105,1295,190
TURN_0547,SIM_AC_0547,PAIRED_TURN,DL,NARROWBODY,40,45,flight_key_v1_281330c8cccb74401401a64f427c9ffc,flight_key_v1_eee07183a0d7655fa7c9628432a35534,2933.0,637.0,HDN,DCA,2024-01-01_DL_2933,1120,1275,155,1120,1285,165,4,0.2807,0.6100000143051147,6.93,1079,1271,192,-41.0,-4.0,G75,1105,1290,185
TURN_0548,SIM_AC_0548,PAIRED_TURN,DL,NARROWBODY,40,45,flight_key_v1_29baf3a096174a64c250ba804884735d,flight_key_v1_a34dd4624ce423092bddd6ae57973976,1695.0,2138.0,IAD,PWM,2024-01-01_DL_1695,1121,1285,164,1122,1299,177,4,0.2429,1.809999942779541,10.04,1098,1276,178,-23.0,-9.0,G19,1106,1300,194
TURN_0549,SIM_AC_0549,PAIRED_TURN,DL,NARROWBODY,40,45,flight_key_v1_172fa0ae05a164819503e421e82576b1,flight_key_v1_ac6d1d3ff7b50daf28ce51205f8901bf,2792.0,2842.0,BOS,FLL,2024-01-01_DL_2792,1122,1285,163,1124,1296,172,4,0.252,2.2200000286102295,7.86,1085,1278,193,-37.0,-7.0,G39,1107,1300,193
TURN_0550,SIM_AC_0550,PAIRED_TURN,DL,NARROWBODY,40,45,flight_key_v1_27b949134be889ae6d9fc2e00fea0d1f,flight_key_v1_5904a4def74731042f3a9722b10f8bb8,1524.0,1198.0,TLH,MCO,2024-01-01_DL_1524,1122,1285,163,1122,1297,175,4,0.2342,0.8199999928474426,8.24,1108,1319,211,-14.0,34.0,G82,1107,1300,193
TURN_0551,SIM_AC_0551,PAIRED_TURN,DL,NARROWBODY,40,45,flight_key_v1_74811080096d5268ecdf89c12e88f582,flight_key_v1_c9d3cda6fa02b53619be97547e1f708a,2061.0,656.0,SRQ,SFO,2024-01-01_DL_2061,1122,1285,163,1123,1301,178,4,0.2732,1.090000033378601,12.02,1116,1304,188,-6.0,19.0,G163,1107,1300,193
TURN_0552,SIM_AC_0552,PAIRED_TURN,DL,NARROWBODY,40,45,flight_key_v1_5eb7f95e2af394ce5cbc8f613770f823,flight_key_v1_05b806d3312380a23086de627559ad3b,1323.0,2064.0,MIA,PVD,2024-01-01_DL_1323,1124,1298,174,1126,1309,183,5,0.3111,2.2200000286102295,6.31,1179,1297,118,55.0,-1.0,G65,1109,1313,204
TURN_0553,SIM_AC_0553,PAIRED_TURN,DL,NARROWBODY,40,45,flight_key_v1_c197edc8faf8dcfe0c326a455c3ba168,flight_key_v1_ad97ea0d08b7cd362024bbacf5ef1927,1553.0,1659.0,JFK,CHO,2024-01-01_DL_1553,1124,1300,176,1126,1309,183,4,0.281,2.2200000286102295,5.89,1105,1286,181,-19.0,-14.0,G124,1109,1315,206
TURN_0683,SIM_AC_0683,UNMATCHED_ARR,NK,WIDEBODY,75,60,flight_key_v1_f622d27049cd2e3005efc9968c3951a5,,75.0,,DFW,ATL,2024-01-01_NK_75,1124,1184,60,1129,1196,67,7,0.4701,5.760000228881836,0.0,1104,1164,60,-20.0,0.0,G87,1111,1216,105
TURN_0032,SIM_AC_0032,PAIRED_TURN,WN,NARROWBODY,40,45,flight_key_v1_f56287bc909eee88c2901428891a310a,flight_key_v1_a558d17f8864f063fc4a1c8716918760,2269.0,2269.0,SRQ,MCI,2024-01-01_WN_2269,1125,1175,50,1128,1192,64,7,0.4914,3.950000047683716,10.19,1119,1184,65,-6.0,9.0,G93,1111,1191,80
TURN_0554,SIM_AC_0554,PAIRED_TURN,DL,WIDEBODY,75,60,flight_key_v1_50286e782309defce8cc23a2137fef69,flight_key_v1_54be8523a6c14b51f52ece8812377f45,1024.0,505.0,ELP,LGA,2024-01-01_DL_1024,1125,1290,165,1126,1301,175,5,0.3259,1.1699999570846558,6.14,1126,1317,191,1.0,27.0,G100,1110,1305,195
TURN_0555,SIM_AC_0555,PAIRED_TURN,DL,WIDEBODY,75,60,flight_key_v1_0b989ae833d57f10aa5d15efdf2584bd,flight_key_v1_1e2571bf5c6314b043f683452aa9a858,1640.0,2997.0,GRR,SRQ,2024-01-01_DL_1640,1125,1305,180,1126,1314,188,4,0.2515,1.2300000190734863,5.8,1093,1292,199,-32.0,-13.0,G112,1110,1320,210
TURN_0556,SIM_AC_0556,PAIRED_TURN,WN,WIDEBODY,75,60,flight_key_v1_bea0bd914411a3934d6e24fe826788fb,flight_key_v1_f172c83b2d6826028c74fd8453ca93fc,310.0,938.0,MIA,MIA,2024-01-01_WN_310,1125,1310,185,1130,1328,198,8,0.5594,5.179999828338623,10.98,1168,1312,144,43.0,2.0,G140,1112,1327,215
TURN_0557,SIM_AC_0557,PAIRED_TURN,9E,NARROWBODY,40,45,flight_key_v1_b93831685c58580a3223b1edb33badc9,flight_key_v1_c231fa1cddc9091fe898078ff45c1236,5428.0,4954.0,TUL,CRW,2024-01-01_9E_5428,1125,1265,140,1126,1275,149,4,0.2352,1.2300000190734863,6.83,1113,1256,143,-12.0,-9.0,G62,1110,1280,170
TURN_0558,SIM_AC_0558,PAIRED_TURN,DL,NARROWBODY,40,45,flight_key_v1_473ddc1ee70145590e0b1b62d978cc66,flight_key_v1_2ccd76e65da04f18ab9f48ddc39cc65b,2720.0,1011.0,JAX,BDL,2024-01-01_DL_2720,1125,1301,176,1125,1312,187,4,0.2382,0.8199999928474426,7.18,1110,1292,182,-15.0,-9.0,G94,1110,1316,206
TURN_0843,SIM_AC_0843,UNMATCHED_DEP,NK,WIDEBODY,75,60,,flight_key_v1_43b851ed551554bd6ba20723f4c74b70,,963.0,ATL,IAH,2024-01-01_NK_963,1126,1186,60,1142,1207,65,5,0.3117,0.0,16.54,1126,1186,60,0.0,0.0,G09,1116,1206,90
TURN_0559,SIM_AC_0559,PAIRED_TURN,AA,NARROWBODY,40,45,flight_key_v1_ab9c78fd2f4d618ca1af349e83c6ba3b,flight_key_v1_62f561ee51b2cc8b528e98a4a60abdd0,2937.0,2403.0,MIA,DFW,2024-01-01_AA_2937,1128,1216,88,1132,1231,99,7,0.4385,4.489999771118164,8.14,1174,1232,58,46.0,16.0,G59,1114,1232,118
TURN_0560,SIM_AC_0560,PAIRED_TURN,YX,NARROWBODY,40,45,flight_key_v1_d64e5a43f85e3cf822dec97ce8af50aa,flight_key_v1_5e00858428e0a5adc3dcea2548b11762,3532.0,3514.0,EWR,IAD,2024-01-01_YX_3532,1129,1173,44,1131,1185,54,6,0.394,2.2200000286102295,6.21,1088,1164,76,-41.0,-9.0,G148,1114,1188,74
TURN_0038,SIM_AC_0038,PAIRED_TURN,WN,NARROWBODY,40,45,flight_key_v1_ac3aae1786b769aeabc01f662c291f64,flight_key_v1_30d10a508c2b1cfd88e4274e6e679825,2711.0,2711.0,RIC,SAT,2024-01-01_WN_2711,1130,1175,45,1133,1191,58,6,0.3928,3.740000009536743,10.26,1113,1183,70,-17.0,8.0,G135,1116,1191,75
TURN_0065,SIM_AC_0065,PAIRED_TURN,WN,NARROWBODY,40,45,flight_key_v1_9bb4c6d0c64c187b02409607b0ead746,flight_key_v1_5245ee0fd915bd55b342eca10ce79bd3,785.0,785.0,IAD,BNA,2024-01-01_WN_785,1130,1180,50,1134,1196,62,7,0.4692,4.78000020980835,9.93,1124,1195,71,-6.0,15.0,G33,1117,1197,80
TURN_0684,SIM_AC_0684,UNMATCHED_ARR,WN,WIDEBODY,75,60,flight_key_v1_9bea9c5590e0951925d155e8b1eb4a9d,,2273.0,,GSP,ATL,2024-01-01_WN_2273,1130,1190,60,1133,1198,65,5,0.3292,3.740000009536743,0.0,1112,1172,60,-18.0,0.0,G154,1116,1221,105
TURN_0561,SIM_AC_0561,PAIRED_TURN,9E,NARROWBODY,40,45,flight_key_v1_1b193f0291f95a2bd6b1cea625b04528,flight_key_v1_503d686925642a00d1115a904070cd8c,5420.0,5224.0,CLT,TYS,2024-01-01_9E_5420,1132,1270,138,1133,1280,147,4,0.2874,1.809999942779541,6.67,1114,1256,142,-18.0,-14.0,G113,1117,1285,168
TURN_0562,SIM_AC_0562,PAIRED_TURN,DL,WIDEBODY,75,60,flight_key_v1_cfbd7f276d9e7f1c16be841bf2281b88,flight_key_v1_c5ca18547ba8827dc52021d79eac9eb0,1568.0,2968.0,PIT,IND,2024-01-01_DL_1568,1133,1319,186,1133,1328,195,3,0.2316,0.8199999928474426,6.06,1130,1318,188,-3.0,-1.0,G17,1118,1334,216
TURN_0034,SIM_AC_0034,PAIRED_TURN,WN,NARROWBODY,75,45,flight_key_v1_1da055d62b3cb72790016f7f3cae4031,flight_key_v1_b50dc1309aa17bef5672d54411f43b00,2381.0,2381.0,SDF,JAN,2024-01-01_WN_2381,1135,1180,45,1138,1219,81,6,0.4322,3.740000009536743,9.94,1120,1206,86,-15.0,26.0,G47,1121,1196,75
TURN_0037,SIM_AC_0037,PAIRED_TURN,WN,NARROWBODY,40,45,flight_key_v1_b8d951d0246b46e5f83ba42071d5c023,flight_key_v1_aec93047e9a3a410e97617f9959d161e,2588.0,2588.0,RSW,PIT,2024-01-01_WN_2588,1135,1185,50,1138,1205,67,6,0.416,3.740000009536743,14.17,1146,1199,53,11.0,14.0,G174,1121,1201,80
TURN_0045,SIM_AC_0045,PAIRED_TURN,WN,NARROWBODY,75,45,flight_key_v1_d22620bf58e81482ba77f5a1c9b7b104,flight_key_v1_c9a078b0ec7d822352b5c732ebc973ee,3108.0,3108.0,RDU,MEM,2024-01-01_WN_3108,1135,1180,45,1138,1220,82,7,0.46,3.740000009536743,9.94,1135,1209,74,0.0,29.0,G133,1121,1196,75
TURN_0563,SIM_AC_0563,PAIRED_TURN,WN,NARROWBODY,40,45,flight_key_v1_954d8d34f2e7920929940402b5bd7aaf,flight_key_v1_289c73fee32255ce3a106dd3c9007f17,2789.0,310.0,JAX,HOU,2024-01-01_WN_2789,1135,1175,40,1138,1192,54,7,0.4788,3.740000009536743,10.75,1142,1220,78,7.0,45.0,G136,1121,1191,70
TURN_0564,SIM_AC_0564,PAIRED_TURN,WN,NARROWBODY,40,45,flight_key_v1_b513de4323283c36e110308c3a231911,flight_key_v1_d0c3c97158f4399cafd253acffc50b37,1218.0,2316.0,OMA,IND,2024-01-01_WN_1218,1135,1180,45,1139,1194,55,5,0.3627,4.210000038146973,9.94,1113,1204,91,-22.0,24.0,G06,1121,1196,75
TURN_0565,SIM_AC_0565,PAIRED_TURN,NK,NARROWBODY,40,45,flight_key_v1_bdd690e711f3ebced94ce78b84f277bf,flight_key_v1_b2722e4b46231bb5d9921e1b6ca0db51,1220.0,1893.0,BOS,FLL,2024-01-01_NK_1220,1136,1229,93,1140,1252,112,6,0.3889,4.96999979019165,17.43,1150,1234,84,14.0,5.0,G152,1122,1245,123
TURN_0566,SIM_AC_0566,PAIRED_TURN,DL,NARROWBODY,40,45,flight_key_v1_9165f53bca71107045d9367eb7322008,flight_key_v1_6b48320aabcd50401199b71a7feda559,2580.0,2746.0,MKE,HOU,2024-01-01_DL_2580,1137,1306,169,1138,1317,179,4,0.244,1.2300000190734863,7.23,1227,1308,81,90.0,2.0,G72,1122,1321,199
TURN_0567,SIM_AC_0567,PAIRED_TURN,WN,NARROWBODY,40,45,flight_key_v1_6b53e16b84fe0da2a2c68a4feb27a2f7,flight_key_v1_7315a4b163eef6da2cf9b24b40ec265a,2242.0,1141.0,PHL,AUS,2024-01-01_WN_2242,1140,1190,50,1143,1207,64,7,0.4619,3.740000009536743,10.68,1155,1197,42,15.0,7.0,G98,1126,1206,80
TURN_0568,SIM_AC_0568,PAIRED_TURN,DL,NARROWBODY,40,45,flight_key_v1_b61fe3f18c1372de8f5b82b281c0a605,flight_key_v1_ab0ef0a3ecd674e039df8bf9e75b8c58,706.0,2584.0,DEN,ALB,2024-01-01_DL_706,1140,1314,174,1143,1326,183,6,0.3761,3.0299999713897705,6.29,1121,1309,188,-19.0,-5.0,G127,1126,1330,204
TURN_0845,SIM_AC_0845,UNMATCHED_DEP,OO,WIDEBODY,75,60,,flight_key_v1_ae25bb70c37d848f7246689160428ead,,3706.0,ATL,BQK,2024-01-01_OO_3706,1140,1200,60,1145,1208,63,3,0.2316,0.0,5.64,1133,1193,60,0.0,-7.0,G164,1126,1216,90
TURN_0569,SIM_AC_0569,PAIRED_TURN,DL,WIDEBODY,75,60,flight_key_v1_4a7edaa528c19eb3aa1dccd6394aefa6,flight_key_v1_1aa358e3cf4292ccf6e067e9f6f89fd1,2925.0,865.0,ORF,BOS,2024-01-01_DL_2925,1141,1350,209,1143,1361,218,4,0.239,2.2699999809265137,7.08,1118,1343,225,-23.0,-7.0,G151,1126,1365,239
TURN_0570,SIM_AC_0570,PAIRED_TURN,9E,NARROWBODY,40,45,flight_key_v1_6e3455afcf1b7db54377e292102af8e1,flight_key_v1_c86b5959d83564477c042851d50eaeec,5057.0,4950.0,HPN,MLI,2024-01-01_9E_5057,1142,1281,139,1144,1294,150,4,0.281,2.2200000286102295,9.18,1104,1268,164,-38.0,-13.0,G143,1127,1296,169
TURN_0044,SIM_AC_0044,PAIRED_TURN,WN,NARROWBODY,40,45,flight_key_v1_cfa6387ea1c45d35faa54c7f0dd8b658,flight_key_v1_9a42d0995e2461f5b856c05fe0db92a1,3035.0,3035.0,HOU,MKE,2024-01-01_WN_3035,1145,1185,40,1148,1203,55,7,0.4929,3.740000009536743,11.08,1127,1193,66,-18.0,8.0,G54,1131,1201,70
TURN_0571,SIM_AC_0571,PAIRED_TURN,9E,NARROWBODY,40,45,flight_key_v1_8fed66536e7df97b3bf25a34360ecd7b,flight_key_v1_c5a74705695b8a11b050b40f604539cb,5080.0,5259.0,JAN,TRI,2024-01-01_9E_5080,1145,1303,158,1145,1312,167,4,0.2352,0.8199999928474426,5.96,1142,1298,156,-3.0,-5.0,G146,1130,1318,188
TURN_0572,SIM_AC_0572,PAIRED_TURN,NK,NARROWBODY,40,45,flight_key_v1_02c43badb0f85257aa21f29fb6d222a5,flight_key_v1_4d9513209d110d9323bcb614766b8f63,3103.0,1560.0,LAX,DTW,2024-01-01_NK_3103,1145,1276,131,1149,1302,153,6,0.4195,4.119999885559082,20.45,1150,1308,158,5.0,32.0,G77,1131,1292,161
TURN_0685,SIM_AC_0685,UNMATCHED_ARR,WN,WIDEBODY,75,60,flight_key_v1_3f408564573f11fb4063b397cef8ddea,,2092.0,,DEN,ATL,2024-01-01_WN_2092,1145,1205,60,1150,1218,68,8,0.5612,5.550000190734863,0.0,1125,1185,60,-20.0,0.0,G175,1133,1238,105
TURN_0573,SIM_AC_0573,PAIRED_TURN,9E,NARROWBODY,40,45,flight_key_v1_18bbcd8d176bfbea2f2ff08dc4a87c73,flight_key_v1_37a10251fa5b8bc6843deb53301ae5d2,5137.0,5112.0,LEX,GTR,2024-01-01_9E_5137,1147,1330,183,1147,1339,192,4,0.2932,0.8199999928474426,5.65,1132,1324,192,-15.0,-6.0,G123,1132,1345,213
TURN_0574,SIM_AC_0574,PAIRED_TURN,DL,NARROWBODY,40,45,flight_key_v1_a255b1a96b810a6c0c4c9393ad2b0840,flight_key_v1_64f45951ee2f1f9e265219c79a943b5d,2776.0,2923.0,MCO,MDT,2024-01-01_DL_2776,1149,1316,167,1151,1326,175,4,0.2958,2.680000066757202,6.14,1124,1302,178,-25.0,-14.0,G55,1134,1331,197
TURN_0844,SIM_AC_0844,UNMATCHED_DEP,WN,NARROWBODY,40,45,,flight_key_v1_5aa4505a76ce4d2d26ba559417448963,,2271.0,ATL,STL,2024-01-01_WN_2271,1150,1195,45,1160,1209,49,4,0.2924,0.0,10.19,1150,1195,45,0.0,0.0,G20,1137,1212,75
TURN_0575,SIM_AC_0575,PAIRED_TURN,DL,NARROWBODY,40,45,flight_key_v1_6973e8de41bbefd132c7896980245f7d,flight_key_v1_6e422402177fc10ad3855fad8db798fe,1173.0,2959.0,PBI,ICT,2024-01-01_DL_1173,1153,1319,166,1154,1330,176,4,0.2625,1.809999942779541,7.18,1129,1313,184,-24.0,-6.0,G28,1138,1334,196
TURN_0576,SIM_AC_0576,PAIRED_TURN,DL,WIDEBODY,75,60,flight_key_v1_3a4a36911111d2f33b9a8d5c3ce81907,flight_key_v1_997ee0d60ed2714d4cbe48527c2df1af,2271.0,2117.0,BNA,OMA,2024-01-01_DL_2271,1155,1351,196,1155,1361,206,4,0.2629,0.8199999928474426,6.88,1140,1338,198,-15.0,-13.0,G114,1140,1366,226
TURN_0577,SIM_AC_0577,PAIRED_TURN,DL,NARROWBODY,40,45,flight_key_v1_bd988e93cf7adb8812fe7da74fca4458,flight_key_v1_a6e6b25433aee92b941b93ec06193e2f,2010.0,2338.0,ECP,ORF,2024-01-01_DL_2010,1156,1320,164,1157,1332,175,4,0.2512,1.2300000190734863,8.24,1140,1320,180,-16.0,0.0,G74,1141,1335,194
TURN_0578,SIM_AC_0578,PAIRED_TURN,9E,NARROWBODY,40,45,flight_key_v1_3f712c73e70f1f0060803ec99cf95415,flight_key_v1_639d650437b83f5e6d85606e18e2b411,4983.0,5129.0,AEX,LFT,2024-01-01_9E_4983,1157,1347,190,1157,1356,199,4,0.2538,0.8199999928474426,5.9,1131,1323,192,-26.0,-24.0,G170,1142,1362,220
TURN_0579,SIM_AC_0579,PAIRED_TURN,DL,WIDEBODY,75,60,flight_key_v1_61654107c814a0f1966245d4755eb1de,flight_key_v1_658e81030598557848a3348d11f97b11,337.0,1601.0,SLC,IAH,2024-01-01_DL_337,1158,1360,202,1158,1371,213,5,0.3014,0.8999999761581421,6.22,1146,1374,228,-12.0,14.0,G38,1143,1375,232
TURN_0580,SIM_AC_0580,PAIRED_TURN,DL,NARROWBODY,40,45,flight_key_v1_65b950934fae3178cba8a3aef8d475b4,flight_key_v1_c5c9381548151180ccbeded4f1ba68ae,2995.0,896.0,FLL,SAN,2024-01-01_DL_2995,1158,1323,165,1160,1333,173,4,0.2915,2.2200000286102295,6.37,1134,1315,181,-24.0,-8.0,G88,1143,1338,195
TURN_0686,SIM_AC_0686,UNMATCHED_ARR,B6,NARROWBODY,40,45,flight_key_v1_35604d7756e5d2b3fc432580b13c24cd,,2614.0,,LGA,ATL,2024-01-01_B6_2614,1159,1204,45,1163,1217,54,9,0.5775,4.059999942779541,0.0,1135,1180,45,-24.0,0.0,G76,1146,1216,70
TURN_0026,SIM_AC_0026,PAIRED_TURN,WN,NARROWBODY,40,45,flight_key_v1_e16f0426088c29e1682c008fa777dda5,flight_key_v1_d7833aab96dc35b6e258351a5823c56e,2050.0,2050.0,DAL,LGA,2024-01-01_WN_2050,1160,1220,60,1164,1237,73,7,0.4938,4.96999979019165,10.19,1153,1218,65,-7.0,-2.0,G53,1147,1237,90
TURN_0687,SIM_AC_0687,UNMATCHED_ARR,AA,WIDEBODY,75,60,flight_key_v1_5c2d7360128f2f2f8808804e1a114cc1,,2403.0,,DFW,ATL,2024-01-01_AA_2403,1161,1221,60,1166,1233,67,7,0.4763,5.070000171661377,0.0,1186,1246,60,25.0,0.0,G137,1148,1253,105
TURN_0581,SIM_AC_0581,PAIRED_TURN,DL,NARROWBODY,40,45,flight_key_v1_5348b3f3f2feb7ed8da6be06cfc67102,flight_key_v1_24b507d23eaaab18f2abbe69a896516e,1660.0,2615.0,MCI,FSD,2024-01-01_DL_1660,1162,1330,168,1163,1340,177,4,0.2886,1.2300000190734863,6.88,1143,1317,174,-19.0,-13.0,G129,1147,1345,198
TURN_0582,SIM_AC_0582,PAIRED_TURN,9E,NARROWBODY,40,45,flight_key_v1_eb6c4530200bc9d67102ce02d915dc2f,flight_key_v1_18ebe13230fc229a4c132e6fb38066d4,5389.0,5346.0,BMI,LEX,2024-01-01_9E_5389,1164,1360,196,1165,1369,204,4,0.2741,1.090000033378601,5.81,1141,1356,215,-23.0,-4.0,G162,1149,1375,226
TURN_0846,SIM_AC_0846,UNMATCHED_DEP,WN,NARROWBODY,40,45,,flight_key_v1_1e737830c87c192944c152bc58f40bed,,2077.0,ATL,MDW,2024-01-01_WN_2077,1165,1210,45,1176,1226,50,5,0.3062,0.0,11.08,1164,1209,45,0.0,-1.0,G61,1153,1228,75
TURN_0059,SIM_AC_0059,PAIRED_TURN,WN,NARROWBODY,40,45,flight_key_v1_f4c93ed4713074a8fe3c17356019db51,flight_key_v1_ec65998a936adceeb9596000d50964e5,498.0,498.0,BWI,DAL,2024-01-01_WN_498,1170,1210,40,1174,1228,54,8,0.5264,4.96999979019165,10.26,1174,1219,45,4.0,9.0,G155,1157,1227,70
TURN_0583,SIM_AC_0583,PAIRED_TURN,DL,NARROWBODY,40,45,flight_key_v1_5a46e765818a9c2cb5f0ccc7bb00e00a,flight_key_v1_972e513c5bfd69e5526959f9ea6e8847,1671.0,2123.0,BHM,SYR,2024-01-01_DL_1671,1170,1336,166,1170,1345,175,3,0.2237,0.8199999928474426,6.3,1146,1327,181,-24.0,-9.0,G156,1155,1351,196
TURN_0584,SIM_AC_0584,PAIRED_TURN,DL,NARROWBODY,40,45,flight_key_v1_5843316ef8f52b900eb41df9761d7d61,flight_key_v1_0b257e265c6ef5789de493c580f2146d,32.0,805.0,DFW,LAS,2024-01-01_DL_32,1171,1345,174,1174,1358,184,6,0.3675,3.0299999713897705,7.45,1156,1338,182,-15.0,-7.0,G64,1157,1361,204
TURN_0068,SIM_AC_0068,PAIRED_TURN,YX,NARROWBODY,40,45,flight_key_v1_cf4271bd22402e3c825a6c765ff4379b,flight_key_v1_f1171143ead2fa9929ed58a649283a91,4375.0,4375.0,DCA,DCA,2024-01-01_YX_4375,1172,1228,56,1172,1238,66,4,0.2754,0.8199999928474426,6.24,1142,1228,86,-30.0,0.0,G131,1157,1243,86
TURN_0585,SIM_AC_0585,PAIRED_TURN,F9,NARROWBODY,40,45,flight_key_v1_2b923856069ca8cb7b2296a90e4e6d8f,flight_key_v1_619d76a8a23e3f8e5f1e15e40aed970e,2297.0,4891.0,PHL,PHX,2024-01-01_F9_2297,1174,1259,85,1177,1277,100,7,0.4869,3.740000009536743,11.61,1166,1278,112,-8.0,19.0,G66,1160,1275,115
TURN_0586,SIM_AC_0586,PAIRED_TURN,DL,NARROWBODY,40,45,flight_key_v1_ea7562073a8138bd319094191d965e55,flight_key_v1_33cc9e244c1c2f214af19896645353bc,488.0,2361.0,LAX,GNV,2024-01-01_DL_488,1175,1345,170,1177,1355,178,5,0.3138,2.119999885559082,5.9,1165,1407,242,-10.0,62.0,G56,1160,1360,200
TURN_0587,SIM_AC_0587,PAIRED_TURN,DL,NARROWBODY,40,45,flight_key_v1_6c9a730d56cefb68b045e8c71c840a2e,flight_key_v1_385b881c49207a56ed9fdc7dad59b769,2993.0,1162.0,MSP,MCO,2024-01-01_DL_2993,1178,1345,167,1179,1356,177,4,0.2759,1.2300000190734863,7.56,1158,1338,180,-20.0,-7.0,G120,1163,1360,197
TURN_0588,SIM_AC_0588,PAIRED_TURN,DL,NARROWBODY,40,45,flight_key_v1_0fe5a4febbed77fe9dc74f3440994a30,flight_key_v1_61535dda972e973dd9be43eca3a1390b,884.0,2133.0,SFO,RIC,2024-01-01_DL_884,1184,1345,161,1185,1355,170,5,0.3313,1.4199999570846558,5.9,1158,1341,183,-26.0,-4.0,G78,1169,1360,191
TURN_0688,SIM_AC_0688,UNMATCHED_ARR,WN,WIDEBODY,75,60,flight_key_v1_ff6300d0c4a86361a648bda9b84934af,,367.0,,STL,ATL,2024-01-01_WN_367,1185,1245,60,1188,1255,67,7,0.4857,3.740000009536743,0.0,1206,1266,60,21.0,0.0,G92,1171,1276,105
TURN_0689,SIM_AC_0689,UNMATCHED_ARR,9E,WIDEBODY,75,60,flight_key_v1_1c6d77d3784c6b821ce8f092e48dc05a,,5076.0,,LIT,ATL,2024-01-01_9E_5076,1185,1245,60,1185,1248,63,3,0.2181,0.8199999928474426,0.0,1164,1224,60,-21.0,0.0,G14,1170,1275,105
TURN_0847,SIM_AC_0847,UNMATCHED_DEP,WN,NARROWBODY,40,45,,flight_key_v1_a36cda993724500ccb33bea2ac732628,,367.0,ATL,LAS,2024-01-01_WN_367,1185,1230,45,1196,1246,50,5,0.3082,0.0,11.9,1211,1256,45,0.0,26.0,G01,1173,1248,75
TURN_0589,SIM_AC_0589,PAIRED_TURN,DL,NARROWBODY,40,45,flight_key_v1_c7b368adfc3d73b2d5e63f98f51e98d7,flight_key_v1_c3ced3d7a4d301977b387ce1b9b1bea6,2418.0,2642.0,MEM,PHL,2024-01-01_DL_2418,1186,1345,159,1186,1354,168,3,0.2316,0.8199999928474426,6.13,1160,1344,184,-26.0,-1.0,G86,1171,1360,189
TURN_0590,SIM_AC_0590,PAIRED_TURN,DL,WIDEBODY,75,60,flight_key_v1_f5a8003816d54354b6a9f221bb368d54,flight_key_v1_aef501c0850e13412e62eacf2f873f9b,938.0,2211.0,LGA,CLE,2024-01-01_DL_938,1187,1365,178,1188,1377,189,5,0.3255,1.090000033378601,7.66,1152,1358,206,-35.0,-7.0,G81,1172,1380,208
TURN_0848,SIM_AC_0848,UNMATCHED_DEP,WN,NARROWBODY,40,45,,flight_key_v1_2942c5893c3fae3dfcfa335c93a693b9,,2421.0,ATL,DCA,2024-01-01_WN_2421,1190,1235,45,1200,1250,50,5,0.3082,0.0,10.87,1192,1237,45,0.0,2.0,G158,1178,1253,75
TURN_0591,SIM_AC_0591,PAIRED_TURN,DL,NARROWBODY,40,45,flight_key_v1_87eb4332f4acb1b8885c750b88808103,flight_key_v1_c871175a3fa6ec296f03de56faa7ea9f,796.0,2861.0,PHX,CMH,2024-01-01_DL_796,1191,1345,154,1192,1355,163,4,0.2373,1.3300000429153442,6.07,1200,1336,136,9.0,-9.0,G16,1176,1360,184
TURN_0592,SIM_AC_0592,PAIRED_TURN,DL,NARROWBODY,40,45,flight_key_v1_fedfb92bb7e4d9ab89ecc4ec8cabccca,flight_key_v1_fe8e98f63df8fa10bc39cff821b01485,1334.0,1012.0,RDU,ECP,2024-01-01_DL_1334,1191,1349,158,1191,1359,168,4,0.2738,0.8199999928474426,6.57,1178,1346,168,-13.0,-3.0,G150,1176,1364,188
TURN_0593,SIM_AC_0593,PAIRED_TURN,DL,NARROWBODY,40,45,flight_key_v1_bb6f0f3257c4960be96b8fd0ee4ab6d4,flight_key_v1_3b0da26adf8c07b734b9171c948b653c,1110.0,2850.0,RSW,CHS,2024-01-01_DL_1110,1196,1349,153,1196,1357,161,3,0.2247,0.8199999928474426,5.74,1176,1339,163,-20.0,-10.0,G35,1181,1364,183
TURN_0594,SIM_AC_0594,PAIRED_TURN,DL,NARROWBODY,40,45,flight_key_v1_8a6a0babde70930574af74e3c95f02fa,flight_key_v1_4c257f8c96cffea640467e51ae75e511,945.0,2501.0,LAS,MEM,2024-01-01_DL_945,1197,1349,152,1199,1359,160,5,0.3177,2.3299999237060547,5.9,1196,1342,146,-1.0,-7.0,G85,1182,1364,182
TURN_0595,SIM_AC_0595,PAIRED_TURN,NK,NARROWBODY,40,45,flight_key_v1_f612d7d9f799ed66daa4a427af7f17c5,flight_key_v1_e6ea746038dc4c8bc69ee1ce463e8ee5,1440.0,805.0,MSY,LAS,2024-01-01_NK_1440,1198,1295,97,1202,1318,116,6,0.4051,4.309999942779541,17.79,1179,1328,149,-19.0,33.0,G169,1184,1311,127
TURN_0596,SIM_AC_0596,PAIRED_TURN,DL,NARROWBODY,40,45,flight_key_v1_02fd264aa103259e448ce6eeda657deb,flight_key_v1_e012cf3203bf3b02b1ad1c3095c6c076,1029.0,2372.0,MTJ,ROA,2024-01-01_DL_1029,1199,1350,151,1202,1360,158,4,0.2936,3.0299999713897705,6.07,1190,1343,153,-9.0,-7.0,G144,1184,1365,181
TURN_0597,SIM_AC_0597,PAIRED_TURN,DL,NARROWBODY,40,45,flight_key_v1_7b09a6c2a6a0fe756df99d2e4e3be488,flight_key_v1_d7081ff1702f799866d805d2c0bcdb2d,787.0,956.0,GEG,DEN,2024-01-01_DL_787,1199,1350,151,1199,1360,161,4,0.2337,0.9700000286102295,6.72,1214,1347,133,15.0,-3.0,G134,1184,1365,181
TURN_0598,SIM_AC_0598,PAIRED_TURN,DL,NARROWBODY,40,45,flight_key_v1_b1aa75022c5d54070c7790ce56a6c3a7,flight_key_v1_5f898579d9f6aec6fcdfe1a4cc598828,1347.0,2239.0,SAT,FLL,2024-01-01_DL_1347,1199,1350,151,1199,1360,161,4,0.2352,0.8199999928474426,6.94,1170,1346,176,-29.0,-4.0,G83,1184,1365,181
TURN_0599,SIM_AC_0599,PAIRED_TURN,WN,NARROWBODY,40,45,flight_key_v1_21d74905e710e2b354649ba74e0440e9,flight_key_v1_a903801e86a3f2c5219d28663bd5d4d2,2378.0,2257.0,PIT,CMH,2024-01-01_WN_2378,1200,1265,65,1203,1281,78,6,0.4142,3.740000009536743,10.83,1196,1270,74,-4.0,5.0,G03,1186,1281,95
TURN_0600,SIM_AC_0600,PAIRED_TURN,F9,NARROWBODY,40,45,flight_key_v1_8cf5e8172b4cf82df0e9f1324f1cd7f3,flight_key_v1_50bfe4e7f901704a69c383c957a21298,3975.0,2484.0,MCO,MIA,2024-01-01_F9_3975,1201,1275,74,1207,1296,89,10,0.6502,6.25,11.79,1414,1454,40,213.0,-11.0,G71,1190,1294,104
TURN_0601,SIM_AC_0601,PAIRED_TURN,DL,WIDEBODY,75,60,flight_key_v1_62f995c57758da33a54160c8fc3cc573,flight_key_v1_ac2eeac6f53238c1f139c2924ff81aba,988.0,2043.0,TPA,TUL,2024-01-01_DL_988,1202,1365,163,1203,1375,172,4,0.2469,1.809999942779541,6.32,1189,1362,173,-13.0,-3.0,G43,1187,1380,193
TURN_0690,SIM_AC_0690,UNMATCHED_ARR,9E,NARROWBODY,40,45,flight_key_v1_581e3357515f139b383166b8c1b873f3,,4958.0,,MLI,ATL,2024-01-01_9E_4958,1208,1253,45,1209,1260,51,6,0.3918,1.5,0.0,1173,1218,45,-35.0,0.0,G153,1193,1263,70
TURN_0602,SIM_AC_0602,PAIRED_TURN,DL,NARROWBODY,40,45,flight_key_v1_2ad48b057189418ac0e46bfa160bc6fb,flight_key_v1_4f94258bcd1c7c90b32aeae1185ca08c,1128.0,2940.0,BWI,DTW,2024-01-01_DL_1128,1209,1350,141,1211,1360,149,4,0.269,2.2200000286102295,6.13,1199,1349,150,-10.0,-1.0,G115,1194,1365,171
TURN_0603,SIM_AC_0603,PAIRED_TURN,DL,NARROWBODY,40,45,flight_key_v1_a373c637c273c433ef1d27caff8950bc,flight_key_v1_32cf146242549b4f0ceaaf3b9c6ad87f,1386.0,1292.0,MIA,EWR,2024-01-01_DL_1386,1209,1351,142,1211,1362,151,5,0.3242,2.2200000286102295,6.13,1266,1348,82,57.0,-3.0,G126,1194,1366,172
TURN_0604,SIM_AC_0604,PAIRED_TURN,DL,NARROWBODY,40,45,flight_key_v1_95107326481940b722e2711f4b5dbb2c,flight_key_v1_07b5029526d03b03a70b24da6beb47a9,512.0,2395.0,BOS,CVG,2024-01-01_DL_512,1210,1353,143,1212,1364,152,5,0.3152,2.2200000286102295,6.07,1186,1349,163,-24.0,-4.0,G106,1195,1368,173
TURN_0605,SIM_AC_0605,PAIRED_TURN,DL,WIDEBODY,75,60,flight_key_v1_be7584b4a3aa848428804fd461aa90c4,flight_key_v1_251ce540f62ca57093ebeba3c247d68b,1602.0,2970.0,DEN,MKE,2024-01-01_DL_1602,1210,1365,155,1213,1377,164,6,0.4033,3.0299999713897705,6.82,1197,1356,159,-13.0,-9.0,G121,1196,1381,185
TURN_0691,SIM_AC_0691,UNMATCHED_ARR,9E,NARROWBODY,40,45,flight_key_v1_2f91701e0085abea496b3c27133ada41,,5359.0,,AGS,ATL,2024-01-01_9E_5359,1210,1255,45,1212,1261,49,4,0.2568,2.2699999809265137,0.0,1187,1232,45,-23.0,0.0,G142,1195,1265,70
TURN_0606,SIM_AC_0606,PAIRED_TURN,DL,NARROWBODY,40,45,flight_key_v1_5413075a7a0dae8c000b1bd11602079b,flight_key_v1_e8992c7d2fbbed28617a3c31c96ae1b6,1742.0,2590.0,MCO,BWI,2024-01-01_DL_1742,1212,1354,142,1214,1365,151,5,0.3032,2.680000066757202,6.04,1263,1347,84,51.0,-7.0,G60,1197,1369,172
TURN_0607,SIM_AC_0607,PAIRED_TURN,DL,NARROWBODY,40,45,flight_key_v1_c13d0568fe731c43b2b552b8703f97cf,flight_key_v1_c412751f77d985fd5ea746da27185f43,904.0,1508.0,SMF,SAT,2024-01-01_DL_904,1212,1355,143,1212,1365,153,4,0.2406,0.9700000286102295,6.34,1206,1357,151,-6.0,2.0,G96,1197,1370,173
TURN_0608,SIM_AC_0608,PAIRED_TURN,DL,NARROWBODY,40,45,flight_key_v1_c47abf9e05580a1951f59de27b157e68,flight_key_v1_b727bb8e103bead2185b0daeec90b64c,2053.0,2091.0,DTW,DAB,2024-01-01_DL_2053,1213,1355,142,1214,1365,151,5,0.3513,1.2300000190734863,5.9,1180,1344,164,-33.0,-11.0,G31,1198,1370,172
TURN_0609,SIM_AC_0609,PAIRED_TURN,DL,NARROWBODY,40,45,flight_key_v1_c5191c7c4830a1c4b49db8c72ff3336c,flight_key_v1_913c61d0713c37f57a3623c4e17e1a1d,2479.0,2472.0,ORD,ROC,2024-01-01_DL_2479,1213,1355,142,1216,1368,152,7,0.443,3.0299999713897705,6.38,1214,1351,137,1.0,-4.0,G108,1199,1371,172
TURN_0610,SIM_AC_0610,PAIRED_TURN,DL,NARROWBODY,40,45,flight_key_v1_f5b4c076483b3eb5e5d35e6b190919b9,flight_key_v1_8eb6b406557c743fd09c9a77103480da,1548.0,1217.0,EYW,RSW,2024-01-01_DL_1548,1214,1355,141,1215,1366,151,5,0.3176,1.090000033378601,6.22,1190,1367,177,-24.0,12.0,G90,1199,1370,171
TURN_0611,SIM_AC_0611,PAIRED_TURN,DL,NARROWBODY,40,45,flight_key_v1_2139429ff4edff605cfeb7c4e1b0bf62,flight_key_v1_6695166e615ab9ff1934f41ca13c81cb,809.0,1310.0,SJC,MSP,2024-01-01_DL_809,1215,1355,140,1215,1365,150,3,0.2307,0.9700000286102295,7.36,1212,1353,141,-3.0,-2.0,G130,1200,1370,170
TURN_0612,SIM_AC_0612,PAIRED_TURN,DL,NARROWBODY,40,45,flight_key_v1_66caaca62495f9d2465890683e0fe271,flight_key_v1_1d57ec998aa43877dca94784d243b044,1362.0,2624.0,EGE,SDF,2024-01-01_DL_1362,1215,1355,140,1218,1364,146,4,0.2463,3.0299999713897705,5.9,1204,1346,142,-11.0,-9.0,G99,1200,1370,170
TURN_0613,SIM_AC_0613,PAIRED_TURN,F9,NARROWBODY,40,45,flight_key_v1_e8f629e5ad557cb7a5cdb3c04c027430,flight_key_v1_c460e0cdcdf086f56c4c45ac9cd71721,2144.0,1115.0,MDW,LAS,2024-01-01_F9_2144,1215,1292,77,1221,1311,90,8,0.5348,6.039999961853027,11.55,1210,1250,40,-5.0,814.0,G57,1203,1310,107
TURN_0614,SIM_AC_0614,PAIRED_TURN,DL,NARROWBODY,40,45,flight_key_v1_a98120c926264a61c73d979bec3db218,flight_key_v1_06c300e8d806b91e090e762af1305e2d,874.0,2807.0,BOI,JAN,2024-01-01_DL_874,1218,1355,137,1219,1364,145,4,0.2915,1.5,5.9,1211,1349,138,-7.0,-6.0,G135,1203,1370,167
TURN_0615,SIM_AC_0615,PAIRED_TURN,DL,NARROWBODY,40,45,flight_key_v1_8f209f8d500b35e17529eae27d4cf321,flight_key_v1_88ec819fa17cf074d7f159ba304d2a3b,2191.0,2749.0,MDW,BHM,2024-01-01_DL_2191,1219,1355,136,1221,1364,143,4,0.2626,2.2200000286102295,5.9,1196,1351,155,-23.0,-4.0,G167,1204,1370,166
TURN_0692,SIM_AC_0692,UNMATCHED_ARR,DL,WIDEBODY,75,60,flight_key_v1_8dee2aa840aad5f10a24431297cdb1ed,,2384.0,,AUS,ATL,2024-01-01_DL_2384,1219,1279,60,1219,1282,63,3,0.2216,0.8199999928474426,0.0,1210,1270,60,-9.0,0.0,G70,1204,1309,105
TURN_0616,SIM_AC_0616,PAIRED_TURN,WN,NARROWBODY,40,45,flight_key_v1_63b68a4aef351ed5567d527aa4e44c63,flight_key_v1_4ca4878b4f75142a3f16125856ea2223,2194.0,2354.0,MDW,BWI,2024-01-01_WN_2194,1220,1305,85,1224,1324,100,8,0.5268,4.96999979019165,11.89,1222,1311,89,2.0,6.0,G173,1207,1322,115
TURN_0617,SIM_AC_0617,PAIRED_TURN,WN,NARROWBODY,40,45,flight_key_v1_4f49f11625ef6bb8c0ad2adfb75eff5f,flight_key_v1_c32a90ad17470c5ebf4f370833c5b5b3,1637.0,2125.0,CMH,TPA,2024-01-01_WN_1637,1220,1310,90,1223,1326,103,6,0.4095,3.740000009536743,10.73,1207,1319,112,-13.0,9.0,G145,1206,1326,120
TURN_0618,SIM_AC_0618,PAIRED_TURN,DL,NARROWBODY,40,45,flight_key_v1_a09e56e96c7c7f3969b779bc5a66279d,flight_key_v1_a242c5fc0db4ba92bdcbbf89d6c81088,329.0,1495.0,SNA,PBI,2024-01-01_DL_329,1220,1358,138,1221,1369,148,5,0.3078,1.8300000429153442,6.82,1207,1356,149,-13.0,-2.0,G103,1205,1373,168
TURN_0619,SIM_AC_0619,PAIRED_TURN,DL,NARROWBODY,40,45,flight_key_v1_9f2c29e1d57257e595a41ce7bca6a16a,flight_key_v1_137f7cde5c368fb1fd9e59ff01e68569,2340.0,2276.0,MSY,JAX,2024-01-01_DL_2340,1220,1360,140,1221,1370,149,4,0.2558,1.3300000429153442,6.35,1212,1355,143,-8.0,-5.0,G101,1205,1375,170
TURN_0620,SIM_AC_0620,PAIRED_TURN,DL,NARROWBODY,40,45,flight_key_v1_d62ee264d2516559b12377ed604e458d,flight_key_v1_e2ac6c8c211fafbcad956fc60502e25a,2044.0,2307.0,FLL,GSO,2024-01-01_DL_2044,1220,1363,143,1222,1373,151,5,0.3044,2.2200000286102295,5.9,1277,1361,84,57.0,-2.0,G34,1205,1378,173
TURN_0693,SIM_AC_0693,UNMATCHED_ARR,DL,WIDEBODY,75,60,flight_key_v1_7d54b8af7135fbbfdf3f110c535287e8,,541.0,,ONT,ATL,2024-01-01_DL_541,1220,1280,60,1220,1284,64,4,0.2378,0.8999999761581421,0.0,1214,1274,60,-6.0,0.0,G165,1205,1310,105
TURN_0621,SIM_AC_0621,PAIRED_TURN,NK,NARROWBODY,40,45,flight_key_v1_188ac2bd7ee072d16bc7e90311f46f03,flight_key_v1_69d6b0eb7ea88bb17f0e347900ffaba1,2721.0,388.0,SJU,TPA,2024-01-01_NK_2721,1223,1375,152,1229,1396,167,6,0.4241,6.019999980926514,15.72,1231,1380,149,8.0,5.0,G54,1210,1392,182
TURN_0622,SIM_AC_0622,PAIRED_TURN,F9,NARROWBODY,40,45,flight_key_v1_14dbe33572384c9c973852060e85d29a,flight_key_v1_164b344f5dbfd096bd3dd397903d804a,3781.0,4103.0,TPA,DEN,2024-01-01_F9_3781,1234,1314,80,1240,1333,93,9,0.5787,6.539999961853027,10.42,1218,1350,132,-16.0,36.0,G10,1222,1332,110
TURN_0623,SIM_AC_0623,PAIRED_TURN,DL,NARROWBODY,40,45,flight_key_v1_438ceb060e3b605d3f6ab5c71928cd94,flight_key_v1_ff7cdbc6a40409c08b3e25f35c7e0ae0,1254.0,1037.0,HOU,FAY,2024-01-01_DL_1254,1234,1363,129,1235,1373,138,5,0.3216,1.5800000429153442,5.9,1211,1360,149,-23.0,-3.0,G80,1219,1378,159
TURN_0624,SIM_AC_0624,PAIRED_TURN,WN,NARROWBODY,40,45,flight_key_v1_103795950271c3332adf853de6e217f2,flight_key_v1_c21f9a0e27bdccfa7f5255d03f73eb3b,3448.0,1683.0,LGA,HOU,2024-01-01_WN_3448,1235,1315,80,1239,1333,94,8,0.5513,4.559999942779541,10.68,1220,1310,90,-15.0,-5.0,G172,1222,1332,110
TURN_0017,SIM_AC_0017,PAIRED_TURN,WN,NARROWBODY,40,45,flight_key_v1_61c91857cebd4a069f755693fd052745,flight_key_v1_d6ddf19878876c9651672c93d69bba63,1666.0,1666.0,BWI,DEN,2024-01-01_WN_1666,1240,1280,40,1245,1300,55,9,0.5699,5.650000095367432,11.15,1260,1302,42,20.0,22.0,G50,1228,1298,70
TURN_0625,SIM_AC_0625,PAIRED_TURN,NK,NARROWBODY,40,45,flight_key_v1_0e882489a45346f5b8e1cc1fedcb2311,flight_key_v1_ed9122cdcd723d28e56fe941b3f96ac0,1078.0,228.0,FLL,FLL,2024-01-01_NK_1078,1240,1401,161,1245,1425,180,8,0.5154,5.860000133514404,16.19,1254,1294,40,14.0,42.0,G119,1228,1419,191
TURN_0626,SIM_AC_0626,PAIRED_TURN,DL,NARROWBODY,40,45,flight_key_v1_6b42b5c1c6d451023ccf62574cb093f3,flight_key_v1_cdce43ab780223c7fdac6f4fd750f924,1608.0,2344.0,DCA,LIT,2024-01-01_DL_1608,1242,1364,122,1243,1373,130,4,0.2721,1.5800000429153442,5.9,1217,1352,135,-25.0,-12.0,G30,1227,1379,152
TURN_0627,SIM_AC_0627,PAIRED_TURN,DL,NARROWBODY,40,45,flight_key_v1_0c47eafd02a77a042eb63107bfbe7ec9,flight_key_v1_67817aba229c0b715897bab9b092a7d9,786.0,1335.0,PDX,AUS,2024-01-01_DL_786,1247,1364,117,1247,1373,126,3,0.2333,0.8999999761581421,6.95,1253,1373,120,6.0,9.0,G136,1232,1379,147
TURN_0694,SIM_AC_0694,UNMATCHED_ARR,DL,WIDEBODY,75,60,flight_key_v1_cd326a8dfc99b826bf7c2a0b0484d24b,,307.0,,JAC,ATL,2024-01-01_DL_307,1248,1308,60,1254,1321,67,7,0.4962,6.449999809265137,0.0,1256,1316,60,8.0,0.0,G164,1236,1341,105
TURN_0628,SIM_AC_0628,PAIRED_TURN,DL,NARROWBODY,40,45,flight_key_v1_a7b7d63d763e47776bb84b28b573ee2a,flight_key_v1_bd6f424a387bc7638a50954991c3c662,314.0,2068.0,PSP,BTR,2024-01-01_DL_314,1249,1365,116,1251,1376,125,6,0.4052,2.380000114440918,5.9,1257,1356,99,8.0,-9.0,G84,1234,1380,146
TURN_0039,SIM_AC_0039,PAIRED_TURN,WN,NARROWBODY,40,45,flight_key_v1_0df67ae806efed5e09d055e38816989a,flight_key_v1_18bf79fa0aaf189b3130e12d91bb26d0,2830.0,2830.0,MEM,RIC,2024-01-01_WN_2830,1250,1305,55,1254,1322,68,8,0.5115,4.559999942779541,9.94,1232,1311,79,-18.0,6.0,G15,1237,1322,85
TURN_0629,SIM_AC_0629,PAIRED_TURN,OO,NARROWBODY,40,45,flight_key_v1_6b9ecb54f686f8cb5e3711add32f4a03,flight_key_v1_771c03c2d20331e03d35ceb1153b8129,4147.0,3822.0,ASE,SHV,2024-01-01_OO_4147,1251,1295,44,1258,1309,51,9,0.6302,7.179999828338623,5.89,1222,1290,68,-29.0,-5.0,G117,1240,1314,74
TURN_0849,SIM_AC_0849,UNMATCHED_DEP,OO,WIDEBODY,75,60,,flight_key_v1_d1434566e56537bdf952e18c5649332f,,3689.0,ATL,MGM,2024-01-01_OO_3689,1254,1314,60,1259,1322,63,3,0.2316,0.0,5.64,1248,1308,60,0.0,-6.0,G155,1240,1330,90
TURN_0046,SIM_AC_0046,PAIRED_TURN,WN,NARROWBODY,40,45,flight_key_v1_3885865bf16b94c16ee8c70bf13fdc42,flight_key_v1_78a39cf8eae6537cf6965d156cb94ca0,3158.0,3158.0,MSY,RSW,2024-01-01_WN_3158,1255,1305,50,1260,1323,63,8,0.54,5.119999885559082,10.75,1256,1308,52,1.0,3.0,G44,1242,1322,80
TURN_0060,SIM_AC_0060,PAIRED_TURN,WN,NARROWBODY,40,45,flight_key_v1_660731749809f841ae27e0d6521aaa71,flight_key_v1_5d72a2db1d86acf0e14627105ca85b48,561.0,561.0,MKE,FLL,2024-01-01_WN_561,1255,1305,50,1260,1323,63,7,0.4594,5.789999961853027,11.14,1248,1308,60,-7.0,3.0,G148,1242,1322,80
TURN_0630,SIM_AC_0630,PAIRED_TURN,WN,NARROWBODY,40,45,flight_key_v1_ff608861e422cb346bc00e4473acaa47,flight_key_v1_d068febafe66130088ae89497a36bfe2,1778.0,4177.0,JAN,MCO,2024-01-01_WN_1778,1255,1325,70,1259,1342,83,7,0.4653,4.559999942779541,10.52,1235,1317,82,-20.0,-8.0,G174,1242,1342,100
TURN_0695,SIM_AC_0695,UNMATCHED_ARR,WN,WIDEBODY,75,60,flight_key_v1_96e3acac583184db177146c9eaed01dd,,1365.0,,MCI,ATL,2024-01-01_WN_1365,1255,1315,60,1260,1328,68,8,0.5141,5.789999961853027,0.0,1243,1303,60,-12.0,0.0,G160,1242,1347,105
TURN_0631,SIM_AC_0631,PAIRED_TURN,DL,NARROWBODY,40,45,flight_key_v1_f5747f83f8c21c2b05e2a3cecbd6cbd8,flight_key_v1_9441a027d078764d4dc1854b98c22f61,2862.0,818.0,OKC,DFW,2024-01-01_DL_2862,1259,1365,106,1263,1376,113,4,0.2574,4.380000114440918,7.55,1261,1361,100,2.0,-4.0,G98,1245,1381,136
TURN_0036,SIM_AC_0036,PAIRED_TURN,WN,NARROWBODY,40,45,flight_key_v1_330c9911bbdc8f3dcd829e0dc2610f04,flight_key_v1_1479d2fb8bbde9007195e012979e9823,2470.0,2470.0,AUS,PBI,2024-01-01_WN_2470,1260,1310,50,1264,1327,63,7,0.4722,4.769999980926514,10.76,1268,1326,58,8.0,16.0,G40,1247,1327,80
TURN_0050,SIM_AC_0050,PAIRED_TURN,WN,NARROWBODY,75,45,flight_key_v1_62ae723cf5a9c2fca73ca491d6a86a44,flight_key_v1_f83957d83d4888f5561b52d233a5f76b,3467.0,3467.0,PHX,RDU,2024-01-01_WN_3467,1260,1310,50,1265,1348,83,8,0.5326,5.119999885559082,10.31,1257,1310,53,-3.0,0.0,G02,1247,1327,80
TURN_0696,SIM_AC_0696,UNMATCHED_ARR,AA,WIDEBODY,75,60,flight_key_v1_2ad637bfaee41c04080fe629e8eb4ea6,,1045.0,,MIA,ATL,2024-01-01_AA_1045,1260,1320,60,1265,1332,67,7,0.4934,5.179999828338623,0.0,1353,1413,60,93.0,0.0,G47,1247,1352,105
TURN_0020,SIM_AC_0020,PAIRED_TURN,WN,NARROWBODY,40,45,flight_key_v1_67a71514ef0779c532696714aaed6ff6,flight_key_v1_28e05103500f188c70f9fcf909714bca,1917.0,1917.0,SAT,SRQ,2024-01-01_WN_1917,1265,1310,45,1269,1326,57,7,0.4686,4.559999942779541,9.93,1248,1309,61,-17.0,-1.0,G26,1252,1327,75
TURN_0056,SIM_AC_0056,PAIRED_TURN,WN,NARROWBODY,40,45,flight_key_v1_d4bb66a377c38b4bc03fa71b2bbb75be,flight_key_v1_ccec7b9192034fcaeaf5c2bc8686a970,429.0,429.0,DEN,GSP,2024-01-01_WN_429,1265,1310,45,1270,1329,59,9,0.5762,5.650000095367432,10.83,1277,1318,41,12.0,8.0,G20,1253,1328,75
TURN_0697,SIM_AC_0697,UNMATCHED_ARR,WN,WIDEBODY,75,60,flight_key_v1_135f279c6d2d569063acbf3e9bacd240,,1683.0,,TPA,ATL,2024-01-01_WN_1683,1265,1325,60,1270,1338,68,8,0.504,5.46999979019165,0.0,1255,1315,60,-10.0,0.0,G139,1252,1357,105
TURN_0698,SIM_AC_0698,UNMATCHED_ARR,WN,NARROWBODY,40,45,flight_key_v1_343a30b4ba786481a179e21dffc02136,,2415.0,,BNA,ATL,2024-01-01_WN_2415,1265,1310,45,1269,1322,53,8,0.5302,4.559999942779541,0.0,1244,1289,45,-21.0,0.0,G11,1252,1322,70
TURN_0699,SIM_AC_0699,UNMATCHED_ARR,WN,NARROWBODY,40,45,flight_key_v1_951c358992e02af842af3ec53849f852,,336.0,,IND,ATL,2024-01-01_WN_336,1265,1310,45,1269,1321,52,7,0.4652,4.559999942779541,0.0,1250,1295,45,-15.0,0.0,G29,1252,1322,70
TURN_0632,SIM_AC_0632,PAIRED_TURN,DL,NARROWBODY,40,45,flight_key_v1_bc961a526ad272852301c35612888518,flight_key_v1_725d68121dabe2c50562e1a12b3b0260,2364.0,1423.0,OMA,ORD,2024-01-01_DL_2364,1266,1365,99,1270,1377,107,5,0.3127,4.380000114440918,7.84,1252,1359,107,-14.0,-6.0,G175,1252,1381,129
TURN_0633,SIM_AC_0633,PAIRED_TURN,DL,NARROWBODY,40,45,flight_key_v1_2cca7cfd95dd9301788dc16148b05b14,flight_key_v1_35820ca62cdcb24c3cf2f67e5e3e03a4,555.0,2819.0,LAS,CLT,2024-01-01_DL_555,1270,1365,95,1273,1376,103,5,0.3579,3.130000114440918,6.03,1259,1359,100,-11.0,-6.0,G166,1256,1381,125
TURN_0700,SIM_AC_0700,UNMATCHED_ARR,DL,WIDEBODY,75,60,flight_key_v1_709ee3924af6c84eee1eaf442a3b57ba,,1946.0,,SJU,ATL,2024-01-01_DL_1946,1270,1330,60,1273,1337,64,4,0.2878,3.890000104904175,0.0,1275,1335,60,5.0,0.0,G116,1256,1361,105
TURN_0701,SIM_AC_0701,UNMATCHED_ARR,WN,NARROWBODY,40,45,flight_key_v1_c111a3cfc252553e8b6e8fb6acf82da6,,3354.0,,FLL,ATL,2024-01-01_WN_3354,1270,1315,45,1275,1329,54,9,0.5737,5.860000133514404,0.0,1275,1320,45,5.0,0.0,G107,1258,1328,70
TURN_0702,SIM_AC_0702,UNMATCHED_ARR,YX,WIDEBODY,75,60,flight_key_v1_62069195a730184620a47289aa39a4ea,,4277.0,,PHL,ATL,2024-01-01_YX_4277,1274,1334,60,1275,1340,65,5,0.326,1.5800000429153442,0.0,1242,1302,60,-32.0,0.0,G06,1259,1364,105
TURN_0048,SIM_AC_0048,PAIRED_TURN,WN,NARROWBODY,40,45,flight_key_v1_c7e7f04fb0190d403fc0092ce0087a99,flight_key_v1_5d4359c80294b5b2502039302af195fe,3452.0,3452.0,DCA,JAX,2024-01-01_WN_3452,1275,1315,40,1279,1332,53,7,0.4605,4.559999942779541,10.45,1297,1337,40,22.0,22.0,G109,1262,1332,70
TURN_0634,SIM_AC_0634,PAIRED_TURN,DL,NARROWBODY,40,45,flight_key_v1_28fdaf1d97b1bed69e5bacd3767ba785,flight_key_v1_846a431a8e36386b7605830c7feeadf9,804.0,2029.0,IAH,MOB,2024-01-01_DL_804,1275,1365,90,1278,1376,98,6,0.3906,3.130000114440918,5.9,1257,1356,99,-18.0,-9.0,G21,1261,1381,120
TURN_0635,SIM_AC_0635,PAIRED_TURN,DL,NARROWBODY,40,45,flight_key_v1_aea9b3e17a43ef0839572f1c0985ed99,flight_key_v1_777d0c3394c677c182bbbb692ba25d88,2735.0,2212.0,BDL,GSP,2024-01-01_DL_2735,1280,1369,89,1281,1378,97,4,0.2691,1.5800000429153442,5.9,1251,1362,111,-29.0,-7.0,G118,1265,1384,119
TURN_0636,SIM_AC_0636,PAIRED_TURN,DL,NARROWBODY,40,45,flight_key_v1_82e28cae6ca59890c50d44a5b76114e8,flight_key_v1_b3f3bdd7b7badeae5cc527e5780743fa,2106.0,2549.0,CHS,IAD,2024-01-01_DL_2106,1284,1370,86,1285,1380,95,4,0.2571,1.5800000429153442,6.14,1262,1375,113,-22.0,5.0,G157,1269,1385,116
TURN_0703,SIM_AC_0703,UNMATCHED_ARR,WN,NARROWBODY,40,45,flight_key_v1_494d5d16224ca663c70bf5b281425cc0,,2359.0,,DAL,ATL,2024-01-01_WN_2359,1290,1335,45,1294,1347,53,8,0.5082,4.96999979019165,0.0,1282,1327,45,-8.0,0.0,G23,1277,1347,70
TURN_0704,SIM_AC_0704,UNMATCHED_ARR,UA,NARROWBODY,40,45,flight_key_v1_30726e0a12de5b3175cec29c86f26d64,,357.0,,ORD,ATL,2024-01-01_UA_357,1291,1336,45,1295,1347,52,7,0.4839,4.800000190734863,0.0,1266,1311,45,-25.0,0.0,G111,1278,1348,70
TURN_0637,SIM_AC_0637,PAIRED_TURN,DL,NARROWBODY,40,45,flight_key_v1_807e883e55eeab86de000b140bb6e18b,flight_key_v1_608e4cbb80bf58716171fe3db9b55a08,905.0,2327.0,SLC,CHA,2024-01-01_DL_905,1294,1370,76,1295,1380,85,5,0.3012,1.2300000190734863,5.9,1274,1363,89,-20.0,-7.0,G22,1279,1385,106
TURN_0638,SIM_AC_0638,PAIRED_TURN,DL,NARROWBODY,40,45,flight_key_v1_cd2bde6ac9f7cdda5ac77b0c64be5ffe,flight_key_v1_485525b51e142c83fa73c72cf32cbdfa,374.0,2603.0,DFW,PIT,2024-01-01_DL_374,1295,1370,75,1297,1382,85,4,0.2802,2.2200000286102295,8.03,1285,1373,88,-10.0,3.0,G01,1280,1385,105
TURN_0639,SIM_AC_0639,PAIRED_TURN,DL,NARROWBODY,40,45,flight_key_v1_92c4342ecda6cba487872815a2576385,flight_key_v1_22a0c9227354f00ff63ca82eeacefc3d,352.0,2860.0,PHX,SAV,2024-01-01_DL_352,1298,1371,73,1299,1381,82,4,0.2425,1.3300000429153442,6.15,1281,1361,80,-17.0,-10.0,G33,1283,1386,103
TURN_0705,SIM_AC_0705,UNMATCHED_ARR,F9,WIDEBODY,75,60,flight_key_v1_38a452fc348c54f9708b6362a80ea75c,,1596.0,,ORD,ATL,2024-01-01_F9_1596,1298,1358,60,1304,1373,69,9,0.5726,6.619999885559082,0.0,1292,1352,60,-6.0,0.0,G104,1286,1391,105
TURN_0640,SIM_AC_0640,PAIRED_TURN,DL,NARROWBODY,40,45,flight_key_v1_2f486210b03044c87fc5e82e3bb686ec,flight_key_v1_ba8429c2f04fa55927a5d5598c4b75f2,2639.0,2504.0,EWR,TLH,2024-01-01_DL_2639,1299,1372,73,1301,1383,82,6,0.3976,2.2200000286102295,5.9,1262,1365,103,-37.0,-7.0,G42,1284,1387,103
TURN_0706,SIM_AC_0706,UNMATCHED_ARR,WN,NARROWBODY,40,45,flight_key_v1_da01919fec883aef6ee17916b6133e99,,3655.0,,MCO,ATL,2024-01-01_WN_3655,1300,1345,45,1305,1359,54,9,0.5763,5.179999828338623,0.0,1314,1359,45,14.0,0.0,G154,1287,1357,70
TURN_0707,SIM_AC_0707,UNMATCHED_ARR,DL,WIDEBODY,75,60,flight_key_v1_b9a946b0d9a5a384641eee8a7bc98a21,,2902.0,,IAD,ATL,2024-01-01_DL_2902,1302,1362,60,1303,1367,64,4,0.268,1.809999942779541,0.0,1268,1328,60,-34.0,0.0,G49,1287,1392,105
TURN_0641,SIM_AC_0641,PAIRED_TURN,DL,NARROWBODY,40,45,flight_key_v1_f959d541c791945437e4d715eb6b081e,flight_key_v1_ad5b7291e9c2719509263d1b40adfede,2049.0,2196.0,DAL,RDU,2024-01-01_DL_2049,1303,1374,71,1305,1384,79,4,0.2734,2.2200000286102295,6.63,1299,1368,69,-4.0,-6.0,G63,1288,1389,101
TURN_0642,SIM_AC_0642,PAIRED_TURN,DL,NARROWBODY,40,45,flight_key_v1_9814fb375c7c5f1241de5c6f8e4dade9,flight_key_v1_18a9a5b59a469371e1d25e7cee4f38f2,324.0,2732.0,SFO,STL,2024-01-01_DL_324,1304,1375,71,1305,1386,81,5,0.3027,1.809999942779541,6.82,1295,1386,91,-9.0,11.0,G32,1289,1390,101
TURN_0643,SIM_AC_0643,PAIRED_TURN,F9,NARROWBODY,40,45,flight_key_v1_20389b08eb92227bfd6626ae302d294b,flight_key_v1_8aec5c8af88537cd841b7db70b2eedb9,2983.0,4559.0,TTN,LAS,2024-01-01_F9_2983,1306,1361,55,1312,1379,67,7,0.4763,6.25,11.19,1283,1323,40,-23.0,104.0,G08,1293,1378,85
TURN_0644,SIM_AC_0644,PAIRED_TURN,DL,NARROWBODY,40,45,flight_key_v1_6dd0f6dae7b325f088e2f74413024714,flight_key_v1_f26979e1ecae8bee8b1985c85357082b,545.0,2139.0,LGA,CAE,2024-01-01_DL_545,1307,1375,68,1308,1385,77,5,0.3322,1.090000033378601,5.9,1266,1359,93,-41.0,-16.0,G07,1292,1390,98
TURN_0645,SIM_AC_0645,PAIRED_TURN,DL,NARROWBODY,40,45,flight_key_v1_f9179c0f8d61ee94d1a61ffd59b88742,flight_key_v1_4a31ba917997796c92cd56e0ac60d4f3,385.0,2369.0,BOS,BNA,2024-01-01_DL_385,1308,1375,67,1310,1385,75,5,0.3109,2.2200000286102295,5.9,1298,1368,70,-10.0,-7.0,G04,1293,1390,97
TURN_0708,SIM_AC_0708,UNMATCHED_ARR,NK,NARROWBODY,40,45,flight_key_v1_08663631c90da96f539e87ba515bf89a,,3878.0,,DTW,ATL,2024-01-01_NK_3878,1308,1353,45,1312,1364,52,7,0.4916,4.53000020980835,0.0,1317,1362,45,9.0,0.0,G62,1295,1365,70
TURN_0646,SIM_AC_0646,PAIRED_TURN,DL,NARROWBODY,40,45,flight_key_v1_2442c378c3ba6e558872b7a8c1282c0f,flight_key_v1_caef80b7e0084fe364a61a6639694ac8,638.0,1253.0,SAN,TPA,2024-01-01_DL_638,1310,1375,65,1310,1386,76,4,0.2413,0.8199999928474426,7.11,1295,1383,88,-15.0,8.0,G14,1295,1390,95
TURN_0647,SIM_AC_0647,PAIRED_TURN,DL,NARROWBODY,40,45,flight_key_v1_acb324ff47feeb867a44c04b06bbf126,flight_key_v1_cd57e266024a229893e7a59b21f622ac,2171.0,1324.0,SEA,MIA,2024-01-01_DL_2171,1310,1380,70,1311,1392,81,5,0.3372,1.809999942779541,7.97,1332,1377,45,22.0,-3.0,G46,1295,1395,100
TURN_0648,SIM_AC_0648,PAIRED_TURN,DL,NARROWBODY,40,45,flight_key_v1_c91f0982b003b90b0d5f063306e608b7,flight_key_v1_2fd92731ab3058709819f48a69a4f869,700.0,2224.0,LAX,MSY,2024-01-01_DL_700,1310,1380,70,1312,1391,79,5,0.3117,2.2200000286102295,6.03,1284,1375,91,-26.0,-5.0,G52,1295,1395,100
TURN_0850,SIM_AC_0850,UNMATCHED_DEP,NK,WIDEBODY,75,60,,flight_key_v1_314cab7643bf9da235b70e29dcc96bd4,,2063.0,ATL,MCO,2024-01-01_NK_2063,1310,1370,60,1325,1390,65,5,0.3137,0.0,15.85,1336,1396,60,0.0,26.0,G73,1299,1389,90
TURN_0709,SIM_AC_0709,UNMATCHED_ARR,AA,NARROWBODY,40,45,flight_key_v1_282093793c346e18c90ccc546946871d,,763.0,,CLT,ATL,2024-01-01_AA_763,1311,1356,45,1315,1366,51,6,0.3726,4.099999904632568,0.0,1357,1402,45,46.0,0.0,G138,1297,1367,70
TURN_0710,SIM_AC_0710,UNMATCHED_ARR,UA,NARROWBODY,40,45,flight_key_v1_26d402da4fa55682be8a7db13627d456,,1640.0,,IAH,ATL,2024-01-01_UA_1640,1316,1361,45,1320,1371,51,6,0.3825,4.03000020980835,0.0,1298,1343,45,-18.0,0.0,G61,1302,1372,70
TURN_0711,SIM_AC_0711,UNMATCHED_ARR,NK,NARROWBODY,40,45,flight_key_v1_4782d6ddc131a8d6f93b33cba46c9964,,1082.0,,MSP,ATL,2024-01-01_NK_1082,1319,1364,45,1323,1375,52,7,0.4695,4.53000020980835,0.0,1337,1382,45,18.0,0.0,G19,1306,1376,70
TURN_0712,SIM_AC_0712,UNMATCHED_ARR,WN,NARROWBODY,40,45,flight_key_v1_43c1653d1c5a6404223117a066418860,,2685.0,,HOU,ATL,2024-01-01_WN_2685,1320,1365,45,1323,1375,52,7,0.4712,3.740000009536743,0.0,1323,1368,45,3.0,0.0,G161,1306,1376,70
TURN_0713,SIM_AC_0713,UNMATCHED_ARR,AA,NARROWBODY,40,45,flight_key_v1_4aae2731f58fa7bd719731baaaa0b871,,2779.0,,ORD,ATL,2024-01-01_AA_2779,1322,1367,45,1326,1379,53,8,0.5059,4.860000133514404,0.0,1329,1374,45,7.0,0.0,G149,1309,1379,70
TURN_0714,SIM_AC_0714,UNMATCHED_ARR,NK,NARROWBODY,40,45,flight_key_v1_6311893a75ad68cd5365272fa3327759,,386.0,,TPA,ATL,2024-01-01_NK_386,1325,1370,45,1329,1380,51,6,0.3674,4.78000020980835,0.0,1315,1360,45,-10.0,0.0,G70,1311,1381,70
TURN_0851,SIM_AC_0851,UNMATCHED_DEP,OO,NARROWBODY,40,45,,flight_key_v1_7620247d85e71dc540d574d2833c0adf,,3700.0,ATL,AGS,2024-01-01_OO_3700,1329,1374,45,1334,1382,48,3,0.2316,0.0,5.76,1324,1369,45,0.0,-5.0,G27,1315,1390,75
TURN_0715,SIM_AC_0715,UNMATCHED_ARR,AA,NARROWBODY,40,45,flight_key_v1_69a794c75857ac8eed757585bceb352f,,2072.0,,DFW,ATL,2024-01-01_AA_2072,1332,1377,45,1336,1387,51,6,0.4326,4.489999771118164,0.0,1361,1406,45,29.0,0.0,G158,1318,1388,70
TURN_0716,SIM_AC_0716,UNMATCHED_ARR,YX,NARROWBODY,40,45,flight_key_v1_507726912101b1d40d3cdaddbb4e1bcb,,4623.0,,DCA,ATL,2024-01-01_YX_4623,1333,1378,45,1333,1382,49,4,0.2822,0.8199999928474426,0.0,1296,1341,45,-37.0,0.0,G110,1318,1388,70
TURN_0717,SIM_AC_0717,UNMATCHED_ARR,UA,WIDEBODY,75,60,flight_key_v1_efd9148213111ccf4fe623a7a95df84b,,1305.0,,DEN,ATL,2024-01-01_UA_1305,1336,1396,60,1340,1405,65,5,0.3581,4.03000020980835,0.0,1321,1381,60,-15.0,0.0,G163,1322,1427,105
TURN_0649,SIM_AC_0649,PAIRED_TURN,DL,NARROWBODY,40,45,flight_key_v1_cedb0e134c3cef7e1713bcc024977427,flight_key_v1_62b03f398ccd5c33259cd59616558709,2512.0,2946.0,JFK,HSV,2024-01-01_DL_2512,1339,1380,41,1341,1389,48,4,0.2957,2.2200000286102295,5.64,1308,1369,61,-31.0,-11.0,G124,1324,1395,71
TURN_0718,SIM_AC_0718,UNMATCHED_ARR,DL,WIDEBODY,75,60,flight_key_v1_de9cf48f7479fa98d43dbb71b4cb674c,,1293.0,,MSP,ATL,2024-01-01_DL_1293,1341,1401,60,1342,1406,64,4,0.2916,1.2300000190734863,0.0,1316,1376,60,-25.0,0.0,G66,1326,1431,105
TURN_0719,SIM_AC_0719,UNMATCHED_ARR,NK,NARROWBODY,40,45,flight_key_v1_77dd626f21f697b7d38507036a450744,,226.0,,FLL,ATL,2024-01-01_NK_226,1346,1391,45,1351,1403,52,7,0.4562,5.179999828338623,0.0,1370,1415,45,24.0,0.0,G77,1333,1403,70
TURN_0720,SIM_AC_0720,UNMATCHED_ARR,AA,NARROWBODY,40,45,flight_key_v1_ec81253af84bd80ad7ebd255c4ae9b60,,809.0,,PHX,ATL,2024-01-01_AA_809,1361,1406,45,1364,1414,50,5,0.3652,3.619999885559082,0.0,1355,1400,45,-6.0,0.0,G141,1347,1417,70
TURN_0721,SIM_AC_0721,UNMATCHED_ARR,F9,NARROWBODY,40,45,flight_key_v1_43d17c1fc8dc6749ad24ab8c40fd3636,,3603.0,,CLE,ATL,2024-01-01_F9_3603,1361,1406,45,1366,1418,52,7,0.4809,5.860000133514404,0.0,1397,1439,42,36.0,0.0,G03,1348,1418,70
TURN_0722,SIM_AC_0722,UNMATCHED_ARR,WN,NARROWBODY,40,45,flight_key_v1_303a20295e7bfa7766c9ac38ad712b46,,1582.0,,STL,ATL,2024-01-01_WN_1582,1370,1415,45,1373,1425,52,7,0.4921,3.740000009536743,0.0,1365,1410,45,-5.0,0.0,G153,1356,1426,70
TURN_0723,SIM_AC_0723,UNMATCHED_ARR,DL,NARROWBODY,40,45,flight_key_v1_001c5e86fadf4c2e26754de7a9c410e7,,953.0,,DFW,ATL,2024-01-01_DL_953,1377,1422,45,1379,1428,49,4,0.28,2.2200000286102295,0.0,1359,1404,45,-18.0,0.0,G36,1362,1432,70
TURN_0724,SIM_AC_0724,UNMATCHED_ARR,F9,NARROWBODY,40,45,flight_key_v1_4bdee7a45acedf2dc7975c515a6a52eb,,1101.0,,PHL,ATL,2024-01-01_F9_1101,1377,1422,45,1380,1432,52,7,0.4768,3.740000009536743,0.0,1345,1390,45,-32.0,0.0,G51,1363,1433,70
TURN_0725,SIM_AC_0725,UNMATCHED_ARR,DL,NARROWBODY,40,45,flight_key_v1_8eeb9684c36b13fc9183394b25edcf1f,,1791.0,,SJU,ATL,2024-01-01_DL_1791,1377,1422,45,1379,1428,49,4,0.2516,2.9800000190734863,0.0,1369,1414,45,-8.0,0.0,G117,1362,1432,70
TURN_0726,SIM_AC_0726,UNMATCHED_ARR,F9,WIDEBODY,75,60,flight_key_v1_d587ef0fc69b891530e0028b56fb0b04,,3309.0,,SJU,ATL,2024-01-01_F9_3309,1378,1438,60,1385,1439,54,10,0.6372,7.090000152587891,0.0,1395,1439,44,17.0,0.0,G173,1367,1472,105
TURN_0727,SIM_AC_0727,UNMATCHED_ARR,DL,NARROWBODY,40,45,flight_key_v1_c545301006737283bf8001e9df1264c0,,2553.0,,FLL,ATL,2024-01-01_DL_2553,1379,1424,45,1381,1430,49,4,0.2881,2.2200000286102295,0.0,1363,1408,45,-16.0,0.0,G147,1364,1434,70
TURN_0728,SIM_AC_0728,UNMATCHED_ARR,WN,NARROWBODY,40,45,flight_key_v1_16816064bfe4809e054fcdf8f1da4b72,,1731.0,,BWI,ATL,2024-01-01_WN_1731,1380,1425,45,1389,1439,50,10,0.6953,9.899999618530273,0.0,1364,1409,45,-16.0,0.0,G140,1371,1441,70
TURN_0729,SIM_AC_0729,UNMATCHED_ARR,DL,NARROWBODY,40,45,flight_key_v1_d6db25c424a54bce7913688f2d760814,,840.0,,DEN,ATL,2024-01-01_DL_840,1390,1435,45,1392,1439,47,4,0.2859,2.2200000286102295,0.0,1374,1419,45,-16.0,0.0,G139,1375,1445,70
TURN_0730,SIM_AC_0730,UNMATCHED_ARR,WN,NARROWBODY,40,45,flight_key_v1_3859529b9187662df97652793fa59e64,,3626.0,,MCO,ATL,2024-01-01_WN_3626,1390,1435,45,1395,1439,44,8,0.5621,5.179999828338623,0.0,1384,1429,45,-6.0,0.0,G129,1377,1447,70
TURN_0731,SIM_AC_0731,UNMATCHED_ARR,NK,NARROWBODY,40,45,flight_key_v1_f0ad0ec3a752ba2c55837109f05c1198,,746.0,,RSW,ATL,2024-01-01_NK_746,1398,1439,41,1402,1439,37,5,0.3301,4.059999942779541,0.0,1407,1439,32,9.0,0.0,G120,1384,1454,70
TURN_0732,SIM_AC_0732,UNMATCHED_ARR,NK,NARROWBODY,40,45,flight_key_v1_0d7026795ad70e56dc5ab8c45fa64de6,,1232.0,,FLL,ATL,2024-01-01_NK_1232,1406,1439,33,1411,1439,28,7,0.4539,5.179999828338623,0.0,1405,1439,34,-1.0,0.0,G125,1393,1463,70
TURN_0733,SIM_AC_0733,UNMATCHED_ARR,DL,NARROWBODY,40,45,flight_key_v1_aa4c4c2d4e46a0fb2c374dce20ded6db,,907.0,,SLC,ATL,2024-01-01_DL_907,1412,1439,27,1412,1439,27,4,0.26,0.8199999928474426,0.0,1418,1439,21,6.0,0.0,G105,1397,1467,70
TURN_0734,SIM_AC_0734,UNMATCHED_ARR,B6,NARROWBODY,40,45,flight_key_v1_e8b877e62e8451500e9d9cf0499b652c,,2514.0,,LGA,ATL,2024-01-01_B6_2514,1414,1439,25,1418,1439,21,9,0.6253,4.059999942779541,0.0,1376,1421,45,-38.0,0.0,G82,1401,1471,70
TURN_0735,SIM_AC_0735,UNMATCHED_ARR,DL,NARROWBODY,40,45,flight_key_v1_bc0e47488b7d5a4b08217921897b26c9,,395.0,,LAX,ATL,2024-01-01_DL_395,1416,1439,23,1418,1439,21,5,0.3193,2.2200000286102295,0.0,1397,1439,42,-19.0,0.0,G154,1401,1471,70
TURN_0736,SIM_AC_0736,UNMATCHED_ARR,NK,NARROWBODY,40,45,flight_key_v1_69da2087b8579df504c5349145492ce3,,635.0,,ORD,ATL,2024-01-01_NK_635,1425,1439,14,1430,1439,9,8,0.5621,5.550000190734863,0.0,94,139,45,109.0,0.0,G112,1413,1483,70
TURN_0737,SIM_AC_0737,UNMATCHED_ARR,WN,NARROWBODY,40,45,flight_key_v1_70fb1a40c4c3adfc56ad4263a0f8a009,,2875.0,,HOU,ATL,2024-01-01_WN_2875,1425,1439,14,1428,1439,11,7,0.4775,3.740000009536743,0.0,1413,1439,26,-12.0,0.0,G101,1411,1481,70
TURN_0738,SIM_AC_0738,UNMATCHED_ARR,WN,NARROWBODY,40,45,flight_key_v1_d54529bb7c804afb8f0181b989d7c9ea,,3752.0,,MDW,ATL,2024-01-01_WN_3752,1425,1439,14,1430,1439,9,9,0.6,5.550000190734863,0.0,1404,1439,35,-21.0,0.0,G175,1413,1483,70
TURN_0739,SIM_AC_0739,UNMATCHED_ARR,UA,NARROWBODY,40,45,flight_key_v1_2c9dbad91a847b92392fdb99c139c7f1,,673.0,,EWR,ATL,2024-01-01_UA_673,1428,1439,11,1432,1439,7,7,0.4813,4.03000020980835,0.0,9,54,45,21.0,0.0,G59,1414,1484,70
TURN_0740,SIM_AC_0740,UNMATCHED_ARR,AA,NARROWBODY,40,45,flight_key_v1_3c8d13489f389fe199a304c061ad37c8,,2749.0,,DFW,ATL,2024-01-01_AA_2749,1430,1439,9,1434,1439,5,7,0.4441,4.489999771118164,0.0,1425,1439,14,-5.0,0.0,G113,1416,1486,70
TURN_0741,SIM_AC_0741,UNMATCHED_ARR,B6,NARROWBODY,40,45,flight_key_v1_15bed7a2cdf8297154f7ba75eb7d9353,,568.0,,FLL,ATL,2024-01-01_B6_568,1433,1439,6,1439,1439,0,10,0.6567,6.25,0.0,122,167,45,129.0,0.0,G151,1422,1492,70
TURN_0742,SIM_AC_0742,UNMATCHED_ARR,AA,NARROWBODY,40,45,flight_key_v1_104848b72bfac3bbb7efd45f46e7850e,,2542.0,,CLT,ATL,2024-01-01_AA_2542,1433,1439,6,1437,1439,2,5,0.3638,4.099999904632568,0.0,1408,1439,31,-25.0,0.0,G38,1419,1489,70
TURN_0743,SIM_AC_0743,UNMATCHED_ARR,WN,NARROWBODY,40,45,flight_key_v1_81e3eba90208ccf70c0a4c3e9293977b,,1566.0,,AUS,ATL,2024-01-01_WN_1566,1435,1439,4,1438,1439,1,7,0.4518,3.950000047683716,0.0,1415,1439,24,-20.0,0.0,G121,1421,1491,70
TURN_0744,SIM_AC_0744,UNMATCHED_ARR,DL,WIDEBODY,75,60,flight_key_v1_4136d5bfb9518761d5fd3fae07f29685,,2274.0,,JFK,ATL,2024-01-01_DL_2274,1437,1439,2,1439,1439,0,4,0.2951,2.2200000286102295,0.0,1392,1439,47,-45.0,0.0,G68,1422,1527,105
TURN_0745,SIM_AC_0745,UNMATCHED_ARR,AS,NARROWBODY,40,45,flight_key_v1_6a7c49ea22731dce33e15f9d5babb1c5,,492.0,,SEA,ATL,2024-01-01_AS_492,1439,1439,0,0,51,51,6,0.4188,1.809999942779541,0.0,1427,1439,12,-12.0,0.0,G69,1424,1494,70
