flight_key,airport,direction,fl_date,carrier,fl_num,origin,dest,sched_time_min,p_delay,delay_est_min,chain_group_id,aircraft_type,turnaround_time_min,dwell_time_min,initial_gate,eff_delay_min,pred_start_min,pred_end_min,assigned_gate,is_reassigned
flight_key_v1_0ea1de1868b7a3a389f9b900782befeb,ATL,ARR,2024-01-01,WN,1579.0,DEN,ATL,25,0.5608000159263611,4.059999942779541,2024-01-01_WN_1579.0,NARROWBODY,40,45,G01,2,12,82,G01,False
flight_key_v1_96f840eff45e9e5fb568f29944058f53,ATL,ARR,2024-01-01,AA,659.0,MIA,ATL,28,0.4237000048160553,4.070000171661377,2024-01-01_AA_659.0,NARROWBODY,40,45,G02,2,15,85,G02,False
flight_key_v1_a9694ecdf5da9db77992990c69fcac84,ATL,ARR,2024-01-01,NK,1600.0,IAH,ATL,31,0.40720000863075256,4.289999961853027,2024-01-01_NK_1600.0,NARROWBODY,40,45,G03,2,18,88,G03,False
flight_key_v1_20869c24b24c2aa456ec24c26bd88c1b,ATL,ARR,2024-01-01,WN,643.0,DAL,ATL,35,0.4860999882221222,4.059999942779541,2024-01-01_WN_643.0,NARROWBODY,40,45,G04,2,22,92,G04,False
flight_key_v1_e586427d2b4266174399b981646f09df,ATL,ARR,2024-01-01,WN,2675.0,LAS,ATL,40,0.5806999802589417,4.059999942779541,2024-01-01_WN_2675.0,WIDEBODY,75,60,G05,2,27,132,G05,False
flight_key_v1_d2f6b67eace337ce61b866be18daa52f,ATL,ARR,2024-01-01,F9,4027.0,MCO,ATL,41,0.6431000232696533,4.170000076293945,2024-01-01_F9_4027.0,NARROWBODY,40,45,G06,3,29,99,G06,False
flight_key_v1_f83afb034a54ffdd648397d60cfb66d6,ATL,ARR,2024-01-01,NK,1594.0,EWR,ATL,44,0.4794999957084656,4.440000057220459,2024-01-01_NK_1594.0,NARROWBODY,40,45,G07,2,31,101,G07,False
flight_key_v1_ff2d156375bb0e76ff326d25042baca4,ATL,ARR,2024-01-01,NK,3065.0,MCO,ATL,45,0.43459999561309814,4.679999828338623,2024-01-01_NK_3065.0,NARROWBODY,40,45,G08,2,32,102,G08,False
flight_key_v1_a2b5b1e25355ceeb037d6e7d9f32ea9c,ATL,ARR,2024-01-01,F9,4917.0,SJU,ATL,243,0.5924999713897705,3.3299999237060547,2024-01-01_F9_4917.0,NARROWBODY,40,45,G01,2,230,300,G01,False
flight_key_v1_e53740121b8da89ad765c6dbc80e4a53,ATL,ARR,2024-01-01,DL,730.0,SAN,ATL,300,0.16820000112056732,0.7200000286102295,2024-01-01_DL_730.0,WIDEBODY,75,60,G02,0,285,390,G02,False
flight_key_v1_fe58040ddf716ded0a685d9fe43945ec,ATL,ARR,2024-01-01,DL,2796.0,LAS,ATL,311,0.23829999566078186,1.8300000429153442,2024-01-01_DL_2796.0,NARROWBODY,40,45,G03,0,296,366,G03,False
flight_key_v1_b0555a294e46b636352e7a816d3e6c19,ATL,ARR,2024-01-01,DL,823.0,SFO,ATL,315,0.23149999976158142,1.5,2024-01-01_DL_823.0,WIDEBODY,75,60,G01,0,300,405,G01,False
flight_key_v1_fda60f243624933b0483bcabc312e72b,ATL,DEP,2024-01-01,NK,403.0,ATL,FLL,321,0.1737,4.12,2024-01-01_NK_403.0,NARROWBODY,40,45,G04,1,307,377,G04,False
flight_key_v1_df0fd8038c398b8aa4b186a86a122652,ATL,ARR,2024-01-01,DL,414.0,PHX,ATL,329,0.19979999959468842,1.100000023841858,2024-01-01_DL_414.0,NARROWBODY,40,45,G05,0,314,384,G05,False
flight_key_v1_26dd8bc018117d5889c56946afc05ebd,ATL,DEP,2024-01-01,NK,3389.0,ATL,LGA,335,0.1703,3.65,2024-01-01_NK_3389.0,NARROWBODY,40,45,G06,1,321,391,G06,False
flight_key_v1_8632b145ac8056167e2d35ebf5b2cf35,ATL,DEP,2024-01-01,AA,1151.0,ATL,MIA,336,0.1634,3.31,2024-01-01_AA_1151.0,NARROWBODY,40,45,G07,1,322,392,G07,False
flight_key_v1_97bab9963f0d39cc62f3b229b1d97f11,ATL,ARR,2024-01-01,NK,1828.0,LAX,ATL,343,0.43209999799728394,4.230000019073486,2024-01-01_NK_1828.0,NARROWBODY,40,45,G08,2,330,400,G08,False
flight_key_v1_df7f38fc5a605d745e27c045e72a4f8d,ATL,ARR,2024-01-01,DL,738.0,SEA,ATL,344,0.2363000065088272,1.8300000429153442,2024-01-01_DL_738.0,NARROWBODY,40,45,G09,0,329,399,G09,False
flight_key_v1_9324dbd810f2f4b119ee2f3dc4fc6bc5,ATL,DEP,2024-01-01,AA,2770.0,ATL,DFW,347,0.1634,2.97,2024-01-01_AA_2770.0,NARROWBODY,40,45,G10,0,332,402,G10,False
flight_key_v1_36ca44a65db86a7fc429b7a45ec1b345,ATL,DEP,2024-01-01,F9,4026.0,ATL,MCO,350,0.1737,2.69,2024-01-01_F9_4026.0,NARROWBODY,40,45,G11,0,335,405,G11,False
flight_key_v1_f1bb81568c691f488accb5310f760583,ATL,ARR,2024-01-01,F9,4754.0,SAN,ATL,350,0.4657000005245209,3.319999933242798,2024-01-01_F9_4754.0,NARROWBODY,40,45,G12,2,337,407,G12,False
flight_key_v1_2077b679633db3c8c5efe95a6058097f,ATL,ARR,2024-01-01,F9,1450.0,DEN,ATL,354,0.5501999855041504,3.390000104904175,2024-01-01_F9_1450.0,NARROWBODY,40,45,G13,2,341,411,G13,False
flight_key_v1_62646dda0768e620dc14e9ed361cd1fa,ATL,DEP,2024-01-01,DL,8783.0,ATL,LAX,360,0.1634,3.41,2024-01-01_DL_8783.0,NARROWBODY,40,45,G14,1,346,416,G14,False
flight_key_v1_239ce8bb92b60c4d61c627bb7f283d7f,ATL,DEP,2024-01-01,B6,467.0,ATL,FLL,360,0.1634,1.62,2024-01-01_B6_467.0,NARROWBODY,40,45,G15,0,345,415,G15,False
flight_key_v1_a49be62e9ce18e82a2ff3b4db862fa48,ATL,DEP,2024-01-01,WN,1221.0,ATL,HOU,365,0.1321,1.51,2024-01-01_WN_1221.0,NARROWBODY,40,45,G16,0,350,420,G16,False
flight_key_v1_20d700d5cf733bfcf073227f20003d42,ATL,ARR,2024-01-01,DL,899.0,LAX,ATL,366,0.2946999967098236,1.8300000429153442,2024-01-01_DL_899.0,NARROWBODY,40,45,G17,1,352,422,G17,False
flight_key_v1_898d55329c0fb679f3d9d70839921fee,ATL,DEP,2024-01-01,WN,3089.0,ATL,DEN,370,0.1355,1.69,2024-01-01_WN_3089.0,WIDEBODY,75,60,G18,0,355,460,G18,False
flight_key_v1_4175c733e814bbe3cb9f5705ac43bb3d,ATL,DEP,2024-01-01,NK,768.0,ATL,DTW,370,0.1703,3.12,2024-01-01_NK_768.0,WIDEBODY,75,60,G19,1,356,461,G19,False
flight_key_v1_f9ef85125a658c0538bcdbd1963d2198,ATL,DEP,2024-01-01,WN,3741.0,ATL,LGA,375,0.1321,1.35,2024-01-01_WN_3741.0,NARROWBODY,40,45,G20,0,360,430,G20,False
flight_key_v1_706bd7b37d5566112015439983bd4e57,ATL,DEP,2024-01-01,F9,1595.0,ATL,ORD,375,0.1737,2.64,2024-01-01_F9_1595.0,NARROWBODY,40,45,G21,0,360,430,G21,False
flight_key_v1_d63abe4ac4eae62f8c01f058cfea1790,ATL,ARR,2024-01-01,DL,303.0,SLC,ATL,379,0.19359999895095825,0.03999999910593033,2024-01-01_DL_303.0,NARROWBODY,40,45,G22,0,364,434,G22,False
flight_key_v1_4976d24fd913bb9a3e90fd2fd84abc77,ATL,DEP,2024-01-01,NK,1081.0,ATL,MSP,380,0.1737,4.41,2024-01-01_NK_1081.0,NARROWBODY,40,45,G23,1,366,436,G23,False
flight_key_v1_c8d8c103a6e374a55dd41154e777d5f1,ATL,DEP,2024-01-01,WN,2870.0,ATL,PHX,380,0.1321,1.84,2024-01-01_WN_2870.0,NARROWBODY,40,45,G24,0,365,435,G24,False
flight_key_v1_a851eab2de8be861f0c295f2dbe08709,ATL,ARR,2024-01-01,NK,1362.0,LAS,ATL,385,0.4406000077724457,4.409999847412109,2024-01-01_NK_1362.0,NARROWBODY,40,45,G03,2,372,442,G03,False
flight_key_v1_b06f725c4870dfb29ea727620458ff8a,ATL,DEP,2024-01-01,WN,1951.0,ATL,BNA,385,0.1321,1.28,2024-01-01_WN_1951.0,NARROWBODY,40,45,G25,0,370,440,G25,False
flight_key_v1_ce78b05a4885559a90cc14c55025802d,ATL,ARR,2024-01-01,DL,836.0,HNL,ATL,389,0.3093000054359436,1.8300000429153442,2024-01-01_DL_836.0,NARROWBODY,40,45,G26,1,375,445,G26,False
flight_key_v1_8ab6fb5fa3eda0e27bee0b7a5a6434ca,ATL,ARR,2024-01-01,DL,722.0,LAS,ATL,390,0.266400009393692,1.940000057220459,2024-01-01_DL_722.0,NARROWBODY,40,45,G27,1,376,446,G27,False
flight_key_v1_607c799bf72b0dd4ce140f6b44c6d7a6,ATL,ARR,2024-01-01,F9,4892.0,PHX,ATL,390,0.5242000222206116,2.559999942779541,2024-01-01_F9_4892.0,WIDEBODY,75,60,G28,1,376,481,G28,False
flight_key_v1_3893cc3e105037762ce9ac12c386ef36,ATL,DEP,2024-01-01,UA,222.0,ATL,EWR,390,0.1536,2.07,2024-01-01_UA_222.0,WIDEBODY,75,60,G29,0,375,480,G29,False
flight_key_v1_88c1385a9c7c144fdd4aaf1533c7c487,ATL,DEP,2024-01-01,AA,2893.0,ATL,ORD,391,0.1634,2.48,2024-01-01_AA_2893.0,WIDEBODY,75,60,G04,0,376,481,G102,True
flight_key_v1_6b66309d77f3d63a474d7973fd616fb3,ATL,DEP,2024-01-01,WN,249.0,ATL,AUS,395,0.1321,1.48,2024-01-01_WN_249.0,WIDEBODY,75,60,G30,0,380,485,G30,False
flight_key_v1_f865b7c2e43af2738dd5eeb7ebe1d85e,ATL,DEP,2024-01-01,WN,3103.0,ATL,DAL,400,0.1321,1.38,2024-01-01_WN_3103.0,NARROWBODY,40,45,G05,0,385,455,G05,False
flight_key_v1_7c6801a29bcb073b7833259a31c0e9de,ATL,DEP,2024-01-01,UA,1888.0,ATL,ORD,400,0.1634,2.64,2024-01-01_UA_1888.0,WIDEBODY,75,60,G31,0,385,490,G31,False
flight_key_v1_0c26dbc5af3e3030485b4be3b8210fe2,ATL,ARR,2024-01-01,F9,1116.0,LAS,ATL,401,0.6055999994277954,4.409999847412109,2024-01-01_F9_1116.0,NARROWBODY,40,45,G32,3,389,459,G32,False
flight_key_v1_07b3bab7964c4c8cc5983b021f812748,ATL,DEP,2024-01-01,NK,3066.0,ATL,MCO,402,0.1737,3.85,2024-01-01_NK_3066.0,NARROWBODY,40,45,G33,1,388,458,G33,False
flight_key_v1_09c4cf915a4aa18b62491e4dc047784a,ATL,DEP,2024-01-01,F9,3604.0,ATL,CLE,405,0.1703,2.59,2024-01-01_F9_3604.0,NARROWBODY,40,45,G02,0,390,460,G02,False
flight_key_v1_238328242addda5e4d567d695ef3f0d3,ATL,DEP,2024-01-01,WN,596.0,ATL,LAS,405,0.1321,2.75,2024-01-01_WN_596.0,NARROWBODY,40,45,G06,0,390,460,G04,True
flight_key_v1_622dbd1a70914f1eb4e20363c8121cf6,ATL,DEP,2024-01-01,NK,1589.0,ATL,EWR,405,0.1721,3.75,2024-01-01_NK_1589.0,NARROWBODY,40,45,G34,1,391,461,G34,False
flight_key_v1_ae2c944c9ea937425f4211c6efd5bc69,ATL,DEP,2024-01-01,WN,3652.0,ATL,TPA,410,0.1321,1.47,2024-01-01_WN_3652.0,NARROWBODY,40,45,G07,0,395,465,G07,False
flight_key_v1_c38c7cc33fccfc99ca9ede9f4447aafd,ATL,DEP,2024-01-01,WN,850.0,ATL,MCO,415,0.1396,1.72,2024-01-01_WN_850.0,NARROWBODY,40,45,G08,0,400,470,G08,False
flight_key_v1_46a482cbe81bf7bc744b39bd9b83c5b8,ATL,DEP,2024-01-01,AA,1718.0,ATL,CLT,420,0.1582,0.92,2024-01-01_AA_1718.0,WIDEBODY,75,60,G01,0,405,510,G01,False
flight_key_v1_ca0b241a882cef6e744bfd1079a42e09,ATL,DEP,2024-01-01,WN,1065.0,ATL,STL,420,0.1468,1.76,2024-01-01_WN_1065.0,NARROWBODY,40,45,G09,0,405,475,G09,False
flight_key_v1_09d00a90251a15a06038d2723025acd9,ATL,DEP,2024-01-01,AS,377.0,ATL,SEA,420,0.151,-0.61,2024-01-01_AS_377.0,NARROWBODY,40,45,G10,0,405,475,G10,False
flight_key_v1_fd36425bf5694a4ef4920145a71b0e03,ATL,ARR,2024-01-01,DL,2409.0,GSP,ATL,423,0.0877000018954277,-0.8100000023841858,2024-01-01_DL_2409.0,NARROWBODY,40,45,G11,0,408,478,G11,False
flight_key_v1_e7600d404283e5010550996e271056fb,ATL,DEP,2024-01-01,DL,1303.0,ATL,MIA,425,0.1718,3.99,2024-01-01_DL_1303.0,NARROWBODY,40,45,G12,1,411,481,G12,False
flight_key_v1_2771f4cf62799d98a8420a75d5bdf063,ATL,DEP,2024-01-01,WN,1199.0,ATL,MDW,425,0.1468,1.76,2024-01-01_WN_1199.0,WIDEBODY,75,60,G13,0,410,515,G131,True
flight_key_v1_ef57997fb21c82508401bfa699cc7446,ATL,DEP,2024-01-01,DL,2668.0,ATL,MSP,425,0.1621,3.25,2024-01-01_DL_2668.0,NARROWBODY,40,45,G35,1,411,481,G35,False
flight_key_v1_13497e1ed58e8e75534cd2d7d0cf9a75,ATL,DEP,2024-01-01,NK,1829.0,ATL,LAX,425,0.1983,5.92,2024-01-01_NK_1829.0,NARROWBODY,40,45,G36,1,411,481,G36,False
flight_key_v1_8e001568337d9660fa1405a8148d6e76,ATL,ARR,2024-01-01,DL,1609.0,TLH,ATL,427,0.11089999973773956,-0.47999998927116394,2024-01-01_DL_1609.0,NARROWBODY,40,45,G37,0,412,482,G37,False
flight_key_v1_05c1e71d63e832984a7c999cfbed202b,ATL,ARR,2024-01-01,DL,2712.0,AVL,ATL,428,0.2092999964952469,-0.9399999976158142,2024-01-01_DL_2712.0,WIDEBODY,75,60,G38,0,413,518,G38,False
flight_key_v1_2851729618c47d602883c6dac8d8d152,ATL,DEP,2024-01-01,WN,454.0,ATL,BWI,430,0.1468,1.76,2024-01-01_WN_454.0,NARROWBODY,40,45,G14,0,415,485,G103,True
flight_key_v1_1c14a0d9851ebb5cb21d85acbecbd067,ATL,ARR,2024-01-01,DL,1579.0,CHA,ATL,432,0.1453000009059906,-0.47999998927116394,2024-01-01_DL_1579.0,NARROWBODY,40,45,G15,0,417,487,G15,False
flight_key_v1_8991d2a378e3a574bef9c4e497837f38,ATL,DEP,2024-01-01,DL,712.0,ATL,LAX,434,0.1718,4.14,2024-01-01_DL_712.0,NARROWBODY,40,45,G39,1,420,490,G39,False
flight_key_v1_37364af5a8620740e6d2c7acc86a9d0c,ATL,ARR,2024-01-01,9E,5053.0,TRI,ATL,435,0.12710000574588776,-1.0199999809265137,2024-01-01_9E_5053.0,NARROWBODY,40,45,G16,0,420,490,G16,False
flight_key_v1_69e680dd66917411ed4321ba4d374a96,ATL,DEP,2024-01-01,DL,335.0,ATL,LGA,435,0.1609,2.58,2024-01-01_DL_335.0,NARROWBODY,40,45,G40,0,420,490,G40,False
flight_key_v1_9068b23d849f842ee80bf1cdc0dc7326,ATL,DEP,2024-01-01,B6,2713.0,ATL,LGA,440,0.1625,1.48,2024-01-01_B6_2713.0,NARROWBODY,40,45,G17,0,425,495,G17,False
flight_key_v1_4f220aa1c28bc581c907c4bc1072e194,ATL,DEP,2024-01-01,DL,2039.0,ATL,FLL,440,0.1663,3.1,2024-01-01_DL_2039.0,NARROWBODY,40,45,G41,1,426,496,G41,False
flight_key_v1_f83fb9bf78f0ededa41e376f60020e2c,ATL,ARR,2024-01-01,DL,2254.0,GNV,ATL,440,0.16259999573230743,-0.47999998927116394,2024-01-01_DL_2254.0,NARROWBODY,40,45,G42,0,425,495,G42,False
flight_key_v1_406bed449167ea2719cb01eeb1a6ab89,ATL,ARR,2024-01-01,DL,2041.0,SAV,ATL,440,0.09790000319480896,-1.0199999809265137,2024-01-01_DL_2041.0,NARROWBODY,40,45,G43,0,425,495,G43,False
flight_key_v1_0e1f57fca7994f2e3aa5865792ef44bf,ATL,DEP,2024-01-01,AA,1567.0,ATL,DFW,441,0.1721,3.23,2024-01-01_AA_1567.0,NARROWBODY,40,45,G44,1,427,497,G44,False
flight_key_v1_07014cff99ff8684b7c20a485d0335d4,ATL,ARR,2024-01-01,DL,2172.0,CLT,ATL,442,0.1152999997138977,-0.47999998927116394,2024-01-01_DL_2172.0,WIDEBODY,75,60,G45,0,427,532,G45,False
flight_key_v1_7969cd77e0d2a40194de8a8121e8629e,ATL,ARR,2024-01-01,OO,4115.0,CSG,ATL,444,0.32359999418258667,2.1700000762939453,2024-01-01_OO_4115.0,NARROWBODY,40,45,G46,1,430,500,G46,False
flight_key_v1_90d8d52a0b52e8822feaaaf485210f77,ATL,DEP,2024-01-01,WN,983.0,ATL,HOU,445,0.1468,1.93,2024-01-01_WN_983.0,NARROWBODY,40,45,G20,0,430,500,G20,False
flight_key_v1_06df3787fb4d11ccec275d0750171fd0,ATL,ARR,2024-01-01,DL,2967.0,MYR,ATL,446,0.09179999679327011,-1.159999966621399,2024-01-01_DL_2967.0,NARROWBODY,40,45,G21,0,431,501,G21,False
flight_key_v1_f3bdc1330c821a51f9fb145148db41ef,ATL,ARR,2024-01-01,DL,1675.0,GSO,ATL,447,0.1526000052690506,-1.059999942779541,2024-01-01_DL_1675.0,NARROWBODY,40,45,G47,0,432,502,G47,False
flight_key_v1_8716352a1910c766e35a3d7f282dbcec,ATL,ARR,2024-01-01,9E,5255.0,VLD,ATL,447,0.23819999396800995,-0.12999999523162842,2024-01-01_9E_5255.0,NARROWBODY,40,45,G48,0,432,502,G48,False
flight_key_v1_ba025b102d50cd34584a8e1333179c23,ATL,ARR,2024-01-01,DL,2299.0,DAB,ATL,449,0.10620000213384628,-0.47999998927116394,2024-01-01_DL_2299.0,NARROWBODY,40,45,G22,0,434,504,G22,False
flight_key_v1_b772661b4ee550610bdf6e441f214dc9,ATL,DEP,2024-01-01,YX,4291.0,ATL,PHL,450,0.1625,2.38,2024-01-01_YX_4291.0,NARROWBODY,40,45,G23,0,435,505,G121,True
flight_key_v1_e9628553963e5d702f8e6031ed9c8df5,ATL,DEP,2024-01-01,YX,4376.0,ATL,DCA,451,0.1625,1.86,2024-01-01_YX_4376.0,NARROWBODY,40,45,G24,0,436,506,G24,False
flight_key_v1_c49ab6551e70fc51a8633f48d8cb1136,ATL,ARR,2024-01-01,F9,1448.0,SFO,ATL,452,0.43459999561309814,3.7699999809265137,2024-01-01_F9_1448.0,NARROWBODY,40,45,G49,2,439,509,G49,False
flight_key_v1_0f1f7403fa0b8c6f06654ff0e3d5bd74,ATL,ARR,2024-01-01,AS,376.0,SEA,ATL,452,0.32510000467300415,1.4299999475479126,2024-01-01_AS_376.0,NARROWBODY,40,45,G50,0,437,507,G50,False
flight_key_v1_b4ce421db4774fc6be30af4c6f51aeef,ATL,ARR,2024-01-01,DL,2407.0,CAE,ATL,453,0.08780000358819962,-0.7799999713897705,2024-01-01_DL_2407.0,NARROWBODY,40,45,G51,0,438,508,G51,False
flight_key_v1_b75c60d9b1287e07aa27d2e1ccc0957f,ATL,ARR,2024-01-01,DL,1289.0,RSW,ATL,454,0.07509999722242355,-0.8299999833106995,2024-01-01_DL_1289.0,NARROWBODY,40,45,G52,0,439,509,G52,False
flight_key_v1_a55e4daab56e9ab063aef0acdeae38b5,ATL,ARR,2024-01-01,DL,2621.0,ILM,ATL,455,0.10729999840259552,-0.7200000286102295,2024-01-01_DL_2621.0,NARROWBODY,40,45,G03,0,440,510,G13,True
flight_key_v1_331d8a7d07e9b2f9a4b5a2cb7a7cbf55,ATL,ARR,2024-01-01,DL,1077.0,FAY,ATL,455,0.16220000386238098,-0.12999999523162842,2024-01-01_DL_1077.0,NARROWBODY,40,45,G25,0,440,510,G25,False
flight_key_v1_c26c40eac943fc0b151ec91f61903070,ATL,ARR,2024-01-01,OO,3816.0,AGS,ATL,455,0.4108999967575073,2.9600000381469727,2024-01-01_OO_3816.0,NARROWBODY,40,45,G53,1,441,511,G53,False
flight_key_v1_c9d4c872175e0345476cb697e09ce28d,ATL,ARR,2024-01-01,DL,1607.0,RDU,ATL,455,0.13609999418258667,-0.6100000143051147,2024-01-01_DL_1607.0,NARROWBODY,40,45,G54,0,440,510,G54,False
flight_key_v1_4c35e81045d77eac05f77e51a8f9a001,ATL,ARR,2024-01-01,DL,2574.0,SDF,ATL,455,0.2143000066280365,-0.7799999713897705,2024-01-01_DL_2574.0,NARROWBODY,40,45,G55,0,440,510,G55,False
flight_key_v1_6da11d69cea217002a10c3136c5572ba,ATL,ARR,2024-01-01,DL,2362.0,TPA,ATL,455,0.09870000183582306,-0.8299999833106995,2024-01-01_DL_2362.0,NARROWBODY,40,45,G56,0,440,510,G56,False
flight_key_v1_c14b4eb2efe69af8c8692dbb6034a8de,ATL,DEP,2024-01-01,DL,409.0,ATL,JFK,459,0.1609,2.58,2024-01-01_DL_409.0,NARROWBODY,40,45,G26,0,444,514,G130,True
flight_key_v1_198509dd324167900bb70343064e1e5d,ATL,ARR,2024-01-01,WN,2977.0,RSW,ATL,460,0.08739999681711197,-0.5899999737739563,2024-01-01_WN_2977.0,NARROWBODY,40,45,G27,0,445,515,G132,True
flight_key_v1_2d8fa821d99e02ab3cbd37150f191a0b,ATL,DEP,2024-01-01,DL,965.0,ATL,SEA,460,0.1624,3.18,2024-01-01_DL_965.0,NARROWBODY,40,45,G57,1,446,516,G57,False
flight_key_v1_638cab53aa8a3da262422481f4ba92bb,ATL,ARR,2024-01-01,DL,2931.0,MLB,ATL,460,0.061799999326467514,-1.2899999618530273,2024-01-01_DL_2931.0,NARROWBODY,40,45,G58,0,445,515,G58,False
flight_key_v1_3ecbc1e210d81d134324f9cf35e9388a,ATL,ARR,2024-01-01,DL,1036.0,MCO,ATL,461,0.13130000233650208,-0.47999998927116394,2024-01-01_DL_1036.0,WIDEBODY,75,60,G59,0,446,551,G59,False
flight_key_v1_7c52dada7dab2db11075643c517c2e79,ATL,ARR,2024-01-01,9E,5239.0,LEX,ATL,462,0.24639999866485596,-0.47999998927116394,2024-01-01_9E_5239.0,NARROWBODY,40,45,G60,0,447,517,G60,False
flight_key_v1_c2a795d55d110cac74c30d1ff2974c90,ATL,DEP,2024-01-01,AA,1777.0,ATL,PHX,462,0.1625,1.94,2024-01-01_AA_1777.0,NARROWBODY,40,45,G61,0,447,517,G61,False
flight_key_v1_97113d0b2a89c1ee910b304bf63fbee6,ATL,ARR,2024-01-01,DL,1352.0,ROA,ATL,462,0.2676999866962433,-0.12999999523162842,2024-01-01_DL_1352.0,NARROWBODY,40,45,G62,0,447,517,G62,False
flight_key_v1_899f7d89002bb7fb1bfa911c2f4da0a8,ATL,ARR,2024-01-01,DL,2469.0,CMH,ATL,462,0.15539999306201935,-1.0399999618530273,2024-01-01_DL_2469.0,WIDEBODY,75,60,G63,0,447,552,G63,False
flight_key_v1_163ae8915e478c03579d0a134d0fe34c,ATL,ARR,2024-01-01,DL,2441.0,CVG,ATL,462,0.2167000025510788,-0.47999998927116394,2024-01-01_DL_2441.0,NARROWBODY,40,45,G64,0,447,517,G64,False
flight_key_v1_072b3d8eec28bae9119e9e298c9eb838,ATL,ARR,2024-01-01,NK,3100.0,MIA,ATL,465,0.23270000517368317,2.0999999046325684,2024-01-01_NK_3100.0,NARROWBODY,40,45,G65,0,450,520,G65,False
flight_key_v1_626bae707de90cd0b2955a2ecc9baadc,ATL,ARR,2024-01-01,WN,245.0,FLL,ATL,465,0.09359999746084213,-0.3799999952316284,2024-01-01_WN_245.0,NARROWBODY,40,45,G66,0,450,520,G66,False
flight_key_v1_d60497a9bdaa540a44baa1cfd10fb7f5,ATL,ARR,2024-01-01,WN,3705.0,RDU,ATL,465,0.14399999380111694,-0.3700000047683716,2024-01-01_WN_3705.0,NARROWBODY,40,45,G67,0,450,520,G67,False
flight_key_v1_3f223ba8553b0ad5dde63fdad8a13df6,ATL,ARR,2024-01-01,DL,1108.0,SRQ,ATL,466,0.10610000044107437,-0.6200000047683716,2024-01-01_DL_1108.0,WIDEBODY,75,60,G68,0,451,556,G68,False
flight_key_v1_47287de274dd68f226505178e6c476b9,ATL,ARR,2024-01-01,DL,2637.0,BNA,ATL,466,0.13989999890327454,-0.47999998927116394,2024-01-01_DL_2637.0,NARROWBODY,40,45,G69,0,451,521,G69,False
flight_key_v1_e493ef9ad251dd78cef92574c2f346c5,ATL,ARR,2024-01-01,DL,2623.0,IND,ATL,468,0.15870000422000885,-1.0299999713897705,2024-01-01_DL_2623.0,NARROWBODY,40,45,G70,0,453,523,G70,False
flight_key_v1_2e00d7b0d44b63ce1123e3ea3b1751a4,ATL,ARR,2024-01-01,WN,1110.0,TPA,ATL,470,0.1128000020980835,-0.5899999737739563,2024-01-01_WN_1110.0,NARROWBODY,40,45,G05,0,455,525,G05,False
flight_key_v1_e2e0353e8ce453a230e3c7fb491aa887,ATL,ARR,2024-01-01,WN,790.0,MCO,ATL,470,0.18619999289512634,-0.23999999463558197,2024-01-01_WN_790.0,NARROWBODY,40,45,G71,0,455,525,G71,False
flight_key_v1_4f8cba20b541c507d497a4c9187f5777,ATL,DEP,2024-01-01,NK,1306.0,ATL,ORD,470,0.194,4.72,2024-01-01_NK_1306.0,WIDEBODY,75,60,G72,1,456,561,G72,False
flight_key_v1_a3ef9f96ffc09ae81afd979700fe22d2,ATL,ARR,2024-01-01,WN,2094.0,PBI,ATL,470,0.08129999786615372,-0.7200000286102295,2024-01-01_WN_2094.0,NARROWBODY,40,45,G73,0,455,525,G73,False
flight_key_v1_910aab0ac9923d89ea94317bfea4030e,ATL,ARR,2024-01-01,DL,2724.0,DAY,ATL,473,0.11680000275373459,-0.9399999976158142,2024-01-01_DL_2724.0,NARROWBODY,40,45,G32,0,458,528,G151,True
flight_key_v1_87dde2a64416d400e05499962a2d1a76,ATL,ARR,2024-01-01,WN,152.0,SRQ,ATL,475,0.13089999556541443,-0.3799999952316284,2024-01-01_WN_152.0,NARROWBODY,40,45,G02,0,460,530,G02,False
flight_key_v1_3782a53dab7d6b16ac80c8e3c04f71e8,ATL,ARR,2024-01-01,DL,2585.0,RIC,ATL,475,0.18889999389648438,-0.6100000143051147,2024-01-01_DL_2585.0,NARROWBODY,40,45,G06,0,460,530,G06,False
flight_key_v1_620a534643e1ab4e96dbd204a87b0546,ATL,ARR,2024-01-01,WN,576.0,GSP,ATL,475,0.09950000047683716,-0.07000000029802322,2024-01-01_WN_576.0,NARROWBODY,40,45,G18,0,460,530,G18,False
flight_key_v1_683d42858d90e42b24e0e498116f2e4c,ATL,ARR,2024-01-01,WN,457.0,JAX,ATL,475,0.11819999665021896,-0.8799999952316284,2024-01-01_WN_457.0,NARROWBODY,40,45,G19,0,460,530,G159,True
flight_key_v1_09120c4a367e8218a5144786b3e2a814,ATL,ARR,2024-01-01,DL,1132.0,PBI,ATL,475,0.07829999923706055,-0.9599999785423279,2024-01-01_DL_1132.0,WIDEBODY,75,60,G33,0,460,565,G33,False
flight_key_v1_d3523ff05d9ca479f645dae307532af9,ATL,ARR,2024-01-01,DL,2506.0,MSY,ATL,477,0.11169999837875366,-0.47999998927116394,2024-01-01_DL_2506.0,NARROWBODY,40,45,G34,0,462,532,G34,False
flight_key_v1_52a6f103c58078826670521f42c84810,ATL,ARR,2024-01-01,9E,4999.0,OAJ,ATL,478,0.13089999556541443,-1.159999966621399,2024-01-01_9E_4999.0,NARROWBODY,40,45,G74,0,463,533,G74,False
flight_key_v1_e81ca88619bb616736448631ef08a1d1,ATL,ARR,2024-01-01,9E,5109.0,CRW,ATL,479,0.2745000123977661,-0.47999998927116394,2024-01-01_9E_5109.0,NARROWBODY,40,45,G75,0,464,534,G75,False
flight_key_v1_0c3d8d8778bca160cf49674031bfe1c6,ATL,ARR,2024-01-01,WN,3303.0,RIC,ATL,480,0.20430000126361847,-0.3700000047683716,2024-01-01_WN_3303.0,WIDEBODY,75,60,G07,0,465,570,G07,False
flight_key_v1_ddb2eee170f749e6e28eace8a980ea18,ATL,DEP,2024-01-01,DL,830.0,ATL,SLC,480,0.1692,2.66,2024-01-01_DL_830.0,NARROWBODY,40,45,G76,0,465,535,G76,False
flight_key_v1_43882bc00ff4e088a90b30e8c2de3577,ATL,DEP,2024-01-01,AA,1049.0,ATL,MIA,480,0.1768,4.38,2024-01-01_AA_1049.0,NARROWBODY,40,45,G77,1,466,536,G77,False
flight_key_v1_c02921fdee36248be4810a149ed4e17f,ATL,DEP,2024-01-01,DL,2934.0,ATL,MIA,480,0.1751,4.64,2024-01-01_DL_2934.0,WIDEBODY,75,60,G78,1,466,571,G78,False
flight_key_v1_764bf2d660025a547089dd2a42c1e4e8,ATL,ARR,2024-01-01,DL,2075.0,PHL,ATL,480,0.14749999344348907,-1.2300000190734863,2024-01-01_DL_2075.0,NARROWBODY,40,45,G79,0,465,535,G79,False
flight_key_v1_9ada892de43e16be2463b3b230ebce6c,ATL,DEP,2024-01-01,DL,346.0,ATL,DEN,480,0.1692,3.3,2024-01-01_DL_346.0,NARROWBODY,40,45,G80,1,466,536,G80,False
flight_key_v1_ba16904827858e726e24db50b4f2f886,ATL,DEP,2024-01-01,WN,1078.0,ATL,FLL,480,0.17,3.2,2024-01-01_WN_1078.0,NARROWBODY,40,45,G81,1,466,536,G81,False
flight_key_v1_db457b7939b5f30fa01235d31fab4d7e,ATL,ARR,2024-01-01,WN,259.0,MIA,ATL,480,0.17100000381469727,-0.23999999463558197,2024-01-01_WN_259.0,NARROWBODY,40,45,G82,0,465,535,G82,False
flight_key_v1_b12ca84737d2fcf7b464aaa1ecb76fe9,ATL,ARR,2024-01-01,DL,2734.0,CLE,ATL,482,0.3107999861240387,-0.1899999976158142,2024-01-01_DL_2734.0,NARROWBODY,40,45,G83,0,467,537,G83,False
flight_key_v1_cb17d1c42d8aa995ce4366396d01ef50,ATL,ARR,2024-01-01,OO,3714.0,ABY,ATL,482,0.2590000033378601,2.9100000858306885,2024-01-01_OO_3714.0,NARROWBODY,40,45,G84,1,468,538,G84,False
flight_key_v1_f1c895f242e1bbf9b56e8fc09d31fe49,ATL,ARR,2024-01-01,DL,2440.0,JAX,ATL,483,0.10100000351667404,-1.1200000047683716,2024-01-01_DL_2440.0,NARROWBODY,40,45,G85,0,468,538,G85,False
flight_key_v1_95ef670514d5c344141a6cc9346375de,ATL,ARR,2024-01-01,DL,2852.0,PIT,ATL,483,0.10890000313520432,-1.600000023841858,2024-01-01_DL_2852.0,NARROWBODY,40,45,G86,0,468,538,G86,False
flight_key_v1_a9ab0237fd7bc5bf664e04a61190e41a,ATL,ARR,2024-01-01,OO,3721.0,BQK,ATL,483,0.4099000096321106,2.6700000762939453,2024-01-01_OO_3721.0,NARROWBODY,40,45,G87,1,469,539,G87,False
flight_key_v1_37c6f205ec6953f604d001fd2af022ca,ATL,DEP,2024-01-01,DL,2069.0,ATL,BDL,484,0.1636,2.67,2024-01-01_DL_2069.0,WIDEBODY,75,60,G88,0,469,574,G88,False
flight_key_v1_470c14262119a0d27d09551c9781b715,ATL,ARR,2024-01-01,DL,410.0,DCA,ATL,484,0.1290999948978424,-1.159999966621399,2024-01-01_DL_410.0,NARROWBODY,40,45,G89,0,469,539,G89,False
flight_key_v1_60e14655d387ef698e146cc8bf3754c6,ATL,ARR,2024-01-01,9E,5317.0,TYS,ATL,484,0.14470000565052032,-0.9399999976158142,2024-01-01_9E_5317.0,NARROWBODY,40,45,G90,0,469,539,G90,False
flight_key_v1_1293a95a9774868460d8dfa19ce92bc6,ATL,ARR,2024-01-01,DL,2741.0,JAN,ATL,485,0.13189999759197235,-0.6600000262260437,2024-01-01_DL_2741.0,NARROWBODY,40,45,G08,0,470,540,G08,False
flight_key_v1_6d7dd1c69f467d31c79bf354f2f712a5,ATL,ARR,2024-01-01,DL,2683.0,MEM,ATL,485,0.15960000455379486,-0.47999998927116394,2024-01-01_DL_2683.0,NARROWBODY,40,45,G91,0,470,540,G91,False
flight_key_v1_80e98bccf11d46b97b997d50c5e26823,ATL,ARR,2024-01-01,DL,1404.0,MIA,ATL,485,0.13529999554157257,-0.47999998927116394,2024-01-01_DL_1404.0,NARROWBODY,40,45,G92,0,470,540,G92,False
flight_key_v1_8a2dbaaec57ac62cc0e73cf2182b09d9,ATL,ARR,2024-01-01,DL,2305.0,GPT,ATL,485,0.11559999734163284,-0.8100000023841858,2024-01-01_DL_2305.0,NARROWBODY,40,45,G93,0,470,540,G93,False
flight_key_v1_df5846ad536a233c94047fa21bec8bab,ATL,ARR,2024-01-01,DL,2950.0,BWI,ATL,488,0.1647000014781952,-0.9599999785423279,2024-01-01_DL_2950.0,NARROWBODY,40,45,G94,0,473,543,G94,False
flight_key_v1_e12b0eb33f7ea6cc6fefb7d5f772499b,ATL,ARR,2024-01-01,DL,2804.0,HSV,ATL,488,0.08889999985694885,-1.2200000286102295,2024-01-01_DL_2804.0,NARROWBODY,40,45,G95,0,473,543,G95,False
flight_key_v1_3979bb4372eb9a840c14d7a1e2eedd65,ATL,ARR,2024-01-01,DL,2453.0,GRR,ATL,489,0.1436000019311905,-0.9399999976158142,2024-01-01_DL_2453.0,NARROWBODY,40,45,G96,0,474,544,G96,False
flight_key_v1_adf4d6b8a25715176f10ca46f96c5f9d,ATL,DEP,2024-01-01,DL,573.0,ATL,SJU,490,0.1787,4.85,2024-01-01_DL_573.0,NARROWBODY,40,45,G09,1,476,546,G09,False
flight_key_v1_04e177151a77df35c23bf6f38ba3b391,ATL,DEP,2024-01-01,DL,2207.0,ATL,IAH,490,0.1636,2.68,2024-01-01_DL_2207.0,WIDEBODY,75,60,G10,0,475,580,G10,False
flight_key_v1_1144f569e6ebd81040a0e4477b44caf1,ATL,DEP,2024-01-01,DL,1311.0,ATL,PBI,490,0.1751,3.67,2024-01-01_DL_1311.0,WIDEBODY,75,60,G97,1,476,581,G97,False
flight_key_v1_acd0812a7007a639d28e1182a476a844,ATL,DEP,2024-01-01,DL,1089.0,ATL,RSW,490,0.1729,3.03,2024-01-01_DL_1089.0,NARROWBODY,40,45,G98,1,476,546,G98,False
flight_key_v1_1fd9e034b144042d6a96ab57b4d773a6,ATL,ARR,2024-01-01,WN,3453.0,STL,ATL,490,0.16859999299049377,-0.23999999463558197,2024-01-01_WN_3453.0,NARROWBODY,40,45,G99,0,475,545,G99,False
flight_key_v1_a7bde8dd8f4a36dfc847e719d2582ecf,ATL,DEP,2024-01-01,DL,2766.0,ATL,HOU,490,0.1636,2.85,2024-01-01_DL_2766.0,NARROWBODY,40,45,G100,0,475,545,G100,False
flight_key_v1_c217c8fa62dc6ef73136ce797f4a9f86,ATL,ARR,2024-01-01,DL,2847.0,ECP,ATL,493,0.19840000569820404,-0.47999998927116394,2024-01-01_DL_2847.0,NARROWBODY,40,45,G11,0,478,548,G11,False
flight_key_v1_ef365d726dcd78279a483a7051eee428,ATL,ARR,2024-01-01,OO,3684.0,MGM,ATL,493,0.26600000262260437,2.3299999237060547,2024-01-01_OO_3684.0,NARROWBODY,40,45,G101,1,479,549,G101,False
flight_key_v1_ed229d112b66ebfe98c7c56732ea74de,ATL,DEP,2024-01-01,DL,2403.0,ATL,AUS,495,0.1636,2.71,2024-01-01_DL_2403.0,NARROWBODY,40,45,G12,0,480,550,G170,True
flight_key_v1_92b54000e81b275d7dae4628f2a8421c,ATL,DEP,2024-01-01,DL,849.0,ATL,BOS,495,0.1697,2.32,2024-01-01_DL_849.0,NARROWBODY,40,45,G28,0,480,550,G171,True
flight_key_v1_1343ba78009db42839099b78423763ed,ATL,DEP,2024-01-01,DL,1213.0,ATL,MCO,495,0.1695,3.41,2024-01-01_DL_1213.0,WIDEBODY,75,60,G29,1,481,586,G29,False
flight_key_v1_38d25758e5ecf79fffcff143dcbb1a0a,ATL,ARR,2024-01-01,DL,2550.0,IAD,ATL,495,0.14020000398159027,-1.2000000476837158,2024-01-01_DL_2550.0,NARROWBODY,40,45,G35,0,480,550,G172,True
flight_key_v1_4a62490fdf0b25f23149b58e3e208dd7,ATL,ARR,2024-01-01,DL,1060.0,FLL,ATL,496,0.12060000002384186,-0.6200000047683716,2024-01-01_DL_1060.0,NARROWBODY,40,45,G04,0,481,551,G04,False
flight_key_v1_7eb4eba5ca7bbdfad4d449202068282d,ATL,ARR,2024-01-01,DL,2463.0,PNS,ATL,497,0.10119999945163727,-0.47999998927116394,2024-01-01_DL_2463.0,NARROWBODY,40,45,G36,0,482,552,G36,False
flight_key_v1_c0fee8495f0409213508ce12f25d1968,ATL,ARR,2024-01-01,9E,5102.0,CHO,ATL,497,0.2168000042438507,-0.47999998927116394,2024-01-01_9E_5102.0,NARROWBODY,40,45,G37,0,482,552,G37,False
flight_key_v1_73a772590cc7fb4b152f2b3a29826346,ATL,ARR,2024-01-01,DL,2650.0,MDT,ATL,499,0.18690000474452972,-1.059999942779541,2024-01-01_DL_2650.0,NARROWBODY,40,45,G102,0,484,554,G102,False
flight_key_v1_818d8e6a3fdc96626fe1d73baa7749f2,ATL,ARR,2024-01-01,OO,3677.0,FWA,ATL,499,0.3416999876499176,2.990000009536743,2024-01-01_OO_3677.0,NARROWBODY,40,45,G103,1,485,555,G103,False
flight_key_v1_b99553124217a0490f4a0aa4c77f87e1,ATL,ARR,2024-01-01,DL,955.0,CHS,ATL,499,0.10130000114440918,-0.6100000143051147,2024-01-01_DL_955.0,NARROWBODY,40,45,G104,0,484,554,G104,False
flight_key_v1_5280282b658d3c8d61327ce4402f8ce0,ATL,DEP,2024-01-01,9E,5221.0,ATL,HSV,500,0.1608,2.23,2024-01-01_9E_5221.0,NARROWBODY,40,45,G14,0,485,555,G14,False
flight_key_v1_95dc20a470aade2e2719c9915439e857,ATL,DEP,2024-01-01,DL,1676.0,ATL,SAT,500,0.1636,2.88,2024-01-01_DL_1676.0,NARROWBODY,40,45,G30,0,485,555,G30,False
flight_key_v1_235d610dd38c15a362c677b3ef6138a6,ATL,ARR,2024-01-01,DL,2390.0,VPS,ATL,500,0.1289999932050705,-0.6299999952316284,2024-01-01_DL_2390.0,NARROWBODY,40,45,G105,0,485,555,G105,False
flight_key_v1_474402cec976441b615d2ccc2dd6ba74,ATL,ARR,2024-01-01,DL,2707.0,MOB,ATL,500,0.09529999643564224,-0.6600000262260437,2024-01-01_DL_2707.0,WIDEBODY,75,60,G106,0,485,590,G106,False
flight_key_v1_5a9dbbac007ad210cc153056d0338089,ATL,ARR,2024-01-01,DL,2781.0,ORF,ATL,500,0.15360000729560852,-0.47999998927116394,2024-01-01_DL_2781.0,NARROWBODY,40,45,G107,0,485,555,G107,False
flight_key_v1_89c62890f1ff1499b0db3cabc2b1e0ed,ATL,DEP,2024-01-01,DL,1134.0,ATL,SRQ,500,0.1966,4.12,2024-01-01_DL_1134.0,NARROWBODY,40,45,G108,1,486,556,G108,False
flight_key_v1_4682f58d9a8c4aeadf9da8e0fb2ebef1,ATL,DEP,2024-01-01,DL,1709.0,ATL,FLL,500,0.1695,3.54,2024-01-01_DL_1709.0,NARROWBODY,40,45,G109,1,486,556,G109,False
flight_key_v1_9a177db57fc39b5639379f59a83a569a,ATL,DEP,2024-01-01,DL,373.0,ATL,DFW,500,0.1751,4.39,2024-01-01_DL_373.0,NARROWBODY,40,45,G110,1,486,556,G110,False
flight_key_v1_76603ba0ed5f4d7a53dff6363207815f,ATL,ARR,2024-01-01,DL,2375.0,DTW,ATL,502,0.1899999976158142,-1.5,2024-01-01_DL_2375.0,NARROWBODY,40,45,G15,0,487,557,G15,False
flight_key_v1_e76ee5034086c1310f66b863b163103a,ATL,ARR,2024-01-01,DL,1027.0,SAT,ATL,504,0.09929999709129333,-0.47999998927116394,2024-01-01_DL_1027.0,WIDEBODY,75,60,G39,0,489,594,G174,True
flight_key_v1_587adedc82dbd87c6963e747037845b9,ATL,DEP,2024-01-01,F9,3508.0,ATL,MCO,504,0.188,3.86,2024-01-01_F9_3508.0,NARROWBODY,40,45,G111,1,490,560,G111,False
flight_key_v1_bfe39fbe7e2e34d8ae1ef044d214b5a3,ATL,ARR,2024-01-01,9E,4927.0,GTR,ATL,505,0.23770000040531158,-0.9100000262260437,2024-01-01_9E_4927.0,WIDEBODY,75,60,G16,0,490,595,G16,False
flight_key_v1_b68f8fc82c97888f08581c4c1e39f521,ATL,DEP,2024-01-01,DL,884.0,ATL,SFO,505,0.1954,7.93,2024-01-01_DL_884.0,NARROWBODY,40,45,G31,2,492,562,G31,False
flight_key_v1_641103979a868b5bb606748ae65b7304,ATL,DEP,2024-01-01,9E,5035.0,ATL,JAN,505,0.1608,2.23,2024-01-01_9E_5035.0,NARROWBODY,40,45,G40,0,490,560,G40,False
flight_key_v1_fe05b3a8e87d6cbc00a6606b47b01b1f,ATL,ARR,2024-01-01,DL,401.0,DFW,ATL,507,0.11550000309944153,-0.47999998927116394,2024-01-01_DL_401.0,NARROWBODY,40,45,G112,0,492,562,G112,False
flight_key_v1_44a70bee701da50c67a168ca3c099875,ATL,ARR,2024-01-01,DL,2937.0,HPN,ATL,508,0.18619999289512634,-0.47999998927116394,2024-01-01_DL_2937.0,NARROWBODY,40,45,G113,0,493,563,G113,False
flight_key_v1_d1ba55fa668bf18517a75e161ac39234,ATL,ARR,2024-01-01,DL,2249.0,BTR,ATL,509,0.1889999955892563,-1.0099999904632568,2024-01-01_DL_2249.0,NARROWBODY,40,45,G114,0,494,564,G114,False
flight_key_v1_742e6a8c886f27d7302c0f38a6ada121,ATL,DEP,2024-01-01,DL,1227.0,ATL,TPA,509,0.1636,2.9,2024-01-01_DL_1227.0,NARROWBODY,40,45,G115,0,494,564,G115,False
flight_key_v1_43e27f0341611f0476e291c9540851b6,ATL,DEP,2024-01-01,DL,733.0,ATL,PHX,510,0.1636,3.05,2024-01-01_DL_733.0,NARROWBODY,40,45,G17,0,495,565,G17,False
flight_key_v1_9bc5ebcf5fcc613583c8964402a38b84,ATL,DEP,2024-01-01,DL,777.0,ATL,LAS,510,0.1636,4.16,2024-01-01_DL_777.0,NARROWBODY,40,45,G41,1,496,566,G41,False
flight_key_v1_606f902701e5d9c2e2f05dc738880699,ATL,DEP,2024-01-01,OO,3711.0,ATL,AGS,510,0.1652,3.04,2024-01-01_OO_3711.0,NARROWBODY,40,45,G42,1,496,566,G42,False
flight_key_v1_1428ef2ef093be5d7ffbfdf88cc36018,ATL,ARR,2024-01-01,DL,2266.0,EWR,ATL,511,0.1868000030517578,-0.6200000047683716,2024-01-01_DL_2266.0,NARROWBODY,40,45,G43,0,496,566,G43,False
flight_key_v1_c096c75ea404bcf01d21ff5492bf6795,ATL,ARR,2024-01-01,9E,5251.0,ABE,ATL,512,0.24549999833106995,-0.6399999856948853,2024-01-01_9E_5251.0,WIDEBODY,75,60,G44,0,497,602,G44,False
flight_key_v1_2a5c66fdb7d36f2f82e52bb21ece880c,ATL,DEP,2024-01-01,UA,340.0,ATL,DEN,512,0.1709,3.62,2024-01-01_UA_340.0,NARROWBODY,40,45,G116,1,498,568,G116,False
flight_key_v1_eb35bc2484b4d0aca766ac5652a52830,ATL,ARR,2024-01-01,DL,2664.0,BUF,ATL,512,0.5016000270843506,9.529999732971191,2024-01-01_DL_2664.0,NARROWBODY,40,45,G117,5,502,572,G117,False
flight_key_v1_3337bde6899e5081a0db17ba512e801f,ATL,ARR,2024-01-01,NK,1305.0,BWI,ATL,513,0.28529998660087585,1.3899999856948853,2024-01-01_NK_1305.0,NARROWBODY,40,45,G118,0,498,568,G118,False
flight_key_v1_f5d90af03c628d6fcca1d79a36903b78,ATL,ARR,2024-01-01,DL,1561.0,RSW,ATL,514,0.08829999715089798,-0.8299999833106995,2024-01-01_DL_1561.0,NARROWBODY,40,45,G46,0,499,569,G39,True
flight_key_v1_867da9ff38b43af9d49b5b2c4951d142,ATL,DEP,2024-01-01,WN,259.0,ATL,DCA,515,0.1697,1.91,2024-01-01_WN_259.0,WIDEBODY,75,60,G20,0,500,605,G20,False
flight_key_v1_285e50f7b1266a52cab9cd3a8ef7bba2,ATL,DEP,2024-01-01,WN,790.0,ATL,MKE,515,0.1697,2.08,2024-01-01_WN_790.0,NARROWBODY,40,45,G119,0,500,570,G119,False
flight_key_v1_fb9c6c8ab6171c9bdbe7ffcd83fcdf88,ATL,DEP,2024-01-01,WN,1021.0,ATL,BWI,515,0.1641,2.31,2024-01-01_WN_1021.0,NARROWBODY,40,45,G120,0,500,570,G120,False
flight_key_v1_6c1ac579a94536fbe0dd0712f13f276e,ATL,ARR,2024-01-01,DL,2782.0,LIT,ATL,516,0.17900000512599945,-0.6100000143051147,2024-01-01_DL_2782.0,NARROWBODY,40,45,G21,0,501,571,G21,False
flight_key_v1_2d947b18c37d14922d74fcbaa5cde4da,ATL,ARR,2024-01-01,DL,1306.0,JFK,ATL,517,0.14309999346733093,-1.600000023841858,2024-01-01_DL_1306.0,NARROWBODY,40,45,G47,0,502,572,G47,False
flight_key_v1_0fa68fdc5416406135a2a1dccf3d3775,ATL,ARR,2024-01-01,DL,2038.0,MKE,ATL,519,0.12729999423027039,-1.600000023841858,2024-01-01_DL_2038.0,NARROWBODY,40,45,G22,0,504,574,G22,False
flight_key_v1_91265896f9d843520926c7472f0858e7,ATL,ARR,2024-01-01,DL,1464.0,OMA,ATL,519,0.1597999930381775,-1.0700000524520874,2024-01-01_DL_1464.0,WIDEBODY,75,60,G48,0,504,609,G48,False
flight_key_v1_6c9b596fc6df68d5a2b7710f2cf5b815,ATL,DEP,2024-01-01,WN,245.0,ATL,MCI,520,0.1697,2.11,2024-01-01_WN_245.0,WIDEBODY,75,60,G23,0,505,610,G23,False
flight_key_v1_13dd50451f41e714e4d99d894e386c40,ATL,DEP,2024-01-01,WN,2977.0,ATL,JAN,520,0.1641,2.31,2024-01-01_WN_2977.0,NARROWBODY,40,45,G121,0,505,575,G121,False
flight_key_v1_9dbf97335ec4f8569cb49225c4e78bc4,ATL,DEP,2024-01-01,WN,152.0,ATL,IND,520,0.1641,2.31,2024-01-01_WN_152.0,NARROWBODY,40,45,G122,0,505,575,G122,False
flight_key_v1_070ec89fc24c08ef3e039c1dbc7a7cbf,ATL,DEP,2024-01-01,WN,2094.0,ATL,DEN,520,0.1697,2.83,2024-01-01_WN_2094.0,NARROWBODY,40,45,G123,0,505,575,G123,False
flight_key_v1_7404b9d5eada98cd2ee9316cf94cab1b,ATL,DEP,2024-01-01,WN,457.0,ATL,AUS,520,0.1641,2.45,2024-01-01_WN_457.0,WIDEBODY,75,60,G124,0,505,610,G124,False
flight_key_v1_46931a9aa739ac0d21d93a644f6cb06e,ATL,DEP,2024-01-01,NK,1209.0,ATL,MCO,521,0.1946,5.2,2024-01-01_NK_1209.0,NARROWBODY,40,45,G24,1,507,577,G24,False
flight_key_v1_dd14b6fc0cc4bb7448b8b7864dc33f9e,ATL,ARR,2024-01-01,DL,2298.0,STL,ATL,522,0.17159999907016754,-0.47999998927116394,2024-01-01_DL_2298.0,NARROWBODY,40,45,G49,0,507,577,G175,True
flight_key_v1_bd6b54951a11700f7a489b3628c832c6,ATL,DEP,2024-01-01,DL,474.0,ATL,ORD,523,0.1756,3.75,2024-01-01_DL_474.0,NARROWBODY,40,45,G50,1,509,579,G50,False
flight_key_v1_fd3a6b6c773eab9b48e896f40353676a,ATL,ARR,2024-01-01,DL,747.0,LGA,ATL,523,0.14869999885559082,-1.600000023841858,2024-01-01_DL_747.0,NARROWBODY,40,45,G51,0,508,578,G51,False
flight_key_v1_6290cc6cab37a15b8dc06a309dede14c,ATL,ARR,2024-01-01,DL,1344.0,AUS,ATL,524,0.08990000188350677,-0.47999998927116394,2024-01-01_DL_1344.0,NARROWBODY,40,45,G52,0,509,579,G52,False
flight_key_v1_ab6b51ea10d73d28a33458102dfe9c65,ATL,ARR,2024-01-01,DL,2691.0,GRB,ATL,524,0.1459999978542328,-1.5,2024-01-01_DL_2691.0,NARROWBODY,40,45,G125,0,509,579,G125,False
flight_key_v1_13460927f97b1e539ecddc0d361b15d0,ATL,ARR,2024-01-01,DL,1701.0,ORD,ATL,524,0.19990000128746033,-0.47999998927116394,2024-01-01_DL_1701.0,NARROWBODY,40,45,G126,0,509,579,G126,False
flight_key_v1_fbb19e18c5eb2df85d95f6e1f8103365,ATL,ARR,2024-01-01,DL,1051.0,RDU,ATL,524,0.20589999854564667,-0.49000000953674316,2024-01-01_DL_1051.0,NARROWBODY,40,45,G127,0,509,579,G127,False
flight_key_v1_0b0c21d460a6707b8dbb18940454ddd3,ATL,DEP,2024-01-01,NK,3102.0,ATL,LAX,525,0.2007,6.5,2024-01-01_NK_3102.0,NARROWBODY,40,45,G01,1,511,581,G01,False
flight_key_v1_2606658f947a00de03a246009c2d9881,ATL,DEP,2024-01-01,DL,898.0,ATL,LAX,525,0.1751,4.6,2024-01-01_DL_898.0,NARROWBODY,40,45,G03,1,511,581,G03,False
flight_key_v1_f5c6209f690d3f5920c71b8384731bba,ATL,DEP,2024-01-01,WN,1110.0,ATL,CMH,525,0.1697,12.38,2024-01-01_WN_1110.0,NARROWBODY,40,45,G25,2,512,582,G25,False
flight_key_v1_502465b4984c5fe731306b8dada3a5a7,ATL,DEP,2024-01-01,DL,2703.0,ATL,MSY,525,0.1643,2.44,2024-01-01_DL_2703.0,NARROWBODY,40,45,G53,0,510,580,G176,True
flight_key_v1_6bde4dd3656233fd81751e4d8c465bc3,ATL,DEP,2024-01-01,WN,3303.0,ATL,MCO,525,0.17,3.15,2024-01-01_WN_3303.0,WIDEBODY,75,60,G54,1,511,616,G54,False
flight_key_v1_53f27f724a746b3f473d2d4d35ff95f1,ATL,ARR,2024-01-01,DL,2767.0,CMH,ATL,526,0.1712999939918518,-0.9300000071525574,2024-01-01_DL_2767.0,NARROWBODY,40,45,G55,0,511,581,G55,False
flight_key_v1_a8b2a138b47cb14a751e4609732ec019,ATL,ARR,2024-01-01,OO,3938.0,EVV,ATL,527,0.25949999690055847,1.7799999713897705,2024-01-01_OO_3938.0,NARROWBODY,40,45,G56,0,512,582,G56,False
flight_key_v1_4cce14a810ae90bed8c6833c7d3b6241,ATL,ARR,2024-01-01,9E,5488.0,MLU,ATL,528,0.1404999941587448,-0.47999998927116394,2024-01-01_9E_5488.0,NARROWBODY,40,45,G128,0,513,583,G128,False
flight_key_v1_174b368e01dfda8aca93ad71c57c4509,ATL,ARR,2024-01-01,DL,2652.0,BDL,ATL,528,0.1671999990940094,-1.600000023841858,2024-01-01_DL_2652.0,NARROWBODY,40,45,G129,0,513,583,G129,False
flight_key_v1_9b0b1fbf0bd5d5a0b16217a4b6b04971,ATL,ARR,2024-01-01,DL,1169.0,SYR,ATL,529,0.2264000028371811,-1.1100000143051147,2024-01-01_DL_1169.0,NARROWBODY,40,45,G26,0,514,584,G26,False
flight_key_v1_a9b5e546968c58e5c06fd92600bf5e74,ATL,ARR,2024-01-01,9E,5183.0,MSN,ATL,529,0.16040000319480896,-1.5,2024-01-01_9E_5183.0,NARROWBODY,40,45,G130,0,514,584,G130,False
flight_key_v1_c74b2c0f45a7a2b49b6ab78350912e7a,ATL,ARR,2024-01-01,WN,2466.0,PHL,ATL,530,0.16899999976158142,-0.8899999856948853,2024-01-01_WN_2466.0,NARROWBODY,40,45,G13,0,515,585,G13,False
flight_key_v1_5808acdb303adc75b9a186ba184a7793,ATL,ARR,2024-01-01,9E,5015.0,AEX,ATL,530,0.18649999797344208,-0.47999998927116394,2024-01-01_9E_5015.0,NARROWBODY,40,45,G27,0,515,585,G27,False
flight_key_v1_482aa2e6723495f9fb4cc9495c76858e,ATL,DEP,2024-01-01,WN,576.0,ATL,SDF,530,0.1641,2.31,2024-01-01_WN_576.0,NARROWBODY,40,45,G57,0,515,585,G177,True
flight_key_v1_203b6ceaa3aa0a70eddc090ae92c72f8,ATL,DEP,2024-01-01,WN,3453.0,ATL,SAT,530,0.1641,2.42,2024-01-01_WN_3453.0,NARROWBODY,40,45,G58,0,515,585,G58,False
flight_key_v1_1809702eb9af43990ced33769e29b52e,ATL,ARR,2024-01-01,DL,1200.0,MCO,ATL,532,0.147599995136261,-0.36000001430511475,2024-01-01_DL_1200.0,NARROWBODY,40,45,G60,0,517,587,G60,False
flight_key_v1_c6649daaf5c8f00a10fa46480791ef58,ATL,ARR,2024-01-01,DL,2459.0,CID,ATL,533,0.20340000092983246,-0.47999998927116394,2024-01-01_DL_2459.0,NARROWBODY,40,45,G38,0,518,588,G38,False
flight_key_v1_3919417daf3b9afbaceaf0130e08d2d5,ATL,ARR,2024-01-01,DL,2851.0,BTV,ATL,533,0.2615000009536743,-0.47999998927116394,2024-01-01_DL_2851.0,WIDEBODY,75,60,G61,0,518,623,G61,False
flight_key_v1_d69d53bf711e63e7fc1e407b2ba6622c,ATL,ARR,2024-01-01,OO,3910.0,SHV,ATL,533,0.28130000829696655,2.9200000762939453,2024-01-01_OO_3910.0,NARROWBODY,40,45,G62,1,519,589,G62,False
flight_key_v1_5f88883549a63a59220dc79088d93272,ATL,ARR,2024-01-01,9E,5084.0,LFT,ATL,534,0.2402999997138977,-0.47999998927116394,2024-01-01_9E_5084.0,NARROWBODY,40,45,G64,0,519,589,G64,False
flight_key_v1_815cbea7560593b56519471108f218a5,ATL,ARR,2024-01-01,9E,5025.0,ATW,ATL,534,0.3240000009536743,-0.47999998927116394,2024-01-01_9E_5025.0,NARROWBODY,40,45,G131,0,519,589,G131,False
flight_key_v1_73eab427377e63292389b7b4f2cdd33e,ATL,ARR,2024-01-01,DL,2903.0,MCI,ATL,534,0.19169999659061432,-1.0099999904632568,2024-01-01_DL_2903.0,NARROWBODY,40,45,G132,0,519,589,G132,False
flight_key_v1_11475051fcf68e16759b5c67879c8911,ATL,ARR,2024-01-01,9E,4912.0,DHN,ATL,534,0.2702000141143799,-0.8199999928474426,2024-01-01_9E_4912.0,NARROWBODY,40,45,G133,0,519,589,G133,False
flight_key_v1_1a1d976f2dd51a413f49cc3e2ce9c505,ATL,DEP,2024-01-01,DL,569.0,ATL,LGA,535,0.1636,2.81,2024-01-01_DL_569.0,NARROWBODY,40,45,G65,0,520,590,G65,False
flight_key_v1_3633bab94de7839abcd294a6f0ae0b04,ATL,DEP,2024-01-01,DL,1493.0,ATL,BWI,535,0.1636,2.64,2024-01-01_DL_1493.0,NARROWBODY,40,45,G66,0,520,590,G66,False
flight_key_v1_0547b9de04908f023f45574bc060cf72,ATL,DEP,2024-01-01,DL,2632.0,ATL,OMA,535,0.1692,2.65,2024-01-01_DL_2632.0,NARROWBODY,40,45,G67,0,520,590,G67,False
flight_key_v1_153902c4f9979588e55aadaa4442d0d8,ATL,ARR,2024-01-01,DL,1494.0,PBI,ATL,535,0.10949999839067459,-0.8399999737739563,2024-01-01_DL_1494.0,WIDEBODY,75,60,G134,0,520,625,G134,False
flight_key_v1_1fd90d06a54a288bdce18199ce521ba6,ATL,DEP,2024-01-01,DL,1428.0,ATL,EWR,535,0.1636,2.81,2024-01-01_DL_1428.0,NARROWBODY,40,45,G135,0,520,590,G135,False
flight_key_v1_83d367f41e7ff9433ab2a330056fccd3,ATL,ARR,2024-01-01,WN,564.0,HOU,ATL,535,0.1574999988079071,0.15000000596046448,2024-01-01_WN_564.0,NARROWBODY,40,45,G136,0,520,590,G136,False
flight_key_v1_183640989bf4ece5b333a52eb90d6bd6,ATL,ARR,2024-01-01,WN,434.0,SDF,ATL,535,0.22290000319480896,-0.15000000596046448,2024-01-01_WN_434.0,NARROWBODY,40,45,G137,0,520,590,G137,False
flight_key_v1_61284d6166fbe0e88f938b4d613a1382,ATL,DEP,2024-01-01,DL,2892.0,ATL,EYW,535,0.1636,2.65,2024-01-01_DL_2892.0,NARROWBODY,40,45,G138,0,520,590,G138,False
flight_key_v1_1b011ec15786eb0cc1cb1234feef9123,ATL,DEP,2024-01-01,DL,2983.0,ATL,MLB,535,0.1636,2.64,2024-01-01_DL_2983.0,NARROWBODY,40,45,G139,0,520,590,G139,False
flight_key_v1_4565c3be9a586d9a934b21ae90e30a74,ATL,DEP,2024-01-01,DL,2633.0,ATL,RDU,535,0.1662,2.7,2024-01-01_DL_2633.0,NARROWBODY,40,45,G140,0,520,590,G140,False
flight_key_v1_870e256e7ebb0db6252dfbff6b7c1784,ATL,ARR,2024-01-01,9E,5383.0,BMI,ATL,537,0.24210000038146973,-0.47999998927116394,2024-01-01_9E_5383.0,NARROWBODY,40,45,G69,0,522,592,G69,False
flight_key_v1_cbde786ff0ee781b4ee03e21ba875238,ATL,ARR,2024-01-01,DL,1235.0,TUL,ATL,538,0.13510000705718994,-0.47999998927116394,2024-01-01_DL_1235.0,WIDEBODY,75,60,G70,0,523,628,G70,False
flight_key_v1_440acfef2b22106a6e79843a06b76376,ATL,ARR,2024-01-01,DL,2216.0,ICT,ATL,538,0.1777999997138977,-0.47999998927116394,2024-01-01_DL_2216.0,NARROWBODY,40,45,G141,0,523,593,G141,False
flight_key_v1_774ec79ee91f1bdca66471019d7169fb,ATL,ARR,2024-01-01,DL,2429.0,ALB,ATL,538,0.25429999828338623,-1.149999976158142,2024-01-01_DL_2429.0,NARROWBODY,40,45,G142,0,523,593,G142,False
flight_key_v1_65d7cdec8b28ffd8bba8f208c37f2752,ATL,ARR,2024-01-01,DL,695.0,BOS,ATL,539,0.148499995470047,-1.4800000190734863,2024-01-01_DL_695.0,NARROWBODY,40,45,G143,0,524,594,G143,False
flight_key_v1_ac3aee51695a888e118758268963385d,ATL,DEP,2024-01-01,DL,1240.0,ATL,DTW,539,0.1692,2.55,2024-01-01_DL_1240.0,NARROWBODY,40,45,G144,0,524,594,G144,False
flight_key_v1_b155ae7985e80e7e7697df1de3bda87e,ATL,DEP,2024-01-01,DL,2270.0,ATL,PHL,539,0.1636,2.81,2024-01-01_DL_2270.0,NARROWBODY,40,45,G145,0,524,594,G145,False
flight_key_v1_445cc67941d09110a65439de8ccb02a2,ATL,DEP,2024-01-01,DL,2326.0,ATL,JAX,540,0.182,3.05,2024-01-01_DL_2326.0,NARROWBODY,40,45,G05,1,526,596,G05,False
flight_key_v1_e2081fa53f563664e692884f5ecba551,ATL,ARR,2024-01-01,DL,2557.0,HOU,ATL,540,0.12449999898672104,-0.47999998927116394,2024-01-01_DL_2557.0,NARROWBODY,40,45,G71,0,525,595,G71,False
flight_key_v1_6463afb4defe84641b91c0824e8e00bf,ATL,DEP,2024-01-01,AS,497.0,ATL,SEA,540,0.1881,0.41,2024-01-01_AS_497.0,NARROWBODY,40,45,G73,0,525,595,G73,False
flight_key_v1_273f7bd4dfdc72b2085898e440acd2d6,ATL,DEP,2024-01-01,DL,1510.0,ATL,MIA,540,0.1881,4.55,2024-01-01_DL_1510.0,NARROWBODY,40,45,G146,1,526,596,G146,False
flight_key_v1_d6d7c2b2b1c56f92b75cc288841bd2ed,ATL,DEP,2024-01-01,DL,471.0,ATL,CVG,540,0.1912,3.21,2024-01-01_DL_471.0,NARROWBODY,40,45,G147,1,526,596,G147,False
flight_key_v1_8d63e0cd19b41541f745c8e3efd48c5e,ATL,DEP,2024-01-01,9E,4933.0,ATL,TYS,540,0.182,3.01,2024-01-01_9E_4933.0,WIDEBODY,75,60,G148,1,526,631,G148,False
flight_key_v1_f9aced2271f00e5a3b1505c76ebe88af,ATL,ARR,2024-01-01,WN,2379.0,MDW,ATL,540,0.22390000522136688,0.15000000596046448,2024-01-01_WN_2379.0,NARROWBODY,40,45,G149,0,525,595,G149,False
flight_key_v1_9ae9662f4804b7e0b06c9805ca381ecb,ATL,DEP,2024-01-01,DL,1304.0,ATL,MSP,540,0.1937,4.02,2024-01-01_DL_1304.0,WIDEBODY,75,60,G150,1,526,631,G150,False
flight_key_v1_2b6f751c43af27b468f7ae3db00dc796,ATL,DEP,2024-01-01,DL,1366.0,ATL,CLE,540,0.1912,14.16,2024-01-01_DL_1366.0,NARROWBODY,40,45,G151,3,528,598,G151,False
flight_key_v1_c2f0518284a39090ba579d5011dc0b56,ATL,DEP,2024-01-01,NK,481.0,ATL,MSY,540,0.1956,4.93,2024-01-01_NK_481.0,NARROWBODY,40,45,G152,1,526,596,G152,False
flight_key_v1_ee30765c6d985391eb35ab801014a3ea,ATL,DEP,2024-01-01,DL,2174.0,ATL,DAB,540,0.182,3.16,2024-01-01_DL_2174.0,WIDEBODY,75,60,G153,1,526,631,G153,False
flight_key_v1_c31613498c0091ba635446cd4bf7ce3e,ATL,DEP,2024-01-01,9E,4935.0,ATL,ILM,540,0.182,3.01,2024-01-01_9E_4935.0,NARROWBODY,40,45,G154,1,526,596,G154,False
flight_key_v1_52860c9c04e68c2783672c9234631677,ATL,DEP,2024-01-01,9E,5039.0,ATL,CHA,542,0.182,3.01,2024-01-01_9E_5039.0,NARROWBODY,40,45,G155,1,528,598,G155,False
flight_key_v1_764724338ca433666d5380dfd6bc086e,ATL,ARR,2024-01-01,DL,1604.0,MSP,ATL,542,0.1607999950647354,-1.600000023841858,2024-01-01_DL_1604.0,NARROWBODY,40,45,G156,0,527,597,G156,False
flight_key_v1_59f79a877d54be1f0fb0ecd82d214c25,ATL,ARR,2024-01-01,DL,2673.0,PVD,ATL,544,0.20739999413490295,-1.4800000190734863,2024-01-01_DL_2673.0,NARROWBODY,40,45,G32,0,529,599,G32,False
flight_key_v1_9c908a6d516f6707edeeeb91de826132,ATL,ARR,2024-01-01,DL,2780.0,OKC,ATL,544,0.14669999480247498,-0.5899999737739563,2024-01-01_DL_2780.0,NARROWBODY,40,45,G157,0,529,599,G157,False
flight_key_v1_7fe64ed084265fb311672f0184adcafc,ATL,ARR,2024-01-01,DL,2548.0,MDW,ATL,544,0.18299999833106995,-0.47999998927116394,2024-01-01_DL_2548.0,NARROWBODY,40,45,G158,0,529,599,G158,False
flight_key_v1_25c000abb3023e1221dedf69b5449356,ATL,DEP,2024-01-01,DL,2290.0,ATL,STL,545,0.182,3.16,2024-01-01_DL_2290.0,NARROWBODY,40,45,G02,1,531,601,G02,False
flight_key_v1_c2c7ef87d1bf7e81010d0bfa660186c9,ATL,ARR,2024-01-01,DL,2264.0,FSD,ATL,545,0.22519999742507935,-0.6200000047683716,2024-01-01_DL_2264.0,NARROWBODY,40,45,G06,0,530,600,G06,False
flight_key_v1_d6e58b1cb79282e43cee115225681473,ATL,ARR,2024-01-01,DL,2115.0,ROC,ATL,545,0.22589999437332153,-1.4800000190734863,2024-01-01_DL_2115.0,NARROWBODY,40,45,G18,0,530,600,G18,False
flight_key_v1_8f69020590a939dd0799ff69dd7209bb,ATL,ARR,2024-01-01,DL,1069.0,IAH,ATL,545,0.13670000433921814,-0.47999998927116394,2024-01-01_DL_1069.0,NARROWBODY,40,45,G19,0,530,600,G19,False
flight_key_v1_edef835d9d6d0eeb80c445a216c04796,ATL,ARR,2024-01-01,DL,1318.0,DAL,ATL,545,0.121799997985363,-0.47999998927116394,2024-01-01_DL_1318.0,WIDEBODY,75,60,G159,0,530,635,G159,False
flight_key_v1_3a25a9c4af2b285f9d2e689f929bf43c,ATL,ARR,2024-01-01,OO,3877.0,SBN,ATL,545,0.3418999910354614,2.0199999809265137,2024-01-01_OO_3877.0,NARROWBODY,40,45,G160,1,531,601,G160,False
flight_key_v1_bf546eb3404edc730389458c552bac47,ATL,ARR,2024-01-01,DL,1101.0,MIA,ATL,545,0.16189999878406525,-0.36000001430511475,2024-01-01_DL_1101.0,NARROWBODY,40,45,G161,0,530,600,G161,False
flight_key_v1_a0593659f67cac3d203d78dfb75b2f63,ATL,ARR,2024-01-01,DL,2638.0,DSM,ATL,545,0.1882999986410141,-0.47999998927116394,2024-01-01_DL_2638.0,WIDEBODY,75,60,G162,0,530,635,G162,False
flight_key_v1_5b69c0b304c46597b52f4151332c3e0e,ATL,ARR,2024-01-01,9E,5313.0,SGF,ATL,545,0.3382999897003174,-0.12999999523162842,2024-01-01_9E_5313.0,WIDEBODY,75,60,G163,0,530,635,G163,False
flight_key_v1_8533958b429d253d569c0f336df17b83,ATL,ARR,2024-01-01,DL,2318.0,CLT,ATL,545,0.15539999306201935,-0.36000001430511475,2024-01-01_DL_2318.0,WIDEBODY,75,60,G164,0,530,635,G164,False
flight_key_v1_f821ffc356e6aa49c53fd9df10e7ec6d,ATL,ARR,2024-01-01,9E,5419.0,XNA,ATL,545,0.3506999909877777,-0.6100000143051147,2024-01-01_9E_5419.0,NARROWBODY,40,45,G165,0,530,600,G165,False
flight_key_v1_7f746e14ff24eb7f2a633450b2ed405f,ATL,ARR,2024-01-01,9E,5022.0,MLI,ATL,545,0.29760000109672546,-0.949999988079071,2024-01-01_9E_5022.0,WIDEBODY,75,60,G166,0,530,635,G166,False
flight_key_v1_51b25bdb90ea81e53e432c28ebab81b3,ATL,DEP,2024-01-01,DL,809.0,ATL,SJC,545,0.182,3.6,2024-01-01_DL_809.0,NARROWBODY,40,45,G167,1,531,601,G167,False
flight_key_v1_d844b9528a7919d6722c69670c97153a,ATL,ARR,2024-01-01,DL,2773.0,PWM,ATL,545,0.23970000445842743,-0.47999998927116394,2024-01-01_DL_2773.0,NARROWBODY,40,45,G168,0,530,600,G168,False
flight_key_v1_dd1f1d4397a68fabd9de9056e374b005,ATL,DEP,2024-01-01,9E,5189.0,ATL,BTR,547,0.182,3.01,2024-01-01_9E_5189.0,WIDEBODY,75,60,G34,1,533,638,G34,False
flight_key_v1_57d9b3514bace6629717c26a1ce8fc61,ATL,DEP,2024-01-01,DL,558.0,ATL,EGE,550,0.1912,3.84,2024-01-01_DL_558.0,NARROWBODY,40,45,G45,1,536,606,G45,False
flight_key_v1_5e8a9f4dd77ceb3d8c61dc15f55b44a1,ATL,ARR,2024-01-01,WN,1923.0,MSY,ATL,550,0.14990000426769257,-0.23999999463558197,2024-01-01_WN_1923.0,NARROWBODY,40,45,G74,0,535,605,G74,False
flight_key_v1_32e7004c099a3583eb512ecbf5ba8947,ATL,DEP,2024-01-01,DL,2107.0,ATL,MKE,550,0.1912,3.21,2024-01-01_DL_2107.0,NARROWBODY,40,45,G75,1,536,606,G75,False
flight_key_v1_975a39852d22375eaafe8f5aa320ff3c,ATL,DEP,2024-01-01,DL,1345.0,ATL,CMH,550,0.182,3.16,2024-01-01_DL_1345.0,NARROWBODY,40,45,G76,1,536,606,G76,False
flight_key_v1_36b86787b4b747b94aa39b6424e25927,ATL,DEP,2024-01-01,DL,2223.0,ATL,SDF,550,0.182,3.16,2024-01-01_DL_2223.0,NARROWBODY,40,45,G77,1,536,606,G77,False
flight_key_v1_ec40feaa64ad9d45086d7b56b2d8539f,ATL,DEP,2024-01-01,F9,2634.0,ATL,BWI,550,0.193,4.06,2024-01-01_F9_2634.0,NARROWBODY,40,45,G79,1,536,606,G79,False
flight_key_v1_dd19529606e02085299b987550bfa042,ATL,DEP,2024-01-01,DL,2490.0,ATL,OKC,550,0.1912,3.24,2024-01-01_DL_2490.0,NARROWBODY,40,45,G80,1,536,606,G80,False
flight_key_v1_104ddbcfeb903556bc7f3a95b7ade2c0,ATL,ARR,2024-01-01,NK,740.0,FLL,ATL,551,0.2703999876976013,1.8600000143051147,2024-01-01_NK_740.0,NARROWBODY,40,45,G81,1,537,607,G81,False
flight_key_v1_0f71306025918a6f9150d0f861bc82a4,ATL,DEP,2024-01-01,9E,5272.0,ATL,TRI,555,0.182,3.01,2024-01-01_9E_5272.0,NARROWBODY,40,45,G08,1,541,611,G08,False
flight_key_v1_9981d852f49fd9ebe13f53e55dd77d19,ATL,DEP,2024-01-01,DL,380.0,ATL,DCA,555,0.182,2.95,2024-01-01_DL_380.0,NARROWBODY,40,45,G82,1,541,611,G82,False
flight_key_v1_4e1d7e5bbef05484aa63ce16cd383f48,ATL,DEP,2024-01-01,DL,786.0,ATL,PDX,555,0.182,3.45,2024-01-01_DL_786.0,NARROWBODY,40,45,G83,1,541,611,G83,False
flight_key_v1_ee014864c1f39765787498dfeae7cea3,ATL,DEP,2024-01-01,DL,904.0,ATL,SMF,555,0.182,4.01,2024-01-01_DL_904.0,NARROWBODY,40,45,G84,1,541,611,G84,False
flight_key_v1_902846e45c8a95989da5dd021e04ddb3,ATL,DEP,2024-01-01,UA,1850.0,ATL,IAH,555,0.1838,3.51,2024-01-01_UA_1850.0,NARROWBODY,40,45,G85,1,541,611,G85,False
flight_key_v1_fae108a98507b3b2e0d296f36b2e74bd,ATL,DEP,2024-01-01,9E,5460.0,ATL,LEX,555,0.182,3.01,2024-01-01_9E_5460.0,NARROWBODY,40,45,G86,1,541,611,G86,False
flight_key_v1_eaa1e1d2224c896e1bddac0b21a1a94d,ATL,ARR,2024-01-01,DL,1618.0,BHM,ATL,555,0.13619999587535858,-0.36000001430511475,2024-01-01_DL_1618.0,NARROWBODY,40,45,G87,0,540,610,G87,False
flight_key_v1_574316f08392f76e28dec427dae92cf3,ATL,DEP,2024-01-01,DL,1063.0,ATL,MDW,555,0.182,3.16,2024-01-01_DL_1063.0,WIDEBODY,75,60,G89,1,541,646,G89,False
flight_key_v1_82577ac26392c419c1ecc4f93ab96d9a,ATL,DEP,2024-01-01,DL,2820.0,ATL,IAD,555,0.182,2.88,2024-01-01_DL_2820.0,NARROWBODY,40,45,G90,1,541,611,G90,False
flight_key_v1_262c6667e20a6118658e753f9b140894,ATL,DEP,2024-01-01,AA,2977.0,ATL,CLT,555,0.182,2.08,2024-01-01_AA_2977.0,NARROWBODY,40,45,G91,0,540,610,G91,False
flight_key_v1_c0c75a8166564b08a118874679f79588,ATL,DEP,2024-01-01,DL,340.0,ATL,BZN,557,0.1912,3.84,2024-01-01_DL_340.0,NARROWBODY,40,45,G92,1,543,613,G92,False
flight_key_v1_30582f93735d88821212aec5f8f7e93b,ATL,ARR,2024-01-01,DL,1044.0,TPA,ATL,559,0.13289999961853027,-0.7200000286102295,2024-01-01_DL_1044.0,NARROWBODY,40,45,G93,0,544,614,G93,False
flight_key_v1_25545980cd5ac414cb7435a519bb48b7,ATL,DEP,2024-01-01,DL,1658.0,ATL,MCO,559,0.1881,3.89,2024-01-01_DL_1658.0,NARROWBODY,40,45,G94,1,545,615,G94,False
flight_key_v1_3644ae67f5ad7b36fb2ef00fe4fe8a38,ATL,DEP,2024-01-01,9E,4858.0,ATL,TLH,560,0.182,3.01,2024-01-01_9E_4858.0,WIDEBODY,75,60,G09,1,546,651,G09,False
flight_key_v1_8d8640865b589e01301d84257d6cd22d,ATL,DEP,2024-01-01,DL,2315.0,ATL,ECP,560,0.1912,3.21,2024-01-01_DL_2315.0,WIDEBODY,75,60,G95,1,546,651,G95,False
flight_key_v1_e40143594486496be301d93cd9fc57a4,ATL,DEP,2024-01-01,9E,4949.0,ATL,TUL,560,0.1937,3.09,2024-01-01_9E_4949.0,NARROWBODY,40,45,G96,1,546,616,G96,False
flight_key_v1_d84a536c00608263a8382d9c067ed841,ATL,DEP,2024-01-01,DL,787.0,ATL,GEG,560,0.182,3.7,2024-01-01_DL_787.0,NARROWBODY,40,45,G98,1,546,616,G98,False
flight_key_v1_94e6a89270b1bd730a6454965a9d4447,ATL,DEP,2024-01-01,DL,1620.0,ATL,FLL,561,0.1881,4.2,2024-01-01_DL_1620.0,NARROWBODY,40,45,G99,1,547,617,G99,False
flight_key_v1_24cc872484b996806957ac9dbb857305,ATL,DEP,2024-01-01,F9,1102.0,ATL,PHL,561,0.193,4.06,2024-01-01_F9_1102.0,NARROWBODY,40,45,G100,1,547,617,G100,False
flight_key_v1_c648f59cc245f6e6b123ca0d29ff295e,ATL,ARR,2024-01-01,DL,2336.0,BWI,ATL,562,0.17229999601840973,-0.8399999737739563,2024-01-01_DL_2336.0,WIDEBODY,75,60,G169,0,547,652,G169,False
flight_key_v1_d356798bbb357df1db0b648d0d018747,ATL,DEP,2024-01-01,WN,2466.0,ATL,STL,565,0.1838,3.57,2024-01-01_WN_2466.0,NARROWBODY,40,45,G11,1,551,621,G11,False
flight_key_v1_c414073180e146724fa922354695fb3c,ATL,DEP,2024-01-01,DL,2071.0,ATL,MEM,565,0.1912,3.21,2024-01-01_DL_2071.0,NARROWBODY,40,45,G12,1,551,621,G12,False
flight_key_v1_bdf0e165d116a873cc2656f9e166a4d1,ATL,DEP,2024-01-01,OO,4176.0,ATL,FWA,565,0.1838,3.61,2024-01-01_OO_4176.0,WIDEBODY,75,60,G28,1,551,656,G28,False
flight_key_v1_ef8d7fc834c4aa02ef826522797c527c,ATL,DEP,2024-01-01,DL,2952.0,ATL,IND,567,0.182,3.33,2024-01-01_DL_2952.0,NARROWBODY,40,45,G04,1,553,623,G04,False
flight_key_v1_8aa2c2ac1b3694bbee620b24b4c50efa,ATL,DEP,2024-01-01,NK,1079.0,ATL,FLL,570,0.1995,6.27,2024-01-01_NK_1079.0,NARROWBODY,40,45,G14,1,556,626,G14,False
flight_key_v1_9a17ba149ef3f44a7f765f11ee81dbca,ATL,DEP,2024-01-01,WN,1301.0,ATL,MDW,570,0.1838,3.57,2024-01-01_WN_1301.0,NARROWBODY,40,45,G30,1,556,626,G30,False
flight_key_v1_05193410b17b6f0c119497a604239aad,ATL,DEP,2024-01-01,DL,1316.0,ATL,BNA,570,0.182,3.16,2024-01-01_DL_1316.0,NARROWBODY,40,45,G35,1,556,626,G35,False
flight_key_v1_70c667360dd7b4957506fe2d86e6efa7,ATL,ARR,2024-01-01,WN,971.0,DCA,ATL,570,0.15070000290870667,-0.8100000023841858,2024-01-01_WN_971.0,NARROWBODY,40,45,G36,0,555,625,G36,False
flight_key_v1_19d7697d9db790f0d9c3e834e6406455,ATL,ARR,2024-01-01,DL,1421.0,BNA,ATL,572,0.19470000267028809,-0.36000001430511475,2024-01-01_DL_1421.0,NARROWBODY,40,45,G15,0,557,627,G15,False
flight_key_v1_37e537cc33e40751bf38d5e7a0068dd9,ATL,DEP,2024-01-01,DL,2517.0,ATL,MYR,574,0.182,3.16,2024-01-01_DL_2517.0,NARROWBODY,40,45,G37,1,560,630,G37,False
flight_key_v1_5c44e00c43365b5b4d7da44d2be7c6b8,ATL,ARR,2024-01-01,DL,2499.0,PHL,ATL,575,0.16979999840259552,-1.1100000143051147,2024-01-01_DL_2499.0,NARROWBODY,40,45,G31,0,560,630,G173,True
flight_key_v1_f8d2b288515022d9d181ff560b647852,ATL,ARR,2024-01-01,DL,959.0,DCA,ATL,575,0.14380000531673431,-1.0399999618530273,2024-01-01_DL_959.0,NARROWBODY,40,45,G40,0,560,630,G40,False
flight_key_v1_b9f2021b3d8973e6a85110453f16d3eb,ATL,ARR,2024-01-01,DL,2387.0,SDF,ATL,576,0.20029999315738678,-0.6600000262260437,2024-01-01_DL_2387.0,NARROWBODY,40,45,G59,0,561,631,G59,False
flight_key_v1_1ecf0c8a6d4b39c4c5ac088a46a0ce61,ATL,ARR,2024-01-01,B6,1097.0,BOS,ATL,579,0.3508000075817108,0.5699999928474426,2024-01-01_B6_1097.0,NARROWBODY,40,45,G63,0,564,634,G63,False
flight_key_v1_85bc89bb46114a1a2af522b6bc0a04d2,ATL,DEP,2024-01-01,DL,2381.0,ATL,PBI,580,0.1881,4.04,2024-01-01_DL_2381.0,NARROWBODY,40,45,G17,1,566,636,G17,False
flight_key_v1_dfd482bbec04977b4ae67ee02fd0517e,ATL,DEP,2024-01-01,OO,3841.0,ATL,EVV,580,0.1838,3.55,2024-01-01_OO_3841.0,NARROWBODY,40,45,G33,1,566,636,G33,False
flight_key_v1_241c9bfcbc5a6e551b5dfb954938f4fc,ATL,DEP,2024-01-01,DL,1028.0,ATL,MIA,580,0.1881,4.81,2024-01-01_DL_1028.0,NARROWBODY,40,45,G41,1,566,636,G41,False
flight_key_v1_7b230ab362abbaa4c9381666e6a3f742,ATL,DEP,2024-01-01,9E,5381.0,ATL,ABE,580,0.182,3.29,2024-01-01_9E_5381.0,NARROWBODY,40,45,G42,1,566,636,G42,False
flight_key_v1_bc6bc855bc2d6b87a6530f3530f8a41a,ATL,DEP,2024-01-01,9E,4968.0,ATL,CLT,580,0.182,2.83,2024-01-01_9E_4968.0,NARROWBODY,40,45,G68,1,566,636,G68,False
flight_key_v1_25d215193fe3c27f71376d0af591aa86,ATL,DEP,2024-01-01,WN,564.0,ATL,BWI,580,0.1838,3.86,2024-01-01_WN_564.0,WIDEBODY,75,60,G72,1,566,671,G72,False
flight_key_v1_68df347dfba334dc6d37973bfb542fe9,ATL,ARR,2024-01-01,DL,2025.0,MCO,ATL,581,0.18310000002384186,-0.36000001430511475,2024-01-01_DL_2025.0,NARROWBODY,40,45,G43,0,566,636,G43,False
flight_key_v1_4f16968bcc2bcf4e8053d819ea8a947d,ATL,DEP,2024-01-01,DL,1950.0,ATL,STT,581,0.193,6.25,2024-01-01_DL_1950.0,NARROWBODY,40,45,G101,1,567,637,G101,False
flight_key_v1_944e0afd17af174d77f1f3a288c810c2,ATL,DEP,2024-01-01,DL,1587.0,ATL,TPA,582,0.182,3.65,2024-01-01_DL_1587.0,NARROWBODY,40,45,G102,1,568,638,G102,False
flight_key_v1_a0cd0f36463abf23ce30777ce74b335a,ATL,ARR,2024-01-01,DL,2932.0,FLL,ATL,583,0.1476999968290329,-0.5,2024-01-01_DL_2932.0,NARROWBODY,40,45,G103,0,568,638,G103,False
flight_key_v1_1476303eef7bea3b733554d682b918b0,ATL,ARR,2024-01-01,DL,2411.0,SAV,ATL,583,0.1315000057220459,-0.8999999761581421,2024-01-01_DL_2411.0,NARROWBODY,40,45,G104,0,568,638,G104,False
flight_key_v1_737420445b0c0a235b4b4728228b3229,ATL,ARR,2024-01-01,DL,2396.0,MSY,ATL,584,0.15539999306201935,-0.36000001430511475,2024-01-01_DL_2396.0,NARROWBODY,40,45,G46,0,569,639,G46,False
flight_key_v1_2fe2fd689f9ad13897050595657cadba,ATL,ARR,2024-01-01,WN,1286.0,CMH,ATL,585,0.3905999958515167,2.930000066757202,2024-01-01_WN_1286.0,NARROWBODY,40,45,G07,1,571,641,G07,False
flight_key_v1_bbec3ef731d0e3daf0eeb9d3aaaed653,ATL,DEP,2024-01-01,DL,2400.0,ATL,MSY,585,0.1827,2.99,2024-01-01_DL_2400.0,NARROWBODY,40,45,G78,1,571,641,G78,False
flight_key_v1_499a915aacd2655e1ebaa0a95760af70,ATL,ARR,2024-01-01,WN,3584.0,IND,ATL,585,0.20980000495910645,-0.6700000166893005,2024-01-01_WN_3584.0,NARROWBODY,40,45,G105,0,570,640,G105,False
flight_key_v1_b456a162ba7039a7b96a19e6778b1a29,ATL,ARR,2024-01-01,WN,1061.0,DAL,ATL,585,0.15150000154972076,-0.23999999463558197,2024-01-01_WN_1061.0,WIDEBODY,75,60,G107,0,570,675,G107,False
flight_key_v1_8d838bc0ff7812e32eac721f127841f3,ATL,DEP,2024-01-01,WN,1467.0,ATL,MEM,585,0.1931,3.37,2024-01-01_WN_1467.0,WIDEBODY,75,60,G108,1,571,676,G108,False
flight_key_v1_5b59b9d602d2327cec53419450809a71,ATL,DEP,2024-01-01,DL,1882.0,ATL,SJU,585,0.2045,6.72,2024-01-01_DL_1882.0,NARROWBODY,40,45,G109,1,571,641,G109,False
flight_key_v1_1ca01eb69f6409a09d5e9a221b215626,ATL,DEP,2024-01-01,DL,320.0,ATL,HPN,587,0.182,3.36,2024-01-01_DL_320.0,WIDEBODY,75,60,G21,1,573,678,G21,False
flight_key_v1_f14f9f5fb5160aec72082b9face913a6,ATL,ARR,2024-01-01,DL,2569.0,JAX,ATL,587,0.12680000066757202,-0.9900000095367432,2024-01-01_DL_2569.0,NARROWBODY,40,45,G47,0,572,642,G47,False
flight_key_v1_b930b22cdfb0607dc71935cebce31aff,ATL,ARR,2024-01-01,DL,2594.0,STL,ATL,588,0.1770000010728836,-0.36000001430511475,2024-01-01_DL_2594.0,NARROWBODY,40,45,G110,0,573,643,G110,False
flight_key_v1_80e47c0bb220971db93a11dbf7c1976b,ATL,ARR,2024-01-01,WN,2851.0,MKE,ATL,590,0.16429999470710754,-1.2599999904632568,2024-01-01_WN_2851.0,NARROWBODY,40,45,G22,0,575,645,G22,False
flight_key_v1_ec4feff51c6b31e279ab9f983a6eb4d0,ATL,ARR,2024-01-01,DL,1181.0,RDU,ATL,590,0.20280000567436218,-0.47999998927116394,2024-01-01_DL_1181.0,NARROWBODY,40,45,G88,0,575,645,G88,False
flight_key_v1_3a668f17994c97e9bcc41aad1c646232,ATL,DEP,2024-01-01,DL,560.0,ATL,SAN,590,0.1836,3.83,2024-01-01_DL_560.0,NARROWBODY,40,45,G111,1,576,646,G111,False
flight_key_v1_dec46da88cd39a2cbc11dfed515b03e7,ATL,DEP,2024-01-01,OO,3876.0,ATL,ASE,590,0.2,5.32,2024-01-01_OO_3876.0,NARROWBODY,40,45,G112,1,576,646,G112,False
flight_key_v1_762c2b7d1288cd1b348b191235add534,ATL,DEP,2024-01-01,WN,2379.0,ATL,DAL,590,0.1838,3.89,2024-01-01_WN_2379.0,NARROWBODY,40,45,G113,1,576,646,G113,False
flight_key_v1_26d8afabe91da13b8a166da12de48dac,ATL,DEP,2024-01-01,WN,1923.0,ATL,PIT,590,0.1838,3.86,2024-01-01_WN_1923.0,NARROWBODY,40,45,G114,1,576,646,G114,False
flight_key_v1_2fa054cba994f2cdf38d325acf17abbc,ATL,DEP,2024-01-01,DL,1039.0,ATL,TUS,590,0.182,3.7,2024-01-01_DL_1039.0,NARROWBODY,40,45,G115,1,576,646,G115,False
flight_key_v1_4d982c379130e52668af4b0343d3dc22,ATL,DEP,2024-01-01,DL,2177.0,ATL,RIC,590,0.182,3.33,2024-01-01_DL_2177.0,NARROWBODY,40,45,G116,1,576,646,G116,False
flight_key_v1_629c39c3b1369b92c3d551ec573ab3cc,ATL,ARR,2024-01-01,WN,2232.0,JAN,ATL,590,0.1298000067472458,0.07999999821186066,2024-01-01_WN_2232.0,NARROWBODY,40,45,G117,0,575,645,G117,False
flight_key_v1_b1465b616477a5db915fd4fc70f8a6de,ATL,ARR,2024-01-01,DL,2702.0,PIT,ATL,591,0.266400009393692,-0.17000000178813934,2024-01-01_DL_2702.0,NARROWBODY,40,45,G24,0,576,646,G171,True
flight_key_v1_3b63df7bac15a1eac0fb295f5ed5f85c,ATL,DEP,2024-01-01,DL,329.0,ATL,SNA,592,0.182,3.7,2024-01-01_DL_329.0,WIDEBODY,75,60,G49,1,578,683,G49,False
flight_key_v1_561ce7361655c67f50e95544c9510a7d,ATL,DEP,2024-01-01,DL,2786.0,ATL,ORF,593,0.182,3.33,2024-01-01_DL_2786.0,WIDEBODY,75,60,G50,1,579,684,G50,False
flight_key_v1_fe431979fa8af9599f38f926f5c1c468,ATL,ARR,2024-01-01,DL,2772.0,SRQ,ATL,594,0.12099999934434891,-0.5,2024-01-01_DL_2772.0,NARROWBODY,40,45,G51,0,579,649,G51,False
flight_key_v1_6563fc7cb50c62faaa8234b3aed04b39,ATL,DEP,2024-01-01,DL,387.0,ATL,SLC,595,0.1912,3.66,2024-01-01_DL_387.0,NARROWBODY,40,45,G01,1,581,651,G01,False
flight_key_v1_06b71f25bbd2a34d34e4c38c3ac73927,ATL,ARR,2024-01-01,WN,3681.0,LGA,ATL,595,0.20479999482631683,-1.2599999904632568,2024-01-01_WN_3681.0,NARROWBODY,40,45,G03,0,580,650,G170,True
flight_key_v1_576dd0162686e22859c79e523e5287fd,ATL,DEP,2024-01-01,9E,4963.0,ATL,DAY,595,0.182,3.29,2024-01-01_9E_4963.0,NARROWBODY,40,45,G10,1,581,651,G10,False
flight_key_v1_22e9dfb9ca21faccbe632e9ae0b89c26,ATL,ARR,2024-01-01,WN,3597.0,AUS,ATL,595,0.11919999867677689,-0.23999999463558197,2024-01-01_WN_3597.0,NARROWBODY,40,45,G25,0,580,650,G172,True
flight_key_v1_75856a61f97a9d34cd23d33fb8d9f12f,ATL,ARR,2024-01-01,WN,954.0,SAT,ATL,595,0.1242000013589859,-0.23999999463558197,2024-01-01_WN_954.0,NARROWBODY,40,45,G52,0,580,650,G52,False
flight_key_v1_02714d1573728ed85d7b7dd72cca5d7a,ATL,DEP,2024-01-01,DL,837.0,ATL,HNL,595,0.182,10.13,2024-01-01_DL_837.0,NARROWBODY,40,45,G53,2,582,652,G53,False
flight_key_v1_789f84aa1b68b643d0954faad854c0cc,ATL,DEP,2024-01-01,DL,774.0,ATL,SEA,596,0.1881,3.95,2024-01-01_DL_774.0,NARROWBODY,40,45,G55,1,582,652,G55,False
flight_key_v1_a48b3b12e70b1d1164be488e16adb9b5,ATL,ARR,2024-01-01,F9,2483.0,MIA,ATL,597,0.3628000020980835,2.569999933242798,2024-01-01_F9_2483.0,NARROWBODY,40,45,G56,1,583,653,G56,False
flight_key_v1_0f29b4e5e103f7786783a0b51daa30f8,ATL,DEP,2024-01-01,DL,855.0,ATL,BOS,597,0.1943,3.4,2024-01-01_DL_855.0,NARROWBODY,40,45,G97,1,583,653,G97,False
flight_key_v1_61a93865622c7acfa10f16c85503afb2,ATL,ARR,2024-01-01,DL,1130.0,RSW,ATL,597,0.11400000005960464,-0.7099999785423279,2024-01-01_DL_1130.0,NARROWBODY,40,45,G118,0,582,652,G118,False
flight_key_v1_017e973d30879b1bb5e1497728b07965,ATL,ARR,2024-01-01,DL,1603.0,PBI,ATL,597,0.1225999966263771,-0.8399999737739563,2024-01-01_DL_1603.0,NARROWBODY,40,45,G119,0,582,652,G119,False
flight_key_v1_398a27af39973541f6f64909e03563f9,ATL,ARR,2024-01-01,DL,2838.0,CLE,ATL,598,0.16369999945163727,-1.3899999856948853,2024-01-01_DL_2838.0,WIDEBODY,75,60,G120,0,583,688,G120,False
flight_key_v1_321f068e3494e127ef6c7f8cf284bd76,ATL,DEP,2024-01-01,DL,2286.0,ATL,JFK,599,0.182,3.36,2024-01-01_DL_2286.0,NARROWBODY,40,45,G26,1,585,655,G26,False
flight_key_v1_0ce8be12cc5ed8c1b2f596efc1eb14df,ATL,DEP,2024-01-01,9E,5312.0,ATL,VLD,599,0.182,3.29,2024-01-01_9E_5312.0,WIDEBODY,75,60,G121,1,585,690,G121,False
flight_key_v1_2a4333caf7b1ca35d1fdb799adec92dd,ATL,DEP,2024-01-01,DL,2908.0,ATL,MCI,599,0.1912,3.63,2024-01-01_DL_2908.0,NARROWBODY,40,45,G122,1,585,655,G122,False
flight_key_v1_4e056b3f04bc1f5d7dd2e1971fe2ba52,ATL,DEP,2024-01-01,DL,457.0,ATL,LAX,599,0.1881,4.74,2024-01-01_DL_457.0,NARROWBODY,40,45,G123,1,585,655,G123,False
flight_key_v1_b09afe0cc748eaa3ae62bd0167805eb2,ATL,ARR,2024-01-01,WN,163.0,PIT,ATL,600,0.33160001039505005,0.05999999865889549,2024-01-01_WN_163.0,NARROWBODY,40,45,G13,0,585,655,G13,False
flight_key_v1_cf258ed4d65fba6b7a239b273e9b5862,ATL,DEP,2024-01-01,9E,5157.0,ATL,ROA,600,0.1907,3.51,2024-01-01_9E_5157.0,NARROWBODY,40,45,G27,1,586,656,G27,False
flight_key_v1_47ff4ae930728930b75f9fc15458daf6,ATL,DEP,2024-01-01,DL,1298.0,ATL,DTW,600,0.196,3.85,2024-01-01_DL_1298.0,NARROWBODY,40,45,G29,1,586,656,G29,False
flight_key_v1_e89de681aa548bf7fa84d1319a996416,ATL,DEP,2024-01-01,DL,541.0,ATL,ONT,600,0.1866,3.94,2024-01-01_DL_541.0,NARROWBODY,40,45,G57,1,586,656,G57,False
flight_key_v1_f546e2178d625d4c6524ecae1a411bc4,ATL,DEP,2024-01-01,DL,2484.0,ATL,CAE,600,0.1866,3.58,2024-01-01_DL_2484.0,NARROWBODY,40,45,G58,1,586,656,G58,False
flight_key_v1_73f1b34cbe92b12e6ced413b178cdff1,ATL,ARR,2024-01-01,WN,1515.0,BWI,ATL,600,0.22419999539852142,-0.7200000286102295,2024-01-01_WN_1515.0,NARROWBODY,40,45,G125,0,585,655,G125,False
flight_key_v1_6b5c1c0194f7c02b5a0b560c38b906eb,ATL,ARR,2024-01-01,DL,2514.0,IND,ATL,600,0.1850000023841858,-0.8999999761581421,2024-01-01_DL_2514.0,NARROWBODY,40,45,G126,0,585,655,G126,False
flight_key_v1_499414e00284707a3fca690d159027cf,ATL,DEP,2024-01-01,DL,1034.0,ATL,DAL,600,0.1866,3.61,2024-01-01_DL_1034.0,NARROWBODY,40,45,G127,1,586,656,G127,False
flight_key_v1_7554f008d67c0bcc1b070dc2337a0717,ATL,DEP,2024-01-01,DL,1153.0,ATL,RSW,600,0.1905,3.87,2024-01-01_DL_1153.0,NARROWBODY,40,45,G128,1,586,656,G128,False
flight_key_v1_d381b4d59e7b2075925034bab041ec9a,ATL,ARR,2024-01-01,9E,4918.0,EYW,ATL,600,0.2298000007867813,-0.019999999552965164,2024-01-01_9E_4918.0,NARROWBODY,40,45,G129,0,585,655,G129,False
flight_key_v1_9a524a15cb38381363b5c1ebda428b1d,ATL,ARR,2024-01-01,WN,2129.0,MEM,ATL,600,0.2206999957561493,-0.23999999463558197,2024-01-01_WN_2129.0,NARROWBODY,40,45,G130,0,585,655,G130,False
flight_key_v1_42487f9b20ad470a7d2b4133247b77cc,ATL,DEP,2024-01-01,NK,968.0,ATL,DTW,604,0.2142,6.07,2024-01-01_NK_968.0,NARROWBODY,40,45,G38,1,590,660,G38,False
flight_key_v1_cb2bb02aa85c8a4fa6d47f209dc7c4ee,ATL,DEP,2024-01-01,9E,5047.0,ATL,CRW,605,0.2028,3.78,2024-01-01_9E_5047.0,NARROWBODY,40,45,G60,1,591,661,G60,False
flight_key_v1_a11170fd572e1668f837d85b6ef8c0a9,ATL,DEP,2024-01-01,DL,2146.0,ATL,GNV,605,0.1866,3.58,2024-01-01_DL_2146.0,NARROWBODY,40,45,G62,1,591,661,G62,False
flight_key_v1_063841abb8d404f4ef8ed3906745cda4,ATL,DEP,2024-01-01,WN,971.0,ATL,MSY,605,0.1927,3.81,2024-01-01_WN_971.0,WIDEBODY,75,60,G64,1,591,696,G64,False
flight_key_v1_f48d7aee221805eda77ce7fad473bd98,ATL,ARR,2024-01-01,WN,3535.0,MCI,ATL,605,0.22540000081062317,-0.7699999809265137,2024-01-01_WN_3535.0,NARROWBODY,40,45,G65,0,590,660,G65,False
flight_key_v1_6cd5bd5455c1aef5e839d40e5d46f8d5,ATL,DEP,2024-01-01,DL,2775.0,ATL,MSP,605,0.1974,4.66,2024-01-01_DL_2775.0,NARROWBODY,40,45,G66,1,591,661,G66,False
flight_key_v1_c7ca5916c667482fdc67507895298d96,ATL,ARR,2024-01-01,DL,1088.0,MIA,ATL,607,0.1914999932050705,-0.36000001430511475,2024-01-01_DL_1088.0,NARROWBODY,40,45,G67,0,592,662,G67,False
flight_key_v1_9205c8fc86a5f81e0011a4898ad96870,ATL,ARR,2024-01-01,UA,2008.0,ORD,ATL,607,0.2624000012874603,-0.23999999463558197,2024-01-01_UA_2008.0,NARROWBODY,40,45,G69,0,592,662,G69,False
flight_key_v1_97d43719c24cec911e5feeeec81b61b1,ATL,ARR,2024-01-01,DL,2566.0,MKE,ATL,608,0.1615999937057495,-1.4900000095367432,2024-01-01_DL_2566.0,NARROWBODY,40,45,G106,0,593,663,G106,False
flight_key_v1_144e5c7e013ddd2e90c02d60b4f11b9f,ATL,ARR,2024-01-01,DL,2281.0,RIC,ATL,608,0.17640000581741333,-0.47999998927116394,2024-01-01_DL_2281.0,WIDEBODY,75,60,G131,0,593,698,G131,False
flight_key_v1_d028fa9e314e458e06b08d0e55269804,ATL,DEP,2024-01-01,DL,2547.0,ATL,GRR,609,0.196,3.85,2024-01-01_DL_2547.0,WIDEBODY,75,60,G39,1,595,700,G39,False
flight_key_v1_cf775e1ac08cd55605fff8fd20f967c2,ATL,ARR,2024-01-01,UA,1428.0,EWR,ATL,609,0.2345000058412552,-0.3799999952316284,2024-01-01_UA_1428.0,NARROWBODY,40,45,G132,0,594,664,G132,False
flight_key_v1_91d4d2b0dd5b905b1d05fe9afde24ba6,ATL,DEP,2024-01-01,DL,1728.0,ATL,PIT,610,0.2108,16.78,2024-01-01_DL_1728.0,NARROWBODY,40,45,G05,4,599,669,G05,False
flight_key_v1_3e0f949ce15481ceaa8a03a0952c69b3,ATL,DEP,2024-01-01,DL,2926.0,ATL,CHS,610,0.1855,3.23,2024-01-01_DL_2926.0,NARROWBODY,40,45,G16,1,596,666,G16,False
flight_key_v1_7e678a9e5f0c5a7388675ec36625181a,ATL,ARR,2024-01-01,WN,104.0,DEN,ATL,610,0.23479999601840973,-0.23999999463558197,2024-01-01_WN_104.0,WIDEBODY,75,60,G71,0,595,700,G71,False
flight_key_v1_4e34b1a325de3a43b78085886acdf718,ATL,DEP,2024-01-01,DL,945.0,ATL,LAS,610,0.1866,5.35,2024-01-01_DL_945.0,NARROWBODY,40,45,G73,1,596,666,G73,False
flight_key_v1_8e14a5dff6dc1ba8fc75ec83e54a7fb5,ATL,DEP,2024-01-01,DL,2017.0,ATL,GSP,610,0.1866,3.58,2024-01-01_DL_2017.0,NARROWBODY,40,45,G133,1,596,666,G133,False
flight_key_v1_f2ab6c14ae089475ec4ec056bb289892,ATL,ARR,2024-01-01,DL,1367.0,ORD,ATL,610,0.2526000142097473,-0.36000001430511475,2024-01-01_DL_1367.0,WIDEBODY,75,60,G135,0,595,700,G135,False
flight_key_v1_07b097bd1b1eb7ff6e897794fa72e728,ATL,DEP,2024-01-01,DL,995.0,ATL,DEN,612,0.1949,4.26,2024-01-01_DL_995.0,NARROWBODY,40,45,G136,1,598,668,G136,False
flight_key_v1_9d5f4140dae7a06b82245a18750484dc,ATL,DEP,2024-01-01,DL,1717.0,ATL,EYW,613,0.1866,3.58,2024-01-01_DL_1717.0,NARROWBODY,40,45,G137,1,599,669,G137,False
flight_key_v1_d87c54aed13873a996e24dd0f2234395,ATL,ARR,2024-01-01,DL,533.0,DFW,ATL,614,0.16920000314712524,-0.36000001430511475,2024-01-01_DL_533.0,WIDEBODY,75,60,G32,0,599,704,G32,False
flight_key_v1_7a6a17a59a05066616b38713f0b46ebf,ATL,DEP,2024-01-01,DL,2445.0,ATL,GSO,615,0.1866,3.58,2024-01-01_DL_2445.0,NARROWBODY,40,45,G02,1,601,671,G02,False
flight_key_v1_864443ce6c91e45a11702f5aa236004b,ATL,DEP,2024-01-01,DL,2182.0,ATL,SAV,615,0.1866,3.62,2024-01-01_DL_2182.0,WIDEBODY,75,60,G06,1,601,706,G06,False
flight_key_v1_7eb55262b58e77c582fb64bb36e61af1,ATL,ARR,2024-01-01,DL,1258.0,AUS,ATL,615,0.13289999961853027,-0.36000001430511475,2024-01-01_DL_1258.0,NARROWBODY,40,45,G18,0,600,670,G18,False
flight_key_v1_4b43d43d43ee75405eb5daf16bcd8b9d,ATL,DEP,2024-01-01,OO,3809.0,ATL,SBN,615,0.1926,3.94,2024-01-01_OO_3809.0,NARROWBODY,40,45,G19,1,601,671,G19,False
flight_key_v1_d8b91e645deeaa407cbbde29d915bcd5,ATL,DEP,2024-01-01,AA,2344.0,ATL,PHL,615,0.1907,2.6,2024-01-01_AA_2344.0,NARROWBODY,40,45,G138,0,600,670,G138,False
flight_key_v1_cd2724dd984308d1d28fee395e183204,ATL,DEP,2024-01-01,DL,2777.0,ATL,LIT,617,0.196,3.46,2024-01-01_DL_2777.0,NARROWBODY,40,45,G44,1,603,673,G44,False
flight_key_v1_8c4a5a58e90511c44a6fccecd39ebfa6,ATL,ARR,2024-01-01,DL,2399.0,GSP,ATL,619,0.10700000077486038,-0.2199999988079071,2024-01-01_DL_2399.0,WIDEBODY,75,60,G139,0,604,709,G139,False
flight_key_v1_75d06919d2e4d432db37d7307439edfe,ATL,ARR,2024-01-01,DL,870.0,LGA,ATL,619,0.1776999980211258,-1.4900000095367432,2024-01-01_DL_870.0,NARROWBODY,40,45,G140,0,604,674,G140,False
flight_key_v1_539b6ac5dfc6996614d250ee35dbf86f,ATL,ARR,2024-01-01,DL,2302.0,CVG,ATL,619,0.24130000174045563,-0.36000001430511475,2024-01-01_DL_2302.0,NARROWBODY,40,45,G141,0,604,674,G141,False
flight_key_v1_df0c250c1579fe67957510195da46a2b,ATL,ARR,2024-01-01,DL,1617.0,SAT,ATL,619,0.14419999718666077,-0.36000001430511475,2024-01-01_DL_1617.0,NARROWBODY,40,45,G142,0,604,674,G142,False
flight_key_v1_accd99b7b57211f6ad8eb951e9e43739,ATL,DEP,2024-01-01,9E,5202.0,ATL,AVL,620,0.1907,3.51,2024-01-01_9E_5202.0,NARROWBODY,40,45,G20,1,606,676,G20,False
flight_key_v1_0c5d06aca7277c0bd885b7eb03582af6,ATL,DEP,2024-01-01,DL,2951.0,ATL,FLL,621,0.1914,4.56,2024-01-01_DL_2951.0,NARROWBODY,40,45,G45,1,607,677,G45,False
flight_key_v1_ed3927d3b34dfd5afaf0c1a8f4d1839d,ATL,ARR,2024-01-01,DL,2678.0,MEM,ATL,621,0.17180000245571136,-0.36000001430511475,2024-01-01_DL_2678.0,NARROWBODY,40,45,G74,0,606,676,G74,False
flight_key_v1_2f4a6db9f76ae41b632697f7b78316ba,ATL,ARR,2024-01-01,DL,2098.0,ORF,ATL,623,0.15600000321865082,-0.36000001430511475,2024-01-01_DL_2098.0,NARROWBODY,40,45,G75,0,608,678,G75,False
flight_key_v1_898b6d82ee42bccbd83654405683d7a3,ATL,DEP,2024-01-01,DL,808.0,ATL,MCO,624,0.1905,4.42,2024-01-01_DL_808.0,NARROWBODY,40,45,G48,1,610,680,G48,False
flight_key_v1_20243415b43eaa8d73334442ccb582fb,ATL,ARR,2024-01-01,DL,2279.0,GSO,ATL,624,0.19370000064373016,-0.3799999952316284,2024-01-01_DL_2279.0,NARROWBODY,40,45,G76,0,609,679,G76,False
flight_key_v1_1980d8f9920d7b7b89389bd5a40d7743,ATL,ARR,2024-01-01,9E,5279.0,TYS,ATL,625,0.14569999277591705,-0.3499999940395355,2024-01-01_9E_5279.0,NARROWBODY,40,45,G08,0,610,680,G124,True
flight_key_v1_05755637d2c4882d2d65a0a5cea7c1fb,ATL,DEP,2024-01-01,DL,874.0,ATL,BOI,625,0.196,4.32,2024-01-01_DL_874.0,NARROWBODY,40,45,G23,1,611,681,G23,False
flight_key_v1_5b9d48eeabeead197790511a3a3e9697,ATL,DEP,2024-01-01,DL,324.0,ATL,SFO,625,0.2155,9.88,2024-01-01_DL_324.0,NARROWBODY,40,45,G77,2,612,682,G77,False
flight_key_v1_f3b25517a4ff7bc548748569fde4d3dd,ATL,ARR,2024-01-01,F9,4772.0,CVG,ATL,626,0.4830000102519989,2.890000104904175,2024-01-01_F9_4772.0,NARROWBODY,40,45,G79,1,612,682,G79,False
flight_key_v1_40c349bc5437295bdabc7302b613ff99,ATL,DEP,2024-01-01,DL,2933.0,ATL,HDN,627,0.196,4.09,2024-01-01_DL_2933.0,NARROWBODY,40,45,G80,1,613,683,G80,False
flight_key_v1_9f99ce1969c1546f6db863de3e19d848,ATL,DEP,2024-01-01,DL,796.0,ATL,PHX,630,0.1855,3.99,2024-01-01_DL_796.0,NARROWBODY,40,45,G54,1,616,686,G54,False
flight_key_v1_78760e4839bc31b3c5b0f7ec618f8c83,ATL,DEP,2024-01-01,DL,927.0,ATL,LGA,630,0.1866,3.61,2024-01-01_DL_927.0,NARROWBODY,40,45,G81,1,616,686,G81,False
flight_key_v1_5d067b169c476879fd1f42d395e0e360,ATL,DEP,2024-01-01,DL,1332.0,ATL,MIA,632,0.1905,5.14,2024-01-01_DL_1332.0,NARROWBODY,40,45,G82,1,618,688,G82,False
flight_key_v1_c1b065626df97aed66a457740edd540e,ATL,ARR,2024-01-01,DL,2575.0,EWR,ATL,632,0.23000000417232513,-0.5,2024-01-01_DL_2575.0,NARROWBODY,40,45,G83,0,617,687,G83,False
flight_key_v1_6c718b3fd49e597f87cdcd20822db499,ATL,DEP,2024-01-01,WN,1515.0,ATL,OMA,635,0.2023,4.37,2024-01-01_WN_1515.0,WIDEBODY,75,60,G11,1,621,726,G11,False
flight_key_v1_6e439f07243cbad7f0b766197a17d13f,ATL,DEP,2024-01-01,B6,896.0,ATL,BOS,635,0.2169,5.54,2024-01-01_B6_896.0,NARROWBODY,40,45,G12,1,621,691,G12,False
flight_key_v1_fc21c8381736691c46ad2786bd4263db,ATL,ARR,2024-01-01,OH,5584.0,DCA,ATL,635,0.3068999946117401,0.6899999976158142,2024-01-01_OH_5584.0,NARROWBODY,40,45,G84,0,620,690,G84,False
flight_key_v1_865838bfd5bd7a44549923de7dfd7921,ATL,DEP,2024-01-01,WN,3597.0,ATL,LGA,635,0.1926,4.36,2024-01-01_WN_3597.0,NARROWBODY,40,45,G85,1,621,691,G85,False
flight_key_v1_c7fbdc4a65b15a8ac2b9361fed1e4e94,ATL,ARR,2024-01-01,DL,2527.0,MCO,ATL,638,0.2029999941587448,0.3400000035762787,2024-01-01_DL_2527.0,NARROWBODY,40,45,G04,0,623,693,G04,False
flight_key_v1_c6bc9622d8d9c969d262ee6651ba9e3a,ATL,ARR,2024-01-01,DL,1653.0,DTW,ATL,640,0.25360000133514404,-1.3799999952316284,2024-01-01_DL_1653.0,WIDEBODY,75,60,G14,0,625,730,G134,True
flight_key_v1_78de1b02b0a6c941c1a9d02b493c63f9,ATL,DEP,2024-01-01,DL,2739.0,ATL,BDL,640,0.1866,3.58,2024-01-01_DL_2739.0,NARROWBODY,40,45,G30,1,626,696,G30,False
flight_key_v1_4507d1cc1d10d2c3e7681a70ed953d49,ATL,DEP,2024-01-01,WN,2232.0,ATL,MCO,640,0.1967,5.2,2024-01-01_WN_2232.0,NARROWBODY,40,45,G35,1,626,696,G35,False
flight_key_v1_c2bc7628fed6f632f7561facca173e39,ATL,DEP,2024-01-01,DL,2247.0,ATL,DFW,640,0.1905,4.58,2024-01-01_DL_2247.0,NARROWBODY,40,45,G36,1,626,696,G36,False
flight_key_v1_5f1e43a9a949ff11159009806e2041a1,ATL,DEP,2024-01-01,DL,2719.0,ATL,PNS,642,0.1866,3.58,2024-01-01_DL_2719.0,NARROWBODY,40,45,G15,1,628,698,G15,False
flight_key_v1_73646949f7b3e9650a1a13dedfba9739,ATL,DEP,2024-01-01,WN,2129.0,ATL,RIC,645,0.1926,4.33,2024-01-01_WN_2129.0,WIDEBODY,75,60,G31,1,631,736,G31,False
flight_key_v1_7ecfc940e2a96e75ee05b602efec7bd3,ATL,DEP,2024-01-01,DL,2199.0,ATL,BHM,645,0.1866,3.41,2024-01-01_DL_2199.0,NARROWBODY,40,45,G37,1,631,701,G37,False
flight_key_v1_8d5662fa484085f0535e2acca7b24a18,ATL,DEP,2024-01-01,WN,3584.0,ATL,JAX,645,0.1919,4.24,2024-01-01_WN_3584.0,WIDEBODY,75,60,G40,1,631,736,G40,False
flight_key_v1_4e32441d336fec705b60482b698717e1,ATL,DEP,2024-01-01,WN,1286.0,ATL,GSP,645,0.1926,4.33,2024-01-01_WN_1286.0,NARROWBODY,40,45,G61,1,631,701,G61,False
flight_key_v1_75f12acbf1dd707d471ed89d7d953a56,ATL,DEP,2024-01-01,WN,3535.0,ATL,TPA,645,0.1926,4.53,2024-01-01_WN_3535.0,NARROWBODY,40,45,G70,1,631,701,G70,False
flight_key_v1_8021f50ec76083cef32c44a603c0f6d3,ATL,DEP,2024-01-01,WN,1061.0,ATL,SRQ,645,0.2,5.63,2024-01-01_WN_1061.0,NARROWBODY,40,45,G86,1,631,701,G86,False
flight_key_v1_c5ad4bf2d63d61372607b4ae6e589286,ATL,ARR,2024-01-01,DL,1315.0,IAH,ATL,646,0.23019999265670776,1.2100000381469727,2024-01-01_DL_1315.0,NARROWBODY,40,45,G59,0,631,701,G59,False
flight_key_v1_759ea655028718ec5f6393af2738f682,ATL,ARR,2024-01-01,NK,770.0,MCO,ATL,646,0.32839998602867126,2.0999999046325684,2024-01-01_NK_770.0,NARROWBODY,40,45,G87,1,632,702,G87,False
flight_key_v1_59fe495d281c99c341015438b2ca88e2,ATL,ARR,2024-01-01,UA,2642.0,IAD,ATL,648,0.3027999997138977,0.23999999463558197,2024-01-01_UA_2642.0,NARROWBODY,40,45,G90,0,633,703,G90,False
flight_key_v1_a891d05635482bcf88887cb69baa23ae,ATL,ARR,2024-01-01,AA,1046.0,MIA,ATL,649,0.27950000762939453,1.5399999618530273,2024-01-01_AA_1046.0,NARROWBODY,40,45,G63,0,634,704,G63,False
flight_key_v1_5db5730192de8b64c54b5324b2960e4a,ATL,DEP,2024-01-01,WN,2851.0,ATL,MIA,650,0.1967,6.12,2024-01-01_WN_2851.0,NARROWBODY,40,45,G17,1,636,706,G17,False
flight_key_v1_ccac209e3b61dcc024b01cf879304d49,ATL,DEP,2024-01-01,WN,3681.0,ATL,RSW,650,0.1967,4.71,2024-01-01_WN_3681.0,NARROWBODY,40,45,G33,1,636,706,G33,False
flight_key_v1_8f7150e96f1f30cb2492c7d82d3050a2,ATL,ARR,2024-01-01,NK,3901.0,DTW,ATL,651,0.37369999289512634,1.4199999570846558,2024-01-01_NK_3901.0,NARROWBODY,40,45,G41,1,637,707,G41,False
flight_key_v1_a871b058a3d39728e70c462cabd35ad0,ATL,DEP,2024-01-01,F9,3442.0,ATL,MIA,652,0.1994,6.16,2024-01-01_F9_3442.0,NARROWBODY,40,45,G34,1,638,708,G34,False
flight_key_v1_295c4a64be2d23b5c29ab92c5b912b03,ATL,DEP,2024-01-01,WN,163.0,ATL,HOU,655,0.2049,4.81,2024-01-01_WN_163.0,NARROWBODY,40,45,G07,1,641,711,G07,False
flight_key_v1_fb2284a4915f258a61cd3032b7c733d8,ATL,DEP,2024-01-01,WN,954.0,ATL,RDU,655,0.1926,4.23,2024-01-01_WN_954.0,NARROWBODY,40,45,G42,1,641,711,G42,False
flight_key_v1_249582e437ab4dfe7af239bb2053137a,ATL,DEP,2024-01-01,DL,314.0,ATL,PSP,658,0.1866,3.94,2024-01-01_DL_314.0,WIDEBODY,75,60,G43,1,644,749,G43,False
flight_key_v1_5659307cd7c6cbfd8765096aef034d30,ATL,DEP,2024-01-01,DL,1333.0,ATL,SRQ,658,0.1938,4.58,2024-01-01_DL_1333.0,NARROWBODY,40,45,G46,1,644,714,G46,False
flight_key_v1_00d17e06478bb52110474b1a5d6d94e1,ATL,ARR,2024-01-01,DL,2023.0,MSP,ATL,659,0.2011999934911728,-1.4900000095367432,2024-01-01_DL_2023.0,NARROWBODY,40,45,G47,0,644,714,G47,False
flight_key_v1_3b49d2cfae59fc0819ddd4163aff768c,ATL,ARR,2024-01-01,DL,1741.0,ELP,ATL,659,0.13130000233650208,-0.47999998927116394,2024-01-01_DL_1741.0,WIDEBODY,75,60,G68,0,644,749,G68,False
flight_key_v1_18a3f8298c15163d05d78964f52c95de,ATL,DEP,2024-01-01,OO,3716.0,ATL,BQK,660,0.2051,4.19,2024-01-01_OO_3716.0,NARROWBODY,40,45,G22,1,646,716,G22,False
flight_key_v1_bfe13d3a9b4bf3c3bbe2ad7b1c951733,ATL,DEP,2024-01-01,WN,104.0,ATL,DCA,660,0.2158,4.5,2024-01-01_WN_104.0,NARROWBODY,40,45,G78,1,646,716,G78,False
flight_key_v1_3ca040d76db6f6e61693b2e9d5df76b9,ATL,DEP,2024-01-01,DL,2672.0,ATL,ALB,660,0.202,4.52,2024-01-01_DL_2672.0,WIDEBODY,75,60,G88,1,646,751,G88,False
flight_key_v1_187cbeb548af17f3e4d83a0d89b7bd3f,ATL,DEP,2024-01-01,9E,5074.0,ATL,OAJ,660,0.2031,3.93,2024-01-01_9E_5074.0,NARROWBODY,40,45,G89,1,646,716,G89,False
flight_key_v1_c317da7f27dbe5ea359e7a2c8b48bafb,ATL,ARR,2024-01-01,DL,2693.0,PNS,ATL,660,0.11509999632835388,-0.36000001430511475,2024-01-01_DL_2693.0,NARROWBODY,40,45,G91,0,645,715,G91,False
flight_key_v1_5cba66ae9f7638907999f43168ce3350,ATL,ARR,2024-01-01,DL,1634.0,COS,ATL,660,0.2687000036239624,-0.7099999785423279,2024-01-01_DL_1634.0,NARROWBODY,40,45,G92,0,645,715,G92,False
flight_key_v1_2b6116ad7f53266819993ef87f95d8e0,ATL,DEP,2024-01-01,DL,2515.0,ATL,ABQ,660,0.2029,4.34,2024-01-01_DL_2515.0,WIDEBODY,75,60,G93,1,646,751,G93,False
flight_key_v1_803d31175a3ab1392c79cc033a59121e,ATL,DEP,2024-01-01,DL,2659.0,ATL,PVD,661,0.1987,4.28,2024-01-01_DL_2659.0,NARROWBODY,40,45,G24,1,647,717,G24,False
flight_key_v1_4dfc8f1b59b684f8fa9c4a74b1313372,ATL,DEP,2024-01-01,DL,629.0,ATL,SEA,661,0.2002,4.55,2024-01-01_DL_629.0,WIDEBODY,75,60,G94,1,647,752,G94,False
flight_key_v1_10dd11b41f44a9b98d0a4ad9ffef5035,ATL,DEP,2024-01-01,DL,1408.0,ATL,SAT,662,0.1987,4.24,2024-01-01_DL_1408.0,NARROWBODY,40,45,G96,1,648,718,G96,False
flight_key_v1_0f0b78267ac94e07ddd52a6426be9bba,ATL,ARR,2024-01-01,DL,322.0,BOS,ATL,662,0.20200000703334808,-1.4600000381469727,2024-01-01_DL_322.0,NARROWBODY,40,45,G98,0,647,717,G98,False
flight_key_v1_babf4901993bb1ebc9eca8d36a04f1ff,ATL,DEP,2024-01-01,UA,626.0,ATL,ORD,663,0.2211,5.56,2024-01-01_UA_626.0,NARROWBODY,40,45,G99,1,649,719,G99,False
flight_key_v1_0f99e1ff195f221a45b44969467aad15,ATL,ARR,2024-01-01,DL,1763.0,SJU,ATL,664,0.1462000012397766,-0.47999998927116394,2024-01-01_DL_1763.0,WIDEBODY,75,60,G51,0,649,754,G51,False
flight_key_v1_6a1684543522df1a72c6586c9a63f259,ATL,DEP,2024-01-01,DL,1099.0,ATL,TPA,664,0.1992,4.32,2024-01-01_DL_1099.0,WIDEBODY,75,60,G100,1,650,755,G100,False
flight_key_v1_9e09be66a277ee9773da5b0e59e1a6c7,ATL,ARR,2024-01-01,WN,2956.0,BNA,ATL,665,0.23980000615119934,0.5699999928474426,2024-01-01_WN_2956.0,NARROWBODY,40,45,G01,0,650,720,G14,True
flight_key_v1_4993cd59baae77473e676f1ddfbb6b91,ATL,DEP,2024-01-01,DL,2072.0,ATL,VPS,665,0.1987,4.01,2024-01-01_DL_2072.0,NARROWBODY,40,45,G03,1,651,721,G03,False
flight_key_v1_d780b60a093dc28c7e84211e9789b841,ATL,DEP,2024-01-01,OO,4058.0,ATL,CSG,665,0.2051,4.19,2024-01-01_OO_4058.0,NARROWBODY,40,45,G09,1,651,721,G09,False
flight_key_v1_ae83fc64baaf6e67de834bd2a612b6f1,ATL,ARR,2024-01-01,F9,2911.0,TPA,ATL,665,0.33480000495910645,1.9800000190734863,2024-01-01_F9_2911.0,NARROWBODY,40,45,G10,1,651,721,G10,False
flight_key_v1_dc9e2a0c8bad18b169a28f3709c16bc3,ATL,DEP,2024-01-01,OO,4137.0,ATL,ASE,665,0.211,6.21,2024-01-01_OO_4137.0,WIDEBODY,75,60,G25,1,651,756,G25,False
flight_key_v1_2e93db3e9e4ec186b27b786b03224fc7,ATL,DEP,2024-01-01,DL,2420.0,ATL,AUS,665,0.202,4.21,2024-01-01_DL_2420.0,NARROWBODY,40,45,G52,1,651,721,G52,False
flight_key_v1_a00ff7ac55333aeba7194069dad83f51,ATL,ARR,2024-01-01,AA,1241.0,PHL,ATL,666,0.25029999017715454,0.5600000023841858,2024-01-01_AA_1241.0,WIDEBODY,75,60,G53,0,651,756,G110,True
flight_key_v1_e88c3d4a3eb8573957e53ac026375e53,ATL,DEP,2024-01-01,OH,5584.0,ATL,DCA,667,0.2024,3.8,2024-01-01_OH_5584.0,NARROWBODY,40,45,G55,1,653,723,G55,False
flight_key_v1_f5500851906882f3ec1daff147ef7122,ATL,ARR,2024-01-01,DL,817.0,DEN,ATL,668,0.21639999747276306,-0.5799999833106995,2024-01-01_DL_817.0,NARROWBODY,40,45,G56,0,653,723,G56,False
flight_key_v1_b39fdf7e464b21614c6d4a66708c0780,ATL,ARR,2024-01-01,DL,455.0,DCA,ATL,668,0.21310000121593475,1.0499999523162842,2024-01-01_DL_455.0,NARROWBODY,40,45,G95,0,653,723,G95,False
flight_key_v1_a8e30d690ac9af632d9f8ebe296f40fb,ATL,DEP,2024-01-01,UA,325.0,ATL,EWR,670,0.2093,4.36,2024-01-01_UA_325.0,NARROWBODY,40,45,G13,1,656,726,G13,False
flight_key_v1_d95c59fbd1716d838e9d4c55beb260db,ATL,ARR,2024-01-01,9E,5221.0,HSV,ATL,670,0.08990000188350677,-0.6299999952316284,2024-01-01_9E_5221.0,NARROWBODY,40,45,G26,0,655,725,G26,False
flight_key_v1_817a6ba55292223d1c03fe443e4c7d36,ATL,DEP,2024-01-01,DL,1375.0,ATL,SYR,670,0.2048,4.88,2024-01-01_DL_1375.0,NARROWBODY,40,45,G27,1,656,726,G27,False
flight_key_v1_97d42f2c9efd2d92a61a246ce90da7d8,ATL,DEP,2024-01-01,DL,2754.0,ATL,JAX,670,0.1976,3.77,2024-01-01_DL_2754.0,NARROWBODY,40,45,G28,1,656,726,G28,False
flight_key_v1_b9de9c166c9bf17d1e4eca16b1783cc6,ATL,DEP,2024-01-01,DL,555.0,ATL,LAS,670,0.1987,5.65,2024-01-01_DL_555.0,NARROWBODY,40,45,G29,1,656,726,G29,False
flight_key_v1_eea39053facf276121bf734261c75f0a,ATL,ARR,2024-01-01,DL,2328.0,JAX,ATL,672,0.12890000641345978,-0.30000001192092896,2024-01-01_DL_2328.0,NARROWBODY,40,45,G57,0,657,727,G57,False
flight_key_v1_08e60fef169d4f892366aa14ddf2fa79,ATL,DEP,2024-01-01,9E,5274.0,ATL,HSV,674,0.2031,3.93,2024-01-01_9E_5274.0,NARROWBODY,40,45,G38,1,660,730,G38,False
flight_key_v1_182f22adfaa83e049fc9172fbcd1c3c7,ATL,DEP,2024-01-01,DL,1024.0,ATL,ELP,674,0.202,4.38,2024-01-01_DL_1024.0,NARROWBODY,40,45,G58,1,660,730,G58,False
flight_key_v1_d6bd09a4f8fcb342ff9f7f35263913a7,ATL,ARR,2024-01-01,WN,1181.0,MDW,ATL,675,0.2793000042438507,0.1599999964237213,2024-01-01_WN_1181.0,NARROWBODY,40,45,G60,0,660,730,G111,True
flight_key_v1_094b6783066e5009026d7c57c55a5ef3,ATL,DEP,2024-01-01,9E,5014.0,ATL,ICT,675,0.209,4.3,2024-01-01_9E_5014.0,NARROWBODY,40,45,G62,1,661,731,G62,False
flight_key_v1_4ba7ec8d526f2d33aa3ac736bc478cc3,ATL,DEP,2024-01-01,AA,2476.0,ATL,DFW,676,0.2105,5.16,2024-01-01_AA_2476.0,NARROWBODY,40,45,G65,1,662,732,G65,False
flight_key_v1_f6d48737f46addf059c96edd16ac3eca,ATL,ARR,2024-01-01,OH,5073.0,CLT,ATL,677,0.2750999927520752,1.0700000524520874,2024-01-01_OH_5073.0,NARROWBODY,40,45,G66,0,662,732,G66,False
flight_key_v1_605278cf57bfb09ed305c0ab9f7edbf0,ATL,ARR,2024-01-01,DL,564.0,JFK,ATL,679,0.18610000610351562,-1.4800000190734863,2024-01-01_DL_564.0,NARROWBODY,40,45,G67,0,664,734,G67,False
flight_key_v1_9e3c4cecfc6341b17d2b79d0ce5fd87e,ATL,DEP,2024-01-01,DL,2355.0,ATL,IND,680,0.1987,4.01,2024-01-01_DL_2355.0,NARROWBODY,40,45,G05,1,666,736,G16,True
flight_key_v1_f8f61f43c4141dba58085748577a3159,ATL,ARR,2024-01-01,DL,2582.0,PHL,ATL,680,0.17730000615119934,-0.6399999856948853,2024-01-01_DL_2582.0,WIDEBODY,75,60,G16,0,665,770,G109,True
flight_key_v1_2e029b57ed00c2b760541c1d35acc5b8,ATL,ARR,2024-01-01,DL,1228.0,TPA,ATL,682,0.1581999957561493,-0.019999999552965164,2024-01-01_DL_1228.0,NARROWBODY,40,45,G69,0,667,737,G69,False
flight_key_v1_6733a06bde2ac918e1a24d26317a3eb1,ATL,ARR,2024-01-01,AA,1276.0,DFW,ATL,683,0.32109999656677246,1.5399999618530273,2024-01-01_AA_1276.0,NARROWBODY,40,45,G73,0,668,738,G73,False
flight_key_v1_3c9b1593e7773aff00a9add533514ff4,ATL,DEP,2024-01-01,DL,307.0,ATL,JAC,684,0.202,4.7,2024-01-01_DL_307.0,NARROWBODY,40,45,G97,1,670,740,G97,False
flight_key_v1_38bffebb6077abe58837e963c6e13c10,ATL,DEP,2024-01-01,DL,862.0,ATL,BOS,685,0.2094,4.32,2024-01-01_DL_862.0,NARROWBODY,40,45,G02,1,671,741,G02,False
flight_key_v1_801a0d6e656f45f5aa0a21cb759a6d9e,ATL,DEP,2024-01-01,DL,2097.0,ATL,ROC,685,0.2008,4.19,2024-01-01_DL_2097.0,NARROWBODY,40,45,G18,1,671,741,G18,False
flight_key_v1_d7358e242727bfe4fdf0af0b48e30233,ATL,DEP,2024-01-01,DL,1704.0,ATL,DSM,685,0.202,4.31,2024-01-01_DL_1704.0,NARROWBODY,40,45,G19,1,671,741,G19,False
flight_key_v1_cffcbd7d76664bc702fcffc002689ace,ATL,DEP,2024-01-01,DL,1190.0,ATL,PBI,685,0.2064,5.04,2024-01-01_DL_1190.0,WIDEBODY,75,60,G72,1,671,776,G72,False
flight_key_v1_0d7c72f0a70a4000322dd92984ad7b6f,ATL,ARR,2024-01-01,DL,1177.0,TUS,ATL,686,0.11259999871253967,-0.5799999833106995,2024-01-01_DL_1177.0,WIDEBODY,75,60,G101,0,671,776,G101,False
flight_key_v1_5fd0b44d2ee5095ccf978e81c29f33bd,ATL,ARR,2024-01-01,DL,1047.0,FLL,ATL,687,0.19169999659061432,0.20000000298023224,2024-01-01_DL_1047.0,NARROWBODY,40,45,G44,0,672,742,G60,True
flight_key_v1_eae7c6a5d9396b75772ebe1d54613005,ATL,ARR,2024-01-01,OO,3711.0,AGS,ATL,687,0.29440000653266907,2.809999942779541,2024-01-01_OO_3711.0,WIDEBODY,75,60,G102,1,673,778,G102,False
flight_key_v1_5beed50c0a64aeae3e42f553d673bedc,ATL,DEP,2024-01-01,DL,706.0,ATL,DEN,687,0.2013,4.53,2024-01-01_DL_706.0,NARROWBODY,40,45,G103,1,673,743,G103,False
flight_key_v1_c1ec0dc3f309b455d666632fd3a98347,ATL,DEP,2024-01-01,DL,1582.0,ATL,FLL,688,0.2022,5.21,2024-01-01_DL_1582.0,WIDEBODY,75,60,G104,1,674,779,G104,False
flight_key_v1_479e10261367a08ab04b16da98b958a9,ATL,DEP,2024-01-01,AA,2367.0,ATL,ORD,689,0.2139,4.63,2024-01-01_AA_2367.0,NARROWBODY,40,45,G105,1,675,745,G105,False
flight_key_v1_e7c4062db25831ceaad2e0ae88318ffb,ATL,DEP,2024-01-01,DL,967.0,ATL,BUF,690,0.2008,4.2,2024-01-01_DL_967.0,NARROWBODY,40,45,G20,1,676,746,G20,False
flight_key_v1_9b2e67734d9a3454fbc0bef26ea35fc6,ATL,DEP,2024-01-01,DL,883.0,ATL,MSN,690,0.202,4.28,2024-01-01_DL_883.0,NARROWBODY,40,45,G106,1,676,746,G106,False
flight_key_v1_b157807809809c4120c3af159a994a84,ATL,DEP,2024-01-01,DL,1030.0,ATL,MCO,690,0.2018,5.04,2024-01-01_DL_1030.0,NARROWBODY,40,45,G107,1,676,746,G107,False
flight_key_v1_5de494ecbdf9fcc09c085446bd7a8bfe,ATL,ARR,2024-01-01,DL,2526.0,MSY,ATL,690,0.15860000252723694,0.3400000035762787,2024-01-01_DL_2526.0,NARROWBODY,40,45,G108,0,675,745,G112,True
flight_key_v1_b86ffadfcd65ca109aaaf3f46dbc07b5,ATL,ARR,2024-01-01,NK,3390.0,LGA,ATL,692,0.2928999960422516,0.9599999785423279,2024-01-01_NK_3390.0,NARROWBODY,40,45,G21,0,677,747,G53,True
flight_key_v1_3ba923b762c8166f9e4b84c431b0c25a,ATL,ARR,2024-01-01,DL,542.0,PHX,ATL,693,0.121799997985363,-0.5799999833106995,2024-01-01_DL_542.0,NARROWBODY,40,45,G45,0,678,748,G45,False
flight_key_v1_1c467a3ff2e0ee3a33ec5718e162d761,ATL,ARR,2024-01-01,B6,519.0,JFK,ATL,695,0.40119999647140503,0.9599999785423279,2024-01-01_B6_519.0,NARROWBODY,40,45,G08,0,680,750,G08,False
flight_key_v1_d95107b3d039b2819157871e007373c6,ATL,DEP,2024-01-01,F9,2898.0,ATL,DTW,695,0.2243,5.44,2024-01-01_F9_2898.0,NARROWBODY,40,45,G23,1,681,751,G23,False
flight_key_v1_c24a6c0f29dd5c2f8bab3f80fdb37872,ATL,DEP,2024-01-01,DL,1889.0,ATL,STT,695,0.2065,6.57,2024-01-01_DL_1889.0,NARROWBODY,40,45,G48,1,681,751,G48,False
flight_key_v1_2ad8fe8456664646ecb6008346ce7ad4,ATL,ARR,2024-01-01,9E,5039.0,CHA,ATL,698,0.1906999945640564,0.7300000190734863,2024-01-01_9E_5039.0,NARROWBODY,40,45,G49,0,683,753,G49,False
flight_key_v1_e092a1f42f200e063c3191549aab6849,ATL,ARR,2024-01-01,DL,1688.0,ABQ,ATL,698,0.1363999992609024,-0.5799999833106995,2024-01-01_DL_1688.0,NARROWBODY,40,45,G50,0,683,753,G108,True
flight_key_v1_58722d7df4711e3e08dfb131dc847d1d,ATL,ARR,2024-01-01,DL,8785.0,DTW,ATL,700,0.227400004863739,-0.9200000166893005,2024-01-01_DL_8785.0,NARROWBODY,40,45,G54,0,685,755,G50,True
flight_key_v1_5cee849bf24e330ab6f281a5d07b89c3,ATL,DEP,2024-01-01,9E,4987.0,ATL,MDT,700,0.2031,4.29,2024-01-01_9E_4987.0,NARROWBODY,40,45,G74,1,686,756,G74,False
flight_key_v1_94b4b63b1afb42f1e07b4ea36874d5b4,ATL,DEP,2024-01-01,NK,1595.0,ATL,EWR,701,0.2166,6.62,2024-01-01_NK_1595.0,WIDEBODY,75,60,G75,1,687,792,G75,False
flight_key_v1_246eea95d02c1c6f4907e7287f55d8b8,ATL,DEP,2024-01-01,DL,501.0,ATL,LAX,702,0.206,5.52,2024-01-01_DL_501.0,NARROWBODY,40,45,G76,1,688,758,G76,False
flight_key_v1_3ca64902a6c2418778ca29f1de635915,ATL,DEP,2024-01-01,WN,2956.0,ATL,PHL,705,0.2166,5.23,2024-01-01_WN_2956.0,NARROWBODY,40,45,G12,1,691,761,G12,False
flight_key_v1_0e12af3b2cd2d442b5952d6a91da65e2,ATL,DEP,2024-01-01,9E,5479.0,ATL,MGM,705,0.2031,3.93,2024-01-01_9E_5479.0,NARROWBODY,40,45,G77,1,691,761,G77,False
flight_key_v1_b514c1caf8c953ea724d7cf40b1e5afb,ATL,DEP,2024-01-01,9E,5061.0,ATL,LFT,706,0.2031,3.93,2024-01-01_9E_5061.0,NARROWBODY,40,45,G79,1,692,762,G79,False
flight_key_v1_a45fcf33a9d20d939ff2f7fa50b94cae,ATL,DEP,2024-01-01,OH,5472.0,ATL,CLT,707,0.2024,3.94,2024-01-01_OH_5472.0,NARROWBODY,40,45,G80,1,693,763,G80,False
flight_key_v1_1dded82e13f1886e8178145f98052fb4,ATL,DEP,2024-01-01,AA,2785.0,ATL,MIA,708,0.2105,5.7,2024-01-01_AA_2785.0,NARROWBODY,40,45,G04,1,694,764,G04,False
flight_key_v1_3b233ac852ca836284ea398f25555c5f,ATL,DEP,2024-01-01,DL,2345.0,ATL,MSY,710,0.1976,3.71,2024-01-01_DL_2345.0,WIDEBODY,75,60,G30,1,696,801,G30,False
flight_key_v1_cb1b6968faccef7482e6b0fc11cfdfd6,ATL,DEP,2024-01-01,NK,2720.0,ATL,SJU,710,0.2299,8.81,2024-01-01_NK_2720.0,NARROWBODY,40,45,G35,2,697,767,G35,False
flight_key_v1_d1e9f70d08bc27ac9ed8db59d90513f9,ATL,ARR,2024-01-01,DL,433.0,LGA,ATL,710,0.20340000092983246,-1.0199999809265137,2024-01-01_DL_433.0,NARROWBODY,40,45,G36,0,695,765,G83,True
flight_key_v1_6a04abdf3ddb2bd821bd1f4a2f882ff7,ATL,ARR,2024-01-01,WN,1211.0,HOU,ATL,710,0.22360000014305115,0.1599999964237213,2024-01-01_WN_1211.0,NARROWBODY,40,45,G64,0,695,765,G85,True
flight_key_v1_63f9ee66091c4d9cb852f338aff92e29,ATL,ARR,2024-01-01,F9,3294.0,DEN,ATL,711,0.448199987411499,2.4200000762939453,2024-01-01_F9_3294.0,NARROWBODY,40,45,G81,1,697,767,G81,False
flight_key_v1_49f352318b992f5c1276b7c827ff6a00,ATL,DEP,2024-01-01,DL,1147.0,ATL,ORD,713,0.2094,4.82,2024-01-01_DL_1147.0,NARROWBODY,40,45,G15,1,699,769,G15,False
flight_key_v1_5e7afde28b1f8cc5d015edaa908b8b3d,ATL,ARR,2024-01-01,9E,4933.0,TYS,ATL,713,0.14790000021457672,0.03999999910593033,2024-01-01_9E_4933.0,WIDEBODY,75,60,G82,0,698,803,G82,False
flight_key_v1_10de5e972e3ee26103ed6066f9348b96,ATL,DEP,2024-01-01,DL,1362.0,ATL,EGE,716,0.202,4.61,2024-01-01_DL_1362.0,NARROWBODY,40,45,G37,1,702,772,G37,False
flight_key_v1_4c325e68f7e219a3d29956c59efa85e9,ATL,DEP,2024-01-01,DL,2434.0,ATL,EWR,716,0.1987,4.75,2024-01-01_DL_2434.0,WIDEBODY,75,60,G39,1,702,807,G39,False
flight_key_v1_ae5ddeb81d75f2bb854cd8fb6126760f,ATL,DEP,2024-01-01,DL,663.0,ATL,SLC,718,0.2008,4.72,2024-01-01_DL_663.0,NARROWBODY,40,45,G59,1,704,774,G59,False
flight_key_v1_ac559baef995aad36fa8e7cee9dd2c62,ATL,DEP,2024-01-01,DL,1682.0,ATL,IAH,719,0.1987,4.28,2024-01-01_DL_1682.0,NARROWBODY,40,45,G32,1,705,775,G32,False
flight_key_v1_880fd4aca3766f7c391e5e73d3454ca1,ATL,DEP,2024-01-01,OO,3935.0,ATL,SHV,719,0.2051,4.42,2024-01-01_OO_3935.0,NARROWBODY,40,45,G61,1,705,775,G61,False
flight_key_v1_5bb7b804a0a23dc270dede81318d034b,ATL,DEP,2024-01-01,DL,835.0,ATL,LGA,719,0.1987,4.75,2024-01-01_DL_835.0,NARROWBODY,40,45,G63,1,705,775,G63,False
flight_key_v1_1ae628a2058b40095f6274a5e1108b26,ATL,DEP,2024-01-01,9E,5195.0,ATL,XNA,719,0.209,4.2,2024-01-01_9E_5195.0,NARROWBODY,40,45,G70,1,705,775,G70,False
flight_key_v1_c2aab586c97ef15defa4a097a5cddcc4,ATL,DEP,2024-01-01,9E,5184.0,ATL,SGF,719,0.209,4.2,2024-01-01_9E_5184.0,NARROWBODY,40,45,G71,1,705,775,G71,False
flight_key_v1_8866cc4ae31014a880a15fff287fe183,ATL,DEP,2024-01-01,WN,1181.0,ATL,AUS,720,0.238,5.87,2024-01-01_WN_1181.0,NARROWBODY,40,45,G06,1,706,776,G06,False
flight_key_v1_91d15abc2e6391549810f570a48b1cfd,ATL,ARR,2024-01-01,WN,1122.0,BWI,ATL,720,0.28940001130104065,1.5299999713897705,2024-01-01_WN_1122.0,NARROWBODY,40,45,G17,0,705,775,G84,True
flight_key_v1_9d939451957b5e18d70cc3545d9f30f5,ATL,ARR,2024-01-01,9E,5035.0,JAN,ATL,721,0.13339999318122864,0.07000000029802322,2024-01-01_9E_5035.0,NARROWBODY,40,45,G33,0,706,776,G33,False
flight_key_v1_9923c3e6383b258aac4a1990e19b6654,ATL,ARR,2024-01-01,DL,2001.0,MCI,ATL,724,0.19200000166893005,-0.1899999976158142,2024-01-01_DL_2001.0,NARROWBODY,40,45,G34,0,709,779,G34,False
flight_key_v1_cff5e61986fc7498b51c2e127e98f174,ATL,DEP,2024-01-01,DL,1029.0,ATL,MTJ,725,0.2099,4.89,2024-01-01_DL_1029.0,NARROWBODY,40,45,G07,1,711,781,G07,False
flight_key_v1_8a6cb0d1f3f552c44d352d440bafd569,ATL,ARR,2024-01-01,WN,1375.0,TPA,ATL,725,0.21960000693798065,0.9900000095367432,2024-01-01_WN_1375.0,NARROWBODY,40,45,G41,0,710,780,G41,False
flight_key_v1_86bb531fad77e6df2441782d2d3d7d28,ATL,DEP,2024-01-01,B6,520.0,ATL,JFK,730,0.2367,7.1,2024-01-01_B6_520.0,NARROWBODY,40,45,G22,2,717,787,G22,False
flight_key_v1_e355073ee31fa7f02b3431b8452bb644,ATL,ARR,2024-01-01,WN,191.0,DAL,ATL,735,0.2502000033855438,0.5699999928474426,2024-01-01_WN_191.0,WIDEBODY,75,60,G01,0,720,825,G01,False
flight_key_v1_edf19bf6768ae579d5108a0ce08673bf,ATL,DEP,2024-01-01,DL,1585.0,ATL,GPT,735,0.2099,4.16,2024-01-01_DL_1585.0,NARROWBODY,40,45,G03,1,721,791,G03,False
flight_key_v1_eec5a31fcf003cadf4bed74933e38751,ATL,ARR,2024-01-01,WN,1297.0,MCO,ATL,735,0.31139999628067017,1.7999999523162842,2024-01-01_WN_1297.0,WIDEBODY,75,60,G09,1,721,826,G09,False
flight_key_v1_056bbb517748b194b423f6791698bbbf,ATL,DEP,2024-01-01,DL,968.0,ATL,RSW,735,0.2094,4.76,2024-01-01_DL_968.0,NARROWBODY,40,45,G10,1,721,791,G10,False
flight_key_v1_48620ca35d88a77222f5299774f52db5,ATL,DEP,2024-01-01,AA,1276.0,ATL,DFW,736,0.2269,5.43,2024-01-01_AA_1276.0,NARROWBODY,40,45,G24,1,722,792,G24,False
flight_key_v1_e6a8d899e94d68a140a0638984b1148e,ATL,DEP,2024-01-01,DL,1525.0,ATL,TPA,737,0.2133,4.86,2024-01-01_DL_1525.0,NARROWBODY,40,45,G42,1,723,793,G42,False
flight_key_v1_befdcc2841ad29000254d2ecd406de20,ATL,DEP,2024-01-01,DL,2320.0,ATL,CLT,737,0.2104,4.08,2024-01-01_DL_2320.0,NARROWBODY,40,45,G46,1,723,793,G46,False
flight_key_v1_af730c450ba44481be569a3a0c94bd23,ATL,DEP,2024-01-01,DL,1946.0,ATL,SJU,738,0.2272,7.09,2024-01-01_DL_1946.0,NARROWBODY,40,45,G47,2,725,795,G47,False
flight_key_v1_430243118ee4256868ebab28737ef99c,ATL,ARR,2024-01-01,DL,394.0,SLC,ATL,740,0.18870000541210175,-0.5799999833106995,2024-01-01_DL_394.0,NARROWBODY,40,45,G11,0,725,795,G90,True
flight_key_v1_fb50d6047183d6879b72b89b79c27d5e,ATL,DEP,2024-01-01,DL,2901.0,ATL,MSP,740,0.2097,5.8,2024-01-01_DL_2901.0,NARROWBODY,40,45,G13,1,726,796,G13,False
flight_key_v1_6cc52964c81317ea074bc8355284a7fb,ATL,DEP,2024-01-01,NK,1444.0,ATL,BOS,743,0.2442,8.77,2024-01-01_NK_1444.0,NARROWBODY,40,45,G26,2,730,800,G26,False
flight_key_v1_a501c6809ab9af7240ac1c70f07a3d0e,ATL,DEP,2024-01-01,DL,454.0,ATL,MIA,743,0.22,6.65,2024-01-01_DL_454.0,NARROWBODY,40,45,G27,1,729,799,G27,False
flight_key_v1_bbd7ba2d7c19888d4f73a0db6f2fc88b,ATL,ARR,2024-01-01,DL,1303.0,MIA,ATL,745,0.22830000519752502,1.590000033378601,2024-01-01_DL_1303.0,NARROWBODY,40,45,G14,0,730,800,G14,False
flight_key_v1_394e801e298a40c427d15d8e37357514,ATL,ARR,2024-01-01,9E,4858.0,TLH,ATL,745,0.15800000727176666,0.699999988079071,2024-01-01_9E_4858.0,NARROWBODY,40,45,G28,0,730,800,G28,False
flight_key_v1_35b38ada996693ded2b314314f7f349a,ATL,ARR,2024-01-01,DL,2039.0,FLL,ATL,747,0.20600000023841858,1.4500000476837158,2024-01-01_DL_2039.0,NARROWBODY,40,45,G29,0,732,802,G29,False
flight_key_v1_3adaf8cb7c423c9d7faddfe5c0f6041c,ATL,ARR,2024-01-01,9E,5272.0,TRI,ATL,748,0.1412000060081482,0.41999998688697815,2024-01-01_9E_5272.0,NARROWBODY,40,45,G38,0,733,803,G38,False
flight_key_v1_be401f8df8ea43d53f1976c4c37e6620,ATL,DEP,2024-01-01,DL,511.0,ATL,JFK,749,0.2099,4.93,2024-01-01_DL_511.0,NARROWBODY,40,45,G52,1,735,805,G52,False
flight_key_v1_58de0d6a7289934f852b0cfdb19c40dd,ATL,DEP,2024-01-01,DL,1523.0,ATL,DTW,750,0.2099,5.21,2024-01-01_DL_1523.0,NARROWBODY,40,45,G05,1,736,806,G05,False
flight_key_v1_6a40d9f894049d594fa3eccaf4730140,ATL,DEP,2024-01-01,DL,2536.0,ATL,PHL,750,0.2099,4.9,2024-01-01_DL_2536.0,NARROWBODY,40,45,G31,1,736,806,G31,False
flight_key_v1_8bece62e4afed734d1c0581179913799,ATL,DEP,2024-01-01,WN,1149.0,ATL,DEN,750,0.234,6.05,2024-01-01_WN_1149.0,NARROWBODY,40,45,G40,1,736,806,G40,False
flight_key_v1_c7c86983071f4cb79da4c4c46762ceab,ATL,DEP,2024-01-01,DL,350.0,ATL,BOS,755,0.22,5.66,2024-01-01_DL_350.0,NARROWBODY,40,45,G02,1,741,811,G02,False
flight_key_v1_c00b331df45b24d4798095fe22b3cc95,ATL,DEP,2024-01-01,F9,2912.0,ATL,TPA,755,0.2361,6.24,2024-01-01_F9_2912.0,NARROWBODY,40,45,G18,1,741,811,G18,False
flight_key_v1_7afc5bc952122db420f5c06bf2540700,ATL,DEP,2024-01-01,DL,352.0,ATL,PHX,756,0.2104,5.1,2024-01-01_DL_352.0,NARROWBODY,40,45,G19,1,742,812,G19,False
flight_key_v1_ad0b7efd498689af2c79269fd702f30d,ATL,DEP,2024-01-01,DL,2026.0,ATL,RDU,756,0.2103,4.3,2024-01-01_DL_2026.0,NARROWBODY,40,45,G55,1,742,812,G55,False
flight_key_v1_e6f3d0e3d3f5fc2a9da72334a2bdf028,ATL,ARR,2024-01-01,DL,2326.0,JAX,ATL,757,0.14640000462532043,0.41999998688697815,2024-01-01_DL_2326.0,NARROWBODY,40,45,G44,0,742,812,G44,False
flight_key_v1_76cf5216c05d938face50807e7c26a30,ATL,ARR,2024-01-01,DL,710.0,PHX,ATL,757,0.13660000264644623,-0.4699999988079071,2024-01-01_DL_710.0,NARROWBODY,40,45,G56,0,742,812,G56,False
flight_key_v1_c6a06b688df8be48c64204dcd472c6d9,ATL,DEP,2024-01-01,DL,1413.0,ATL,FLL,758,0.2137,6.06,2024-01-01_DL_1413.0,NARROWBODY,40,45,G57,1,744,814,G57,False
flight_key_v1_04e85baecc93ce8f8a4d86086658f65b,ATL,DEP,2024-01-01,DL,1576.0,ATL,MCO,758,0.2125,5.52,2024-01-01_DL_1576.0,NARROWBODY,40,45,G58,1,744,814,G58,False
flight_key_v1_a2ca76a21f7cbf5f37588dde87cdd85b,ATL,ARR,2024-01-01,DL,1438.0,DTW,ATL,759,0.22990000247955322,-0.4099999964237213,2024-01-01_DL_1438.0,NARROWBODY,40,45,G60,0,744,814,G60,False
flight_key_v1_72c4983f23f5d5921d0d9f2ea7f61a8f,ATL,ARR,2024-01-01,WN,157.0,FLL,ATL,760,0.2822999954223633,1.659999966621399,2024-01-01_WN_157.0,NARROWBODY,40,45,G20,0,745,815,G103,True
flight_key_v1_33c36d3351c0e6db274ac7d12a921b9f,ATL,ARR,2024-01-01,DL,1537.0,MSP,ATL,763,0.17640000581741333,-1.0199999809265137,2024-01-01_DL_1537.0,NARROWBODY,40,45,G21,0,748,818,G21,False
flight_key_v1_b5dc43a601a9ad9b2bcd2c3bd8de0d4f,ATL,DEP,2024-01-01,OO,3715.0,ATL,AGS,763,0.2164,4.31,2024-01-01_OO_3715.0,NARROWBODY,40,45,G43,1,749,819,G43,False
flight_key_v1_d5889f7ce0109c792bb5cb7a816640df,ATL,DEP,2024-01-01,WN,2372.0,ATL,BWI,765,0.231,6.59,2024-01-01_WN_2372.0,WIDEBODY,75,60,G08,2,752,857,G08,False
flight_key_v1_4ca187ed79df1ef20c02b7072f0e2542,ATL,DEP,2024-01-01,DL,2377.0,ATL,CLE,765,0.2099,5.07,2024-01-01_DL_2377.0,NARROWBODY,40,45,G23,1,751,821,G23,False
flight_key_v1_0b25bf0808b8175db04fe1486a0fe13a,ATL,DEP,2024-01-01,DL,2799.0,ATL,BWI,765,0.2099,4.9,2024-01-01_DL_2799.0,NARROWBODY,40,45,G45,1,751,821,G45,False
flight_key_v1_d867efacaebc726a322e504a1105af56,ATL,ARR,2024-01-01,DL,1213.0,MCO,ATL,765,0.19499999284744263,1.559999942779541,2024-01-01_DL_1213.0,NARROWBODY,40,45,G48,0,750,820,G106,True
flight_key_v1_4f330d02fb1a90a8873c7d5b3aa101d0,ATL,DEP,2024-01-01,F9,1449.0,ATL,DEN,766,0.2318,6.48,2024-01-01_F9_1449.0,NARROWBODY,40,45,G62,2,753,823,G62,False
flight_key_v1_686f6c38a602949dd2a5a1b7d203ea2c,ATL,ARR,2024-01-01,DL,1134.0,SRQ,ATL,768,0.17910000681877136,0.9399999976158142,2024-01-01_DL_1134.0,WIDEBODY,75,60,G49,0,753,858,G49,False
flight_key_v1_0614ee3ca44189c82338b0995d55ff1c,ATL,ARR,2024-01-01,DL,2315.0,ECP,ATL,770,0.16359999775886536,0.7300000190734863,2024-01-01_DL_2315.0,NARROWBODY,40,45,G25,0,755,825,G107,True
flight_key_v1_0838743bc1bf719d39647a364435bf14,ATL,ARR,2024-01-01,WN,2214.0,LAS,ATL,770,0.21719999611377716,-0.3400000035762787,2024-01-01_WN_2214.0,NARROWBODY,40,45,G50,0,755,825,G50,False
flight_key_v1_50c87bcdf2add95cf5403b8d8189246a,ATL,DEP,2024-01-01,DL,737.0,ATL,DCA,770,0.2087,4.57,2024-01-01_DL_737.0,NARROWBODY,40,45,G51,1,756,826,G51,False
flight_key_v1_0fc3f8ba57b5a8620bf835ef5d10cf89,ATL,DEP,2024-01-01,DL,895.0,ATL,LAX,770,0.2222,6.13,2024-01-01_DL_895.0,WIDEBODY,75,60,G54,1,756,861,G54,False
flight_key_v1_aae7daaa02f71a95ce5e90b003cac4fc,ATL,ARR,2024-01-01,DL,672.0,LAX,ATL,770,0.13699999451637268,-0.5799999833106995,2024-01-01_DL_672.0,WIDEBODY,75,60,G65,0,755,860,G65,False
flight_key_v1_8b9825483a518cd3c73cce8a8e276676,ATL,ARR,2024-01-01,DL,2223.0,SDF,ATL,771,0.1404000073671341,0.25999999046325684,2024-01-01_DL_2223.0,NARROWBODY,40,45,G53,0,756,826,G53,False
flight_key_v1_c681d796474de9aa610f3f185ae34a2c,ATL,ARR,2024-01-01,9E,4935.0,ILM,ATL,772,0.14419999718666077,0.5699999928474426,2024-01-01_9E_4935.0,NARROWBODY,40,45,G66,0,757,827,G66,False
flight_key_v1_aa6d2de684050e04672746c2bc91f157,ATL,ARR,2024-01-01,AA,2934.0,ORD,ATL,772,0.3621000051498413,1.6299999952316284,2024-01-01_AA_2934.0,NARROWBODY,40,45,G67,1,758,828,G67,False
flight_key_v1_bfe81a8e587c8e0a1dac2be364260d58,ATL,ARR,2024-01-01,9E,5460.0,LEX,ATL,773,0.17579999566078186,0.699999988079071,2024-01-01_9E_5460.0,NARROWBODY,40,45,G68,0,758,828,G68,False
flight_key_v1_e0392fe6dbe7a6656621c695a03f0494,ATL,ARR,2024-01-01,DL,1089.0,RSW,ATL,773,0.1404999941587448,0.699999988079071,2024-01-01_DL_1089.0,NARROWBODY,40,45,G69,0,758,828,G69,False
flight_key_v1_d88b01c1b64882c52b19f8644cccda37,ATL,DEP,2024-01-01,DL,2778.0,ATL,MEM,775,0.2099,4.8,2024-01-01_DL_2778.0,NARROWBODY,40,45,G12,1,761,831,G12,False
flight_key_v1_129b1ea9fb41c460447ff7345aa79cef,ATL,ARR,2024-01-01,DL,1227.0,TPA,ATL,775,0.16169999539852142,0.699999988079071,2024-01-01_DL_1227.0,NARROWBODY,40,45,G73,0,760,830,G73,False
flight_key_v1_2676a00db2ac285f865e409482eda877,ATL,ARR,2024-01-01,DL,755.0,LAS,ATL,776,0.1656000018119812,-0.5799999833106995,2024-01-01_DL_755.0,NARROWBODY,40,45,G74,0,761,831,G74,False
flight_key_v1_d21ececc0df09cc90c22d9772d44523e,ATL,ARR,2024-01-01,DL,520.0,BNA,ATL,778,0.16040000319480896,0.7300000190734863,2024-01-01_DL_520.0,NARROWBODY,40,45,G04,0,763,833,G121,True
flight_key_v1_60368702b082fb21db7c2e7691deb1cf,ATL,DEP,2024-01-01,9E,5003.0,ATL,CHO,780,0.2198,5.17,2024-01-01_9E_5003.0,NARROWBODY,40,45,G35,1,766,836,G126,True
flight_key_v1_82dc3e2b44b7d8641ee36691645d4b2d,ATL,DEP,2024-01-01,WN,1297.0,ATL,CMH,780,0.2351,6.85,2024-01-01_WN_1297.0,NARROWBODY,40,45,G36,2,767,837,G36,False
flight_key_v1_aa74d4833a1b71baf865554366768652,ATL,ARR,2024-01-01,WN,1076.0,STL,ATL,780,0.25060001015663147,1.1299999952316284,2024-01-01_WN_1076.0,NARROWBODY,40,45,G64,0,765,835,G64,False
flight_key_v1_14afc61dce5da3dabd6b4c11d1c935fe,ATL,DEP,2024-01-01,WN,191.0,ATL,BNA,780,0.2351,6.41,2024-01-01_WN_191.0,WIDEBODY,75,60,G76,2,767,872,G76,False
flight_key_v1_cdd73cea4d7a893b5d094313983a4e68,ATL,DEP,2024-01-01,DL,530.0,ATL,DEN,780,0.2179,5.32,2024-01-01_DL_530.0,NARROWBODY,40,45,G77,1,766,836,G77,False
flight_key_v1_532fed9d5dce3caadad6c78f8ce5cda1,ATL,ARR,2024-01-01,DL,2703.0,MSY,ATL,781,0.16599999368190765,0.7300000190734863,2024-01-01_DL_2703.0,NARROWBODY,40,45,G78,0,766,836,G78,False
flight_key_v1_77856daf0b0dafec536b94e64388465e,ATL,ARR,2024-01-01,DL,2174.0,DAB,ATL,781,0.13650000095367432,0.699999988079071,2024-01-01_DL_2174.0,NARROWBODY,40,45,G79,0,766,836,G79,False
flight_key_v1_084fd73a7a939173085dd757a07e66dd,ATL,ARR,2024-01-01,DL,2983.0,MLB,ATL,782,0.10480000078678131,0.019999999552965164,2024-01-01_DL_2983.0,NARROWBODY,40,45,G80,0,767,837,G80,False
flight_key_v1_db6594c4937f23ffaf13ee6d9eeda7c6,ATL,ARR,2024-01-01,DL,2633.0,RDU,ATL,784,0.193900004029274,0.5699999928474426,2024-01-01_DL_2633.0,NARROWBODY,40,45,G15,0,769,839,G15,False
flight_key_v1_793ee0bc2874b76f3993634bfadfada8,ATL,ARR,2024-01-01,DL,2561.0,DEN,ATL,785,0.23800000548362732,-0.36000001430511475,2024-01-01_DL_2561.0,NARROWBODY,40,45,G16,0,770,840,G16,False
flight_key_v1_a28db7689cef831fd13f9bcd4964226d,ATL,ARR,2024-01-01,9E,4968.0,CLT,ATL,785,0.19280000030994415,1.0299999713897705,2024-01-01_9E_4968.0,NARROWBODY,40,45,G81,0,770,840,G81,False
flight_key_v1_de8a3ae07113d29cb53bd7e477366c18,ATL,DEP,2024-01-01,DL,2728.0,ATL,JAX,786,0.2156,4.81,2024-01-01_DL_2728.0,NARROWBODY,40,45,G37,1,772,842,G37,False
flight_key_v1_e50862bb8425235ef9342340139c1f66,ATL,ARR,2024-01-01,DL,2517.0,MYR,ATL,788,0.12399999797344208,0.25999999046325684,2024-01-01_DL_2517.0,WIDEBODY,75,60,G59,0,773,878,G142,True
flight_key_v1_b32d90e9045e5b4ca3870110efa154e7,ATL,ARR,2024-01-01,NK,452.0,MSY,ATL,788,0.2619999945163727,2.4200000762939453,2024-01-01_NK_452.0,NARROWBODY,40,45,G83,1,774,844,G83,False
flight_key_v1_117dae2894b127de4ee65ea70ae7b05a,ATL,ARR,2024-01-01,9E,5189.0,BTR,ATL,789,0.1906999945640564,-0.11999999731779099,2024-01-01_9E_5189.0,NARROWBODY,40,45,G32,0,774,844,G130,True
flight_key_v1_d97cb8d7b659ef6179cc97e60d1019a2,ATL,ARR,2024-01-01,DL,2484.0,CAE,ATL,791,0.11940000206232071,0.25999999046325684,2024-01-01_DL_2484.0,NARROWBODY,40,45,G06,0,776,846,G06,False
flight_key_v1_f4c398b0f250313f5faab522e6216637,ATL,ARR,2024-01-01,DL,2017.0,GSP,ATL,792,0.1046999990940094,0.3100000023841858,2024-01-01_DL_2017.0,NARROWBODY,40,45,G17,0,777,847,G17,False
flight_key_v1_8a31c5db1e3692b40c345100aeb56918,ATL,ARR,2024-01-01,OH,5412.0,CLT,ATL,792,0.2655999958515167,1.9500000476837158,2024-01-01_OH_5412.0,NARROWBODY,40,45,G33,1,778,848,G33,False
flight_key_v1_2c01fd705d3c32f98b492613595d1e55,ATL,ARR,2024-01-01,DL,471.0,CVG,ATL,793,0.1979999989271164,0.699999988079071,2024-01-01_DL_471.0,NARROWBODY,40,45,G61,0,778,848,G61,False
flight_key_v1_6d2c60b5873b3053adfddd987825fac7,ATL,ARR,2024-01-01,WN,1338.0,DEN,ATL,795,0.3294000029563904,-0.23999999463558197,2024-01-01_WN_1338.0,NARROWBODY,40,45,G07,0,780,850,G59,True
flight_key_v1_63fba7f36ac001b91c7aa784b0ae5e13,ATL,ARR,2024-01-01,WN,1567.0,GSP,ATL,795,0.17739999294281006,1.3300000429153442,2024-01-01_WN_1567.0,NARROWBODY,40,45,G34,0,780,850,G34,False
flight_key_v1_67581d7071b51e4c5b564a8ba85b15f6,ATL,ARR,2024-01-01,DL,2934.0,MIA,ATL,795,0.24199999868869781,1.559999942779541,2024-01-01_DL_2934.0,NARROWBODY,40,45,G41,0,780,850,G41,False
flight_key_v1_6444386cace55e1c1374bd1d88636d87,ATL,DEP,2024-01-01,WN,3216.0,ATL,LIT,795,0.2351,6.41,2024-01-01_WN_3216.0,NARROWBODY,40,45,G63,2,782,852,G63,False
flight_key_v1_7fd5b1e63eb49794857ea5e9c5399ee5,ATL,DEP,2024-01-01,9E,5057.0,ATL,HPN,798,0.2198,5.38,2024-01-01_9E_5057.0,NARROWBODY,40,45,G70,1,784,854,G70,False
flight_key_v1_7958f0c05683e156cd2bb7e2976c5c71,ATL,ARR,2024-01-01,F9,3507.0,MCO,ATL,798,0.49149999022483826,3.4800000190734863,2024-01-01_F9_3507.0,NARROWBODY,40,45,G71,2,785,855,G71,False
flight_key_v1_f992b68e28afab16bc3fc8cc8e0f3eaa,ATL,ARR,2024-01-01,DL,2766.0,HOU,ATL,798,0.3386000096797943,3.319999933242798,2024-01-01_DL_2766.0,NARROWBODY,40,45,G72,1,784,854,G72,False
flight_key_v1_5d94c28d14f7109ba0f74dff4761c1c9,ATL,ARR,2024-01-01,DL,456.0,BOS,ATL,799,0.20190000534057617,0.5799999833106995,2024-01-01_DL_456.0,NARROWBODY,40,45,G84,0,784,854,G84,False
flight_key_v1_1130da0cd7a10aa1b6308b1e36adc66a,ATL,DEP,2024-01-01,WN,157.0,ATL,JAN,800,0.2351,6.41,2024-01-01_WN_157.0,NARROWBODY,40,45,G22,2,787,857,G22,False
flight_key_v1_a6a7f5c85e1c6af37ecb32d98268839f,ATL,ARR,2024-01-01,9E,5202.0,AVL,ATL,800,0.20200000703334808,0.15000000596046448,2024-01-01_9E_5202.0,NARROWBODY,40,45,G85,0,785,855,G85,False
flight_key_v1_6a85b771c5ed3b382c73fc5bfdacd459,ATL,DEP,2024-01-01,UA,556.0,ATL,EWR,800,0.2285,5.88,2024-01-01_UA_556.0,WIDEBODY,75,60,G86,1,786,891,G86,False
flight_key_v1_ce691437e7f4a16671358c2541009561,ATL,ARR,2024-01-01,9E,5312.0,VLD,ATL,803,0.27549999952316284,1.1100000143051147,2024-01-01_9E_5312.0,NARROWBODY,40,45,G87,0,788,858,G87,False
flight_key_v1_1d51bf26d96993c4133cc1ff90659a6a,ATL,ARR,2024-01-01,DL,2802.0,PBI,ATL,803,0.15860000252723694,0.8999999761581421,2024-01-01_DL_2802.0,NARROWBODY,40,45,G88,0,788,858,G88,False
flight_key_v1_a6b2e10d4e978d776c094032d6168b18,ATL,ARR,2024-01-01,DL,8784.0,SLC,ATL,804,0.21170000731945038,-0.36000001430511475,2024-01-01_DL_8784.0,NARROWBODY,40,45,G89,0,789,859,G89,False
flight_key_v1_6e729f722e0f66beb20b3f95aaa74b27,ATL,ARR,2024-01-01,DL,1709.0,FLL,ATL,806,0.22020000219345093,1.559999942779541,2024-01-01_DL_1709.0,NARROWBODY,40,45,G03,0,791,861,G03,False
flight_key_v1_bc659c4ce3c95d898b742b41be24a817,ATL,ARR,2024-01-01,OO,3841.0,EVV,ATL,808,0.31049999594688416,2.259999990463257,2024-01-01_OO_3841.0,NARROWBODY,40,45,G10,1,794,864,G10,False
flight_key_v1_d00ae9c419629609e1e52165a459f1e8,ATL,ARR,2024-01-01,WN,2783.0,MCI,ATL,810,0.25519999861717224,0.8100000023841858,2024-01-01_WN_2783.0,NARROWBODY,40,45,G11,0,795,865,G11,False
flight_key_v1_abcde139e030f5fc4cb8a4a091c15dc9,ATL,DEP,2024-01-01,DL,431.0,ATL,LGA,810,0.2152,5.21,2024-01-01_DL_431.0,NARROWBODY,40,45,G13,1,796,866,G13,False
flight_key_v1_d64c96b3a006cf06ebf8cbf5e4775b79,ATL,DEP,2024-01-01,AA,1251.0,ATL,PHL,812,0.2198,4.36,2024-01-01_AA_1251.0,WIDEBODY,75,60,G24,1,798,903,G24,False
flight_key_v1_ddffdacde9478c4bac67ab475caec0b6,ATL,ARR,2024-01-01,DL,2146.0,GNV,ATL,813,0.20829999446868896,1.2000000476837158,2024-01-01_DL_2146.0,NARROWBODY,40,45,G26,0,798,868,G136,True
flight_key_v1_0bd96c0df7717f478986ad84f0320807,ATL,ARR,2024-01-01,DL,2290.0,STL,ATL,814,0.17800000309944153,0.699999988079071,2024-01-01_DL_2290.0,NARROWBODY,40,45,G27,0,799,869,G27,False
flight_key_v1_9f5a72ff2247e20ad71436cb8610165a,ATL,ARR,2024-01-01,DL,717.0,SAN,ATL,814,0.14239999651908875,-0.47999998927116394,2024-01-01_DL_717.0,NARROWBODY,40,45,G42,0,799,869,G42,False
flight_key_v1_87cba89a7f48c1a049931fe17f0aeaba,ATL,ARR,2024-01-01,WN,106.0,LGA,ATL,815,0.2842999994754791,-0.009999999776482582,2024-01-01_WN_106.0,NARROWBODY,40,45,G14,0,800,870,G14,False
flight_key_v1_53c1be30c8baa3a557d543929fdf754e,ATL,DEP,2024-01-01,WN,2214.0,ATL,PIT,815,0.2418,20.18,2024-01-01_WN_2214.0,NARROWBODY,40,45,G28,5,805,875,G28,False
flight_key_v1_5e51a2c702272674bac8c211f7d72191,ATL,DEP,2024-01-01,DL,1323.0,ATL,MIA,815,0.2255,7.14,2024-01-01_DL_1323.0,NARROWBODY,40,45,G30,2,802,872,G30,False
flight_key_v1_1bb894018a7020751c0b6d0e3566bf75,ATL,ARR,2024-01-01,WN,2243.0,MIA,ATL,815,0.3626999855041504,1.9700000286102295,2024-01-01_WN_2243.0,WIDEBODY,75,60,G46,1,801,906,G46,False
flight_key_v1_525e99a09696ec9005396f00bad96b4e,ATL,DEP,2024-01-01,DL,1372.0,ATL,MCO,818,0.2195,5.86,2024-01-01_DL_1372.0,NARROWBODY,40,45,G29,1,804,874,G29,False
flight_key_v1_9d92cfdc4987f193e3daad08ea7f3726,ATL,ARR,2024-01-01,OO,4058.0,CSG,ATL,818,0.310699999332428,2.880000114440918,2024-01-01_OO_4058.0,NARROWBODY,40,45,G38,1,804,874,G38,False
flight_key_v1_1362071e081487230b37270838dc0481,ATL,ARR,2024-01-01,DL,2182.0,SAV,ATL,819,0.1460999995470047,0.7099999785423279,2024-01-01_DL_2182.0,NARROWBODY,40,45,G47,0,804,874,G47,False
flight_key_v1_b962e2ede88fc4a88d506c6148de6a6a,ATL,ARR,2024-01-01,DL,1345.0,CMH,ATL,819,0.1412999927997589,0.15000000596046448,2024-01-01_DL_1345.0,NARROWBODY,40,45,G52,0,804,874,G141,True
flight_key_v1_9687aa0f3506f29d1b57c292108235f8,ATL,DEP,2024-01-01,DL,1640.0,ATL,GRR,820,0.2152,5.37,2024-01-01_DL_1640.0,NARROWBODY,40,45,G05,1,806,876,G05,False
flight_key_v1_81b3ce58c23454710b9683eb31398525,ATL,DEP,2024-01-01,DL,2378.0,ATL,ILM,820,0.2152,5.04,2024-01-01_DL_2378.0,WIDEBODY,75,60,G31,1,806,911,G31,False
flight_key_v1_f8172d9747e9e0a4050550a40fd6125a,ATL,DEP,2024-01-01,DL,2887.0,ATL,MYR,820,0.2152,5.03,2024-01-01_DL_2887.0,NARROWBODY,40,45,G40,1,806,876,G40,False
flight_key_v1_ab61090fe64e396ae88d74242f5898cb,ATL,DEP,2024-01-01,DL,423.0,ATL,SLC,820,0.2136,5.06,2024-01-01_DL_423.0,NARROWBODY,40,45,G75,1,806,876,G75,False
flight_key_v1_3ebf88e7dd832302f4b3b7dd81a388ec,ATL,DEP,2024-01-01,DL,2052.0,ATL,BNA,820,0.2152,4.85,2024-01-01_DL_2052.0,NARROWBODY,40,45,G82,1,806,876,G82,False
flight_key_v1_f21422135ce94544a58c853db5c49bc2,ATL,DEP,2024-01-01,WN,3193.0,ATL,IND,820,0.2351,7.03,2024-01-01_WN_3193.0,NARROWBODY,40,45,G90,2,807,877,G90,False
flight_key_v1_e2a6b16dd80812202358e956c45d9a24,ATL,DEP,2024-01-01,DL,2186.0,ATL,RIC,820,0.2152,5.21,2024-01-01_DL_2186.0,NARROWBODY,40,45,G91,1,806,876,G91,False
flight_key_v1_9bb0db734a56bba93a612280ea5ec5a6,ATL,ARR,2024-01-01,WN,765.0,MSY,ATL,820,0.26649999618530273,1.2999999523162842,2024-01-01_WN_765.0,NARROWBODY,40,45,G92,0,805,875,G92,False
flight_key_v1_10570a9f4921e02fa70c5989d4308e25,ATL,ARR,2024-01-01,DL,2207.0,IAH,ATL,822,0.23109999299049377,1.590000033378601,2024-01-01_DL_2207.0,NARROWBODY,40,45,G39,0,807,877,G39,False
flight_key_v1_0b601fbddc11ab969cc2dc66f8260858,ATL,DEP,2024-01-01,9E,4945.0,ATL,FAY,822,0.2198,5.17,2024-01-01_9E_4945.0,NARROWBODY,40,45,G93,1,808,878,G93,False
flight_key_v1_931e81923dc5627280c3a4ed226c158e,ATL,DEP,2024-01-01,OH,5412.0,ATL,CLT,822,0.2208,4.79,2024-01-01_OH_5412.0,NARROWBODY,40,45,G94,1,808,878,G94,False
flight_key_v1_75494eaa665a83579e4679b9e094aa33,ATL,ARR,2024-01-01,UA,2444.0,ORD,ATL,822,0.33970001339912415,1.590000033378601,2024-01-01_UA_2444.0,NARROWBODY,40,45,G95,1,808,878,G95,False
flight_key_v1_5d1201cc091f63e6079f0a1576ac0de6,ATL,ARR,2024-01-01,DL,762.0,PDX,ATL,823,0.09950000047683716,-0.47999998927116394,2024-01-01_DL_762.0,NARROWBODY,40,45,G96,0,808,878,G96,False
flight_key_v1_54e5457ae78ee4cc7ba5d23a3007e95a,ATL,DEP,2024-01-01,9E,4923.0,ATL,TYS,825,0.2198,5.33,2024-01-01_9E_4923.0,NARROWBODY,40,45,G02,1,811,881,G02,False
flight_key_v1_57a303239f8b1dc485408b82f22cc944,ATL,DEP,2024-01-01,9E,5132.0,ATL,DAY,825,0.2311,18.09,2024-01-01_9E_5132.0,NARROWBODY,40,45,G18,4,814,884,G18,False
flight_key_v1_adb0d85dd497f2e5629de9005618c49b,ATL,DEP,2024-01-01,9E,4953.0,ATL,GTR,825,0.2198,4.91,2024-01-01_9E_4953.0,WIDEBODY,75,60,G97,1,811,916,G97,False
flight_key_v1_f3936e6b7aa31a3e2bb002ba45ac34d5,ATL,DEP,2024-01-01,DL,2061.0,ATL,SRQ,825,0.2157,5.98,2024-01-01_DL_2061.0,WIDEBODY,75,60,G98,1,811,916,G98,False
flight_key_v1_a981aa60cf5d1c5774924510d3b9e782,ATL,ARR,2024-01-01,DL,12.0,SEA,ATL,826,0.15410000085830688,-0.47999998927116394,2024-01-01_DL_12.0,NARROWBODY,40,45,G19,0,811,881,G137,True
flight_key_v1_58146d9a6dbfc5ceb5eae06e47d4e82a,ATL,DEP,2024-01-01,DL,1347.0,ATL,SAT,827,0.2152,5.45,2024-01-01_DL_1347.0,WIDEBODY,75,60,G44,1,813,918,G44,False
flight_key_v1_bbe10ea17a84bf42da6d9aff29fd3af1,ATL,DEP,2024-01-01,DL,2032.0,ATL,SDF,827,0.2152,5.38,2024-01-01_DL_2032.0,NARROWBODY,40,45,G55,1,813,883,G55,False
flight_key_v1_0294421d9cf0033f6d40c3979bc3ef2a,ATL,ARR,2024-01-01,DL,2445.0,GSO,ATL,828,0.13819999992847443,0.15000000596046448,2024-01-01_DL_2445.0,NARROWBODY,40,45,G56,0,813,883,G56,False
flight_key_v1_0de8f13615b0927f56dd316a690b185d,ATL,ARR,2024-01-01,DL,2926.0,CHS,ATL,828,0.13420000672340393,0.8700000047683716,2024-01-01_DL_2926.0,NARROWBODY,40,45,G57,0,813,883,G19,True
flight_key_v1_f68e42f946c35edb06447c4aaadf4b7b,ATL,ARR,2024-01-01,DL,771.0,LGA,ATL,829,0.20170000195503235,-0.30000001192092896,2024-01-01_DL_771.0,NARROWBODY,40,45,G58,0,814,884,G58,False
flight_key_v1_2e1bac47e37238ac7c18c80445552f4a,ATL,DEP,2024-01-01,DL,1173.0,ATL,PBI,829,0.2276,6.59,2024-01-01_DL_1173.0,NARROWBODY,40,45,G60,1,815,885,G60,False
flight_key_v1_971b6cbdb52bd563374af54204ded706,ATL,ARR,2024-01-01,DL,2820.0,IAD,ATL,829,0.16779999434947968,0.10000000149011612,2024-01-01_DL_2820.0,NARROWBODY,40,45,G99,0,814,884,G99,False
flight_key_v1_bbb19fe67a98b1db7fd1ead67315bc56,ATL,ARR,2024-01-01,DL,2952.0,IND,ATL,829,0.17170000076293945,0.6000000238418579,2024-01-01_DL_2952.0,NARROWBODY,40,45,G100,0,814,884,G100,False
flight_key_v1_c6f8670528b9db4108c6bfe3c2419def,ATL,DEP,2024-01-01,DL,8771.0,ATL,PDX,830,0.2136,5.1,2024-01-01_DL_8771.0,NARROWBODY,40,45,G20,1,816,886,G20,False
flight_key_v1_d10c3462a31de8648e02013b5232faf2,ATL,ARR,2024-01-01,DL,690.0,SFO,ATL,830,0.14409999549388885,-0.47999998927116394,2024-01-01_DL_690.0,NARROWBODY,40,45,G101,0,815,885,G101,False
flight_key_v1_05c495d6f0b961d2f14646707b5b5de7,ATL,ARR,2024-01-01,WN,276.0,AUS,ATL,830,0.2401999980211258,1.1299999952316284,2024-01-01_WN_276.0,WIDEBODY,75,60,G102,0,815,920,G102,False
flight_key_v1_dda0a6445d77caa744bab42067b7adf5,ATL,ARR,2024-01-01,DL,1493.0,BWI,ATL,830,0.21119999885559082,1.440000057220459,2024-01-01_DL_1493.0,WIDEBODY,75,60,G103,0,815,920,G103,False
flight_key_v1_6f9e03719a7abb6622671f38efefa204,ATL,DEP,2024-01-01,9E,5428.0,ATL,TUL,831,0.2198,5.51,2024-01-01_9E_5428.0,NARROWBODY,40,45,G104,1,817,887,G104,False
flight_key_v1_db2cef6cbeba0650e293eff26f353cd3,ATL,ARR,2024-01-01,DL,1658.0,MCO,ATL,832,0.21549999713897705,1.7300000190734863,2024-01-01_DL_1658.0,WIDEBODY,75,60,G105,0,817,922,G105,False
flight_key_v1_34a1d6d87ae408eb437f75743bcf031d,ATL,DEP,2024-01-01,DL,1720.0,ATL,TPA,833,0.2203,5.4,2024-01-01_DL_1720.0,NARROWBODY,40,45,G21,1,819,889,G21,False
flight_key_v1_f29d370b446f399c75748131cd5af32a,ATL,DEP,2024-01-01,DL,921.0,ATL,DFW,834,0.2294,6.41,2024-01-01_DL_921.0,NARROWBODY,40,45,G43,1,820,890,G43,False
flight_key_v1_b7b91da13cd5e1b09a3dfd1a0be5b4a1,ATL,DEP,2024-01-01,9E,4910.0,ATL,DHN,835,0.2198,5.17,2024-01-01_9E_4910.0,NARROWBODY,40,45,G23,1,821,891,G23,False
flight_key_v1_ecf606f3571be1b4a0c42124ef7558b2,ATL,DEP,2024-01-01,9E,4956.0,ATL,MLU,835,0.2198,5.17,2024-01-01_9E_4956.0,NARROWBODY,40,45,G45,1,821,891,G45,False
flight_key_v1_4df45421f6fbf9b55a45d3d0b73739c2,ATL,DEP,2024-01-01,DL,2450.0,ATL,MLB,835,0.2152,5.21,2024-01-01_DL_2450.0,NARROWBODY,40,45,G48,1,821,891,G48,False
flight_key_v1_74fb08cb99343cb76daab0fed04e512b,ATL,ARR,2024-01-01,DL,474.0,ORD,ATL,836,0.3059000074863434,1.559999942779541,2024-01-01_DL_474.0,NARROWBODY,40,45,G62,0,821,891,G143,True
flight_key_v1_32c11453bd03fd37b26aaa3f22fbf180,ATL,DEP,2024-01-01,DL,1331.0,ATL,SAV,837,0.2144,4.86,2024-01-01_DL_1331.0,WIDEBODY,75,60,G106,1,823,928,G106,False
flight_key_v1_e234dccad3eda915c6c4c7f8b3375fd1,ATL,ARR,2024-01-01,AA,1245.0,MIA,ATL,839,0.33329999446868896,3.0999999046325684,2024-01-01_AA_1245.0,NARROWBODY,40,45,G107,1,825,895,G107,False
flight_key_v1_80274753d2ab16cdf42d1423c81e2180,ATL,DEP,2024-01-01,DL,1660.0,ATL,MCI,839,0.2152,5.37,2024-01-01_DL_1660.0,NARROWBODY,40,45,G108,1,825,895,G108,False
flight_key_v1_6b84cb45fff7f5293ea552520d195c19,ATL,DEP,2024-01-01,DL,1485.0,ATL,STL,839,0.2152,5.2,2024-01-01_DL_1485.0,WIDEBODY,75,60,G109,1,825,930,G109,False
flight_key_v1_d9a6676cad2fdc6a6706497a315204fa,ATL,ARR,2024-01-01,DL,2403.0,AUS,ATL,839,0.1688999980688095,0.7300000190734863,2024-01-01_DL_2403.0,NARROWBODY,40,45,G110,0,824,894,G110,False
flight_key_v1_aefb159cae1fb5302f6b88eeb84506e0,ATL,ARR,2024-01-01,DL,380.0,DCA,ATL,839,0.17020000517368317,0.3100000023841858,2024-01-01_DL_380.0,WIDEBODY,75,60,G111,0,824,929,G111,False
flight_key_v1_3144292cb304bf5978635b5a99f975ab,ATL,DEP,2024-01-01,DL,2567.0,ATL,GNV,839,0.2152,5.21,2024-01-01_DL_2567.0,WIDEBODY,75,60,G112,1,825,930,G112,False
flight_key_v1_93d69ebe2268dc6466015d43482329bf,ATL,DEP,2024-01-01,DL,2580.0,ATL,MKE,839,0.2152,5.2,2024-01-01_DL_2580.0,NARROWBODY,40,45,G113,1,825,895,G113,False
flight_key_v1_1deb69f469b7d4f53d6258834f348d77,ATL,DEP,2024-01-01,DL,2285.0,ATL,GSO,840,0.217,5.48,2024-01-01_DL_2285.0,NARROWBODY,40,45,G01,1,826,896,G01,False
flight_key_v1_850fb8fc01b450f07b0d4a2faa075e5d,ATL,DEP,2024-01-01,DL,2925.0,ATL,ORF,840,0.217,5.48,2024-01-01_DL_2925.0,NARROWBODY,40,45,G09,1,826,896,G09,False
flight_key_v1_dc2bb1bece3182d1e3f2d794923c9c46,ATL,ARR,2024-01-01,DL,2892.0,EYW,ATL,840,0.24629999697208405,0.9399999976158142,2024-01-01_DL_2892.0,NARROWBODY,40,45,G25,0,825,895,G25,False
flight_key_v1_aa8d407160e842266bb77b3bad1f8c8d,ATL,DEP,2024-01-01,WN,1567.0,ATL,STL,840,0.2583,7.6,2024-01-01_WN_1567.0,NARROWBODY,40,45,G50,2,827,897,G50,False
flight_key_v1_0ff228c0effaeb67e691500f29f1c6b5,ATL,DEP,2024-01-01,DL,753.0,ATL,LAX,840,0.2297,7.35,2024-01-01_DL_753.0,NARROWBODY,40,45,G51,2,827,897,G51,False
flight_key_v1_9ceae5398ef0e8f8d26f8709446178fc,ATL,ARR,2024-01-01,DL,770.0,SNA,ATL,840,0.17470000684261322,-0.7300000190734863,2024-01-01_DL_770.0,WIDEBODY,75,60,G114,0,825,930,G114,False
flight_key_v1_f17a40a3e1ab310fbd0bc44c9ac52b0d,ATL,DEP,2024-01-01,DL,2899.0,ATL,BHM,840,0.217,5.43,2024-01-01_DL_2899.0,NARROWBODY,40,45,G115,1,826,896,G115,False
flight_key_v1_0df548e4e4f55792eebbf790cf6178b7,ATL,DEP,2024-01-01,DL,1568.0,ATL,PIT,842,0.217,5.65,2024-01-01_DL_1568.0,NARROWBODY,40,45,G53,1,828,898,G53,False
flight_key_v1_6ecb645501c093aeeb27e224aff69109,ATL,ARR,2024-01-01,9E,5157.0,ROA,ATL,842,0.17829999327659607,0.8700000047683716,2024-01-01_9E_5157.0,NARROWBODY,40,45,G66,0,827,897,G66,False
flight_key_v1_489f11f372a4fc5408505b84f92ab0e3,ATL,ARR,2024-01-01,DL,1063.0,MDW,ATL,842,0.21330000460147858,1.559999942779541,2024-01-01_DL_1063.0,NARROWBODY,40,45,G67,0,827,897,G144,True
flight_key_v1_9d9e6430caac220ef5ec57f8df52840b,ATL,ARR,2024-01-01,9E,5047.0,CRW,ATL,843,0.3395000100135803,1.1100000143051147,2024-01-01_9E_5047.0,NARROWBODY,40,45,G68,0,828,898,G68,False
flight_key_v1_8ef219cf49800f95afda10e0e07af47d,ATL,ARR,2024-01-01,9E,5274.0,HSV,ATL,843,0.10409999638795853,0.03999999910593033,2024-01-01_9E_5274.0,NARROWBODY,40,45,G69,0,828,898,G69,False
flight_key_v1_71fb1af587232913d9824e523f2f2ee1,ATL,DEP,2024-01-01,WN,1338.0,ATL,MSY,845,0.2491,7.64,2024-01-01_WN_1338.0,NARROWBODY,40,45,G12,2,832,902,G12,False
flight_key_v1_9f1d5b1f0c4c5d376571b46e0d162ce6,ATL,DEP,2024-01-01,DL,2337.0,ATL,MSY,845,0.2158,5.43,2024-01-01_DL_2337.0,NARROWBODY,40,45,G73,1,831,901,G73,False
flight_key_v1_98b93db0de173e75e227f88364aa39de,ATL,ARR,2024-01-01,DL,2400.0,MSY,ATL,845,0.19670000672340393,0.699999988079071,2024-01-01_DL_2400.0,NARROWBODY,40,45,G116,0,830,900,G116,False
flight_key_v1_45e79873d04029db8b82add83c9dc12a,ATL,ARR,2024-01-01,WN,3549.0,RDU,ATL,845,0.2937000095844269,1.8799999952316284,2024-01-01_WN_3549.0,NARROWBODY,40,45,G117,1,831,901,G117,False
flight_key_v1_56f92fcad9bec49f4639fb0540b99c84,ATL,DEP,2024-01-01,DL,1791.0,ATL,SJU,846,0.2365,7.83,2024-01-01_DL_1791.0,NARROWBODY,40,45,G74,2,833,903,G74,False
flight_key_v1_03cb38b51639dca3397a05aab22c44da,ATL,ARR,2024-01-01,DL,82.0,MEM,ATL,846,0.16339999437332153,0.699999988079071,2024-01-01_DL_82.0,NARROWBODY,40,45,G118,0,831,901,G118,False
flight_key_v1_4216ec95cdb0337df76e47815b903751,ATL,ARR,2024-01-01,DL,1587.0,TPA,ATL,846,0.19709999859333038,0.8700000047683716,2024-01-01_DL_1587.0,NARROWBODY,40,45,G119,0,831,901,G119,False
flight_key_v1_61a9e6cd45136c2692b2e744a504e3a9,ATL,ARR,2024-01-01,DL,879.0,ONT,ATL,847,0.1876000016927719,-0.36000001430511475,2024-01-01_DL_879.0,NARROWBODY,40,45,G120,0,832,902,G120,False
flight_key_v1_30fd0e209079e8881c006ed33a2d5d7e,ATL,DEP,2024-01-01,DL,2995.0,ATL,FLL,847,0.2226,6.61,2024-01-01_DL_2995.0,WIDEBODY,75,60,G121,1,833,938,G121,False
flight_key_v1_bd3e5b43ab17b07b7ae8564b0cde2991,ATL,ARR,2024-01-01,DL,1366.0,CLE,ATL,847,0.26840001344680786,2.809999942779541,2024-01-01_DL_1366.0,NARROWBODY,40,45,G122,1,833,903,G122,False
flight_key_v1_f40d38d665f3c4dac2dfdc028948d95f,ATL,ARR,2024-01-01,DL,2069.0,BDL,ATL,847,0.15219999849796295,-0.30000001192092896,2024-01-01_DL_2069.0,NARROWBODY,40,45,G123,0,832,902,G123,False
flight_key_v1_fe232980695b77f1119f6ff60fc816f5,ATL,DEP,2024-01-01,DL,1695.0,ATL,IAD,847,0.2163,5.59,2024-01-01_DL_1695.0,NARROWBODY,40,45,G124,1,833,903,G124,False
flight_key_v1_8b5f570f6cf1a5ce21a931289e489e59,ATL,ARR,2024-01-01,DL,373.0,DFW,ATL,847,0.2524999976158142,1.8300000429153442,2024-01-01_DL_373.0,NARROWBODY,40,45,G125,0,832,902,G125,False
flight_key_v1_191a619239cf26fdd2e4360d39c6f4eb,ATL,ARR,2024-01-01,DL,1510.0,MIA,ATL,848,0.26249998807907104,1.7300000190734863,2024-01-01_DL_1510.0,NARROWBODY,40,45,G04,0,833,903,G04,False
flight_key_v1_d9316f3e79779b3c5ff7dc996f7319a1,ATL,ARR,2024-01-01,WN,1935.0,MCO,ATL,850,0.38100001215934753,2.549999952316284,2024-01-01_WN_1935.0,NARROWBODY,40,45,G35,1,836,906,G35,False
flight_key_v1_9c968546c8ea6603b470b8d7989eeb41,ATL,ARR,2024-01-01,WN,732.0,DCA,ATL,850,0.25769999623298645,1.3300000429153442,2024-01-01_WN_732.0,NARROWBODY,40,45,G36,0,835,905,G140,True
flight_key_v1_697741e2c17596900adb7e8702e31d0f,ATL,ARR,2024-01-01,NK,1837.0,PHL,ATL,850,0.27810001373291016,1.7400000095367432,2024-01-01_NK_1837.0,NARROWBODY,40,45,G64,0,835,905,G64,False
flight_key_v1_290697a3cb760016620e263d7e8105af,ATL,DEP,2024-01-01,9E,5225.0,ATL,AVL,850,0.2217,5.78,2024-01-01_9E_5225.0,NARROWBODY,40,45,G77,1,836,906,G77,False
flight_key_v1_a492efa9ac689658b5ad0cb5950feddb,ATL,DEP,2024-01-01,DL,1126.0,ATL,CHS,851,0.2154,5.13,2024-01-01_DL_1126.0,NARROWBODY,40,45,G78,1,837,907,G78,False
flight_key_v1_6041158502f079089be99ce09dc45c79,ATL,ARR,2024-01-01,9E,4963.0,DAY,ATL,851,0.11900000274181366,0.3100000023841858,2024-01-01_9E_4963.0,NARROWBODY,40,45,G79,0,836,906,G79,False
flight_key_v1_7006eaa40b34eb5e8d8119b4dfbf2694,ATL,ARR,2024-01-01,OO,4176.0,FWA,ATL,851,0.37630000710487366,2.880000114440918,2024-01-01_OO_4176.0,WIDEBODY,75,60,G126,1,837,942,G126,False
flight_key_v1_4fb49944a2d3b8200d0e3f44f4408418,ATL,ARR,2024-01-01,DL,525.0,LAS,ATL,851,0.19339999556541443,-0.36000001430511475,2024-01-01_DL_525.0,NARROWBODY,40,45,G127,0,836,906,G127,False
flight_key_v1_0cbc7921ee7ca38cf7d0974452d6314c,ATL,DEP,2024-01-01,9E,5471.0,ATL,TRI,853,0.2217,5.78,2024-01-01_9E_5471.0,WIDEBODY,75,60,G80,1,839,944,G80,False
flight_key_v1_e7e1fe55efb6e246eaae5e556c244d21,ATL,ARR,2024-01-01,DL,2107.0,MKE,ATL,854,0.163100004196167,-0.30000001192092896,2024-01-01_DL_2107.0,NARROWBODY,40,45,G15,0,839,909,G15,False
flight_key_v1_c75cbf011a03d530c7247acfafd38d2a,ATL,DEP,2024-01-01,F9,3310.0,ATL,SJU,855,0.2556,9.37,2024-01-01_F9_3310.0,NARROWBODY,40,45,G16,2,842,912,G16,False
flight_key_v1_65615a074a17abdb5d5f4ba52388ebe9,ATL,DEP,2024-01-01,F9,2298.0,ATL,PHL,856,0.2484,7.44,2024-01-01_F9_2298.0,WIDEBODY,75,60,G37,2,843,948,G37,False
flight_key_v1_523018b123deb31fd56e085c2c2e5f96,ATL,ARR,2024-01-01,F9,1079.0,BWI,ATL,856,0.42179998755455017,3.4600000381469727,2024-01-01_F9_1079.0,NARROWBODY,40,45,G81,1,842,912,G81,False
flight_key_v1_e85f1dc733aa840ef016d7de6a1445d5,ATL,ARR,2024-01-01,DL,780.0,LAX,ATL,857,0.20900000631809235,-0.36000001430511475,2024-01-01_DL_780.0,NARROWBODY,40,45,G128,0,842,912,G128,False
flight_key_v1_a1cf1e537e7eb86b429344f06885f304,ATL,DEP,2024-01-01,DL,2163.0,ATL,CMH,857,0.217,5.65,2024-01-01_DL_2163.0,NARROWBODY,40,45,G129,1,843,913,G129,False
flight_key_v1_94beefdbca3b162182057222e7274d6b,ATL,ARR,2024-01-01,9E,4949.0,TUL,ATL,859,0.1680999994277954,0.699999988079071,2024-01-01_9E_4949.0,WIDEBODY,75,60,G32,0,844,949,G32,False
flight_key_v1_715ffbfbe7c266ccc0bd8fee785d2603,ATL,DEP,2024-01-01,WN,361.0,ATL,MDW,860,0.2583,7.59,2024-01-01_WN_361.0,NARROWBODY,40,45,G83,2,847,917,G83,False
flight_key_v1_3e74a4ebfb6bf356b095f9b38e937375,ATL,DEP,2024-01-01,WN,765.0,ATL,TPA,860,0.2551,8.09,2024-01-01_WN_765.0,WIDEBODY,75,60,G130,2,847,952,G130,False
flight_key_v1_929ba21f94db336f373c6c9c681f1a34,ATL,DEP,2024-01-01,WN,106.0,ATL,MCO,860,0.2518,8.48,2024-01-01_WN_106.0,NARROWBODY,40,45,G131,2,847,917,G131,False
flight_key_v1_a6ad59fd4f1dffca848db4da08eca49b,ATL,ARR,2024-01-01,DL,2777.0,LIT,ATL,861,0.19419999420642853,0.5699999928474426,2024-01-01_DL_2777.0,NARROWBODY,40,45,G06,0,846,916,G06,False
flight_key_v1_d4a6c85d153b5d51394a5cea07f0d08b,ATL,DEP,2024-01-01,WN,2243.0,ATL,MCI,865,0.2583,7.59,2024-01-01_WN_2243.0,NARROWBODY,40,45,G07,2,852,922,G07,False
flight_key_v1_0853aff6af392de4f24c9ce8f4704eec,ATL,DEP,2024-01-01,DL,2456.0,ATL,CVG,865,0.217,5.65,2024-01-01_DL_2456.0,NARROWBODY,40,45,G17,1,851,921,G17,False
flight_key_v1_8c71b71d8a331b95583d713614e14251,ATL,DEP,2024-01-01,9E,5139.0,ATL,CHA,865,0.2217,5.62,2024-01-01_9E_5139.0,NARROWBODY,40,45,G33,1,851,921,G33,False
flight_key_v1_3b5184ad9e5db9657df031ec147936d2,ATL,ARR,2024-01-01,DL,2719.0,PNS,ATL,866,0.1200999990105629,0.8700000047683716,2024-01-01_DL_2719.0,NARROWBODY,40,45,G34,0,851,921,G34,False
flight_key_v1_9c3b7993a0f88ed9cce9287c0ab91dc9,ATL,DEP,2024-01-01,DL,2827.0,ATL,DAB,868,0.217,5.48,2024-01-01_DL_2827.0,NARROWBODY,40,45,G41,1,854,924,G41,False
flight_key_v1_778e959dc4deceacf2f7e4af8f323f12,ATL,ARR,2024-01-01,DL,1676.0,SAT,ATL,868,0.19910000264644623,0.699999988079071,2024-01-01_DL_1676.0,NARROWBODY,40,45,G61,0,853,923,G61,False
flight_key_v1_69ac03ad57f4f8b908c68cc94feea32e,ATL,ARR,2024-01-01,DL,2490.0,OKC,ATL,868,0.16220000386238098,0.699999988079071,2024-01-01_DL_2490.0,NARROWBODY,40,45,G63,0,853,923,G63,False
flight_key_v1_72ff4f947e0b1d6edfda260538ca2077,ATL,DEP,2024-01-01,OO,4076.0,ATL,BTR,868,0.2217,5.58,2024-01-01_OO_4076.0,NARROWBODY,40,45,G70,1,854,924,G70,False
flight_key_v1_d6e923cc1f0aecd8b4798e0c408b54e3,ATL,ARR,2024-01-01,DL,793.0,SLC,ATL,868,0.24230000376701355,-0.36000001430511475,2024-01-01_DL_793.0,NARROWBODY,40,45,G71,0,853,923,G145,True
flight_key_v1_46bfd40fb31c5986b6785778e97351a3,ATL,ARR,2024-01-01,DL,2270.0,PHL,ATL,869,0.18019999563694,0.03999999910593033,2024-01-01_DL_2270.0,NARROWBODY,40,45,G72,0,854,924,G72,False
flight_key_v1_a22949f82be45809b4e341632c3a376e,ATL,DEP,2024-01-01,DL,2384.0,ATL,AUS,869,0.2217,6.13,2024-01-01_DL_2384.0,NARROWBODY,40,45,G84,1,855,925,G84,False
flight_key_v1_38cb3e6f1cb3def287ad44298d07677b,ATL,ARR,2024-01-01,DL,1620.0,FLL,ATL,870,0.2533999979496002,1.7300000190734863,2024-01-01_DL_1620.0,NARROWBODY,40,45,G08,0,855,925,G71,True
flight_key_v1_2f57a419fa91d8ba1c3064f751a5a801,ATL,ARR,2024-01-01,DL,703.0,SMF,ATL,871,0.20229999721050262,-0.36000001430511475,2024-01-01_DL_703.0,NARROWBODY,40,45,G22,0,856,926,G138,True
flight_key_v1_d21f9a717ddaa441ef737f987e8e674f,ATL,ARR,2024-01-01,DL,1428.0,EWR,ATL,873,0.27320000529289246,1.7300000190734863,2024-01-01_DL_1428.0,NARROWBODY,40,45,G49,0,858,928,G49,False
flight_key_v1_d977609d1ad1316b50010fef9e7d2485,ATL,ARR,2024-01-01,DL,2072.0,VPS,ATL,874,0.18719999492168427,0.8199999928474426,2024-01-01_DL_2072.0,NARROWBODY,40,45,G85,0,859,929,G85,False
flight_key_v1_94b32f316503321fe3ab921b67f342eb,ATL,ARR,2024-01-01,DL,1596.0,MSP,ATL,874,0.2020999938249588,-0.4099999964237213,2024-01-01_DL_1596.0,NARROWBODY,40,45,G87,0,859,929,G87,False
flight_key_v1_e3b499c5a7fa5f8d0ddcf1407e0b66b9,ATL,ARR,2024-01-01,OO,3716.0,BQK,ATL,875,0.33719998598098755,3.7699999809265137,2024-01-01_OO_3716.0,NARROWBODY,40,45,G54,1,861,931,G54,False
flight_key_v1_46fc3bc4f03210eb48a6c63b1214a458,ATL,DEP,2024-01-01,WN,1918.0,ATL,HOU,875,0.2551,8.61,2024-01-01_WN_1918.0,NARROWBODY,40,45,G65,2,862,932,G65,False
flight_key_v1_3b87cfcec1da18c92cf6853a1aa1860e,ATL,ARR,2024-01-01,DL,2381.0,PBI,ATL,875,0.20900000631809235,1.2000000476837158,2024-01-01_DL_2381.0,NARROWBODY,40,45,G88,0,860,930,G88,False
flight_key_v1_317a2be01e6bdd0fe7a105b6307c71f6,ATL,ARR,2024-01-01,DL,2786.0,ORF,ATL,875,0.16359999775886536,1.2000000476837158,2024-01-01_DL_2786.0,NARROWBODY,40,45,G89,0,860,930,G89,False
flight_key_v1_bfecba4938205a663827f866e8a87e7d,ATL,ARR,2024-01-01,DL,2632.0,OMA,ATL,875,0.18050000071525574,-0.029999999329447746,2024-01-01_DL_2632.0,NARROWBODY,40,45,G132,0,860,930,G132,False
flight_key_v1_9feb84a86082ca0d558c099e206d8372,ATL,ARR,2024-01-01,DL,2177.0,RIC,ATL,875,0.15469999611377716,0.8700000047683716,2024-01-01_DL_2177.0,NARROWBODY,40,45,G133,0,860,930,G133,False
flight_key_v1_8439382db1dfe34dfdc8ea35c01c19dd,ATL,ARR,2024-01-01,UA,1940.0,IAD,ATL,878,0.26089999079704285,0.5600000023841858,2024-01-01_UA_1940.0,NARROWBODY,40,45,G03,0,863,933,G03,False
flight_key_v1_eaf1bb2376a4dcb947773a01e81850e0,ATL,DEP,2024-01-01,DL,994.0,ATL,PHX,878,0.2176,5.64,2024-01-01_DL_994.0,NARROWBODY,40,45,G10,1,864,934,G10,False
flight_key_v1_e2d57e4bf375388fecdf1f5bd64831c4,ATL,DEP,2024-01-01,DL,1150.0,ATL,MCO,878,0.2214,6.57,2024-01-01_DL_1150.0,NARROWBODY,40,45,G134,1,864,934,G134,False
flight_key_v1_255b3832065cfa96c5aaf9a1397c86fd,ATL,DEP,2024-01-01,UA,2424.0,ATL,IAD,878,0.2254,6.69,2024-01-01_UA_2424.0,NARROWBODY,40,45,G135,2,865,935,G135,False
flight_key_v1_98119ce855b84e86881739fbec482e23,ATL,DEP,2024-01-01,NK,3902.0,ATL,DTW,880,0.2738,12.37,2024-01-01_NK_3902.0,NARROWBODY,40,45,G11,3,868,938,G11,False
flight_key_v1_7e05bc5383beeb75e4f689ee3a3d8647,ATL,ARR,2024-01-01,DL,486.0,SJC,ATL,881,0.13840000331401825,-0.47999998927116394,2024-01-01_DL_486.0,NARROWBODY,40,45,G13,0,866,936,G13,False
flight_key_v1_33958f1a6902aafedfcb7cb428a9ea9c,ATL,DEP,2024-01-01,F9,2174.0,ATL,FLL,883,0.2545,8.78,2024-01-01_F9_2174.0,NARROWBODY,40,45,G26,2,870,940,G26,False
flight_key_v1_e89d5b63a363425f941769bb2a1fe4de,ATL,ARR,2024-01-01,WN,4618.0,RIC,ATL,885,0.26489999890327454,2.680000066757202,2024-01-01_WN_4618.0,WIDEBODY,75,60,G14,1,871,976,G14,False
flight_key_v1_0b0dadfe4ccf45e43e80d6d12b664250,ATL,DEP,2024-01-01,9E,5182.0,ATL,MOB,885,0.2217,5.62,2024-01-01_9E_5182.0,NARROWBODY,40,45,G27,1,871,941,G27,False
flight_key_v1_09247c4ff3c5030182060addd4cfe683,ATL,ARR,2024-01-01,DL,1153.0,RSW,ATL,886,0.1662999987602234,0.8700000047683716,2024-01-01_DL_1153.0,NARROWBODY,40,45,G28,0,871,941,G139,True
flight_key_v1_628b8a29dd540602b32cfc657928c1e3,ATL,ARR,2024-01-01,DL,1728.0,PIT,ATL,886,0.3668999969959259,7.159999847412109,2024-01-01_DL_1728.0,NARROWBODY,40,45,G30,3,874,944,G30,False
flight_key_v1_1c0ecfb4a706f47f48ec5126e3822318,ATL,ARR,2024-01-01,DL,2754.0,JAX,ATL,887,0.18449999392032623,0.6499999761581421,2024-01-01_DL_2754.0,NARROWBODY,40,45,G42,0,872,942,G42,False
flight_key_v1_1f33d70941244c4c0a2825683756153d,ATL,DEP,2024-01-01,WN,3549.0,ATL,SAT,890,0.25,8.24,2024-01-01_WN_3549.0,NARROWBODY,40,45,G05,2,877,947,G05,False
flight_key_v1_9567e87b87834e3069240598fb09a565,ATL,ARR,2024-01-01,9E,5381.0,ABE,ATL,890,0.2053000032901764,0.6000000238418579,2024-01-01_9E_5381.0,NARROWBODY,40,45,G29,0,875,945,G29,False
flight_key_v1_e45538f5239b6667b77e0f25ab1dcd67,ATL,ARR,2024-01-01,WN,2144.0,IND,ATL,890,0.32829999923706055,2.680000066757202,2024-01-01_WN_2144.0,WIDEBODY,75,60,G38,1,876,981,G38,False
flight_key_v1_7620b2e3d8b7bdc3d757ebe767891c40,ATL,ARR,2024-01-01,DL,1028.0,MIA,ATL,890,0.2734000086784363,1.7300000190734863,2024-01-01_DL_1028.0,NARROWBODY,40,45,G40,0,875,945,G141,True
flight_key_v1_ce4cd4843875ba6cd9edc449906fea24,ATL,DEP,2024-01-01,DL,1005.0,ATL,DTW,892,0.217,5.7,2024-01-01_DL_1005.0,NARROWBODY,40,45,G39,1,878,948,G39,False
flight_key_v1_c278113c4e6971ac10fd7eca02825ee4,ATL,DEP,2024-01-01,DL,2988.0,ATL,PNS,892,0.217,5.48,2024-01-01_DL_2988.0,NARROWBODY,40,45,G47,1,878,948,G47,False
flight_key_v1_8ac83a9f183356c2841a27169ecc7c2b,ATL,DEP,2024-01-01,OO,3920.0,ATL,ABY,893,0.2217,5.68,2024-01-01_OO_3920.0,WIDEBODY,75,60,G52,1,879,984,G52,False
flight_key_v1_320231f51a734a2e0dfe81b36be556b8,ATL,DEP,2024-01-01,9E,4983.0,ATL,AEX,893,0.2217,5.62,2024-01-01_9E_4983.0,NARROWBODY,40,45,G59,1,879,949,G59,False
flight_key_v1_0daa94c044ba776297345f2f64232691,ATL,DEP,2024-01-01,DL,1294.0,ATL,JFK,893,0.217,5.6,2024-01-01_DL_1294.0,WIDEBODY,75,60,G75,1,879,984,G75,False
flight_key_v1_810b7560895640758864881acc6feb00,ATL,ARR,2024-01-01,9E,5074.0,OAJ,ATL,894,0.15189999341964722,0.09000000357627869,2024-01-01_9E_5074.0,NARROWBODY,40,45,G76,0,879,949,G76,False
flight_key_v1_f5c2f8c93f4382c2fde071a718fb5478,ATL,ARR,2024-01-01,DL,808.0,MCO,ATL,895,0.22139999270439148,1.7000000476837158,2024-01-01_DL_808.0,NARROWBODY,40,45,G02,0,880,950,G136,True
flight_key_v1_d53be369bbcec3c4e455c7cdaeb64901,ATL,DEP,2024-01-01,WN,1935.0,ATL,LGA,895,0.2544,8.37,2024-01-01_WN_1935.0,NARROWBODY,40,45,G18,2,882,952,G02,True
flight_key_v1_b06a4cbf22f292f09196f766077ceef3,ATL,DEP,2024-01-01,WN,1664.0,ATL,RIC,895,0.25,7.98,2024-01-01_WN_1664.0,NARROWBODY,40,45,G82,2,882,952,G82,False
flight_key_v1_c3dac66c96619cbe25292ffb4de0a20b,ATL,DEP,2024-01-01,AA,1245.0,ATL,MIA,895,0.2322,7.64,2024-01-01_AA_1245.0,NARROWBODY,40,45,G90,2,882,952,G90,False
flight_key_v1_3b4c9003a6c55cb9d78d8e0737499137,ATL,DEP,2024-01-01,DL,1386.0,ATL,MIA,897,0.2274,7.59,2024-01-01_DL_1386.0,NARROWBODY,40,45,G19,2,884,954,G19,False
flight_key_v1_a8f9c22ae76f6f417b8dfb89eb6cd5b6,ATL,DEP,2024-01-01,DL,814.0,ATL,SEA,897,0.2154,5.79,2024-01-01_DL_814.0,NARROWBODY,40,45,G55,1,883,953,G55,False
flight_key_v1_e09f61aa377dd7a9ec54dbcddb5bc5ac,ATL,DEP,2024-01-01,9E,5389.0,ATL,BMI,899,0.2217,5.78,2024-01-01_9E_5389.0,NARROWBODY,40,45,G56,1,885,955,G56,False
flight_key_v1_3a277a11ae5660715bf131c4e2114f92,ATL,ARR,2024-01-01,NK,969.0,DTW,ATL,900,0.3917999863624573,2.630000114440918,2024-01-01_NK_969.0,NARROWBODY,40,45,G20,1,886,956,G20,False
flight_key_v1_5452ae9b4740e78e604ec099279e3a22,ATL,DEP,2024-01-01,DL,1195.0,ATL,SFO,900,0.259,10.58,2024-01-01_DL_1195.0,NARROWBODY,40,45,G57,3,888,958,G57,False
flight_key_v1_3ac0b282d3b4a8b0d75147315647590d,ATL,DEP,2024-01-01,DL,1527.0,ATL,PBI,901,0.2352,6.69,2024-01-01_DL_1527.0,NARROWBODY,40,45,G58,2,888,958,G58,False
flight_key_v1_e8d63e9be01f0d9f0d9578ab63119c18,ATL,ARR,2024-01-01,DL,381.0,JFK,ATL,901,0.22589999437332153,0.7400000095367432,2024-01-01_DL_381.0,NARROWBODY,40,45,G60,0,886,956,G60,False
flight_key_v1_47598b73705bafbf5e89830d23baaddd,ATL,DEP,2024-01-01,DL,2720.0,ATL,JAX,903,0.2269,5.36,2024-01-01_DL_2720.0,NARROWBODY,40,45,G21,1,889,959,G21,False
flight_key_v1_ba59f49a2af7d1520213d5cda5392f19,ATL,ARR,2024-01-01,OO,3809.0,SBN,ATL,904,0.4041999876499176,2.930000066757202,2024-01-01_OO_3809.0,NARROWBODY,40,45,G43,1,890,960,G43,False
flight_key_v1_8dc9f229bed5a9b14163ea9ad3f8f093,ATL,DEP,2024-01-01,DL,1442.0,ATL,GSP,905,0.2264,5.56,2024-01-01_DL_1442.0,WIDEBODY,75,60,G23,1,891,996,G23,False
flight_key_v1_e4e24e3b70f0cf292bf34cc9b2a178cc,ATL,ARR,2024-01-01,DL,515.0,LAX,ATL,905,0.2827000021934509,-0.36000001430511475,2024-01-01_DL_515.0,NARROWBODY,40,45,G45,0,890,960,G137,True
flight_key_v1_8ba7a7c59ab0730b3fd8c9e89eb43321,ATL,ARR,2024-01-01,NK,806.0,LAS,ATL,908,0.3815000057220459,2.0999999046325684,2024-01-01_NK_806.0,WIDEBODY,75,60,G48,1,894,999,G48,False
flight_key_v1_8325858a1c48a97bd222993567cf7d2a,ATL,DEP,2024-01-01,9E,4958.0,ATL,MLI,910,0.2312,6.59,2024-01-01_9E_4958.0,WIDEBODY,75,60,G01,2,897,1002,G01,False
flight_key_v1_a816b74303df3729dd6e7d06f1d77689,ATL,DEP,2024-01-01,DL,1548.0,ATL,EYW,910,0.2264,5.53,2024-01-01_DL_1548.0,NARROWBODY,40,45,G09,1,896,966,G09,False
flight_key_v1_21aa9d14d0179a3e559f61abdd8d2ef8,ATL,DEP,2024-01-01,9E,5420.0,ATL,CLT,910,0.2258,5.56,2024-01-01_9E_5420.0,NARROWBODY,40,45,G25,1,896,966,G25,False
flight_key_v1_18f7933371ca78a66b57fbf9e604559b,ATL,DEP,2024-01-01,DL,2479.0,ATL,ORD,910,0.238,7.36,2024-01-01_DL_2479.0,NARROWBODY,40,45,G50,2,897,967,G50,False
flight_key_v1_7d93ed0faf223386fc39ea3c4408ec78,ATL,DEP,2024-01-01,DL,1128.0,ATL,BWI,910,0.2264,5.61,2024-01-01_DL_1128.0,NARROWBODY,40,45,G51,1,896,966,G115,True
flight_key_v1_a34215d521a259238cdbaabd7b689f54,ATL,DEP,2024-01-01,DL,2735.0,ATL,BDL,910,0.2264,5.57,2024-01-01_DL_2735.0,WIDEBODY,75,60,G62,1,896,1001,G62,False
flight_key_v1_60ea1d0ad7b00ac139befa15a40ff1a1,ATL,DEP,2024-01-01,DL,791.0,ATL,LGA,910,0.2264,5.57,2024-01-01_DL_791.0,NARROWBODY,40,45,G86,1,896,966,G86,False
flight_key_v1_296bb9298903280611ec37989421ad78,ATL,ARR,2024-01-01,DL,363.0,BOS,ATL,910,0.25999999046325684,0.7400000095367432,2024-01-01_DL_363.0,NARROWBODY,40,45,G91,0,895,965,G91,False
flight_key_v1_78d08211a87743b8bbb03319b2cbc17c,ATL,ARR,2024-01-01,F9,2173.0,FLL,ATL,914,0.579800009727478,3.930000066757202,2024-01-01_F9_2173.0,NARROWBODY,40,45,G53,2,901,971,G53,False
flight_key_v1_9bb50c8f857e2c56f691299ee845ad28,ATL,ARR,2024-01-01,UA,2415.0,DEN,ATL,914,0.36340001225471497,1.590000033378601,2024-01-01_UA_2415.0,NARROWBODY,40,45,G66,1,900,970,G66,False
flight_key_v1_a60c6cdcfa66f1b62a88878b663f9b2a,ATL,DEP,2024-01-01,DL,2364.0,ATL,OMA,915,0.2264,6.39,2024-01-01_DL_2364.0,NARROWBODY,40,45,G12,1,901,971,G110,True
flight_key_v1_7c8f9e52100916cc60ffa23378c29f9e,ATL,ARR,2024-01-01,WN,2691.0,HOU,ATL,915,0.5238000154495239,5.099999904632568,2024-01-01_WN_2691.0,NARROWBODY,40,45,G67,3,903,973,G67,False
flight_key_v1_5899a848ccc9987c6d93e8cf4e8976f7,ATL,DEP,2024-01-01,DL,2220.0,ATL,VPS,915,0.2264,5.56,2024-01-01_DL_2220.0,NARROWBODY,40,45,G68,1,901,971,G68,False
flight_key_v1_b065dc1acd7e2ff0be83924a7f44f354,ATL,ARR,2024-01-01,WN,1706.0,PIT,ATL,915,0.5426999926567078,9.850000381469727,2024-01-01_WN_1706.0,NARROWBODY,40,45,G69,5,905,975,G69,False
flight_key_v1_2fc3f8339ccccd90706fc35e3e1906dd,ATL,DEP,2024-01-01,DL,1110.0,ATL,RSW,915,0.2277,6.11,2024-01-01_DL_1110.0,NARROWBODY,40,45,G73,1,901,971,G73,False
flight_key_v1_5b67dc62f461b9610995e2df39d1f5da,ATL,ARR,2024-01-01,DL,1717.0,EYW,ATL,916,0.2976999878883362,1.0499999523162842,2024-01-01_DL_1717.0,NARROWBODY,40,45,G74,0,901,971,G117,True
flight_key_v1_074c84e38601396f789b0a5c4c197b34,ATL,ARR,2024-01-01,DL,2547.0,GRR,ATL,916,0.1932000070810318,0.09000000357627869,2024-01-01_DL_2547.0,NARROWBODY,40,45,G92,0,901,971,G92,False
flight_key_v1_50768ed12af5e74944c6743a1ffa377b,ATL,DEP,2024-01-01,DL,2044.0,ATL,FLL,916,0.2281,6.78,2024-01-01_DL_2044.0,NARROWBODY,40,45,G93,2,903,973,G93,False
flight_key_v1_74e0eb91c57bd24d3d8f654ad13c57c3,ATL,DEP,2024-01-01,DL,843.0,ATL,SAN,920,0.226,5.93,2024-01-01_DL_843.0,NARROWBODY,40,45,G04,1,906,976,G04,False
flight_key_v1_8ff076f8c72db57f328d4d79109161b2,ATL,ARR,2024-01-01,WN,1356.0,JAX,ATL,920,0.36340001225471497,2.990000009536743,2024-01-01_WN_1356.0,NARROWBODY,40,45,G24,1,906,976,G24,False
flight_key_v1_f97d07f22420fd3decbf0f1e4c9ab042,ATL,ARR,2024-01-01,B6,1768.0,FLL,ATL,920,0.585099995136261,3.930000066757202,2024-01-01_B6_1768.0,NARROWBODY,40,45,G35,2,907,977,G35,False
flight_key_v1_5048a8ff973a9d6954e7a2cb70836bef,ATL,ARR,2024-01-01,WN,623.0,BNA,ATL,920,0.34279999136924744,2.680000066757202,2024-01-01_WN_623.0,WIDEBODY,75,60,G36,1,906,1011,G36,False
flight_key_v1_3dcb206b2b49c4f3aaa3a56ae0edf5ae,ATL,DEP,2024-01-01,9E,5137.0,ATL,LEX,920,0.2312,5.75,2024-01-01_9E_5137.0,NARROWBODY,40,45,G46,1,906,976,G46,False
flight_key_v1_c0a1322b2fa905c7a2c223f98e82aa62,ATL,ARR,2024-01-01,DL,2188.0,DTW,ATL,920,0.2619999945163727,0.09000000357627869,2024-01-01_DL_2188.0,WIDEBODY,75,60,G64,0,905,1010,G64,False
flight_key_v1_924889d9df6d2acbf8c8184099b3ef1f,ATL,DEP,2024-01-01,9E,5080.0,ATL,JAN,921,0.2312,5.86,2024-01-01_9E_5080.0,NARROWBODY,40,45,G77,1,907,977,G77,False
flight_key_v1_f228831b214f6e6eee42d46a95509e7e,ATL,DEP,2024-01-01,DL,1254.0,ATL,HOU,923,0.2361,6.47,2024-01-01_DL_1254.0,NARROWBODY,40,45,G78,2,910,980,G78,False
flight_key_v1_33dec9d329a49ed2263c21379edde214,ATL,ARR,2024-01-01,WN,3017.0,TPA,ATL,925,0.3522999882698059,2.9700000286102295,2024-01-01_WN_3017.0,NARROWBODY,40,45,G15,1,911,981,G15,False
flight_key_v1_92e4e910e114beac753acd44829fdc04,ATL,ARR,2024-01-01,DL,320.0,HPN,ATL,925,0.2822999954223633,1.9700000286102295,2024-01-01_DL_320.0,NARROWBODY,40,45,G16,1,911,981,G31,True
flight_key_v1_0fef70c48fba5900addf786bf1d696a0,ATL,ARR,2024-01-01,DL,1333.0,SRQ,ATL,925,0.22550000250339508,1.0499999523162842,2024-01-01_DL_1333.0,NARROWBODY,40,45,G31,0,910,980,G74,True
flight_key_v1_b013da829fe768574022d7d1c24d182b,ATL,ARR,2024-01-01,DL,761.0,SEA,ATL,925,0.23510000109672546,-0.36000001430511475,2024-01-01_DL_761.0,NARROWBODY,40,45,G79,0,910,980,G79,False
flight_key_v1_cbe1797190bb3f35c5205a93ca20fb2a,ATL,DEP,2024-01-01,DL,2191.0,ATL,MDW,925,0.2264,5.77,2024-01-01_DL_2191.0,NARROWBODY,40,45,G94,1,911,981,G94,False
flight_key_v1_0f17e39a0e7eeac65923b543a074d930,ATL,DEP,2024-01-01,DL,1524.0,ATL,TLH,926,0.2264,5.45,2024-01-01_DL_1524.0,NARROWBODY,40,45,G81,1,912,982,G81,False
flight_key_v1_55061a4466d19c3166752b5fc3eddb54,ATL,ARR,2024-01-01,DL,1099.0,TPA,ATL,926,0.219200000166893,1.100000023841858,2024-01-01_DL_1099.0,NARROWBODY,40,45,G95,0,911,981,G95,False
flight_key_v1_c5fa45a102ca8fe1989193a4bc408a75,ATL,DEP,2024-01-01,DL,526.0,ATL,SLC,927,0.2184,5.8,2024-01-01_DL_526.0,WIDEBODY,75,60,G96,1,913,1018,G96,False
flight_key_v1_91e7cfc757ef885b9344190bb6b829b6,ATL,ARR,2024-01-01,DL,2199.0,BHM,ATL,929,0.1687999963760376,0.800000011920929,2024-01-01_DL_2199.0,NARROWBODY,40,45,G99,0,914,984,G99,False
flight_key_v1_873118b15c26e8d90631edb2e1b8dad7,ATL,DEP,2024-01-01,DL,1033.0,ATL,HSV,930,0.2264,5.56,2024-01-01_DL_1033.0,NARROWBODY,40,45,G83,1,916,986,G118,True
flight_key_v1_1ff7a30fccc7cd1221c656f8636cff19,ATL,DEP,2024-01-01,DL,821.0,ATL,BOS,930,0.2357,6.8,2024-01-01_DL_821.0,NARROWBODY,40,45,G97,2,917,987,G97,False
flight_key_v1_18457560b52d5459d4603b4c060e7759,ATL,DEP,2024-01-01,DL,2089.0,ATL,CAE,930,0.2264,5.45,2024-01-01_DL_2089.0,NARROWBODY,40,45,G98,1,916,986,G98,False
flight_key_v1_846290803825c2985478d668a373534b,ATL,DEP,2024-01-01,DL,2862.0,ATL,OKC,930,0.2264,6.39,2024-01-01_DL_2862.0,NARROWBODY,40,45,G100,1,916,986,G100,False
flight_key_v1_d6d098fae95861b3de87c6d41bd24069,ATL,DEP,2024-01-01,WN,4618.0,ATL,DAL,930,0.2701,8.91,2024-01-01_WN_4618.0,NARROWBODY,40,45,G101,2,917,987,G101,False
flight_key_v1_36354d15c635bb66953b703b4043cdc9,ATL,ARR,2024-01-01,WN,2121.0,SAT,ATL,930,0.31049999594688416,1.8799999952316284,2024-01-01_WN_2121.0,NARROWBODY,40,45,G104,1,916,986,G104,False
flight_key_v1_c600b2b0aaf4b09f8968ce51aca1bcab,ATL,DEP,2024-01-01,WN,1982.0,ATL,DCA,930,0.2711,8.97,2024-01-01_WN_1982.0,NARROWBODY,40,45,G107,2,917,987,G107,False
flight_key_v1_79e30bab31770557dcc964f06560d508,ATL,ARR,2024-01-01,AA,1236.0,DFW,ATL,930,0.41359999775886536,3.5799999237060547,2024-01-01_AA_1236.0,NARROWBODY,40,45,G108,1,916,986,G108,False
flight_key_v1_34b9b4068b10f4e0c738cc1d91264162,ATL,ARR,2024-01-01,DL,2951.0,FLL,ATL,932,0.27459999918937683,1.7000000476837158,2024-01-01_DL_2951.0,WIDEBODY,75,60,G06,0,917,1022,G06,False
flight_key_v1_7f4f8fefcd7e8bdb2831b7106c9f1493,ATL,DEP,2024-01-01,UA,216.0,ATL,ORD,935,0.2487,8.78,2024-01-01_UA_216.0,NARROWBODY,40,45,G07,2,922,992,G07,False
flight_key_v1_bbaa05621927193780c84914a4789f2e,ATL,ARR,2024-01-01,B6,2814.0,LGA,ATL,936,0.46320000290870667,2.200000047683716,2024-01-01_B6_2814.0,WIDEBODY,75,60,G17,1,922,1027,G17,False
flight_key_v1_4382af0ac805a4d5df586dc3bd26ac2a,ATL,DEP,2024-01-01,DL,988.0,ATL,TPA,937,0.2286,6.46,2024-01-01_DL_988.0,NARROWBODY,40,45,G33,1,923,993,G33,False
flight_key_v1_c961898dd172ff173b23ebf95bac0967,ATL,DEP,2024-01-01,DL,840.0,ATL,DEN,938,0.2292,6.12,2024-01-01_DL_840.0,NARROWBODY,40,45,G34,1,924,994,G34,False
flight_key_v1_7a2878b92ca31f8aaf552ec680368e3f,ATL,ARR,2024-01-01,DL,2908.0,MCI,ATL,938,0.22499999403953552,0.4399999976158142,2024-01-01_DL_2908.0,NARROWBODY,40,45,G41,0,923,993,G113,True
flight_key_v1_ffc21d6e78517243976afebd8e4fec58,ATL,ARR,2024-01-01,DL,871.0,SFO,ATL,938,0.2524000108242035,-0.36000001430511475,2024-01-01_DL_871.0,NARROWBODY,40,45,G44,0,923,993,G44,False
flight_key_v1_28ea49f03cf3e000b6fcc4fa1a011ff3,ATL,DEP,2024-01-01,F9,3976.0,ATL,MCO,940,0.2703,9.34,2024-01-01_F9_3976.0,NARROWBODY,40,45,G08,3,928,998,G08,False
flight_key_v1_c579a9c462aa50e87e18ea533b2b524e,ATL,ARR,2024-01-01,DL,2320.0,CLT,ATL,940,0.20600000023841858,1.8300000429153442,2024-01-01_DL_2320.0,NARROWBODY,40,45,G61,0,925,995,G61,False
flight_key_v1_2bccec802213e083ccd142d3fa3ef510,ATL,DEP,2024-01-01,DL,1334.0,ATL,RDU,940,0.227,5.96,2024-01-01_DL_1334.0,WIDEBODY,75,60,G63,1,926,1031,G63,False
flight_key_v1_4b845496e4dfb034582280515d59a384,ATL,DEP,2024-01-01,9E,5076.0,ATL,LIT,941,0.2312,5.91,2024-01-01_9E_5076.0,NARROWBODY,40,45,G22,1,927,997,G22,False
flight_key_v1_20a592c4c5c6ee9a96673c4d881d090a,ATL,ARR,2024-01-01,DL,1332.0,MIA,ATL,942,0.2985999882221222,1.7000000476837158,2024-01-01_DL_1332.0,NARROWBODY,40,45,G70,1,928,998,G70,False
flight_key_v1_e859c3cf625bb770e3c0f09315a07ced,ATL,ARR,2024-01-01,DL,848.0,LGA,ATL,943,0.23890000581741333,0.09000000357627869,2024-01-01_DL_848.0,WIDEBODY,75,60,G49,0,928,1033,G49,False
flight_key_v1_0776c156c210ba446f912ead9ea759d7,ATL,DEP,2024-01-01,DL,1573.0,ATL,MSP,943,0.2262,7.4,2024-01-01_DL_1573.0,NARROWBODY,40,45,G71,2,930,1000,G71,False
flight_key_v1_57887a07c52d89984dc8d77ea3d910ca,ATL,DEP,2024-01-01,DL,1742.0,ATL,MCO,943,0.2309,6.98,2024-01-01_DL_1742.0,NARROWBODY,40,45,G72,2,930,1000,G72,False
flight_key_v1_ee8209da065d0c24d5ee76bc15456de5,ATL,ARR,2024-01-01,AA,866.0,PHX,ATL,943,0.2939999997615814,2.0999999046325684,2024-01-01_AA_866.0,NARROWBODY,40,45,G84,1,929,999,G84,False
flight_key_v1_5ee4b5c3bdb3edd98d41344eb0f90eed,ATL,DEP,2024-01-01,DL,2271.0,ATL,BNA,945,0.2264,5.56,2024-01-01_DL_2271.0,NARROWBODY,40,45,G54,1,931,1001,G54,False
flight_key_v1_d99e8579958f5d7852dae08001520639,ATL,DEP,2024-01-01,DL,2418.0,ATL,MEM,945,0.2264,5.45,2024-01-01_DL_2418.0,NARROWBODY,40,45,G65,1,931,1001,G106,True
flight_key_v1_047111f2db1f3154c94b3497aee2380c,ATL,DEP,2024-01-01,DL,804.0,ATL,IAH,945,0.2264,5.6,2024-01-01_DL_804.0,WIDEBODY,75,60,G85,1,931,1036,G85,False
flight_key_v1_c0efd910c32896261d0036087f96e6aa,ATL,ARR,2024-01-01,OO,3715.0,AGS,ATL,945,0.3262999951839447,4.079999923706055,2024-01-01_OO_3715.0,NARROWBODY,40,45,G87,1,931,1001,G87,False
flight_key_v1_570bda9f3a8733bc7a49f3e7f4a39326,ATL,DEP,2024-01-01,DL,2010.0,ATL,ECP,945,0.2264,6.24,2024-01-01_DL_2010.0,NARROWBODY,40,45,G88,1,931,1001,G88,False
flight_key_v1_8ce1f23371069d09a4386a43bb3e89a3,ATL,ARR,2024-01-01,DL,842.0,SLC,ATL,945,0.257099986076355,0.3400000035762787,2024-01-01_DL_842.0,NARROWBODY,40,45,G89,0,930,1000,G89,False
flight_key_v1_f9cd438652d0ab237775a90a47b804d1,ATL,DEP,2024-01-01,DL,918.0,ATL,DCA,950,0.2269,5.52,2024-01-01_DL_918.0,NARROWBODY,40,45,G03,1,936,1006,G03,False
flight_key_v1_6aaadeff5b01feb911006c19a444fdeb,ATL,ARR,2024-01-01,WN,662.0,OKC,ATL,950,0.2809000015258789,1.8799999952316284,2024-01-01_WN_662.0,NARROWBODY,40,45,G10,1,936,1006,G10,False
flight_key_v1_766abf8b84d47322f9494b8657f3c6ca,ATL,DEP,2024-01-01,DL,2639.0,ATL,EWR,955,0.2264,5.6,2024-01-01_DL_2639.0,NARROWBODY,40,45,G11,1,941,1011,G11,False
flight_key_v1_2f52ca95c803b95892fe572ede5534f2,ATL,DEP,2024-01-01,NK,1441.0,ATL,MSY,955,0.2941,13.04,2024-01-01_NK_1441.0,WIDEBODY,75,60,G13,4,944,1049,G13,False
flight_key_v1_ebeb25040419d0e0c10917179c335a39,ATL,ARR,2024-01-01,WN,1235.0,STL,ATL,955,0.397599995136261,2.930000066757202,2024-01-01_WN_1235.0,NARROWBODY,40,45,G26,1,941,1011,G26,False
flight_key_v1_3a52855b9a61a97d40756ae4fd350b30,ATL,ARR,2024-01-01,OH,5527.0,DCA,ATL,955,0.3343000113964081,2.859999895095825,2024-01-01_OH_5527.0,NARROWBODY,40,45,G27,1,941,1011,G27,False
flight_key_v1_02aff20fb29e5d84ff45d297e483e0c7,ATL,DEP,2024-01-01,DL,374.0,ATL,DFW,955,0.238,7.37,2024-01-01_DL_374.0,WIDEBODY,75,60,G102,2,942,1047,G102,False
flight_key_v1_5cff331f7b70509461864d92f23b1fec,ATL,ARR,2024-01-01,WN,4501.0,LIT,ATL,955,0.3212999999523163,2.680000066757202,2024-01-01_WN_4501.0,NARROWBODY,40,45,G103,1,941,1011,G103,False
flight_key_v1_17d173a8fce20d26a64e8bbc7a8048b8,ATL,DEP,2024-01-01,DL,1567.0,ATL,PHL,957,0.2264,5.57,2024-01-01_DL_1567.0,NARROWBODY,40,45,G28,1,943,1013,G28,False
flight_key_v1_a6f4b7ce6090fe5003801c6f54d83aa2,ATL,DEP,2024-01-01,DL,2340.0,ATL,MSY,958,0.2252,5.43,2024-01-01_DL_2340.0,NARROWBODY,40,45,G30,1,944,1014,G30,False
flight_key_v1_962cf118b2d701d0243d878a50c7e68b,ATL,ARR,2024-01-01,DL,1030.0,MCO,ATL,960,0.25949999690055847,2.240000009536743,2024-01-01_DL_1030.0,NARROWBODY,40,45,G05,1,946,1016,G105,True
flight_key_v1_daee0160d4dc6ad7c2ceb7e85d636936,ATL,ARR,2024-01-01,DL,2345.0,MSY,ATL,960,0.2231999933719635,1.100000023841858,2024-01-01_DL_2345.0,NARROWBODY,40,45,G29,0,945,1015,G29,False
flight_key_v1_8aada7fcd9f9fa38696b5272318bb8e8,ATL,ARR,2024-01-01,WN,1572.0,CMH,ATL,960,0.3230000138282776,3.380000114440918,2024-01-01_WN_1572.0,NARROWBODY,40,45,G40,1,946,1016,G40,False
flight_key_v1_5838231de3112c74552730554b99fa4b,ATL,DEP,2024-01-01,DL,659.0,ATL,LAS,960,0.2356,7.37,2024-01-01_DL_659.0,NARROWBODY,40,45,G42,2,947,1017,G42,False
flight_key_v1_3b7116bea727bf2acb2c527c52a55a2e,ATL,DEP,2024-01-01,DL,2859.0,ATL,IND,960,0.2316,5.58,2024-01-01_DL_2859.0,NARROWBODY,40,45,G80,1,946,1016,G80,False
flight_key_v1_ae330c611b7b071cbe384504dc1ed0b2,ATL,DEP,2024-01-01,NK,1435.0,ATL,BWI,963,0.3117,14.24,2024-01-01_NK_1435.0,NARROWBODY,40,45,G37,4,952,1022,G37,False
flight_key_v1_5b8de8c8e48ddf2bab8f418073eca284,ATL,DEP,2024-01-01,WN,2019.0,ATL,AUS,965,0.2944,10.42,2024-01-01_WN_2019.0,NARROWBODY,40,45,G02,3,953,1023,G02,False
flight_key_v1_fd32f95bd1f17d3431140c48ebe222fd,ATL,DEP,2024-01-01,B6,1767.0,ATL,FLL,965,0.3071,14.18,2024-01-01_B6_1767.0,NARROWBODY,40,45,G18,4,954,1024,G18,False
flight_key_v1_47076c37027fd2e1d8057ccf29630187,ATL,DEP,2024-01-01,WN,1706.0,ATL,MIA,965,0.2924,11.06,2024-01-01_WN_1706.0,WIDEBODY,75,60,G32,3,953,1058,G32,False
flight_key_v1_b785693f0a1133b36c195ee454da430a,ATL,DEP,2024-01-01,WN,623.0,ATL,IAD,965,0.2849,9.67,2024-01-01_WN_623.0,NARROWBODY,40,45,G39,3,953,1023,G39,False
flight_key_v1_907273392bcb9649a00b5afaf79162f2,ATL,DEP,2024-01-01,WN,1356.0,ATL,GSP,965,0.2924,9.74,2024-01-01_WN_1356.0,NARROWBODY,40,45,G47,3,953,1023,G47,False
flight_key_v1_55f96fcd7aefb2488de77e18b2300d2e,ATL,ARR,2024-01-01,9E,5061.0,LFT,ATL,969,0.257999986410141,1.4299999475479126,2024-01-01_9E_5061.0,NARROWBODY,40,45,G19,0,954,1024,G19,False
flight_key_v1_b97764d7c936b004aa73fae0236499c3,ATL,DEP,2024-01-01,NK,600.0,ATL,PHL,970,0.3117,14.26,2024-01-01_NK_600.0,NARROWBODY,40,45,G20,4,959,1029,G20,False
flight_key_v1_1fb83ca22d4c48bc00e841194e1f39d5,ATL,ARR,2024-01-01,DL,847.0,DEN,ATL,970,0.30709999799728394,1.9700000286102295,2024-01-01_DL_847.0,NARROWBODY,40,45,G55,1,956,1026,G55,False
flight_key_v1_f56ec9b3765b995c52e280718845c665,ATL,DEP,2024-01-01,WN,2121.0,ATL,STL,970,0.2924,9.51,2024-01-01_WN_2121.0,WIDEBODY,75,60,G56,3,958,1063,G56,False
flight_key_v1_c5d77ed93952059a3b37b0fa3c68011e,ATL,ARR,2024-01-01,9E,5479.0,MGM,ATL,971,0.2587999999523163,2.240000009536743,2024-01-01_9E_5479.0,WIDEBODY,75,60,G57,1,957,1062,G116,True
flight_key_v1_4c34976c328d8c6800fdfcfe3c7c6ff1,ATL,DEP,2024-01-01,F9,3782.0,ATL,TPA,973,0.2927,9.72,2024-01-01_F9_3782.0,NARROWBODY,40,45,G21,3,961,1031,G21,False
flight_key_v1_83e88329a4f4d121e1527be6c9d9b31a,ATL,DEP,2024-01-01,F9,2984.0,ATL,TTN,973,0.2907,9.5,2024-01-01_F9_2984.0,NARROWBODY,40,45,G58,3,961,1031,G58,False
flight_key_v1_5d119e299d47c4038b3cc04a6d89351c,ATL,ARR,2024-01-01,UA,2464.0,EWR,ATL,977,0.376800000667572,3.380000114440918,2024-01-01_UA_2464.0,NARROWBODY,40,45,G43,1,963,1033,G43,False
flight_key_v1_95507d1ed1e8ac719c453a1a28afc0a2,ATL,ARR,2024-01-01,DL,2247.0,DFW,ATL,979,0.28700000047683716,2.3499999046325684,2024-01-01_DL_2247.0,NARROWBODY,40,45,G45,1,965,1035,G45,False
flight_key_v1_23f104212f92fce6fefaf7e6fb80bab5,ATL,ARR,2024-01-01,WN,3177.0,MCO,ATL,980,0.47519999742507935,4.679999828338623,2024-01-01_WN_3177.0,NARROWBODY,40,45,G09,2,967,1037,G09,False
flight_key_v1_baf0275ccf7cc121bb7e2bc7ccd11348,ATL,ARR,2024-01-01,DL,1585.0,GPT,ATL,980,0.19300000369548798,0.7200000286102295,2024-01-01_DL_1585.0,WIDEBODY,75,60,G25,0,965,1070,G109,True
flight_key_v1_0653e3adb34f2dc3cbf732e903991b8e,ATL,DEP,2024-01-01,WN,786.0,ATL,JAX,980,0.2944,9.92,2024-01-01_WN_786.0,NARROWBODY,40,45,G50,3,968,1038,G50,False
flight_key_v1_131e5e82cf7b318565122c5063a0c90a,ATL,DEP,2024-01-01,DL,2049.0,ATL,DAL,981,0.2316,5.84,2024-01-01_DL_2049.0,NARROWBODY,40,45,G51,1,967,1037,G51,False
flight_key_v1_652fec077a53e92d55ec5c15681929b1,ATL,DEP,2024-01-01,B6,2613.0,ATL,LGA,981,0.3051,13.21,2024-01-01_B6_2613.0,NARROWBODY,40,45,G59,4,970,1040,G59,False
flight_key_v1_d4d429476cf527aff6c824fe8c552f20,ATL,DEP,2024-01-01,AA,1236.0,ATL,DFW,984,0.2451,7.89,2024-01-01_AA_1236.0,WIDEBODY,75,60,G53,2,971,1076,G53,False
flight_key_v1_61c1161197ebf08cb99017f420d2a894,ATL,ARR,2024-01-01,DL,1190.0,PBI,ATL,985,0.23229999840259552,1.8300000429153442,2024-01-01_DL_1190.0,NARROWBODY,40,45,G12,0,970,1040,G12,False
flight_key_v1_8ebb4fc0bc9569116abdfd46b35b3c77,ATL,DEP,2024-01-01,UA,225.0,ATL,DEN,985,0.2625,7.84,2024-01-01_UA_225.0,NARROWBODY,40,45,G60,2,972,1042,G60,False
flight_key_v1_d666d04281b7adca5d5997107a604e50,ATL,ARR,2024-01-01,B6,1719.0,JFK,ATL,987,0.5001000165939331,4.010000228881836,2024-01-01_B6_1719.0,NARROWBODY,40,45,G66,2,974,1044,G66,False
flight_key_v1_235216c68369fe7a8fb521e181ff2857,ATL,ARR,2024-01-01,9E,5184.0,SGF,ATL,988,0.3206999897956848,1.0399999618530273,2024-01-01_9E_5184.0,NARROWBODY,40,45,G67,0,973,1043,G67,False
flight_key_v1_26c1f514f0333806d6d136998eb7a2a7,ATL,ARR,2024-01-01,WN,942.0,CLE,ATL,990,0.3474000096321106,3.880000114440918,2024-01-01_WN_942.0,NARROWBODY,40,45,G04,1,976,1046,G04,False
flight_key_v1_8d0125aa90dde4fd4d68e4fd1ea48772,ATL,ARR,2024-01-01,WN,1893.0,JAN,ATL,990,0.3720000088214874,3.380000114440918,2024-01-01_WN_1893.0,NARROWBODY,40,45,G14,1,976,1046,G14,False
flight_key_v1_5a2fcef3583b53854079bc08d0396908,ATL,ARR,2024-01-01,DL,2137.0,DTW,ATL,990,0.2815999984741211,0.8500000238418579,2024-01-01_DL_2137.0,NARROWBODY,40,45,G24,0,975,1045,G57,True
flight_key_v1_14c234d008ae9ff0c18b371e35bf3da5,ATL,DEP,2024-01-01,DL,1671.0,ATL,BHM,990,0.2316,5.61,2024-01-01_DL_1671.0,NARROWBODY,40,45,G35,1,976,1046,G110,True
flight_key_v1_1d0a73efdeaa9812336cf274ed4d191f,ATL,ARR,2024-01-01,DL,1525.0,TPA,ATL,992,0.22789999842643738,1.4900000095367432,2024-01-01_DL_1525.0,NARROWBODY,40,45,G46,0,977,1047,G46,False
flight_key_v1_3141e445bd8cd8f0dcca17f15a642206,ATL,ARR,2024-01-01,DL,1034.0,DAL,ATL,993,0.3546000123023987,2.109999895095825,2024-01-01_DL_1034.0,NARROWBODY,40,45,G68,1,979,1049,G68,False
flight_key_v1_f3f0ea49a34f125395b028d6ef8ed364,ATL,ARR,2024-01-01,DL,1582.0,FLL,ATL,994,0.2930999994277954,2.240000009536743,2024-01-01_DL_1582.0,NARROWBODY,40,45,G69,1,980,1050,G69,False
flight_key_v1_b77f04d465570298070668e82024b015,ATL,ARR,2024-01-01,NK,1561.0,DTW,ATL,994,0.43810001015663147,3.9600000381469727,2024-01-01_NK_1561.0,NARROWBODY,40,45,G73,2,981,1051,G73,False
flight_key_v1_586f5535b095199939282dbc4c710f89,ATL,ARR,2024-01-01,F9,1669.0,RDU,ATL,995,0.5220000147819519,3.490000009536743,2024-01-01_F9_1669.0,NARROWBODY,40,45,G15,2,982,1052,G15,False
flight_key_v1_51d6f440e5b4ca34862e39f363e363f7,ATL,ARR,2024-01-01,9E,4923.0,TYS,ATL,995,0.18649999797344208,0.7200000286102295,2024-01-01_9E_4923.0,NARROWBODY,40,45,G16,0,980,1050,G16,False
flight_key_v1_27f5e80418315e12844e60ab5b919a7b,ATL,DEP,2024-01-01,DL,1328.0,ATL,MIA,996,0.2372,7.91,2024-01-01_DL_1328.0,NARROWBODY,40,45,G31,2,983,1053,G31,False
flight_key_v1_533346da1abd2842535763c506cf4955,ATL,ARR,2024-01-01,AS,334.0,SEA,ATL,997,0.36410000920295715,-0.20999999344348907,2024-01-01_AS_334.0,NARROWBODY,40,45,G38,0,982,1052,G38,False
flight_key_v1_2d992ec6f0c866fb9c1352ca8855dbd0,ATL,ARR,2024-01-01,OO,3935.0,SHV,ATL,997,0.39910000562667847,4.289999961853027,2024-01-01_OO_3935.0,NARROWBODY,40,45,G74,2,984,1054,G74,False
flight_key_v1_6a911683926870b92e9da86c32d6fd4a,ATL,ARR,2024-01-01,DL,1452.0,MSP,ATL,997,0.2143000066280365,0.23999999463558197,2024-01-01_DL_1452.0,NARROWBODY,40,45,G76,0,982,1052,G76,False
flight_key_v1_5f3a01a03148cb1be5a775ed26744d5d,ATL,ARR,2024-01-01,DL,883.0,MSN,ATL,997,0.1907999962568283,0.23999999463558197,2024-01-01_DL_883.0,WIDEBODY,75,60,G77,0,982,1087,G77,False
flight_key_v1_d55d88ebdaea0cd61f41c8df20a4a662,ATL,ARR,2024-01-01,9E,4987.0,MDT,ATL,998,0.17990000545978546,0.4399999976158142,2024-01-01_9E_4987.0,NARROWBODY,40,45,G52,0,983,1053,G111,True
flight_key_v1_af61eaa8b34719f884e94f5c2ab6c377,ATL,ARR,2024-01-01,DL,873.0,LAX,ATL,999,0.32109999656677246,0.75,2024-01-01_DL_873.0,NARROWBODY,40,45,G75,0,984,1054,G75,False
flight_key_v1_64182b2c16d8b210c3927420074c7180,ATL,ARR,2024-01-01,DL,1704.0,DSM,ATL,1000,0.22930000722408295,0.800000011920929,2024-01-01_DL_1704.0,NARROWBODY,40,45,G78,0,985,1055,G78,False
flight_key_v1_2f0330383da275a9ae43408555b61e35,ATL,DEP,2024-01-01,WN,2897.0,ATL,RDU,1000,0.2924,9.92,2024-01-01_WN_2897.0,NARROWBODY,40,45,G79,3,988,1058,G79,False
flight_key_v1_309bbf40553f0e7ea36c13703bd81775,ATL,DEP,2024-01-01,WN,662.0,ATL,FLL,1000,0.2944,10.77,2024-01-01_WN_662.0,NARROWBODY,40,45,G81,3,988,1058,G81,False
flight_key_v1_c9cc42e1ca3c28bc52562a0079d20959,ATL,DEP,2024-01-01,DL,743.0,ATL,SMF,1000,0.2311,6.11,2024-01-01_DL_743.0,NARROWBODY,40,45,G82,1,986,1056,G82,False
flight_key_v1_19b9bf102e0aea28dfe96487604c6b3c,ATL,DEP,2024-01-01,WN,4501.0,ATL,BWI,1000,0.2924,9.92,2024-01-01_WN_4501.0,NARROWBODY,40,45,G83,3,988,1058,G83,False
flight_key_v1_feaa454097923d15d5cc065cbeed7668,ATL,DEP,2024-01-01,DL,301.0,ATL,LAX,1000,0.2396,7.93,2024-01-01_DL_301.0,NARROWBODY,40,45,G86,2,987,1057,G86,False
flight_key_v1_4c7af0666f6144afd8bbfa05ee77a356,ATL,ARR,2024-01-01,DL,2026.0,RDU,ATL,1001,0.24060000479221344,0.7200000286102295,2024-01-01_DL_2026.0,NARROWBODY,40,45,G90,0,986,1056,G90,False
flight_key_v1_47cc6acbe62394e35ca4dd4e525f67f8,ATL,ARR,2024-01-01,9E,5014.0,ICT,ATL,1002,0.17980000376701355,0.800000011920929,2024-01-01_9E_5014.0,NARROWBODY,40,45,G91,0,987,1057,G91,False
flight_key_v1_a8f86f5e6f3f4b89aacd01400a9745e0,ATL,DEP,2024-01-01,WN,3610.0,ATL,CLE,1005,0.2924,9.76,2024-01-01_WN_3610.0,NARROWBODY,40,45,G07,3,993,1063,G07,False
flight_key_v1_570df21c9d4183b364c04e46f20f5835,ATL,ARR,2024-01-01,DL,2739.0,BDL,ATL,1008,0.19200000166893005,0.4399999976158142,2024-01-01_DL_2739.0,NARROWBODY,40,45,G33,0,993,1063,G33,False
flight_key_v1_99ae92e1bae346385a331fea75c41789,ATL,ARR,2024-01-01,9E,5195.0,XNA,ATL,1009,0.3095000088214874,1.1299999952316284,2024-01-01_9E_5195.0,NARROWBODY,40,45,G34,0,994,1064,G34,False
flight_key_v1_f0db82f4bdb1ce1753df356e28d7a198,ATL,ARR,2024-01-01,DL,2052.0,BNA,ATL,1009,0.20329999923706055,0.7200000286102295,2024-01-01_DL_2052.0,NARROWBODY,40,45,G41,0,994,1064,G41,False
flight_key_v1_33279d88fec742cfa3912d934ffc3e46,ATL,ARR,2024-01-01,DL,376.0,BOS,ATL,1009,0.2896000146865845,1.5499999523162842,2024-01-01_DL_376.0,NARROWBODY,40,45,G44,0,994,1064,G44,False
flight_key_v1_2b740403935fa4562f81628a628f1a72,ATL,ARR,2024-01-01,DL,2420.0,AUS,ATL,1009,0.22789999842643738,0.800000011920929,2024-01-01_DL_2420.0,NARROWBODY,40,45,G92,0,994,1064,G92,False
flight_key_v1_8f4a806073fd4aa467b53de2117e99e7,ATL,ARR,2024-01-01,DL,725.0,SAN,ATL,1010,0.21449999511241913,0.33000001311302185,2024-01-01_DL_725.0,NARROWBODY,40,45,G08,0,995,1065,G25,True
flight_key_v1_50775600e105fa990d1023eb94b35dc6,ATL,ARR,2024-01-01,DL,967.0,BUF,ATL,1010,0.2551000118255615,2.490000009536743,2024-01-01_DL_967.0,NARROWBODY,40,45,G23,1,996,1066,G23,False
flight_key_v1_50dd8fde21e30f5fb5e8db2012f783f6,ATL,ARR,2024-01-01,F9,2897.0,DTW,ATL,1011,0.5321999788284302,3.9600000381469727,2024-01-01_F9_2897.0,NARROWBODY,40,45,G22,2,998,1068,G22,False
flight_key_v1_c827cd52bc2041b5694c74f6d5dc58e0,ATL,ARR,2024-01-01,AA,1237.0,MIA,ATL,1012,0.43459999561309814,4.480000019073486,2024-01-01_AA_1237.0,NARROWBODY,40,45,G61,2,999,1069,G61,False
flight_key_v1_944d3a7c9169ba795cf0a29765581ee7,ATL,ARR,2024-01-01,9E,5003.0,CHO,ATL,1014,0.23960000276565552,0.7200000286102295,2024-01-01_9E_5003.0,NARROWBODY,40,45,G48,0,999,1069,G48,False
flight_key_v1_272506cf2870191390db8ba90ad45dbb,ATL,ARR,2024-01-01,WN,1970.0,BWI,ATL,1015,0.45489999651908875,4.46999979019165,2024-01-01_WN_1970.0,WIDEBODY,75,60,G01,2,1002,1107,G01,False
flight_key_v1_9cd75e5fea04a32ebbd734fea915c974,ATL,ARR,2024-01-01,DL,2672.0,ALB,ATL,1015,0.24969999492168427,1.1299999952316284,2024-01-01_DL_2672.0,NARROWBODY,40,45,G54,0,1000,1070,G112,True
flight_key_v1_f62a4a396ae3a4be8325d684bcbaea47,ATL,DEP,2024-01-01,DL,942.0,ATL,SJC,1015,0.2311,6.25,2024-01-01_DL_942.0,NARROWBODY,40,45,G62,1,1001,1071,G62,False
flight_key_v1_1fcaf62583d4b3021cec7ad1fd29476e,ATL,ARR,2024-01-01,DL,1576.0,MCO,ATL,1018,0.26660001277923584,2.240000009536743,2024-01-01_DL_1576.0,NARROWBODY,40,45,G65,1,1004,1074,G65,False
flight_key_v1_3517afaf23465a3200ba4c669220dd2f,ATL,DEP,2024-01-01,9E,5491.0,ATL,MSP,1019,0.2343,7.71,2024-01-01_9E_5491.0,NARROWBODY,40,45,G70,2,1006,1076,G70,False
flight_key_v1_c5f11729afbad4bf4757e07b08c7e427,ATL,DEP,2024-01-01,OH,5527.0,ATL,DCA,1020,0.237,6.01,2024-01-01_OH_5527.0,NARROWBODY,40,45,G03,1,1006,1076,G03,False
flight_key_v1_93caa23a90d19f7d1a9d97de554c2d35,ATL,ARR,2024-01-01,9E,5139.0,CHA,ATL,1021,0.2590000033378601,0.8199999928474426,2024-01-01_9E_5139.0,WIDEBODY,75,60,G10,0,1006,1111,G10,False
flight_key_v1_541db64809d025f000b2cd89b9cb3787,ATL,ARR,2024-01-01,DL,968.0,RSW,ATL,1021,0.19329999387264252,0.8199999928474426,2024-01-01_DL_968.0,NARROWBODY,40,45,G71,0,1006,1076,G71,False
flight_key_v1_b9d14aefd645b5f92eef13a9385bed79,ATL,ARR,2024-01-01,DL,2778.0,MEM,ATL,1021,0.19020000100135803,0.8199999928474426,2024-01-01_DL_2778.0,NARROWBODY,40,45,G72,0,1006,1076,G72,False
flight_key_v1_5f9079602de03fd463f88f6d782ff7d0,ATL,ARR,2024-01-01,9E,4910.0,DHN,ATL,1022,0.22750000655651093,0.8199999928474426,2024-01-01_9E_4910.0,NARROWBODY,40,45,G84,0,1007,1077,G84,False
flight_key_v1_b6f9e97f335284fa63eeb404e255093c,ATL,ARR,2024-01-01,DL,1147.0,ORD,ATL,1022,0.3781999945640564,3.0299999713897705,2024-01-01_DL_1147.0,NARROWBODY,40,45,G87,1,1008,1078,G87,False
flight_key_v1_ea7d08f8f846521cb37395f0a738e0a5,ATL,DEP,2024-01-01,B6,1320.0,ATL,JFK,1023,0.3051,15.42,2024-01-01_B6_1320.0,NARROWBODY,40,45,G88,5,1013,1083,G88,False
flight_key_v1_e98ad5addde9c3f87adcb5f6348b46fe,ATL,ARR,2024-01-01,AA,990.0,LAX,ATL,1024,0.39070001244544983,2.680000066757202,2024-01-01_AA_990.0,NARROWBODY,40,45,G89,1,1010,1080,G89,False
flight_key_v1_b97c8e94fc8231315c30fe841b66a3d3,ATL,DEP,2024-01-01,9E,5359.0,ATL,AGS,1024,0.2352,5.8,2024-01-01_9E_5359.0,NARROWBODY,40,45,G93,1,1010,1080,G93,False
flight_key_v1_0eec27e45985e1e6eedcb7eebdeff952,ATL,ARR,2024-01-01,DL,573.0,SJU,ATL,1024,0.34049999713897705,6.159999847412109,2024-01-01_DL_573.0,WIDEBODY,75,60,G94,2,1011,1116,G94,False
flight_key_v1_0dcd6a9851c5e79adae426c28e381315,ATL,ARR,2024-01-01,9E,5225.0,AVL,ATL,1025,0.28060001134872437,1.5,2024-01-01_9E_5225.0,NARROWBODY,40,45,G11,0,1010,1080,G106,True
flight_key_v1_4ed3c28f100de4a979df4a75fd534afd,ATL,ARR,2024-01-01,DL,1331.0,SAV,ATL,1025,0.19670000672340393,0.8199999928474426,2024-01-01_DL_1331.0,WIDEBODY,75,60,G26,0,1010,1115,G132,True
flight_key_v1_a541a5b8d538c9efaefe40760b7187b0,ATL,ARR,2024-01-01,DL,2097.0,ROC,ATL,1025,0.2883000075817108,2.609999895095825,2024-01-01_DL_2097.0,NARROWBODY,40,45,G27,1,1011,1081,G27,False
flight_key_v1_1f0d872ef0ca117b9d8ff48cb87dc7e6,ATL,ARR,2024-01-01,DL,1375.0,SYR,ATL,1028,0.29100000858306885,2.0199999809265137,2024-01-01_DL_1375.0,NARROWBODY,40,45,G28,1,1014,1084,G28,False
flight_key_v1_672b8c05bd63e206b07a8e728af9daeb,ATL,ARR,2024-01-01,9E,4953.0,GTR,ATL,1029,0.24940000474452972,0.8199999928474426,2024-01-01_9E_4953.0,NARROWBODY,40,45,G30,0,1014,1084,G30,False
flight_key_v1_160c67928a59f35c302c62d595cf8384,ATL,ARR,2024-01-01,DL,2887.0,MYR,ATL,1029,0.1720000058412552,0.8199999928474426,2024-01-01_DL_2887.0,NARROWBODY,40,45,G36,0,1014,1084,G36,False
flight_key_v1_96051e3acb4be3c33c5592e3ed5591d0,ATL,DEP,2024-01-01,DL,2902.0,ATL,IAD,1030,0.2237,5.78,2024-01-01_DL_2902.0,NARROWBODY,40,45,G05,1,1016,1086,G05,False
flight_key_v1_08a4d5a45407059910143d6b66e57053,ATL,DEP,2024-01-01,WN,1893.0,ATL,DEN,1030,0.2944,10.36,2024-01-01_WN_1893.0,NARROWBODY,40,45,G29,3,1018,1088,G29,False
flight_key_v1_1978e98ab7d2a62f3cfd6be8c502fb3c,ATL,ARR,2024-01-01,DL,2899.0,BHM,ATL,1030,0.21870000660419464,0.8199999928474426,2024-01-01_DL_2899.0,NARROWBODY,40,45,G40,0,1015,1085,G108,True
flight_key_v1_712c97ac7ea6ebdc6fb158630fdf9ad4,ATL,DEP,2024-01-01,AA,2221.0,ATL,LAX,1030,0.2433,8.15,2024-01-01_AA_2221.0,NARROWBODY,40,45,G42,2,1017,1087,G42,False
flight_key_v1_bb7e404bc18fe05865fdb024311d761a,ATL,ARR,2024-01-01,WN,1937.0,LGA,ATL,1030,0.44920000433921814,3.740000009536743,2024-01-01_WN_1937.0,NARROWBODY,40,45,G64,2,1017,1087,G64,False
flight_key_v1_3a06f69bd092691bd537f82a8695344e,ATL,DEP,2024-01-01,WN,3177.0,ATL,OKC,1030,0.2924,10.15,2024-01-01_WN_3177.0,NARROWBODY,40,45,G80,3,1018,1088,G80,False
flight_key_v1_dd39d08cdfe71db0628a642dcfecc472,ATL,ARR,2024-01-01,DL,1408.0,SAT,ATL,1034,0.2150000035762787,0.8999999761581421,2024-01-01_DL_1408.0,NARROWBODY,40,45,G37,0,1019,1089,G107,True
flight_key_v1_784d7afee818a69b04577f07e954c71a,ATL,DEP,2024-01-01,DL,832.0,ATL,DCA,1035,0.2334,5.57,2024-01-01_DL_832.0,WIDEBODY,75,60,G02,1,1021,1126,G129,True
flight_key_v1_e56563dd1004f34c5f84a1595c215654,ATL,ARR,2024-01-01,OH,5019.0,PHL,ATL,1037,0.33959999680519104,3.049999952316284,2024-01-01_OH_5019.0,NARROWBODY,40,45,G06,1,1023,1093,G06,False
flight_key_v1_0147b742dd7e4beb3fdff250a67c6463,ATL,ARR,2024-01-01,DL,841.0,SLC,ATL,1039,0.26840001344680786,0.9200000166893005,2024-01-01_DL_841.0,NARROWBODY,40,45,G18,0,1024,1094,G18,False
flight_key_v1_4570797c1430598eacb6372604dc906a,ATL,ARR,2024-01-01,WN,2014.0,DCA,ATL,1040,0.39410001039505005,3.740000009536743,2024-01-01_WN_2014.0,NARROWBODY,40,45,G19,1,1026,1096,G19,False
flight_key_v1_b8a278cd2da6c3934639e7dcc5eb20d7,ATL,DEP,2024-01-01,DL,953.0,ATL,DFW,1040,0.2413,7.58,2024-01-01_DL_953.0,NARROWBODY,40,45,G20,2,1027,1097,G26,True
flight_key_v1_650005cb823439ee07972ffa405b69d5,ATL,DEP,2024-01-01,WN,1784.0,ATL,MDW,1040,0.2924,10.05,2024-01-01_WN_1784.0,WIDEBODY,75,60,G39,3,1028,1133,G39,False
flight_key_v1_cbb82d2add016d2d82f6be1ed4f7651b,ATL,ARR,2024-01-01,9E,4945.0,FAY,ATL,1040,0.2371000051498413,1.809999942779541,2024-01-01_9E_4945.0,NARROWBODY,40,45,G47,0,1025,1095,G47,False
flight_key_v1_e7a41c58d0553c7e18e38f73fc157ccb,ATL,DEP,2024-01-01,DL,543.0,ATL,SNA,1040,0.2316,6.31,2024-01-01_DL_543.0,NARROWBODY,40,45,G55,1,1026,1096,G55,False
flight_key_v1_7f3c67ff79e6b2d72d32cb07022e2643,ATL,ARR,2024-01-01,9E,5471.0,TRI,ATL,1042,0.2840999960899353,0.8199999928474426,2024-01-01_9E_5471.0,NARROWBODY,40,45,G17,0,1027,1097,G17,False
flight_key_v1_043ea1baa6912e2668f5db84af15997c,ATL,DEP,2024-01-01,UA,208.0,ATL,EWR,1042,0.2586,7.74,2024-01-01_UA_208.0,NARROWBODY,40,45,G95,2,1029,1099,G95,False
flight_key_v1_f6e65044b19f660bc66bb187a78cddfb,ATL,ARR,2024-01-01,DL,2659.0,PVD,ATL,1043,0.2328999936580658,1.3300000429153442,2024-01-01_DL_2659.0,NARROWBODY,40,45,G21,0,1028,1098,G114,True
flight_key_v1_d498d6b30792da2a0613164e52ffcd94,ATL,ARR,2024-01-01,DL,759.0,DCA,ATL,1044,0.2224999964237213,0.8199999928474426,2024-01-01_DL_759.0,NARROWBODY,40,45,G58,0,1029,1099,G115,True
flight_key_v1_d3e5e30ad81e07f0b3ee9e4a09da4931,ATL,DEP,2024-01-01,DL,1497.0,ATL,MCO,1045,0.2342,7.44,2024-01-01_DL_1497.0,NARROWBODY,40,45,G63,2,1032,1102,G63,False
flight_key_v1_57dbf3fef38661f68c38189783edb498,ATL,ARR,2024-01-01,F9,3441.0,MIA,ATL,1046,0.5982999801635742,6.25,2024-01-01_F9_3441.0,NARROWBODY,40,45,G96,4,1035,1105,G96,False
flight_key_v1_8e7609c1f51cf69f292834762718e35d,ATL,ARR,2024-01-01,DL,2378.0,ILM,ATL,1047,0.2184000015258789,0.8199999928474426,2024-01-01_DL_2378.0,NARROWBODY,40,45,G43,0,1032,1102,G118,True
flight_key_v1_c6b5814799f6f07fd7344481174b340a,ATL,ARR,2024-01-01,DL,1682.0,IAH,ATL,1047,0.28290000557899475,2.2200000286102295,2024-01-01_DL_1682.0,NARROWBODY,40,45,G97,1,1033,1103,G97,False
flight_key_v1_1e6dbe90e3cb35f4a94f56ca8f137191,ATL,ARR,2024-01-01,AA,1248.0,DFW,ATL,1048,0.4510999917984009,4.489999771118164,2024-01-01_AA_1248.0,NARROWBODY,40,45,G49,2,1035,1105,G49,False
flight_key_v1_e1675326824428a4a714fb734af05063,ATL,ARR,2024-01-01,DL,2567.0,GNV,ATL,1049,0.27129998803138733,2.2699999809265137,2024-01-01_DL_2567.0,NARROWBODY,40,45,G45,1,1035,1105,G45,False
flight_key_v1_a958a908cd138c13f5d20fb92062b983,ATL,ARR,2024-01-01,DL,558.0,EGE,ATL,1049,0.24690000712871552,1.3200000524520874,2024-01-01_DL_558.0,NARROWBODY,40,45,G98,0,1034,1104,G98,False
flight_key_v1_36adb1db4cad92f0f0ef74b1e5ab646f,ATL,ARR,2024-01-01,WN,2026.0,MDW,ATL,1050,0.5102999806404114,5.550000190734863,2024-01-01_WN_2026.0,NARROWBODY,40,45,G09,3,1038,1108,G09,False
flight_key_v1_1ca91b1aee1334d79b0b53d3c78654c9,ATL,ARR,2024-01-01,DL,454.0,MIA,ATL,1050,0.3095000088214874,2.2200000286102295,2024-01-01_DL_454.0,NARROWBODY,40,45,G50,1,1036,1106,G119,True
flight_key_v1_cde2a0d12fcbc3752d4d133aa0297fb4,ATL,ARR,2024-01-01,NK,1596.0,EWR,ATL,1050,0.4449999928474426,5.179999828338623,2024-01-01_NK_1596.0,NARROWBODY,40,45,G85,2,1037,1107,G85,False
flight_key_v1_daa13cf69174e66d192cafb2b8a1ccde,ATL,ARR,2024-01-01,WN,1928.0,AUS,ATL,1055,0.4047999978065491,3.950000047683716,2024-01-01_WN_1928.0,NARROWBODY,40,45,G12,2,1042,1112,G12,False
flight_key_v1_05c412f89bbebdb6fe59ac3693a8ac90,ATL,DEP,2024-01-01,DL,1417.0,ATL,JFK,1055,0.2316,6.17,2024-01-01_DL_1417.0,NARROWBODY,40,45,G51,1,1041,1111,G51,False
flight_key_v1_d2049c279cdad60c9c0f10ceca6b22fc,ATL,ARR,2024-01-01,DL,2434.0,EWR,ATL,1056,0.3386000096797943,2.2200000286102295,2024-01-01_DL_2434.0,NARROWBODY,40,45,G59,1,1042,1112,G59,False
flight_key_v1_8e46d3161010c4fb1425e3301b7342b0,ATL,ARR,2024-01-01,DL,2032.0,SDF,ATL,1056,0.24199999868869781,0.8199999928474426,2024-01-01_DL_2032.0,NARROWBODY,40,45,G60,0,1041,1111,G122,True
flight_key_v1_a4e1d5340faa5d56261397b779351f42,ATL,ARR,2024-01-01,DL,1605.0,STT,ATL,1057,0.32100000977516174,2.759999990463257,2024-01-01_DL_1605.0,NARROWBODY,40,45,G66,1,1043,1113,G60,True
flight_key_v1_696de97af067c4c7fd2bb043a6513a82,ATL,ARR,2024-01-01,OO,3920.0,ABY,ATL,1059,0.39070001244544983,2.6700000762939453,2024-01-01_OO_3920.0,NARROWBODY,40,45,G67,1,1045,1115,G67,False
flight_key_v1_1bdc5236918b2a71fea90f9a0d853a52,ATL,DEP,2024-01-01,F9,4848.0,ATL,RDU,1060,0.2907,9.62,2024-01-01_F9_4848.0,WIDEBODY,75,60,G04,3,1048,1153,G04,False
flight_key_v1_f8d1c6a5287efeba68380982668d781c,ATL,ARR,2024-01-01,DL,2799.0,BWI,ATL,1060,0.2581999897956848,2.2200000286102295,2024-01-01_DL_2799.0,NARROWBODY,40,45,G13,1,1046,1116,G02,True
flight_key_v1_3fb447d1a07f0f8c0f7a470f99afdbe9,ATL,DEP,2024-01-01,9E,4947.0,ATL,EYW,1060,0.2352,5.95,2024-01-01_9E_4947.0,WIDEBODY,75,60,G14,1,1046,1151,G14,False
flight_key_v1_acfbc32d47d4445fc25b17edeb756bdd,ATL,ARR,2024-01-01,DL,733.0,PHX,ATL,1060,0.2151000052690506,1.1799999475479126,2024-01-01_DL_733.0,NARROWBODY,40,45,G24,0,1045,1115,G24,False
flight_key_v1_ee80dc533c10705bf6fe237c6100ed64,ATL,DEP,2024-01-01,WN,1970.0,ATL,DAL,1060,0.2924,10.1,2024-01-01_WN_1970.0,NARROWBODY,40,45,G35,3,1048,1118,G35,False
flight_key_v1_95ee10b29af4eb0d3e252b07593eb073,ATL,DEP,2024-01-01,DL,1097.0,ATL,RDU,1060,0.2302,6.38,2024-01-01_DL_1097.0,NARROWBODY,40,45,G99,1,1046,1116,G99,False
flight_key_v1_c5456ffa4f936b382046d9c3ab6af9c5,ATL,DEP,2024-01-01,DL,2106.0,ATL,CHS,1061,0.2247,5.39,2024-01-01_DL_2106.0,NARROWBODY,40,45,G100,1,1047,1117,G100,False
flight_key_v1_e0a6f2c0cec40656a5678a82702cf0ad,ATL,ARR,2024-01-01,DL,1413.0,FLL,ATL,1063,0.2815000116825104,2.2200000286102295,2024-01-01_DL_1413.0,NARROWBODY,40,45,G46,1,1049,1119,G46,False
flight_key_v1_30da3179d6a0e796b4e285cfb2daa4ce,ATL,DEP,2024-01-01,DL,1388.0,ATL,AVL,1064,0.2316,6.48,2024-01-01_DL_1388.0,NARROWBODY,40,45,G68,2,1051,1121,G68,False
flight_key_v1_7ff09c3035a5f601bda81a7f5124efc8,ATL,DEP,2024-01-01,DL,1670.0,ATL,FLL,1065,0.2333,7.06,2024-01-01_DL_1670.0,NARROWBODY,40,45,G15,2,1052,1122,G15,False
flight_key_v1_dc1d8f51311d469166aa7dd2ff3ab7dc,ATL,DEP,2024-01-01,DL,1124.0,ATL,RSW,1065,0.2329,6.31,2024-01-01_DL_1124.0,NARROWBODY,40,45,G16,1,1051,1121,G16,False
flight_key_v1_e9f62a308649df3594be65bf969effa8,ATL,DEP,2024-01-01,NK,77.0,ATL,DFW,1065,0.3137,16.65,2024-01-01_NK_77.0,NARROWBODY,40,45,G69,5,1055,1125,G69,False
flight_key_v1_912db8f28832e3274bee57ea44876583,ATL,ARR,2024-01-01,DL,478.0,LGA,ATL,1065,0.28679999709129333,1.090000033378601,2024-01-01_DL_478.0,NARROWBODY,40,45,G73,0,1050,1120,G141,True
flight_key_v1_0894a1b8a7e887a9b74d69ad6257fc1b,ATL,DEP,2024-01-01,DL,1594.0,ATL,TPA,1065,0.2318,6.96,2024-01-01_DL_1594.0,NARROWBODY,40,45,G101,2,1052,1122,G101,False
flight_key_v1_ff0f5311bf3f3697a4142037844e58d5,ATL,ARR,2024-01-01,DL,995.0,DEN,ATL,1065,0.34929999709129333,2.4100000858306885,2024-01-01_DL_995.0,NARROWBODY,40,45,G102,1,1051,1121,G102,False
flight_key_v1_2a140dedb78c7a200602b6ac93f713c0,ATL,DEP,2024-01-01,DL,1478.0,ATL,DTW,1065,0.2316,7.02,2024-01-01_DL_1478.0,NARROWBODY,40,45,G103,2,1052,1122,G103,False
flight_key_v1_8ef81884590b6fe33e338c4346378551,ATL,DEP,2024-01-01,OH,5021.0,ATL,PHL,1067,0.2352,6.0,2024-01-01_OH_5021.0,NARROWBODY,40,45,G31,1,1053,1123,G31,False
flight_key_v1_f2a69e023f849cd0d81b8d6a037a5b05,ATL,DEP,2024-01-01,DL,653.0,ATL,SLC,1068,0.2247,6.29,2024-01-01_DL_653.0,NARROWBODY,40,45,G38,1,1054,1124,G38,False
flight_key_v1_84a0296ba3bb748966d72c7365ceea01,ATL,DEP,2024-01-01,DL,2329.0,ATL,ORF,1070,0.2316,5.84,2024-01-01_DL_2329.0,NARROWBODY,40,45,G32,1,1056,1126,G134,True
flight_key_v1_bd0003a472f240e9d8ddf18973d6b719,ATL,DEP,2024-01-01,DL,2398.0,ATL,MCI,1070,0.2316,6.28,2024-01-01_DL_2398.0,WIDEBODY,75,60,G52,1,1056,1161,G52,False
flight_key_v1_9fbbb867df7bf5a7e1cc6b900cf113a8,ATL,DEP,2024-01-01,DL,2539.0,ATL,GSO,1070,0.2316,5.84,2024-01-01_DL_2539.0,NARROWBODY,40,45,G74,1,1056,1126,G74,False
flight_key_v1_26fce382606eb2ee44bd14e6323e0ee1,ATL,ARR,2024-01-01,DL,1126.0,CHS,ATL,1072,0.20260000228881836,0.8199999928474426,2024-01-01_DL_1126.0,NARROWBODY,40,45,G75,0,1057,1127,G75,False
flight_key_v1_a1881211a981b76ef35c76f2818ea051,ATL,ARR,2024-01-01,UA,2290.0,ORD,ATL,1072,0.4323999881744385,4.800000190734863,2024-01-01_UA_2290.0,NARROWBODY,40,45,G76,2,1059,1129,G76,False
flight_key_v1_d055faf4ee9b7072a12102f81b60c13f,ATL,DEP,2024-01-01,F9,4753.0,ATL,SAN,1074,0.2907,9.97,2024-01-01_F9_4753.0,NARROWBODY,40,45,G78,3,1062,1132,G78,False
flight_key_v1_94005949457dc6a46afa27e7196482ca,ATL,DEP,2024-01-01,DL,1491.0,ATL,AUS,1075,0.2333,7.09,2024-01-01_DL_1491.0,NARROWBODY,40,45,G07,2,1062,1132,G130,True
flight_key_v1_032a4370eccaf0c5e873bf884d29c568,ATL,DEP,2024-01-01,DL,2871.0,ATL,CLE,1075,0.2316,6.25,2024-01-01_DL_2871.0,NARROWBODY,40,45,G56,1,1061,1131,G139,True
flight_key_v1_2802ef1ca984a54ccd09247307a3ab69,ATL,DEP,2024-01-01,DL,2152.0,ATL,MKE,1075,0.2316,6.73,2024-01-01_DL_2152.0,NARROWBODY,40,45,G79,2,1062,1132,G79,False
flight_key_v1_4215044fe8d6999f39ce43dcd871fd55,ATL,ARR,2024-01-01,DL,1442.0,GSP,ATL,1075,0.16760000586509705,0.8199999928474426,2024-01-01_DL_1442.0,NARROWBODY,40,45,G81,0,1060,1130,G81,False
flight_key_v1_6982583464545df47f1de24ba6c77a07,ATL,DEP,2024-01-01,DL,2516.0,ATL,SAV,1075,0.2224,5.91,2024-01-01_DL_2516.0,NARROWBODY,40,45,G82,1,1061,1131,G82,False
flight_key_v1_797c5a5d7297256207bfa48d3f76f356,ATL,ARR,2024-01-01,DL,532.0,SEA,ATL,1077,0.298799991607666,1.1299999952316284,2024-01-01_DL_532.0,NARROWBODY,40,45,G57,0,1062,1132,G57,False
flight_key_v1_61a96ecb8fb75eb7b59bf1ae6b05814f,ATL,ARR,2024-01-01,DL,2450.0,MLB,ATL,1078,0.17399999499320984,0.8199999928474426,2024-01-01_DL_2450.0,NARROWBODY,40,45,G33,0,1063,1133,G33,False
flight_key_v1_28789106052101ab208db620d4ca5d11,ATL,ARR,2024-01-01,MQ,3769.0,ORD,ATL,1078,0.4424000084400177,4.679999828338623,2024-01-01_MQ_3769.0,NARROWBODY,40,45,G83,2,1065,1135,G83,False
flight_key_v1_1c1f64843a472532fee0dee64c6e3e34,ATL,DEP,2024-01-01,DL,2331.0,ATL,JAX,1078,0.2333,6.04,2024-01-01_DL_2331.0,NARROWBODY,40,45,G86,1,1064,1134,G86,False
flight_key_v1_1cf7285259a6713c0f3b0a002b59cec4,ATL,DEP,2024-01-01,DL,2730.0,ATL,STL,1079,0.2316,5.72,2024-01-01_DL_2730.0,NARROWBODY,40,45,G34,1,1065,1135,G34,False
flight_key_v1_069ca49691d8314b49c07dfd3101cdb4,ATL,DEP,2024-01-01,DL,2248.0,ATL,CVG,1079,0.2316,6.0,2024-01-01_DL_2248.0,NARROWBODY,40,45,G41,1,1065,1135,G41,False
flight_key_v1_38ba122f5e802ff4f7fa616adbee1caa,ATL,ARR,2024-01-01,DL,777.0,LAS,ATL,1080,0.28850001096725464,2.309999942779541,2024-01-01_DL_777.0,NARROWBODY,40,45,G08,1,1066,1136,G08,False
flight_key_v1_b2727b70bf5f5fe65e6c077a1d8bb89b,ATL,ARR,2024-01-01,9E,5132.0,DAY,ATL,1080,0.14630000293254852,0.8199999928474426,2024-01-01_9E_5132.0,WIDEBODY,75,60,G23,0,1065,1170,G131,True
flight_key_v1_9d7214ef66aaeb768c76d2ae729f370c,ATL,DEP,2024-01-01,DL,1714.0,ATL,SAT,1080,0.2316,6.36,2024-01-01_DL_1714.0,NARROWBODY,40,45,G44,1,1066,1136,G44,False
flight_key_v1_6f59705d34da7ab1eae3e840cc0f46af,ATL,DEP,2024-01-01,DL,2635.0,ATL,SRQ,1080,0.2247,5.74,2024-01-01_DL_2635.0,NARROWBODY,40,45,G90,1,1066,1136,G90,False
flight_key_v1_3e8f8f3a411e404dde8f453509df63ff,ATL,DEP,2024-01-01,WN,2014.0,ATL,MSY,1080,0.2924,9.91,2024-01-01_WN_2014.0,NARROWBODY,40,45,G91,3,1068,1138,G91,False
flight_key_v1_a7a07df10cc30d846776f4dec4975d85,ATL,DEP,2024-01-01,DL,2465.0,ATL,BOS,1080,0.239,7.24,2024-01-01_DL_2465.0,NARROWBODY,40,45,G92,2,1067,1137,G92,False
flight_key_v1_27c1662b746adb8e113be216a7bc9492,ATL,ARR,2024-01-01,DL,1372.0,MCO,ATL,1081,0.27149999141693115,2.680000066757202,2024-01-01_DL_1372.0,NARROWBODY,40,45,G22,1,1067,1137,G23,True
flight_key_v1_cca2e7daa1264f1ad6c69bade6a4d07a,ATL,DEP,2024-01-01,AS,321.0,ATL,SEA,1082,0.2201,2.75,2024-01-01_AS_321.0,NARROWBODY,40,45,G61,1,1068,1138,G22,True
flight_key_v1_1320172b34a6404d7465735c81d89ae8,ATL,DEP,2024-01-01,DL,2008.0,ATL,MEM,1083,0.2316,5.6,2024-01-01_DL_2008.0,NARROWBODY,40,45,G104,1,1069,1139,G104,False
flight_key_v1_9da0fa73fad380b185110a66c5469eab,ATL,DEP,2024-01-01,DL,2811.0,ATL,GSP,1083,0.2316,5.88,2024-01-01_DL_2811.0,NARROWBODY,40,45,G105,1,1069,1139,G105,False
flight_key_v1_5c79727fe96550f2801760b26f5434a1,ATL,ARR,2024-01-01,NK,2062.0,MCO,ATL,1084,0.4242999851703644,5.179999828338623,2024-01-01_NK_2062.0,NARROWBODY,40,45,G48,2,1071,1141,G48,False
flight_key_v1_673dcf20d790de8c725518de8a909234,ATL,DEP,2024-01-01,DL,2738.0,ATL,ORD,1085,0.2413,8.52,2024-01-01_DL_2738.0,WIDEBODY,75,60,G25,2,1072,1177,G25,False
flight_key_v1_f5fec47e4f279783a03441a8643cfac2,ATL,ARR,2024-01-01,DL,2355.0,IND,ATL,1086,0.23160000145435333,0.8199999928474426,2024-01-01_DL_2355.0,NARROWBODY,40,45,G54,0,1071,1141,G54,False
flight_key_v1_c4fe595240d0db1a08cbd7db6e9c1c81,ATL,ARR,2024-01-01,OO,4068.0,ASE,ATL,1087,0.6218000054359436,4.320000171661377,2024-01-01_OO_4068.0,NARROWBODY,40,45,G62,3,1075,1145,G62,False
flight_key_v1_1dee099c6b6fc43944460a78e55b47c3,ATL,ARR,2024-01-01,DL,1720.0,TPA,ATL,1088,0.2515000104904175,1.809999942779541,2024-01-01_DL_1720.0,WIDEBODY,75,60,G65,0,1073,1178,G140,True
flight_key_v1_232c5734d85b38b39d39dbf5dc0b93a5,ATL,ARR,2024-01-01,9E,4956.0,MLU,ATL,1089,0.2070000022649765,0.8199999928474426,2024-01-01_9E_4956.0,NARROWBODY,40,45,G53,0,1074,1144,G138,True
flight_key_v1_c72bbfbec0f4717291f150a28be45573,ATL,DEP,2024-01-01,AA,778.0,ATL,PHX,1090,0.2371,6.41,2024-01-01_AA_778.0,NARROWBODY,40,45,G03,2,1077,1147,G03,False
flight_key_v1_3fc355328f92b56fbe060084143d428a,ATL,ARR,2024-01-01,DL,2377.0,CLE,ATL,1091,0.24609999358654022,1.809999942779541,2024-01-01_DL_2377.0,NARROWBODY,40,45,G70,0,1076,1146,G70,False
flight_key_v1_88ae2c15cc16d0b3a179aa8860ea937f,ATL,DEP,2024-01-01,DL,730.0,ATL,SAN,1091,0.2311,6.36,2024-01-01_DL_730.0,NARROWBODY,40,45,G71,1,1077,1147,G71,False
flight_key_v1_c02420474d252c51d00d888819ee1969,ATL,ARR,2024-01-01,DL,2186.0,RIC,ATL,1091,0.20880000293254852,0.8199999928474426,2024-01-01_DL_2186.0,WIDEBODY,75,60,G72,0,1076,1181,G72,False
flight_key_v1_0dc6ea4cee0c2a44dbd459e6f04b2c3c,ATL,ARR,2024-01-01,DL,715.0,LAX,ATL,1092,0.3379000127315521,2.069999933242798,2024-01-01_DL_715.0,WIDEBODY,75,60,G84,1,1078,1183,G84,False
flight_key_v1_0bbda143eb7573d49f86925b75a03fd4,ATL,DEP,2024-01-01,DL,1490.0,ATL,BNA,1095,0.2316,5.6,2024-01-01_DL_1490.0,NARROWBODY,40,45,G11,1,1081,1151,G11,False
flight_key_v1_70b32cb437971e97fa4624c2c8f11348,ATL,DEP,2024-01-01,DL,711.0,ATL,LAS,1095,0.2356,7.64,2024-01-01_DL_711.0,NARROWBODY,40,45,G27,2,1082,1152,G27,False
flight_key_v1_60e08848cc427137a17ebfec06116fa8,ATL,DEP,2024-01-01,DL,417.0,ATL,LGA,1095,0.2316,6.14,2024-01-01_DL_417.0,NARROWBODY,40,45,G87,1,1081,1151,G87,False
flight_key_v1_f18158e2879fe3efd1a5ff57c7b5c15a,ATL,DEP,2024-01-01,DL,2022.0,ATL,PIT,1095,0.2512,9.15,2024-01-01_DL_2022.0,NARROWBODY,40,45,G88,2,1082,1152,G143,True
flight_key_v1_0f0f4629ea53144ad929523dc993d1bc,ATL,ARR,2024-01-01,DL,2285.0,GSO,ATL,1098,0.18979999423027039,0.8199999928474426,2024-01-01_DL_2285.0,NARROWBODY,40,45,G28,0,1083,1153,G88,True
flight_key_v1_9c97f50362ef687887ba219d7aabfb2e,ATL,DEP,2024-01-01,AA,1248.0,ATL,DFW,1099,0.2451,8.26,2024-01-01_AA_1248.0,NARROWBODY,40,45,G30,2,1086,1156,G30,False
flight_key_v1_b7d5ccb9c74245514658dbe028532e66,ATL,DEP,2024-01-01,DL,2687.0,ATL,CLT,1100,0.2269,6.18,2024-01-01_DL_2687.0,NARROWBODY,40,45,G05,1,1086,1156,G05,False
flight_key_v1_061ec31737a1b07b2fb957d8a1894ef6,ATL,DEP,2024-01-01,DL,2759.0,ATL,SDF,1100,0.2316,5.88,2024-01-01_DL_2759.0,NARROWBODY,40,45,G29,1,1086,1156,G133,True
flight_key_v1_57f02de1ceea48d20d32c4a454e461dc,ATL,DEP,2024-01-01,WN,1928.0,ATL,MCO,1100,0.2944,10.74,2024-01-01_WN_1928.0,WIDEBODY,75,60,G36,3,1088,1193,G36,False
flight_key_v1_f23f188a0e21d6830284526a248f3b61,ATL,DEP,2024-01-01,WN,2026.0,ATL,TPA,1100,0.2944,10.67,2024-01-01_WN_2026.0,NARROWBODY,40,45,G40,3,1088,1158,G40,False
flight_key_v1_3596256d0083658503027120856f7600,ATL,DEP,2024-01-01,F9,4771.0,ATL,CVG,1101,0.2907,9.97,2024-01-01_F9_4771.0,WIDEBODY,75,60,G42,3,1089,1194,G42,False
flight_key_v1_8eb526ac91c88b501e7501c39401d602,ATL,DEP,2024-01-01,F9,2143.0,ATL,MDW,1101,0.2907,10.22,2024-01-01_F9_2143.0,NARROWBODY,40,45,G64,3,1089,1159,G64,False
flight_key_v1_3358a82b0aa47618b596f7ea8976390d,ATL,ARR,2024-01-01,DL,2827.0,DAB,ATL,1101,0.26589998602867126,0.8199999928474426,2024-01-01_DL_2827.0,NARROWBODY,40,45,G80,0,1086,1156,G142,True
flight_key_v1_a81de83f372b15e016cbcc6c4571ca4e,ATL,ARR,2024-01-01,DL,2337.0,MSY,ATL,1103,0.26930001378059387,1.3300000429153442,2024-01-01_DL_2337.0,NARROWBODY,40,45,G77,0,1088,1158,G77,False
flight_key_v1_3c74ba11362f805b9a57c06ce4b1cb3b,ATL,DEP,2024-01-01,NK,1827.0,ATL,MIA,1105,0.3117,17.21,2024-01-01_NK_1827.0,NARROWBODY,40,45,G37,5,1095,1165,G37,False
flight_key_v1_0ed31d07e13badd953f8ca541d64c88b,ATL,ARR,2024-01-01,UA,277.0,SFO,ATL,1105,0.40549999475479126,1.7999999523162842,2024-01-01_UA_277.0,NARROWBODY,40,45,G89,1,1091,1161,G89,False
flight_key_v1_b72d54f5bac816fe8b6fd6c28e58736a,ATL,DEP,2024-01-01,9E,5121.0,ATL,LEX,1105,0.2352,5.78,2024-01-01_9E_5121.0,NARROWBODY,40,45,G93,1,1091,1161,G93,False
flight_key_v1_83693c0d12809bbf848ceb3840c12e57,ATL,DEP,2024-01-01,DL,736.0,ATL,SFO,1105,0.2625,11.3,2024-01-01_DL_736.0,NARROWBODY,40,45,G106,3,1093,1163,G106,False
flight_key_v1_608c1af7c1f0d3e73825bad04a6ad7f5,ATL,DEP,2024-01-01,DL,1058.0,ATL,PBI,1105,0.2384,6.97,2024-01-01_DL_1058.0,NARROWBODY,40,45,G107,2,1092,1162,G107,False
flight_key_v1_7b199dc72d0f16512a9dfa36a5da8f67,ATL,DEP,2024-01-01,DL,2035.0,ATL,MCO,1105,0.2342,7.47,2024-01-01_DL_2035.0,NARROWBODY,40,45,G108,2,1092,1162,G108,False
flight_key_v1_784d9fe67d556d5681d6bf4abe84c51d,ATL,ARR,2024-01-01,9E,5182.0,MOB,ATL,1105,0.2176000028848648,0.8199999928474426,2024-01-01_9E_5182.0,WIDEBODY,75,60,G109,0,1090,1195,G109,False
flight_key_v1_1fc515254e9b78b41ea98858b3609570,ATL,DEP,2024-01-01,DL,2890.0,ATL,CMH,1105,0.2316,5.88,2024-01-01_DL_2890.0,NARROWBODY,40,45,G110,1,1091,1161,G110,False
flight_key_v1_519fdc7d776957b098c82d8472be8ee3,ATL,ARR,2024-01-01,DL,1033.0,HSV,ATL,1105,0.147599995136261,0.8199999928474426,2024-01-01_DL_1033.0,NARROWBODY,40,45,G111,0,1090,1160,G111,False
flight_key_v1_3c9cd1e9937553e50cec9353775e22d6,ATL,DEP,2024-01-01,DL,371.0,ATL,DEN,1106,0.2337,6.89,2024-01-01_DL_371.0,NARROWBODY,40,45,G112,2,1093,1163,G112,False
flight_key_v1_0c6b73d9a37b7e4e32c7bdc4abe24270,ATL,DEP,2024-01-01,MQ,3769.0,ATL,ORD,1108,0.2451,8.47,2024-01-01_MQ_3769.0,NARROWBODY,40,45,G06,2,1095,1165,G06,False
flight_key_v1_42139bb9fb4071567f67f74b7d90eb06,ATL,ARR,2024-01-01,DL,2988.0,PNS,ATL,1109,0.16840000450611115,0.8199999928474426,2024-01-01_DL_2988.0,WIDEBODY,75,60,G18,0,1094,1199,G18,False
flight_key_v1_def89939e72e6c0eed9c98ab60055fd3,ATL,ARR,2024-01-01,WN,2876.0,TPA,ATL,1110,0.48890000581741333,4.78000020980835,2024-01-01_WN_2876.0,NARROWBODY,40,45,G19,2,1097,1167,G19,False
flight_key_v1_0ed83949c89a2b6fc126a9fc89e5c10c,ATL,DEP,2024-01-01,DL,1280.0,ATL,MSP,1110,0.2307,8.11,2024-01-01_DL_1280.0,NARROWBODY,40,45,G20,2,1097,1167,G20,False
flight_key_v1_ff13028e0347d05f9ccc459f6d640eee,ATL,ARR,2024-01-01,OH,5552.0,CLT,ATL,1110,0.40139999985694885,4.099999904632568,2024-01-01_OH_5552.0,NARROWBODY,40,45,G47,2,1097,1167,G47,False
flight_key_v1_274679bf328e80cfd986a49b40d1392c,ATL,DEP,2024-01-01,DL,2436.0,ATL,ECP,1110,0.2316,6.64,2024-01-01_DL_2436.0,NARROWBODY,40,45,G55,2,1097,1167,G55,False
flight_key_v1_e92be2511dedb641583e084df1138e96,ATL,DEP,2024-01-01,DL,319.0,ATL,LAX,1110,0.2396,8.56,2024-01-01_DL_319.0,NARROWBODY,40,45,G113,2,1097,1167,G113,False
flight_key_v1_72ab95de914bcc461cfc84cc974b754d,ATL,ARR,2024-01-01,DL,2456.0,CVG,ATL,1112,0.2556999921798706,0.8199999928474426,2024-01-01_DL_2456.0,NARROWBODY,40,45,G17,0,1097,1167,G17,False
flight_key_v1_2289fc0c3c1e9c2e337ef587596077f3,ATL,ARR,2024-01-01,DL,1485.0,STL,ATL,1113,0.31610000133514404,1.2300000190734863,2024-01-01_DL_1485.0,WIDEBODY,75,60,G21,0,1098,1203,G21,False
flight_key_v1_df5a228c1f1b847c04aabdc4e2cebcc1,ATL,DEP,2024-01-01,DL,2367.0,ATL,MSY,1113,0.2316,6.27,2024-01-01_DL_2367.0,NARROWBODY,40,45,G95,1,1099,1169,G95,False
flight_key_v1_b88e041dab873c11673f2d682005b661,ATL,ARR,2024-01-01,OO,4076.0,BTR,ATL,1114,0.35269999504089355,2.940000057220459,2024-01-01_OO_4076.0,NARROWBODY,40,45,G58,1,1100,1170,G58,False
flight_key_v1_05b019e92a419dba7aad9eab737baac6,ATL,ARR,2024-01-01,DL,2089.0,CAE,ATL,1114,0.1793999969959259,0.8199999928474426,2024-01-01_DL_2089.0,NARROWBODY,40,45,G114,0,1099,1169,G114,False
flight_key_v1_0370870eebb786824ecab7ea6574450b,ATL,ARR,2024-01-01,DL,2536.0,PHL,ATL,1114,0.22529999911785126,0.8199999928474426,2024-01-01_DL_2536.0,NARROWBODY,40,45,G115,0,1099,1169,G115,False
flight_key_v1_63f3b68fc03fe65427972f6b7c0945f6,ATL,ARR,2024-01-01,DL,340.0,BZN,ATL,1114,0.3650999963283539,0.9700000286102295,2024-01-01_DL_340.0,NARROWBODY,40,45,G116,0,1099,1169,G116,False
flight_key_v1_46fa1c7395f9dc78077a80caa0afffb8,ATL,DEP,2024-01-01,WN,3168.0,ATL,PHL,1115,0.2924,10.19,2024-01-01_WN_3168.0,NARROWBODY,40,45,G63,3,1103,1173,G63,False
flight_key_v1_1beb7e56ccee7f27cb267b289be680bc,ATL,ARR,2024-01-01,DL,1467.0,DTW,ATL,1116,0.2827000021934509,0.8199999928474426,2024-01-01_DL_1467.0,NARROWBODY,40,45,G96,0,1101,1171,G144,True
flight_key_v1_bfbb8dd42deb313fe7940c411b7ba3f3,ATL,ARR,2024-01-01,DL,2515.0,ABQ,ATL,1116,0.24150000512599945,1.1699999570846558,2024-01-01_DL_2515.0,NARROWBODY,40,45,G117,0,1101,1171,G117,False
flight_key_v1_f360e404f476bac6a2b3287d8e84365a,ATL,ARR,2024-01-01,DL,1882.0,SJU,ATL,1119,0.2506999969482422,2.9800000190734863,2024-01-01_DL_1882.0,NARROWBODY,40,45,G43,1,1105,1175,G43,False
flight_key_v1_afe53cab9ccbaf1c3fbf84dc629f9dcb,ATL,ARR,2024-01-01,DL,2163.0,CMH,ATL,1119,0.20999999344348907,0.8199999928474426,2024-01-01_DL_2163.0,WIDEBODY,75,60,G45,0,1104,1209,G136,True
flight_key_v1_99304da86932b0849136eb5bb0f893a1,ATL,ARR,2024-01-01,DL,1950.0,STT,ATL,1119,0.3142000138759613,2.759999990463257,2024-01-01_DL_1950.0,NARROWBODY,40,45,G49,1,1105,1175,G49,False
flight_key_v1_853aee578bb25dbdf857de9e1d21f39a,ATL,DEP,2024-01-01,DL,2192.0,ATL,BWI,1119,0.2316,6.05,2024-01-01_DL_2192.0,WIDEBODY,75,60,G97,1,1105,1210,G97,False
flight_key_v1_afb9f4b7522abf1d7aaeeaa6e8513a80,ATL,ARR,2024-01-01,DL,1039.0,TUS,ATL,1119,0.19689999520778656,0.8999999761581421,2024-01-01_DL_1039.0,NARROWBODY,40,45,G98,0,1104,1174,G98,False
flight_key_v1_531a35ffc61ba35fb2a4f3ef3828843a,ATL,ARR,2024-01-01,DL,2220.0,VPS,ATL,1120,0.2847999930381775,2.0199999809265137,2024-01-01_DL_2220.0,WIDEBODY,75,60,G01,1,1106,1211,G45,True
flight_key_v1_281330c8cccb74401401a64f427c9ffc,ATL,ARR,2024-01-01,DL,2933.0,HDN,ATL,1120,0.2806999981403351,0.6100000143051147,2024-01-01_DL_2933.0,NARROWBODY,40,45,G09,0,1105,1175,G65,True
flight_key_v1_2de34f849eb1e709d03e9b4a59839a50,ATL,DEP,2024-01-01,DL,2960.0,ATL,EWR,1120,0.2316,6.21,2024-01-01_DL_2960.0,NARROWBODY,40,45,G50,1,1106,1176,G50,False
flight_key_v1_29baf3a096174a64c250ba804884735d,ATL,ARR,2024-01-01,DL,1695.0,IAD,ATL,1121,0.2370000034570694,1.809999942779541,2024-01-01_DL_1695.0,NARROWBODY,40,45,G85,0,1106,1176,G96,True
flight_key_v1_172fa0ae05a164819503e421e82576b1,ATL,ARR,2024-01-01,DL,2792.0,BOS,ATL,1122,0.25200000405311584,2.2200000286102295,2024-01-01_DL_2792.0,NARROWBODY,40,45,G118,1,1108,1178,G118,False
flight_key_v1_27b949134be889ae6d9fc2e00fea0d1f,ATL,ARR,2024-01-01,DL,1524.0,TLH,ATL,1122,0.20260000228881836,0.8199999928474426,2024-01-01_DL_1524.0,NARROWBODY,40,45,G119,0,1107,1177,G119,False
flight_key_v1_74811080096d5268ecdf89c12e88f582,ATL,ARR,2024-01-01,DL,2061.0,SRQ,ATL,1122,0.27320000529289246,1.090000033378601,2024-01-01_DL_2061.0,NARROWBODY,40,45,G120,0,1107,1177,G120,False
flight_key_v1_5eb7f95e2af394ce5cbc8f613770f823,ATL,ARR,2024-01-01,DL,1323.0,MIA,ATL,1124,0.3111000061035156,2.2200000286102295,2024-01-01_DL_1323.0,NARROWBODY,40,45,G121,1,1110,1180,G121,False
flight_key_v1_f622d27049cd2e3005efc9968c3951a5,ATL,ARR,2024-01-01,NK,75.0,DFW,ATL,1124,0.4700999855995178,5.760000228881836,2024-01-01_NK_75.0,WIDEBODY,75,60,G122,3,1112,1217,G122,False
flight_key_v1_c197edc8faf8dcfe0c326a455c3ba168,ATL,ARR,2024-01-01,DL,1553.0,JFK,ATL,1124,0.2809999883174896,2.2200000286102295,2024-01-01_DL_1553.0,NARROWBODY,40,45,G123,1,1110,1180,G123,False
flight_key_v1_473ddc1ee70145590e0b1b62d978cc66,ATL,ARR,2024-01-01,DL,2720.0,JAX,ATL,1125,0.23819999396800995,0.8199999928474426,2024-01-01_DL_2720.0,NARROWBODY,40,45,G12,0,1110,1180,G01,True
flight_key_v1_bea0bd914411a3934d6e24fe826788fb,ATL,ARR,2024-01-01,WN,310.0,MIA,ATL,1125,0.5594000220298767,5.179999828338623,2024-01-01_WN_310.0,WIDEBODY,75,60,G51,3,1113,1218,G51,False
flight_key_v1_b93831685c58580a3223b1edb33badc9,ATL,ARR,2024-01-01,9E,5428.0,TUL,ATL,1125,0.22179999947547913,1.2300000190734863,2024-01-01_9E_5428.0,NARROWBODY,40,45,G124,0,1110,1180,G124,False
flight_key_v1_0b989ae833d57f10aa5d15efdf2584bd,ATL,ARR,2024-01-01,DL,1640.0,GRR,ATL,1125,0.2515000104904175,1.2300000190734863,2024-01-01_DL_1640.0,WIDEBODY,75,60,G125,0,1110,1215,G125,False
flight_key_v1_f56287bc909eee88c2901428891a310a,ATL,ARR,2024-01-01,WN,2269.0,SRQ,ATL,1125,0.49140000343322754,3.950000047683716,2024-01-01_WN_2269.0,NARROWBODY,40,45,G126,2,1112,1182,G126,False
flight_key_v1_af86839ecbd456572b53709e3a0c1252,ATL,DEP,2024-01-01,9E,5250.0,ATL,JAN,1125,0.2352,5.78,2024-01-01_9E_5250.0,NARROWBODY,40,45,G127,1,1111,1181,G127,False
flight_key_v1_50286e782309defce8cc23a2137fef69,ATL,ARR,2024-01-01,DL,1024.0,ELP,ATL,1125,0.32589998841285706,1.1699999570846558,2024-01-01_DL_1024.0,WIDEBODY,75,60,G128,0,1110,1215,G128,False
flight_key_v1_3e1a877e214cc809d4cf947fd6c08ed9,ATL,DEP,2024-01-01,DL,1175.0,ATL,RIC,1126,0.2512,8.79,2024-01-01_DL_1175.0,WIDEBODY,75,60,G10,2,1113,1218,G10,False
flight_key_v1_ab9c78fd2f4d618ca1af349e83c6ba3b,ATL,ARR,2024-01-01,AA,2937.0,MIA,ATL,1128,0.43849998712539673,4.489999771118164,2024-01-01_AA_2937.0,NARROWBODY,40,45,G59,2,1115,1185,G59,False
flight_key_v1_d64e5a43f85e3cf822dec97ce8af50aa,ATL,ARR,2024-01-01,YX,3532.0,EWR,ATL,1129,0.39399999380111694,2.2200000286102295,2024-01-01_YX_3532.0,NARROWBODY,40,45,G60,1,1115,1185,G60,False
flight_key_v1_9bb4c6d0c64c187b02409607b0ead746,ATL,ARR,2024-01-01,WN,785.0,IAD,ATL,1130,0.4691999852657318,4.78000020980835,2024-01-01_WN_785.0,NARROWBODY,40,45,G13,2,1117,1187,G13,False
flight_key_v1_9bea9c5590e0951925d155e8b1eb4a9d,ATL,ARR,2024-01-01,WN,2273.0,GSP,ATL,1130,0.32919999957084656,3.740000009536743,2024-01-01_WN_2273.0,WIDEBODY,75,60,G24,1,1116,1221,G24,False
flight_key_v1_ac3aae1786b769aeabc01f662c291f64,ATL,ARR,2024-01-01,WN,2711.0,RIC,ATL,1130,0.3928000032901764,3.740000009536743,2024-01-01_WN_2711.0,NARROWBODY,40,45,G26,1,1116,1186,G26,False
flight_key_v1_6b9b6e4742908d7708c9c89af44d096b,ATL,DEP,2024-01-01,DL,2605.0,ATL,PNS,1130,0.2316,5.84,2024-01-01_DL_2605.0,NARROWBODY,40,45,G35,1,1116,1186,G135,True
flight_key_v1_1b193f0291f95a2bd6b1cea625b04528,ATL,ARR,2024-01-01,9E,5420.0,CLT,ATL,1132,0.2874000072479248,1.809999942779541,2024-01-01_9E_5420.0,NARROWBODY,40,45,G66,1,1118,1188,G66,False
flight_key_v1_cfbd7f276d9e7f1c16be841bf2281b88,ATL,ARR,2024-01-01,DL,1568.0,PIT,ATL,1133,0.19779999554157257,0.8199999928474426,2024-01-01_DL_1568.0,WIDEBODY,75,60,G46,0,1118,1223,G137,True
flight_key_v1_b5fc98ab7c389e9aca3bef8e65e648f3,ATL,DEP,2024-01-01,NK,745.0,ATL,RSW,1134,0.3137,16.99,2024-01-01_NK_745.0,NARROWBODY,40,45,G67,5,1124,1194,G67,False
flight_key_v1_5b0ad68e9402ee462afdff81e6b9d411,ATL,DEP,2024-01-01,UA,1046.0,ATL,ORD,1134,0.2665,9.5,2024-01-01_UA_1046.0,NARROWBODY,40,45,G68,3,1122,1192,G68,False
flight_key_v1_954d8d34f2e7920929940402b5bd7aaf,ATL,ARR,2024-01-01,WN,2789.0,JAX,ATL,1135,0.4787999987602234,3.740000009536743,2024-01-01_WN_2789.0,NARROWBODY,40,45,G15,2,1122,1192,G15,False
flight_key_v1_3bd9c9fbf7b03c871d16baaa03a2a07a,ATL,DEP,2024-01-01,DL,1861.0,ATL,SJU,1135,0.2489,8.31,2024-01-01_DL_1861.0,NARROWBODY,40,45,G16,2,1122,1192,G16,False
flight_key_v1_b8d951d0246b46e5f83ba42071d5c023,ATL,ARR,2024-01-01,WN,2588.0,RSW,ATL,1135,0.41600000858306885,3.740000009536743,2024-01-01_WN_2588.0,NARROWBODY,40,45,G69,2,1122,1192,G141,True
flight_key_v1_b513de4323283c36e110308c3a231911,ATL,ARR,2024-01-01,WN,1218.0,OMA,ATL,1135,0.3626999855041504,4.210000038146973,2024-01-01_WN_1218.0,NARROWBODY,40,45,G73,2,1122,1192,G73,False
flight_key_v1_1da055d62b3cb72790016f7f3cae4031,ATL,ARR,2024-01-01,WN,2381.0,SDF,ATL,1135,0.43220001459121704,3.740000009536743,2024-01-01_WN_2381.0,NARROWBODY,40,45,G94,2,1122,1192,G94,False
flight_key_v1_d22620bf58e81482ba77f5a1c9b7b104,ATL,ARR,2024-01-01,WN,3108.0,RDU,ATL,1135,0.46000000834465027,3.740000009536743,2024-01-01_WN_3108.0,NARROWBODY,40,45,G99,2,1122,1192,G99,False
flight_key_v1_bdd690e711f3ebced94ce78b84f277bf,ATL,ARR,2024-01-01,NK,1220.0,BOS,ATL,1136,0.3889000117778778,4.96999979019165,2024-01-01_NK_1220.0,NARROWBODY,40,45,G100,2,1123,1193,G100,False
flight_key_v1_9165f53bca71107045d9367eb7322008,ATL,ARR,2024-01-01,DL,2580.0,MKE,ATL,1137,0.24400000274181366,1.2300000190734863,2024-01-01_DL_2580.0,NARROWBODY,40,45,G31,0,1122,1192,G132,True
flight_key_v1_7af3aa4f45b557046f915e6db9c50f14,ATL,DEP,2024-01-01,DL,2251.0,ATL,PHL,1139,0.2316,6.14,2024-01-01_DL_2251.0,NARROWBODY,40,45,G38,1,1125,1195,G38,False
flight_key_v1_712a1b033989dde16041d15188016b2c,ATL,DEP,2024-01-01,9E,5203.0,ATL,TYS,1139,0.2352,5.78,2024-01-01_9E_5203.0,NARROWBODY,40,45,G101,1,1125,1195,G101,False
flight_key_v1_fc39b011e5ac331c0ad613c2f913df9a,ATL,DEP,2024-01-01,DL,1588.0,ATL,MIA,1139,0.2372,8.13,2024-01-01_DL_1588.0,NARROWBODY,40,45,G102,2,1126,1196,G102,False
flight_key_v1_dd3b61f628d2ab2bec9d3ed65673963e,ATL,DEP,2024-01-01,OH,5243.0,ATL,CLT,1140,0.2305,5.89,2024-01-01_OH_5243.0,NARROWBODY,40,45,G02,1,1126,1196,G02,False
flight_key_v1_6b53e16b84fe0da2a2c68a4feb27a2f7,ATL,ARR,2024-01-01,WN,2242.0,PHL,ATL,1140,0.461899995803833,3.740000009536743,2024-01-01_WN_2242.0,NARROWBODY,40,45,G32,2,1127,1197,G32,False
flight_key_v1_b61fe3f18c1372de8f5b82b281c0a605,ATL,ARR,2024-01-01,DL,706.0,DEN,ATL,1140,0.37610000371932983,3.0299999713897705,2024-01-01_DL_706.0,NARROWBODY,40,45,G74,1,1126,1196,G74,False
flight_key_v1_4a7edaa528c19eb3aa1dccd6394aefa6,ATL,ARR,2024-01-01,DL,2925.0,ORF,ATL,1141,0.20170000195503235,2.2699999809265137,2024-01-01_DL_2925.0,WIDEBODY,75,60,G103,0,1126,1231,G103,False
flight_key_v1_6e3455afcf1b7db54377e292102af8e1,ATL,ARR,2024-01-01,9E,5057.0,HPN,ATL,1142,0.2809999883174896,2.2200000286102295,2024-01-01_9E_5057.0,NARROWBODY,40,45,G75,1,1128,1198,G75,False
flight_key_v1_3f408564573f11fb4063b397cef8ddea,ATL,ARR,2024-01-01,WN,2092.0,DEN,ATL,1145,0.5612000226974487,5.550000190734863,2024-01-01_WN_2092.0,WIDEBODY,75,60,G07,3,1133,1238,G07,False
flight_key_v1_8fed66536e7df97b3bf25a34360ecd7b,ATL,ARR,2024-01-01,9E,5080.0,JAN,ATL,1145,0.16779999434947968,0.8199999928474426,2024-01-01_9E_5080.0,NARROWBODY,40,45,G39,0,1130,1200,G134,True
flight_key_v1_02c43badb0f85257aa21f29fb6d222a5,ATL,ARR,2024-01-01,NK,3103.0,LAX,ATL,1145,0.4194999933242798,4.119999885559082,2024-01-01_NK_3103.0,NARROWBODY,40,45,G56,2,1132,1202,G56,False
flight_key_v1_cfa6387ea1c45d35faa54c7f0dd8b658,ATL,ARR,2024-01-01,WN,3035.0,HOU,ATL,1145,0.492900013923645,3.740000009536743,2024-01-01_WN_3035.0,NARROWBODY,40,45,G76,2,1132,1202,G76,False
flight_key_v1_18bbcd8d176bfbea2f2ff08dc4a87c73,ATL,ARR,2024-01-01,9E,5137.0,LEX,ATL,1147,0.29319998621940613,0.8199999928474426,2024-01-01_9E_5137.0,NARROWBODY,40,45,G57,0,1132,1202,G57,False
flight_key_v1_a255b1a96b810a6c0c4c9393ad2b0840,ATL,ARR,2024-01-01,DL,2776.0,MCO,ATL,1149,0.29580000042915344,2.680000066757202,2024-01-01_DL_2776.0,NARROWBODY,40,45,G33,1,1135,1205,G33,False
flight_key_v1_0f6fd564b55158da15fa74c219e2b54e,ATL,DEP,2024-01-01,F9,1447.0,ATL,SFO,1151,0.2927,14.72,2024-01-01_F9_1447.0,NARROWBODY,40,45,G08,4,1140,1210,G08,False
flight_key_v1_6973e8de41bbefd132c7896980245f7d,ATL,ARR,2024-01-01,DL,1173.0,PBI,ATL,1153,0.26249998807907104,1.809999942779541,2024-01-01_DL_1173.0,NARROWBODY,40,45,G22,0,1138,1208,G22,False
flight_key_v1_3a4a36911111d2f33b9a8d5c3ce81907,ATL,ARR,2024-01-01,DL,2271.0,BNA,ATL,1155,0.2628999948501587,0.8199999928474426,2024-01-01_DL_2271.0,WIDEBODY,75,60,G34,0,1140,1245,G34,False
flight_key_v1_f0fbf33a7aa595397e5d1318852bf260,ATL,DEP,2024-01-01,DL,2718.0,ATL,HPN,1156,0.2316,6.14,2024-01-01_DL_2718.0,NARROWBODY,40,45,G41,1,1142,1212,G41,False
flight_key_v1_bd988e93cf7adb8812fe7da74fca4458,ATL,ARR,2024-01-01,DL,2010.0,ECP,ATL,1156,0.2468000054359436,1.2300000190734863,2024-01-01_DL_2010.0,NARROWBODY,40,45,G44,0,1141,1211,G44,False
flight_key_v1_3f712c73e70f1f0060803ec99cf95415,ATL,ARR,2024-01-01,9E,4983.0,AEX,ATL,1157,0.25380000472068787,0.8199999928474426,2024-01-01_9E_4983.0,NARROWBODY,40,45,G48,0,1142,1212,G48,False
flight_key_v1_65b950934fae3178cba8a3aef8d475b4,ATL,ARR,2024-01-01,DL,2995.0,FLL,ATL,1158,0.2915000021457672,2.2200000286102295,2024-01-01_DL_2995.0,NARROWBODY,40,45,G54,1,1144,1214,G54,False
flight_key_v1_61654107c814a0f1966245d4755eb1de,ATL,ARR,2024-01-01,DL,337.0,SLC,ATL,1158,0.30140000581741333,0.8999999761581421,2024-01-01_DL_337.0,WIDEBODY,75,60,G61,0,1143,1248,G61,False
flight_key_v1_35604d7756e5d2b3fc432580b13c24cd,ATL,ARR,2024-01-01,B6,2614.0,LGA,ATL,1159,0.5774999856948853,4.059999942779541,2024-01-01_B6_2614.0,NARROWBODY,40,45,G53,2,1146,1216,G53,False
flight_key_v1_e16f0426088c29e1682c008fa777dda5,ATL,ARR,2024-01-01,WN,2050.0,DAL,ATL,1160,0.49380001425743103,4.96999979019165,2024-01-01_WN_2050.0,NARROWBODY,40,45,G03,2,1147,1217,G03,False
flight_key_v1_5c2d7360128f2f2f8808804e1a114cc1,ATL,ARR,2024-01-01,AA,2403.0,DFW,ATL,1161,0.4763000011444092,5.070000171661377,2024-01-01_AA_2403.0,WIDEBODY,75,60,G62,2,1148,1253,G62,False
flight_key_v1_5348b3f3f2feb7ed8da6be06cfc67102,ATL,ARR,2024-01-01,DL,1660.0,MCI,ATL,1162,0.28859999775886536,1.2300000190734863,2024-01-01_DL_1660.0,NARROWBODY,40,45,G70,0,1147,1217,G70,False
flight_key_v1_c941eb85aaa39d16b45eba7381a5cdca,ATL,DEP,2024-01-01,F9,3994.0,ATL,SJU,1163,0.2927,11.62,2024-01-01_F9_3994.0,NARROWBODY,40,45,G71,3,1151,1221,G71,False
flight_key_v1_eb6c4530200bc9d67102ce02d915dc2f,ATL,ARR,2024-01-01,9E,5389.0,BMI,ATL,1164,0.27410000562667847,1.090000033378601,2024-01-01_9E_5389.0,NARROWBODY,40,45,G78,0,1149,1219,G78,False
flight_key_v1_53683209b2f5e044e41eb0850282b18d,ATL,DEP,2024-01-01,DL,2881.0,ATL,MCO,1165,0.2342,7.47,2024-01-01_DL_2881.0,NARROWBODY,40,45,G04,2,1152,1222,G46,True
flight_key_v1_927e922f132cd930a14312b7d39b87cd,ATL,DEP,2024-01-01,DL,1284.0,ATL,IAH,1165,0.2316,6.14,2024-01-01_DL_1284.0,NARROWBODY,40,45,G11,1,1151,1221,G11,False
flight_key_v1_7e0b20eda2941ed6e2bbd7aac26ef19f,ATL,DEP,2024-01-01,DL,660.0,ATL,SLC,1167,0.2247,6.33,2024-01-01_DL_660.0,NARROWBODY,40,45,G14,1,1153,1223,G14,False
flight_key_v1_8cb76d7da3d1b12632175aeadfbbf3ad,ATL,DEP,2024-01-01,UA,1259.0,ATL,SFO,1168,0.2737,12.56,2024-01-01_UA_1259.0,NARROWBODY,40,45,G27,3,1156,1226,G27,False
flight_key_v1_f4c93ed4713074a8fe3c17356019db51,ATL,ARR,2024-01-01,WN,498.0,BWI,ATL,1170,0.5264000296592712,4.96999979019165,2024-01-01_WN_498.0,NARROWBODY,40,45,G05,3,1158,1228,G05,False
flight_key_v1_5a46e765818a9c2cb5f0ccc7bb00e00a,ATL,ARR,2024-01-01,DL,1671.0,BHM,ATL,1170,0.2215999960899353,0.8199999928474426,2024-01-01_DL_1671.0,NARROWBODY,40,45,G28,0,1155,1225,G28,False
flight_key_v1_dc5ec70471f478b4cd550551cad24c58,ATL,DEP,2024-01-01,DL,727.0,ATL,SEA,1170,0.2247,6.6,2024-01-01_DL_727.0,NARROWBODY,40,45,G29,1,1156,1226,G29,False
flight_key_v1_0391fc0c973f02dc7c56c0055ecb5d88,ATL,DEP,2024-01-01,WN,2876.0,ATL,SDF,1170,0.2924,9.94,2024-01-01_WN_2876.0,NARROWBODY,40,45,G30,3,1158,1228,G30,False
flight_key_v1_5843316ef8f52b900eb41df9761d7d61,ATL,ARR,2024-01-01,DL,32.0,DFW,ATL,1171,0.3675000071525574,3.0299999713897705,2024-01-01_DL_32.0,NARROWBODY,40,45,G40,1,1157,1227,G130,True
flight_key_v1_cf4271bd22402e3c825a6c765ff4379b,ATL,ARR,2024-01-01,YX,4375.0,DCA,ATL,1172,0.2754000127315521,0.8199999928474426,2024-01-01_YX_4375.0,NARROWBODY,40,45,G64,0,1157,1227,G133,True
flight_key_v1_1582eff0d547d4986da985a5d4efe4f0,ATL,DEP,2024-01-01,AA,1237.0,ATL,MIA,1172,0.241,8.0,2024-01-01_AA_1237.0,WIDEBODY,75,60,G79,2,1159,1264,G79,False
flight_key_v1_5e00858428e0a5adc3dcea2548b11762,ATL,DEP,2024-01-01,YX,3514.0,ATL,IAD,1173,0.2273,6.21,2024-01-01_YX_3514.0,NARROWBODY,40,45,G77,1,1159,1229,G77,False
flight_key_v1_b38b5a6e793343086904cccc64a23f04,ATL,DEP,2024-01-01,OO,3891.0,ATL,SBN,1174,0.2316,6.45,2024-01-01_OO_3891.0,NARROWBODY,40,45,G80,1,1160,1230,G80,False
flight_key_v1_2b923856069ca8cb7b2296a90e4e6d8f,ATL,ARR,2024-01-01,F9,2297.0,PHL,ATL,1174,0.4869000017642975,3.740000009536743,2024-01-01_F9_2297.0,NARROWBODY,40,45,G81,2,1161,1231,G81,False
flight_key_v1_289c73fee32255ce3a106dd3c9007f17,ATL,DEP,2024-01-01,WN,310.0,ATL,HOU,1175,0.2944,10.75,2024-01-01_WN_310.0,NARROWBODY,40,45,G37,3,1163,1233,G129,True
flight_key_v1_ea7562073a8138bd319094191d965e55,ATL,ARR,2024-01-01,DL,488.0,LAX,ATL,1175,0.31380000710487366,2.119999885559082,2024-01-01_DL_488.0,NARROWBODY,40,45,G52,1,1161,1231,G52,False
flight_key_v1_a558d17f8864f063fc4a1c8716918760,ATL,DEP,2024-01-01,WN,2269.0,ATL,MCI,1175,0.2924,10.19,2024-01-01_WN_2269.0,NARROWBODY,40,45,G82,3,1163,1233,G82,False
flight_key_v1_30d10a508c2b1cfd88e4274e6e679825,ATL,DEP,2024-01-01,WN,2711.0,ATL,SAT,1175,0.2924,10.26,2024-01-01_WN_2711.0,NARROWBODY,40,45,G83,3,1163,1233,G83,False
flight_key_v1_7300dca5d6635314bc7f2c7b65f4681c,ATL,DEP,2024-01-01,9E,5215.0,ATL,MLU,1175,0.2352,6.05,2024-01-01_9E_5215.0,NARROWBODY,40,45,G86,1,1161,1231,G86,False
flight_key_v1_80525636dd9665f2fdb210e6b4cccb82,ATL,DEP,2024-01-01,9E,5271.0,ATL,ABE,1175,0.2352,6.05,2024-01-01_9E_5271.0,NARROWBODY,40,45,G87,1,1161,1231,G87,False
flight_key_v1_6c9a730d56cefb68b045e8c71c840a2e,ATL,ARR,2024-01-01,DL,2993.0,MSP,ATL,1178,0.2759000062942505,1.2300000190734863,2024-01-01_DL_2993.0,NARROWBODY,40,45,G06,0,1163,1233,G40,True
flight_key_v1_5245ee0fd915bd55b342eca10ce79bd3,ATL,DEP,2024-01-01,WN,785.0,ATL,BNA,1180,0.2924,9.93,2024-01-01_WN_785.0,NARROWBODY,40,45,G19,3,1168,1238,G19,False
flight_key_v1_b50dc1309aa17bef5672d54411f43b00,ATL,DEP,2024-01-01,WN,2381.0,ATL,JAN,1180,0.2924,9.94,2024-01-01_WN_2381.0,WIDEBODY,75,60,G20,3,1168,1273,G20,False
flight_key_v1_ea5495678074c1c5de55081f685288ef,ATL,DEP,2024-01-01,DL,378.0,ATL,DCA,1180,0.2334,6.16,2024-01-01_DL_378.0,NARROWBODY,40,45,G47,1,1166,1236,G06,True
flight_key_v1_702dedecded3bad2c029492cfd6aad6e,ATL,DEP,2024-01-01,WN,2527.0,ATL,BWI,1180,0.2924,10.19,2024-01-01_WN_2527.0,WIDEBODY,75,60,G55,3,1168,1273,G55,False
flight_key_v1_c9a078b0ec7d822352b5c732ebc973ee,ATL,DEP,2024-01-01,WN,3108.0,ATL,MEM,1180,0.2924,9.94,2024-01-01_WN_3108.0,WIDEBODY,75,60,G88,3,1168,1273,G88,False
flight_key_v1_d0c3c97158f4399cafd253acffc50b37,ATL,DEP,2024-01-01,WN,2316.0,ATL,IND,1180,0.2924,9.94,2024-01-01_WN_2316.0,NARROWBODY,40,45,G89,3,1168,1238,G89,False
flight_key_v1_0fe5a4febbed77fe9dc74f3440994a30,ATL,ARR,2024-01-01,DL,884.0,SFO,ATL,1184,0.3312999904155731,1.4199999570846558,2024-01-01_DL_884.0,NARROWBODY,40,45,G17,0,1169,1239,G17,False
flight_key_v1_1c6d77d3784c6b821ce8f092e48dc05a,ATL,ARR,2024-01-01,9E,5076.0,LIT,ATL,1185,0.21809999644756317,0.8199999928474426,2024-01-01_9E_5076.0,WIDEBODY,75,60,G23,0,1170,1275,G23,False
flight_key_v1_aec93047e9a3a410e97617f9959d161e,ATL,DEP,2024-01-01,WN,2588.0,ATL,PIT,1185,0.3228,14.17,2024-01-01_WN_2588.0,NARROWBODY,40,45,G58,5,1175,1245,G58,False
flight_key_v1_ff6300d0c4a86361a648bda9b84934af,ATL,ARR,2024-01-01,WN,367.0,STL,ATL,1185,0.48570001125335693,3.740000009536743,2024-01-01_WN_367.0,WIDEBODY,75,60,G63,2,1172,1277,G131,True
flight_key_v1_9ad0a631d4f18d787187dd3a9bd3862a,ATL,DEP,2024-01-01,DL,1076.0,ATL,MDW,1185,0.2316,7.18,2024-01-01_DL_1076.0,NARROWBODY,40,45,G90,2,1172,1242,G90,False
flight_key_v1_9a42d0995e2461f5b856c05fe0db92a1,ATL,DEP,2024-01-01,WN,3035.0,ATL,MKE,1185,0.3062,11.08,2024-01-01_WN_3035.0,NARROWBODY,40,45,G91,3,1173,1243,G91,False
flight_key_v1_43b851ed551554bd6ba20723f4c74b70,ATL,DEP,2024-01-01,NK,963.0,ATL,IAH,1186,0.3117,16.54,2024-01-01_NK_963.0,WIDEBODY,75,60,G92,5,1176,1281,G92,False
flight_key_v1_c7b368adfc3d73b2d5e63f98f51e98d7,ATL,ARR,2024-01-01,DL,2418.0,MEM,ATL,1186,0.2092999964952469,0.8199999928474426,2024-01-01_DL_2418.0,NARROWBODY,40,45,G93,0,1171,1241,G93,False
flight_key_v1_f5a8003816d54354b6a9f221bb368d54,ATL,ARR,2024-01-01,DL,938.0,LGA,ATL,1187,0.3255000114440918,1.090000033378601,2024-01-01_DL_938.0,WIDEBODY,75,60,G95,0,1172,1277,G95,False
flight_key_v1_f571cc030645ebaeb52aa99d638c0cb7,ATL,DEP,2024-01-01,DL,966.0,ATL,LAS,1189,0.2356,7.63,2024-01-01_DL_966.0,WIDEBODY,75,60,G43,2,1176,1281,G43,False
flight_key_v1_7315a4b163eef6da2cf9b24b40ec265a,ATL,DEP,2024-01-01,WN,1141.0,ATL,AUS,1190,0.2944,10.68,2024-01-01_WN_1141.0,NARROWBODY,40,45,G09,3,1178,1248,G09,False
flight_key_v1_fedfb92bb7e4d9ab89ecc4ec8cabccca,ATL,ARR,2024-01-01,DL,1334.0,RDU,ATL,1191,0.27379998564720154,0.8199999928474426,2024-01-01_DL_1334.0,NARROWBODY,40,45,G25,0,1176,1246,G64,True
flight_key_v1_87eb4332f4acb1b8885c750b88808103,ATL,ARR,2024-01-01,DL,796.0,PHX,ATL,1191,0.23729999363422394,1.3300000429153442,2024-01-01_DL_796.0,NARROWBODY,40,45,G49,0,1176,1246,G49,False
flight_key_v1_7b2bdea07a00a1df5a2bee7103133e91,ATL,DEP,2024-01-01,DL,2914.0,ATL,RSW,1194,0.2329,6.41,2024-01-01_DL_2914.0,NARROWBODY,40,45,G50,1,1180,1250,G50,False
flight_key_v1_c9f3f24d59ae08fdefcc3104aa52194d,ATL,DEP,2024-01-01,DL,414.0,ATL,PHX,1194,0.2334,6.51,2024-01-01_DL_414.0,NARROWBODY,40,45,G65,2,1181,1251,G65,False
flight_key_v1_b538568c8524532ef959c43c09ed957b,ATL,DEP,2024-01-01,DL,1507.0,ATL,COS,1194,0.2316,6.33,2024-01-01_DL_1507.0,WIDEBODY,75,60,G85,1,1180,1285,G85,False
flight_key_v1_1c1bccfb55a290bdb45d351bedee7fd5,ATL,DEP,2024-01-01,DL,888.0,ATL,PDX,1195,0.2247,6.17,2024-01-01_DL_888.0,WIDEBODY,75,60,G12,1,1181,1286,G12,False
flight_key_v1_4bdd5c872ed0a4a7e027e9ce71a0f38c,ATL,DEP,2024-01-01,DL,1518.0,ATL,RDU,1195,0.2302,6.58,2024-01-01_DL_1518.0,NARROWBODY,40,45,G96,2,1182,1252,G96,False
flight_key_v1_d47eee12f5a9c269237788079148fe39,ATL,DEP,2024-01-01,DL,1606.0,ATL,PBI,1195,0.2384,7.02,2024-01-01_DL_1606.0,NARROWBODY,40,45,G98,2,1182,1252,G98,False
flight_key_v1_cef0e7926a2256b1bfe01901cc83cd04,ATL,DEP,2024-01-01,DL,1457.0,ATL,TPA,1195,0.2318,7.16,2024-01-01_DL_1457.0,WIDEBODY,75,60,G104,2,1182,1287,G104,False
flight_key_v1_5aa4505a76ce4d2d26ba559417448963,ATL,DEP,2024-01-01,WN,2271.0,ATL,STL,1195,0.2924,10.19,2024-01-01_WN_2271.0,NARROWBODY,40,45,G105,3,1183,1253,G105,False
flight_key_v1_bb6f0f3257c4960be96b8fd0ee4ab6d4,ATL,ARR,2024-01-01,DL,1110.0,RSW,ATL,1196,0.20569999516010284,0.8199999928474426,2024-01-01_DL_1110.0,NARROWBODY,40,45,G72,0,1181,1251,G72,False
flight_key_v1_3675d495538d6f6f9d401b7c0b13c26b,ATL,DEP,2024-01-01,DL,1489.0,ATL,FLL,1196,0.2333,7.13,2024-01-01_DL_1489.0,NARROWBODY,40,45,G106,2,1183,1253,G106,False
flight_key_v1_8a6a0babde70930574af74e3c95f02fa,ATL,ARR,2024-01-01,DL,945.0,LAS,ATL,1197,0.31769999861717224,2.3299999237060547,2024-01-01_DL_945.0,NARROWBODY,40,45,G84,1,1183,1253,G84,False
flight_key_v1_f612d7d9f799ed66daa4a427af7f17c5,ATL,ARR,2024-01-01,NK,1440.0,MSY,ATL,1198,0.4050999879837036,4.309999942779541,2024-01-01_NK_1440.0,NARROWBODY,40,45,G59,2,1185,1255,G59,False
flight_key_v1_02fd264aa103259e448ce6eeda657deb,ATL,ARR,2024-01-01,DL,1029.0,MTJ,ATL,1199,0.2935999929904938,3.0299999713897705,2024-01-01_DL_1029.0,NARROWBODY,40,45,G60,1,1185,1255,G60,False
flight_key_v1_b1aa75022c5d54070c7790ce56a6c3a7,ATL,ARR,2024-01-01,DL,1347.0,SAT,ATL,1199,0.23520000278949738,0.8199999928474426,2024-01-01_DL_1347.0,NARROWBODY,40,45,G107,0,1184,1254,G107,False
flight_key_v1_7b09a6c2a6a0fe756df99d2e4e3be488,ATL,ARR,2024-01-01,DL,787.0,GEG,ATL,1199,0.20800000429153442,0.9700000286102295,2024-01-01_DL_787.0,NARROWBODY,40,45,G108,0,1184,1254,G108,False
flight_key_v1_216a3c926193716093460a50cbf032d5,ATL,DEP,2024-01-01,9E,5004.0,ATL,AEX,1200,0.2352,6.05,2024-01-01_9E_5004.0,NARROWBODY,40,45,G13,1,1186,1256,G63,True
flight_key_v1_ae25bb70c37d848f7246689160428ead,ATL,DEP,2024-01-01,OO,3706.0,ATL,BQK,1200,0.2316,5.64,2024-01-01_OO_3706.0,WIDEBODY,75,60,G26,1,1186,1291,G26,False
flight_key_v1_4e87ff52e2457f57b9dbd0d267ff4ebb,ATL,DEP,2024-01-01,OO,3691.0,ATL,ABY,1200,0.2316,5.64,2024-01-01_OO_3691.0,NARROWBODY,40,45,G35,1,1186,1256,G35,False
flight_key_v1_bbf77ec8e3d50fcd474137f4d9c3ba88,ATL,DEP,2024-01-01,NK,1361.0,ATL,LAS,1200,0.3137,17.79,2024-01-01_NK_1361.0,NARROWBODY,40,45,G110,6,1191,1261,G110,False
flight_key_v1_21d74905e710e2b354649ba74e0440e9,ATL,ARR,2024-01-01,WN,2378.0,PIT,ATL,1200,0.4142000079154968,3.740000009536743,2024-01-01_WN_2378.0,NARROWBODY,40,45,G111,2,1187,1257,G111,False
flight_key_v1_8cf5e8172b4cf82df0e9f1324f1cd7f3,ATL,ARR,2024-01-01,F9,3975.0,MCO,ATL,1201,0.6502000093460083,6.25,2024-01-01_F9_3975.0,NARROWBODY,40,45,G112,4,1190,1260,G112,False
flight_key_v1_62f995c57758da33a54160c8fc3cc573,ATL,ARR,2024-01-01,DL,988.0,TPA,ATL,1202,0.24690000712871552,1.809999942779541,2024-01-01_DL_988.0,WIDEBODY,75,60,G66,0,1187,1292,G135,True
flight_key_v1_cfcec5bb8e9eeba8825bb872fd6016a9,ATL,DEP,2024-01-01,9E,5101.0,ATL,MSN,1205,0.2352,7.08,2024-01-01_9E_5101.0,NARROWBODY,40,45,G15,2,1192,1262,G15,False
flight_key_v1_f1aaee4e8642d031ebbb1abd9ce7cbdb,ATL,DEP,2024-01-01,9E,5443.0,ATL,VLD,1207,0.2352,5.75,2024-01-01_9E_5443.0,NARROWBODY,40,45,G16,1,1193,1263,G16,False
flight_key_v1_581e3357515f139b383166b8c1b873f3,ATL,ARR,2024-01-01,9E,4958.0,MLI,ATL,1208,0.3917999863624573,1.5,2024-01-01_9E_4958.0,NARROWBODY,40,45,G31,1,1194,1264,G31,False
flight_key_v1_f26769133907715ae7477bad7a307159,ATL,DEP,2024-01-01,B6,2513.0,ATL,LGA,1209,0.3051,15.83,2024-01-01_B6_2513.0,NARROWBODY,40,45,G36,5,1199,1269,G36,False
flight_key_v1_2ad48b057189418ac0e46bfa160bc6fb,ATL,ARR,2024-01-01,DL,1128.0,BWI,ATL,1209,0.26899999380111694,2.2200000286102295,2024-01-01_DL_1128.0,NARROWBODY,40,45,G38,1,1195,1265,G38,False
flight_key_v1_a373c637c273c433ef1d27caff8950bc,ATL,ARR,2024-01-01,DL,1386.0,MIA,ATL,1209,0.32420000433921814,2.2200000286102295,2024-01-01_DL_1386.0,NARROWBODY,40,45,G42,1,1195,1265,G42,False
flight_key_v1_2f91701e0085abea496b3c27133ada41,ATL,ARR,2024-01-01,9E,5359.0,AGS,ATL,1210,0.25679999589920044,2.2699999809265137,2024-01-01_9E_5359.0,NARROWBODY,40,45,G02,1,1196,1266,G02,False
flight_key_v1_dd75e9483bfd849ac6b0d6afd0ebba26,ATL,DEP,2024-01-01,DL,1251.0,ATL,TUS,1210,0.2316,6.28,2024-01-01_DL_1251.0,NARROWBODY,40,45,G32,1,1196,1266,G66,True
flight_key_v1_be7584b4a3aa848428804fd461aa90c4,ATL,ARR,2024-01-01,DL,1602.0,DEN,ATL,1210,0.4032999873161316,3.0299999713897705,2024-01-01_DL_1602.0,WIDEBODY,75,60,G67,1,1196,1301,G67,False
flight_key_v1_95107326481940b722e2711f4b5dbb2c,ATL,ARR,2024-01-01,DL,512.0,BOS,ATL,1210,0.31520000100135803,2.2200000286102295,2024-01-01_DL_512.0,NARROWBODY,40,45,G68,1,1196,1266,G68,False
flight_key_v1_ec65998a936adceeb9596000d50964e5,ATL,DEP,2024-01-01,WN,498.0,ATL,DAL,1210,0.2924,10.26,2024-01-01_WN_498.0,NARROWBODY,40,45,G69,3,1198,1268,G69,False
flight_key_v1_4bd6368592d420fb06e8158cfdc49d49,ATL,DEP,2024-01-01,DL,331.0,ATL,LAX,1210,0.2396,8.39,2024-01-01_DL_331.0,NARROWBODY,40,45,G73,2,1197,1267,G73,False
flight_key_v1_1e737830c87c192944c152bc58f40bed,ATL,DEP,2024-01-01,WN,2077.0,ATL,MDW,1210,0.3062,11.08,2024-01-01_WN_2077.0,NARROWBODY,40,45,G74,3,1198,1268,G74,False
flight_key_v1_5413075a7a0dae8c000b1bd11602079b,ATL,ARR,2024-01-01,DL,1742.0,MCO,ATL,1212,0.30320000648498535,2.680000066757202,2024-01-01_DL_1742.0,NARROWBODY,40,45,G75,1,1198,1268,G75,False
flight_key_v1_c13d0568fe731c43b2b552b8703f97cf,ATL,ARR,2024-01-01,DL,904.0,SMF,ATL,1212,0.24060000479221344,0.9700000286102295,2024-01-01_DL_904.0,NARROWBODY,40,45,G94,0,1197,1267,G94,False
flight_key_v1_c5191c7c4830a1c4b49db8c72ff3336c,ATL,ARR,2024-01-01,DL,2479.0,ORD,ATL,1213,0.4429999887943268,3.0299999713897705,2024-01-01_DL_2479.0,NARROWBODY,40,45,G99,1,1199,1269,G99,False
flight_key_v1_c47abf9e05580a1951f59de27b157e68,ATL,ARR,2024-01-01,DL,2053.0,DTW,ATL,1213,0.3513000011444092,1.2300000190734863,2024-01-01_DL_2053.0,NARROWBODY,40,45,G100,0,1198,1268,G100,False
flight_key_v1_f5b4c076483b3eb5e5d35e6b190919b9,ATL,ARR,2024-01-01,DL,1548.0,EYW,ATL,1214,0.3176000118255615,1.090000033378601,2024-01-01_DL_1548.0,NARROWBODY,40,45,G18,0,1199,1269,G18,False
flight_key_v1_2139429ff4edff605cfeb7c4e1b0bf62,ATL,ARR,2024-01-01,DL,809.0,SJC,ATL,1215,0.19529999792575836,0.9700000286102295,2024-01-01_DL_809.0,NARROWBODY,40,45,G39,0,1200,1270,G39,False
flight_key_v1_66caaca62495f9d2465890683e0fe271,ATL,ARR,2024-01-01,DL,1362.0,EGE,ATL,1215,0.24629999697208405,3.0299999713897705,2024-01-01_DL_1362.0,NARROWBODY,40,45,G56,1,1201,1271,G124,True
flight_key_v1_e8f629e5ad557cb7a5cdb3c04c027430,ATL,ARR,2024-01-01,F9,2144.0,MDW,ATL,1215,0.5347999930381775,6.039999961853027,2024-01-01_F9_2144.0,NARROWBODY,40,45,G76,3,1203,1273,G76,False
flight_key_v1_7e6d8eb6ce501525510f667822a51e22,ATL,DEP,2024-01-01,DL,2701.0,ATL,ILM,1215,0.2316,5.89,2024-01-01_DL_2701.0,NARROWBODY,40,45,G101,1,1201,1271,G101,False
flight_key_v1_62f561ee51b2cc8b528e98a4a60abdd0,ATL,DEP,2024-01-01,AA,2403.0,ATL,DFW,1216,0.2451,8.14,2024-01-01_AA_2403.0,NARROWBODY,40,45,G102,2,1203,1273,G102,False
flight_key_v1_a98120c926264a61c73d979bec3db218,ATL,ARR,2024-01-01,DL,874.0,BOI,ATL,1218,0.2915000021457672,1.5,2024-01-01_DL_874.0,NARROWBODY,40,45,G21,0,1203,1273,G21,False
flight_key_v1_8f209f8d500b35e17529eae27d4cf321,ATL,ARR,2024-01-01,DL,2191.0,MDW,ATL,1219,0.26260000467300415,2.2200000286102295,2024-01-01_DL_2191.0,NARROWBODY,40,45,G33,1,1205,1275,G33,False
flight_key_v1_8dee2aa840aad5f10a24431297cdb1ed,ATL,ARR,2024-01-01,DL,2384.0,AUS,ATL,1219,0.2215999960899353,0.8199999928474426,2024-01-01_DL_2384.0,WIDEBODY,75,60,G57,0,1204,1309,G57,False
flight_key_v1_4f49f11625ef6bb8c0ad2adfb75eff5f,ATL,ARR,2024-01-01,WN,1637.0,CMH,ATL,1220,0.40950000286102295,3.740000009536743,2024-01-01_WN_1637.0,NARROWBODY,40,45,G109,2,1207,1277,G109,False
flight_key_v1_a09e56e96c7c7f3969b779bc5a66279d,ATL,ARR,2024-01-01,DL,329.0,SNA,ATL,1220,0.3077999949455261,1.8300000429153442,2024-01-01_DL_329.0,NARROWBODY,40,45,G113,1,1206,1276,G113,False
flight_key_v1_d7833aab96dc35b6e258351a5823c56e,ATL,DEP,2024-01-01,WN,2050.0,ATL,LGA,1220,0.2924,10.19,2024-01-01_WN_2050.0,NARROWBODY,40,45,G114,3,1208,1278,G114,False
flight_key_v1_9f2c29e1d57257e595a41ce7bca6a16a,ATL,ARR,2024-01-01,DL,2340.0,MSY,ATL,1220,0.2558000087738037,1.3300000429153442,2024-01-01_DL_2340.0,NARROWBODY,40,45,G115,0,1205,1275,G115,False
flight_key_v1_63b68a4aef351ed5567d527aa4e44c63,ATL,ARR,2024-01-01,WN,2194.0,MDW,ATL,1220,0.5267999768257141,4.96999979019165,2024-01-01_WN_2194.0,NARROWBODY,40,45,G116,3,1208,1278,G116,False
flight_key_v1_d62ee264d2516559b12377ed604e458d,ATL,ARR,2024-01-01,DL,2044.0,FLL,ATL,1220,0.3043999969959259,2.2200000286102295,2024-01-01_DL_2044.0,NARROWBODY,40,45,G117,1,1206,1276,G117,False
flight_key_v1_3cc06656ff30616dfba80f6cfb42ee09,ATL,DEP,2024-01-01,9E,5204.0,ATL,ATW,1220,0.2352,7.15,2024-01-01_9E_5204.0,NARROWBODY,40,45,G118,2,1207,1277,G118,False
flight_key_v1_7d54b8af7135fbbfdf3f110c535287e8,ATL,ARR,2024-01-01,DL,541.0,ONT,ATL,1220,0.2378000020980835,0.8999999761581421,2024-01-01_DL_541.0,WIDEBODY,75,60,G119,0,1205,1310,G119,False
flight_key_v1_0f543b596ffdf9652e16feca490b1513,ATL,DEP,2024-01-01,DL,493.0,ATL,DEN,1222,0.2337,6.71,2024-01-01_DL_493.0,NARROWBODY,40,45,G08,2,1209,1279,G56,True
flight_key_v1_188ac2bd7ee072d16bc7e90311f46f03,ATL,ARR,2024-01-01,NK,2721.0,SJU,ATL,1223,0.42410001158714294,6.019999980926514,2024-01-01_NK_2721.0,NARROWBODY,40,45,G22,3,1211,1281,G22,False
flight_key_v1_f1171143ead2fa9929ed58a649283a91,ATL,DEP,2024-01-01,YX,4375.0,ATL,DCA,1228,0.237,6.24,2024-01-01_YX_4375.0,NARROWBODY,40,45,G01,1,1214,1284,G01,False
flight_key_v1_b2722e4b46231bb5d9921e1b6ca0db51,ATL,DEP,2024-01-01,NK,1893.0,ATL,FLL,1229,0.3137,17.43,2024-01-01_NK_1893.0,NARROWBODY,40,45,G41,5,1219,1289,G41,False
flight_key_v1_a36cda993724500ccb33bea2ac732628,ATL,DEP,2024-01-01,WN,367.0,ATL,LAS,1230,0.3082,11.9,2024-01-01_WN_367.0,NARROWBODY,40,45,G03,4,1219,1289,G03,False
flight_key_v1_438ceb060e3b605d3f6ab5c71928cd94,ATL,ARR,2024-01-01,DL,1254.0,HOU,ATL,1234,0.3215999901294708,1.5800000429153442,2024-01-01_DL_1254.0,NARROWBODY,40,45,G10,1,1220,1290,G10,False
flight_key_v1_14dbe33572384c9c973852060e85d29a,ATL,ARR,2024-01-01,F9,3781.0,TPA,ATL,1234,0.5787000060081482,6.539999961853027,2024-01-01_F9_3781.0,NARROWBODY,40,45,G44,4,1223,1293,G44,False
flight_key_v1_2942c5893c3fae3dfcfa335c93a693b9,ATL,DEP,2024-01-01,WN,2421.0,ATL,DCA,1235,0.3082,10.87,2024-01-01_WN_2421.0,NARROWBODY,40,45,G04,3,1223,1293,G04,False
flight_key_v1_103795950271c3332adf853de6e217f2,ATL,ARR,2024-01-01,WN,3448.0,LGA,ATL,1235,0.5512999892234802,4.559999942779541,2024-01-01_WN_3448.0,NARROWBODY,40,45,G11,3,1223,1293,G11,False
flight_key_v1_0e882489a45346f5b8e1cc1fedcb2311,ATL,ARR,2024-01-01,NK,1078.0,FLL,ATL,1240,0.5153999924659729,5.860000133514404,2024-01-01_NK_1078.0,NARROWBODY,40,45,G05,3,1228,1298,G05,False
flight_key_v1_61c91857cebd4a069f755693fd052745,ATL,ARR,2024-01-01,WN,1666.0,BWI,ATL,1240,0.5698999762535095,5.650000095367432,2024-01-01_WN_1666.0,NARROWBODY,40,45,G14,3,1228,1298,G14,False
flight_key_v1_6b42b5c1c6d451023ccf62574cb093f3,ATL,ARR,2024-01-01,DL,1608.0,DCA,ATL,1242,0.2721000015735626,1.5800000429153442,2024-01-01_DL_1608.0,NARROWBODY,40,45,G24,0,1227,1297,G24,False
flight_key_v1_0c47eafd02a77a042eb63107bfbe7ec9,ATL,ARR,2024-01-01,DL,786.0,PDX,ATL,1247,0.20350000262260437,0.8999999761581421,2024-01-01_DL_786.0,NARROWBODY,40,45,G27,0,1232,1302,G27,False
flight_key_v1_cd326a8dfc99b826bf7c2a0b0484d24b,ATL,ARR,2024-01-01,DL,307.0,JAC,ATL,1248,0.49619999527931213,6.449999809265137,2024-01-01_DL_307.0,WIDEBODY,75,60,G06,3,1236,1341,G06,False
flight_key_v1_a7b7d63d763e47776bb84b28b573ee2a,ATL,ARR,2024-01-01,DL,314.0,PSP,ATL,1249,0.4052000045776367,2.380000114440918,2024-01-01_DL_314.0,NARROWBODY,40,45,G28,1,1235,1305,G28,False
flight_key_v1_0df67ae806efed5e09d055e38816989a,ATL,ARR,2024-01-01,WN,2830.0,MEM,ATL,1250,0.5115000009536743,4.559999942779541,2024-01-01_WN_2830.0,NARROWBODY,40,45,G07,2,1237,1307,G123,True
flight_key_v1_6b9ecb54f686f8cb5e3711add32f4a03,ATL,ARR,2024-01-01,OO,4147.0,ASE,ATL,1251,0.6302000284194946,7.179999828338623,2024-01-01_OO_4147.0,NARROWBODY,40,45,G19,5,1241,1311,G19,False
flight_key_v1_96e3acac583184db177146c9eaed01dd,ATL,ARR,2024-01-01,WN,1365.0,MCI,ATL,1255,0.5141000151634216,5.789999961853027,2024-01-01_WN_1365.0,WIDEBODY,75,60,G17,3,1243,1348,G17,False
flight_key_v1_ff608861e422cb346bc00e4473acaa47,ATL,ARR,2024-01-01,WN,1778.0,JAN,ATL,1255,0.4652999937534332,4.559999942779541,2024-01-01_WN_1778.0,NARROWBODY,40,45,G29,2,1242,1312,G29,False
flight_key_v1_8a623ed743e5674fe7bf692620215c88,ATL,DEP,2024-01-01,DL,2334.0,ATL,BUF,1255,0.2356,9.27,2024-01-01_DL_2334.0,NARROWBODY,40,45,G30,2,1242,1312,G30,False
flight_key_v1_660731749809f841ae27e0d6521aaa71,ATL,ARR,2024-01-01,WN,561.0,MKE,ATL,1255,0.4593999981880188,5.789999961853027,2024-01-01_WN_561.0,NARROWBODY,40,45,G37,3,1243,1313,G37,False
flight_key_v1_2a55bc33aa119f7edc8881b6057e0fe2,ATL,DEP,2024-01-01,DL,2865.0,ATL,GRR,1255,0.2422,9.28,2024-01-01_DL_2865.0,NARROWBODY,40,45,G40,2,1242,1312,G40,False
flight_key_v1_1394c238873ba819f8a26f8084f1b924,ATL,DEP,2024-01-01,DL,2275.0,ATL,AVL,1255,0.2422,9.02,2024-01-01_DL_2275.0,NARROWBODY,40,45,G45,2,1242,1312,G45,False
flight_key_v1_3885865bf16b94c16ee8c70bf13fdc42,ATL,ARR,2024-01-01,WN,3158.0,MSY,ATL,1255,0.5400000214576721,5.119999885559082,2024-01-01_WN_3158.0,NARROWBODY,40,45,G46,3,1243,1313,G46,False
flight_key_v1_8eb3efd152a851102c4f199b3f211e6a,ATL,DEP,2024-01-01,DL,1397.0,ATL,BOS,1255,0.239,8.09,2024-01-01_DL_1397.0,NARROWBODY,40,45,G47,2,1242,1312,G47,False
flight_key_v1_bbb0fd309f6043c293294b32832b1832,ATL,DEP,2024-01-01,DL,2423.0,ATL,OKC,1255,0.2316,7.09,2024-01-01_DL_2423.0,NARROWBODY,40,45,G48,2,1242,1312,G48,False
flight_key_v1_619d76a8a23e3f8e5f1e15e40aed970e,ATL,DEP,2024-01-01,F9,4891.0,ATL,PHX,1259,0.3044,11.61,2024-01-01_F9_4891.0,NARROWBODY,40,45,G51,4,1248,1318,G51,False
flight_key_v1_c2e1127c42db15db7ddc759315c5a739,ATL,DEP,2024-01-01,DL,2435.0,ATL,MLB,1259,0.2316,6.77,2024-01-01_DL_2435.0,NARROWBODY,40,45,G52,2,1246,1316,G52,False
flight_key_v1_f5747f83f8c21c2b05e2a3cecbd6cbd8,ATL,ARR,2024-01-01,DL,2862.0,OKC,ATL,1259,0.2574000060558319,4.380000114440918,2024-01-01_DL_2862.0,NARROWBODY,40,45,G53,1,1245,1315,G53,False
flight_key_v1_26f1bea55ab30adb1c8bb942ee739829,ATL,DEP,2024-01-01,DL,1531.0,ATL,ABQ,1260,0.2333,7.48,2024-01-01_DL_1531.0,NARROWBODY,40,45,G09,2,1247,1317,G126,True
flight_key_v1_ca1b503989968660adf9a50a093dd4b3,ATL,DEP,2024-01-01,DL,2306.0,ATL,DSM,1260,0.2316,7.18,2024-01-01_DL_2306.0,NARROWBODY,40,45,G34,2,1247,1317,G34,False
flight_key_v1_330c9911bbdc8f3dcd829e0dc2610f04,ATL,ARR,2024-01-01,WN,2470.0,AUS,ATL,1260,0.4722000062465668,4.769999980926514,2024-01-01_WN_2470.0,NARROWBODY,40,45,G54,2,1247,1317,G54,False
flight_key_v1_62ae723cf5a9c2fca73ca491d6a86a44,ATL,ARR,2024-01-01,WN,3467.0,PHX,ATL,1260,0.5325999855995178,5.119999885559082,2024-01-01_WN_3467.0,NARROWBODY,40,45,G58,3,1248,1318,G58,False
flight_key_v1_50f04a18947f59b1edcbf5d1363dbdae,ATL,DEP,2024-01-01,DL,2419.0,ATL,BTV,1260,0.2469,10.2,2024-01-01_DL_2419.0,NARROWBODY,40,45,G64,3,1248,1318,G64,False
flight_key_v1_2ad637bfaee41c04080fe629e8eb4ea6,ATL,ARR,2024-01-01,AA,1045.0,MIA,ATL,1260,0.4934000074863434,5.179999828338623,2024-01-01_AA_1045.0,WIDEBODY,75,60,G70,3,1248,1353,G70,False
flight_key_v1_a7bf1d66b3579903b4307837a01beb6c,ATL,DEP,2024-01-01,DL,453.0,ATL,SLC,1260,0.2247,6.86,2024-01-01_DL_453.0,NARROWBODY,40,45,G71,2,1247,1317,G71,False
flight_key_v1_e0b9299263a0eaaaaeca28a9018251e8,ATL,DEP,2024-01-01,DL,31.0,ATL,DFW,1260,0.2413,8.61,2024-01-01_DL_31.0,NARROWBODY,40,45,G77,2,1247,1317,G77,False
flight_key_v1_5f471a603cd110e3c3d6af6ca8eb0869,ATL,DEP,2024-01-01,OO,3900.0,ATL,EVV,1260,0.2316,6.62,2024-01-01_OO_3900.0,NARROWBODY,40,45,G78,2,1247,1317,G78,False
flight_key_v1_638d8da47ecf8183f33e3efcc5f2b365,ATL,DEP,2024-01-01,DL,2121.0,ATL,PNS,1260,0.2316,6.77,2024-01-01_DL_2121.0,WIDEBODY,75,60,G80,2,1247,1352,G80,False
flight_key_v1_bcf49d5204909142c2cf2a7bf22afe08,ATL,DEP,2024-01-01,DL,2938.0,ATL,MYR,1260,0.2316,6.77,2024-01-01_DL_2938.0,WIDEBODY,75,60,G81,2,1247,1352,G81,False
flight_key_v1_f6f5f9706ecfc9b33cf197b5a9147fe2,ATL,DEP,2024-01-01,9E,4930.0,ATL,XNA,1260,0.2352,6.92,2024-01-01_9E_4930.0,NARROWBODY,40,45,G82,2,1247,1317,G82,False
flight_key_v1_08959c6c03145d604ca71dff12ee9db1,ATL,DEP,2024-01-01,DL,2771.0,ATL,DAY,1260,0.2316,6.93,2024-01-01_DL_2771.0,NARROWBODY,40,45,G83,2,1247,1317,G83,False
flight_key_v1_a4e02a12cbff9db92dc473a837f70358,ATL,DEP,2024-01-01,DL,1502.0,ATL,DTW,1260,0.2422,9.28,2024-01-01_DL_1502.0,NARROWBODY,40,45,G86,2,1247,1317,G86,False
flight_key_v1_90b7671153bfa510b6c5596eb11a0164,ATL,DEP,2024-01-01,9E,5008.0,ATL,SGF,1265,0.2352,7.08,2024-01-01_9E_5008.0,NARROWBODY,40,45,G25,2,1252,1322,G25,False
flight_key_v1_951c358992e02af842af3ec53849f852,ATL,ARR,2024-01-01,WN,336.0,IND,ATL,1265,0.4652000069618225,4.559999942779541,2024-01-01_WN_336.0,NARROWBODY,40,45,G49,2,1252,1322,G49,False
flight_key_v1_f2aa16a8a7d3a0eb40c225b03f7cdb2f,ATL,DEP,2024-01-01,DL,2948.0,ATL,GRB,1265,0.2422,9.28,2024-01-01_DL_2948.0,NARROWBODY,40,45,G50,2,1252,1322,G50,False
flight_key_v1_516e36d365a54fa688e1a356320fbd05,ATL,DEP,2024-01-01,DL,825.0,ATL,LAS,1265,0.2356,7.6,2024-01-01_DL_825.0,NARROWBODY,40,45,G61,2,1252,1322,G61,False
flight_key_v1_67a71514ef0779c532696714aaed6ff6,ATL,ARR,2024-01-01,WN,1917.0,SAT,ATL,1265,0.46860000491142273,4.559999942779541,2024-01-01_WN_1917.0,NARROWBODY,40,45,G65,2,1252,1322,G65,False
flight_key_v1_d4bb66a377c38b4bc03fa71b2bbb75be,ATL,ARR,2024-01-01,WN,429.0,DEN,ATL,1265,0.576200008392334,5.650000095367432,2024-01-01_WN_429.0,NARROWBODY,40,45,G87,3,1253,1323,G87,False
flight_key_v1_343a30b4ba786481a179e21dffc02136,ATL,ARR,2024-01-01,WN,2415.0,BNA,ATL,1265,0.5302000045776367,4.559999942779541,2024-01-01_WN_2415.0,NARROWBODY,40,45,G89,2,1252,1322,G89,False
flight_key_v1_a903801e86a3f2c5219d28663bd5d4d2,ATL,DEP,2024-01-01,WN,2257.0,ATL,CMH,1265,0.3062,10.83,2024-01-01_WN_2257.0,NARROWBODY,40,45,G90,3,1253,1323,G90,False
flight_key_v1_135f279c6d2d569063acbf3e9bacd240,ATL,ARR,2024-01-01,WN,1683.0,TPA,ATL,1265,0.5040000081062317,5.46999979019165,2024-01-01_WN_1683.0,WIDEBODY,75,60,G91,3,1253,1358,G91,False
flight_key_v1_e2c73639a0f2f750a6104c847695ec90,ATL,DEP,2024-01-01,9E,5208.0,ATL,OAJ,1265,0.2352,6.67,2024-01-01_9E_5208.0,NARROWBODY,40,45,G93,2,1252,1322,G93,False
flight_key_v1_c231fa1cddc9091fe898078ff45c1236,ATL,DEP,2024-01-01,9E,4954.0,ATL,CRW,1265,0.2352,6.83,2024-01-01_9E_4954.0,NARROWBODY,40,45,G96,2,1252,1322,G96,False
flight_key_v1_722d6696eb262a5479401dd47971580e,ATL,DEP,2024-01-01,OO,4110.0,ATL,CSG,1265,0.2422,8.84,2024-01-01_OO_4110.0,NARROWBODY,40,45,G97,2,1252,1322,G97,False
flight_key_v1_bc961a526ad272852301c35612888518,ATL,ARR,2024-01-01,DL,2364.0,OMA,ATL,1266,0.3127000033855438,4.380000114440918,2024-01-01_DL_2364.0,NARROWBODY,40,45,G62,1,1252,1322,G132,True
flight_key_v1_5a52f37e4c5e4c78dba9d209635ddb71,ATL,DEP,2024-01-01,DL,989.0,ATL,ONT,1267,0.2316,7.08,2024-01-01_DL_989.0,NARROWBODY,40,45,G72,2,1254,1324,G72,False
flight_key_v1_2cca7cfd95dd9301788dc16148b05b14,ATL,ARR,2024-01-01,DL,555.0,LAS,ATL,1270,0.3578999936580658,3.130000114440918,2024-01-01_DL_555.0,NARROWBODY,40,45,G13,1,1256,1326,G13,False
flight_key_v1_709ee3924af6c84eee1eaf442a3b57ba,ATL,ARR,2024-01-01,DL,1946.0,SJU,ATL,1270,0.28780001401901245,3.890000104904175,2024-01-01_DL_1946.0,WIDEBODY,75,60,G35,1,1256,1361,G35,False
flight_key_v1_503d686925642a00d1115a904070cd8c,ATL,DEP,2024-01-01,9E,5224.0,ATL,TYS,1270,0.2352,6.67,2024-01-01_9E_5224.0,NARROWBODY,40,45,G59,2,1257,1327,G59,False
flight_key_v1_ae23976b308b800587887a70d27f7f20,ATL,DEP,2024-01-01,9E,5009.0,ATL,DHN,1270,0.246,8.76,2024-01-01_9E_5009.0,WIDEBODY,75,60,G60,2,1257,1362,G60,False
flight_key_v1_cae97d5f932b9e0792d26145b3079cff,ATL,DEP,2024-01-01,DL,2956.0,ATL,CID,1270,0.2422,9.28,2024-01-01_DL_2956.0,WIDEBODY,75,60,G84,2,1257,1362,G84,False
flight_key_v1_c111a3cfc252553e8b6e8fb6acf82da6,ATL,ARR,2024-01-01,WN,3354.0,FLL,ATL,1270,0.5737000107765198,5.860000133514404,2024-01-01_WN_3354.0,NARROWBODY,40,45,G98,3,1258,1328,G98,False
flight_key_v1_62069195a730184620a47289aa39a4ea,ATL,ARR,2024-01-01,YX,4277.0,PHL,ATL,1274,0.32600000500679016,1.5800000429153442,2024-01-01_YX_4277.0,WIDEBODY,75,60,G103,1,1260,1365,G103,False
flight_key_v1_3bd90e12a618051088486180d2979c73,ATL,DEP,2024-01-01,DL,2511.0,ATL,JFK,1275,0.2316,7.09,2024-01-01_DL_2511.0,NARROWBODY,40,45,G15,2,1262,1332,G15,False
flight_key_v1_169cc6e0fb7d740a0778513a7f64df88,ATL,DEP,2024-01-01,DL,2060.0,ATL,VPS,1275,0.2316,6.77,2024-01-01_DL_2060.0,NARROWBODY,40,45,G105,2,1262,1332,G105,False
flight_key_v1_c84ad5d1d42926ddb26ea6a8b57f1144,ATL,DEP,2024-01-01,OO,3683.0,ATL,FWA,1275,0.2316,7.43,2024-01-01_OO_3683.0,NARROWBODY,40,45,G106,2,1262,1332,G106,False
flight_key_v1_c7e7f04fb0190d403fc0092ce0087a99,ATL,ARR,2024-01-01,WN,3452.0,DCA,ATL,1275,0.46050000190734863,4.559999942779541,2024-01-01_WN_3452.0,NARROWBODY,40,45,G107,2,1262,1332,G107,False
flight_key_v1_e7e5c28041a25cac7a1b67a448a12e85,ATL,DEP,2024-01-01,DL,2555.0,ATL,GPT,1275,0.2316,6.77,2024-01-01_DL_2555.0,NARROWBODY,40,45,G108,2,1262,1332,G108,False
flight_key_v1_eee07183a0d7655fa7c9628432a35534,ATL,DEP,2024-01-01,DL,637.0,ATL,DCA,1275,0.2334,6.93,2024-01-01_DL_637.0,NARROWBODY,40,45,G110,2,1262,1332,G110,False
flight_key_v1_50bfe4e7f901704a69c383c957a21298,ATL,DEP,2024-01-01,F9,2484.0,ATL,MIA,1275,0.3043,11.79,2024-01-01_F9_2484.0,NARROWBODY,40,45,G111,4,1264,1334,G111,False
flight_key_v1_28fdaf1d97b1bed69e5bacd3767ba785,ATL,ARR,2024-01-01,DL,804.0,IAH,ATL,1275,0.3905999958515167,3.130000114440918,2024-01-01_DL_804.0,NARROWBODY,40,45,G112,1,1261,1331,G112,False
flight_key_v1_30292b7a9c39a51a66358b59697a7a29,ATL,DEP,2024-01-01,DL,1220.0,ATL,DAL,1275,0.2316,7.02,2024-01-01_DL_1220.0,NARROWBODY,40,45,G120,2,1262,1332,G120,False
flight_key_v1_4d9513209d110d9323bcb614766b8f63,ATL,DEP,2024-01-01,NK,1560.0,ATL,DTW,1276,0.3326,20.45,2024-01-01_NK_1560.0,NARROWBODY,40,45,G121,7,1268,1338,G121,False
flight_key_v1_2f7c8bad302631072334754e71224539,ATL,DEP,2024-01-01,DL,2911.0,ATL,MCI,1280,0.2316,7.18,2024-01-01_DL_2911.0,WIDEBODY,75,60,G02,2,1267,1372,G02,False
flight_key_v1_aea9b3e17a43ef0839572f1c0985ed99,ATL,ARR,2024-01-01,DL,2735.0,BDL,ATL,1280,0.26910001039505005,1.5800000429153442,2024-01-01_DL_2735.0,NARROWBODY,40,45,G16,0,1265,1335,G16,False
flight_key_v1_d6ddf19878876c9651672c93d69bba63,ATL,DEP,2024-01-01,WN,1666.0,ATL,DEN,1280,0.3082,11.15,2024-01-01_WN_1666.0,NARROWBODY,40,45,G31,3,1268,1338,G31,False
flight_key_v1_b4b5de9c40bdb7b83f1cf2ebf664408c,ATL,DEP,2024-01-01,DL,339.0,ATL,PHX,1280,0.2334,6.99,2024-01-01_DL_339.0,WIDEBODY,75,60,G32,2,1267,1372,G32,False
flight_key_v1_c86b5959d83564477c042851d50eaeec,ATL,DEP,2024-01-01,9E,4950.0,ATL,MLI,1281,0.246,9.18,2024-01-01_9E_4950.0,NARROWBODY,40,45,G36,2,1268,1338,G130,True
flight_key_v1_82e28cae6ca59890c50d44a5b76114e8,ATL,ARR,2024-01-01,DL,2106.0,CHS,ATL,1284,0.257099986076355,1.5800000429153442,2024-01-01_DL_2106.0,NARROWBODY,40,45,G18,0,1269,1339,G18,False
flight_key_v1_ac6d1d3ff7b50daf28ce51205f8901bf,ATL,DEP,2024-01-01,DL,2842.0,ATL,FLL,1285,0.2333,7.86,2024-01-01_DL_2842.0,NARROWBODY,40,45,G20,2,1272,1342,G128,True
flight_key_v1_a34dd4624ce423092bddd6ae57973976,ATL,DEP,2024-01-01,DL,2138.0,ATL,PWM,1285,0.2429,10.04,2024-01-01_DL_2138.0,NARROWBODY,40,45,G38,2,1272,1342,G38,False
flight_key_v1_c9d3cda6fa02b53619be97547e1f708a,ATL,DEP,2024-01-01,DL,656.0,ATL,SFO,1285,0.2625,12.02,2024-01-01_DL_656.0,NARROWBODY,40,45,G39,3,1273,1343,G39,False
flight_key_v1_5904a4def74731042f3a9722b10f8bb8,ATL,DEP,2024-01-01,DL,1198.0,ATL,MCO,1285,0.2342,8.24,2024-01-01_DL_1198.0,NARROWBODY,40,45,G42,2,1272,1342,G42,False
flight_key_v1_54be8523a6c14b51f52ece8812377f45,ATL,DEP,2024-01-01,DL,505.0,ATL,LGA,1290,0.2316,6.14,2024-01-01_DL_505.0,WIDEBODY,75,60,G21,1,1276,1381,G21,False
flight_key_v1_494d5d16224ca663c70bf5b281425cc0,ATL,ARR,2024-01-01,WN,2359.0,DAL,ATL,1290,0.5081999897956848,4.96999979019165,2024-01-01_WN_2359.0,NARROWBODY,40,45,G23,3,1278,1348,G23,False
flight_key_v1_30726e0a12de5b3175cec29c86f26d64,ATL,ARR,2024-01-01,UA,357.0,ORD,ATL,1291,0.4839000105857849,4.800000190734863,2024-01-01_UA_357.0,NARROWBODY,40,45,G33,2,1278,1348,G33,False
flight_key_v1_c460e0cdcdf086f56c4c45ac9cd71721,ATL,DEP,2024-01-01,F9,1115.0,ATL,LAS,1292,0.2927,11.55,2024-01-01_F9_1115.0,NARROWBODY,40,45,G08,3,1280,1350,G08,False
flight_key_v1_807e883e55eeab86de000b140bb6e18b,ATL,ARR,2024-01-01,DL,905.0,SLC,ATL,1294,0.3012000024318695,1.2300000190734863,2024-01-01_DL_905.0,NARROWBODY,40,45,G22,0,1279,1349,G129,True
flight_key_v1_cd2bde6ac9f7cdda5ac77b0c64be5ffe,ATL,ARR,2024-01-01,DL,374.0,DFW,ATL,1295,0.2802000045776367,2.2200000286102295,2024-01-01_DL_374.0,NARROWBODY,40,45,G43,1,1281,1351,G43,False
flight_key_v1_771c03c2d20331e03d35ceb1153b8129,ATL,DEP,2024-01-01,OO,3822.0,ATL,SHV,1295,0.2316,5.89,2024-01-01_OO_3822.0,NARROWBODY,40,45,G55,1,1281,1351,G55,False
flight_key_v1_e6ea746038dc4c8bc69ee1ce463e8ee5,ATL,DEP,2024-01-01,NK,805.0,ATL,LAS,1295,0.3137,17.79,2024-01-01_NK_805.0,NARROWBODY,40,45,G56,6,1286,1356,G56,False
flight_key_v1_38a452fc348c54f9708b6362a80ea75c,ATL,ARR,2024-01-01,F9,1596.0,ORD,ATL,1298,0.5726000070571899,6.619999885559082,2024-01-01_F9_1596.0,WIDEBODY,75,60,G01,4,1287,1392,G01,False
flight_key_v1_05b806d3312380a23086de627559ad3b,ATL,DEP,2024-01-01,DL,2064.0,ATL,PVD,1298,0.2316,6.31,2024-01-01_DL_2064.0,NARROWBODY,40,45,G63,1,1284,1354,G63,False
flight_key_v1_92c4342ecda6cba487872815a2576385,ATL,ARR,2024-01-01,DL,352.0,PHX,ATL,1298,0.24250000715255737,1.3300000429153442,2024-01-01_DL_352.0,NARROWBODY,40,45,G68,0,1283,1353,G68,False
flight_key_v1_2f486210b03044c87fc5e82e3bb686ec,ATL,ARR,2024-01-01,DL,2639.0,EWR,ATL,1299,0.397599995136261,2.2200000286102295,2024-01-01_DL_2639.0,NARROWBODY,40,45,G41,1,1285,1355,G131,True
flight_key_v1_ad97ea0d08b7cd362024bbacf5ef1927,ATL,DEP,2024-01-01,DL,1659.0,ATL,CHO,1300,0.2316,5.89,2024-01-01_DL_1659.0,NARROWBODY,40,45,G03,1,1286,1356,G125,True
flight_key_v1_da01919fec883aef6ee17916b6133e99,ATL,ARR,2024-01-01,WN,3655.0,MCO,ATL,1300,0.5763000249862671,5.179999828338623,2024-01-01_WN_3655.0,NARROWBODY,40,45,G12,3,1288,1358,G12,False
flight_key_v1_2ccd76e65da04f18ab9f48ddc39cc65b,ATL,DEP,2024-01-01,DL,1011.0,ATL,BDL,1301,0.2316,7.18,2024-01-01_DL_1011.0,NARROWBODY,40,45,G69,2,1288,1358,G69,False
flight_key_v1_59b08a0186e3585ca62c5cb8a159fe89,ATL,DEP,2024-01-01,9E,5410.0,ATL,BMI,1302,0.2352,7.08,2024-01-01_9E_5410.0,WIDEBODY,75,60,G73,2,1289,1394,G73,False
flight_key_v1_b9a946b0d9a5a384641eee8a7bc98a21,ATL,ARR,2024-01-01,DL,2902.0,IAD,ATL,1302,0.2680000066757202,1.809999942779541,2024-01-01_DL_2902.0,WIDEBODY,75,60,G74,0,1287,1392,G74,False
flight_key_v1_f959d541c791945437e4d715eb6b081e,ATL,ARR,2024-01-01,DL,2049.0,DAL,ATL,1303,0.2734000086784363,2.2200000286102295,2024-01-01_DL_2049.0,NARROWBODY,40,45,G75,1,1289,1359,G75,False
flight_key_v1_c5a74705695b8a11b050b40f604539cb,ATL,DEP,2024-01-01,9E,5259.0,ATL,TRI,1303,0.2352,5.96,2024-01-01_9E_5259.0,NARROWBODY,40,45,G76,1,1289,1359,G76,False
flight_key_v1_9814fb375c7c5f1241de5c6f8e4dade9,ATL,ARR,2024-01-01,DL,324.0,SFO,ATL,1304,0.302700012922287,1.809999942779541,2024-01-01_DL_324.0,NARROWBODY,40,45,G10,1,1290,1360,G10,False
flight_key_v1_78a39cf8eae6537cf6965d156cb94ca0,ATL,DEP,2024-01-01,WN,3158.0,ATL,RSW,1305,0.2944,10.75,2024-01-01_WN_3158.0,NARROWBODY,40,45,G04,3,1293,1363,G04,False
flight_key_v1_1e2571bf5c6314b043f683452aa9a858,ATL,DEP,2024-01-01,DL,2997.0,ATL,SRQ,1305,0.2247,5.8,2024-01-01_DL_2997.0,WIDEBODY,75,60,G11,1,1291,1396,G127,True
flight_key_v1_18bf79fa0aaf189b3130e12d91bb26d0,ATL,DEP,2024-01-01,WN,2830.0,ATL,RIC,1305,0.2924,9.94,2024-01-01_WN_2830.0,NARROWBODY,40,45,G26,3,1293,1363,G26,False
flight_key_v1_5d72a2db1d86acf0e14627105ca85b48,ATL,DEP,2024-01-01,WN,561.0,ATL,FLL,1305,0.2944,11.14,2024-01-01_WN_561.0,NARROWBODY,40,45,G44,3,1293,1363,G44,False
flight_key_v1_4ca4878b4f75142a3f16125856ea2223,ATL,DEP,2024-01-01,WN,2354.0,ATL,BWI,1305,0.3161,11.89,2024-01-01_WN_2354.0,NARROWBODY,40,45,G79,4,1294,1364,G79,False
flight_key_v1_6b48320aabcd50401199b71a7feda559,ATL,DEP,2024-01-01,DL,2746.0,ATL,HOU,1306,0.2394,7.23,2024-01-01_DL_2746.0,NARROWBODY,40,45,G85,2,1293,1363,G85,False
flight_key_v1_20389b08eb92227bfd6626ae302d294b,ATL,ARR,2024-01-01,F9,2983.0,TTN,ATL,1306,0.4763000011444092,6.25,2024-01-01_F9_2983.0,NARROWBODY,40,45,G88,3,1294,1364,G88,False
flight_key_v1_6dd0f6dae7b325f088e2f74413024714,ATL,ARR,2024-01-01,DL,545.0,LGA,ATL,1307,0.33219999074935913,1.090000033378601,2024-01-01_DL_545.0,NARROWBODY,40,45,G66,0,1292,1362,G66,False
flight_key_v1_08663631c90da96f539e87ba515bf89a,ATL,ARR,2024-01-01,NK,3878.0,DTW,ATL,1308,0.49160000681877136,4.53000020980835,2024-01-01_NK_3878.0,NARROWBODY,40,45,G92,2,1295,1365,G92,False
flight_key_v1_f9179c0f8d61ee94d1a61ffd59b88742,ATL,ARR,2024-01-01,DL,385.0,BOS,ATL,1308,0.3109000027179718,2.2200000286102295,2024-01-01_DL_385.0,NARROWBODY,40,45,G94,1,1294,1364,G94,False
flight_key_v1_f172c83b2d6826028c74fd8453ca93fc,ATL,DEP,2024-01-01,WN,938.0,ATL,MIA,1310,0.2924,10.98,2024-01-01_WN_938.0,WIDEBODY,75,60,G05,3,1298,1403,G05,False
flight_key_v1_28e05103500f188c70f9fcf909714bca,ATL,DEP,2024-01-01,WN,1917.0,ATL,SRQ,1310,0.2849,9.93,2024-01-01_WN_1917.0,NARROWBODY,40,45,G14,3,1298,1368,G14,False
flight_key_v1_ccec7b9192034fcaeaf5c2bc8686a970,ATL,DEP,2024-01-01,WN,429.0,ATL,GSP,1310,0.3062,10.83,2024-01-01_WN_429.0,NARROWBODY,40,45,G95,3,1298,1368,G95,False
flight_key_v1_acb324ff47feeb867a44c04b06bbf126,ATL,ARR,2024-01-01,DL,2171.0,SEA,ATL,1310,0.33719998598098755,1.809999942779541,2024-01-01_DL_2171.0,NARROWBODY,40,45,G99,1,1296,1366,G99,False
flight_key_v1_f83957d83d4888f5561b52d233a5f76b,ATL,DEP,2024-01-01,WN,3467.0,ATL,RDU,1310,0.2924,10.31,2024-01-01_WN_3467.0,WIDEBODY,75,60,G100,3,1298,1403,G100,False
flight_key_v1_c91f0982b003b90b0d5f063306e608b7,ATL,ARR,2024-01-01,DL,700.0,LAX,ATL,1310,0.3116999864578247,2.2200000286102295,2024-01-01_DL_700.0,NARROWBODY,40,45,G101,1,1296,1366,G101,False
flight_key_v1_c32a90ad17470c5ebf4f370833c5b5b3,ATL,DEP,2024-01-01,WN,2125.0,ATL,TPA,1310,0.2944,10.73,2024-01-01_WN_2125.0,NARROWBODY,40,45,G102,3,1298,1368,G102,False
flight_key_v1_2442c378c3ba6e558872b7a8c1282c0f,ATL,ARR,2024-01-01,DL,638.0,SAN,ATL,1310,0.24130000174045563,0.8199999928474426,2024-01-01_DL_638.0,NARROWBODY,40,45,G104,0,1295,1365,G104,False
flight_key_v1_1479d2fb8bbde9007195e012979e9823,ATL,DEP,2024-01-01,WN,2470.0,ATL,PBI,1310,0.2944,10.76,2024-01-01_WN_2470.0,NARROWBODY,40,45,G109,3,1298,1368,G109,False
flight_key_v1_282093793c346e18c90ccc546946871d,ATL,ARR,2024-01-01,AA,763.0,CLT,ATL,1311,0.3725999891757965,4.099999904632568,2024-01-01_AA_763.0,NARROWBODY,40,45,G113,2,1298,1368,G113,False
flight_key_v1_164b344f5dbfd096bd3dd397903d804a,ATL,DEP,2024-01-01,F9,4103.0,ATL,DEN,1314,0.2927,10.42,2024-01-01_F9_4103.0,NARROWBODY,40,45,G24,3,1302,1372,G24,False
flight_key_v1_ab0ef0a3ecd674e039df8bf9e75b8c58,ATL,DEP,2024-01-01,DL,2584.0,ATL,ALB,1314,0.2316,6.29,2024-01-01_DL_2584.0,NARROWBODY,40,45,G114,1,1300,1370,G114,False
flight_key_v1_d1434566e56537bdf952e18c5649332f,ATL,DEP,2024-01-01,OO,3689.0,ATL,MGM,1314,0.2316,5.64,2024-01-01_OO_3689.0,WIDEBODY,75,60,G115,1,1300,1405,G115,False
flight_key_v1_5d4359c80294b5b2502039302af195fe,ATL,DEP,2024-01-01,WN,3452.0,ATL,JAX,1315,0.2944,10.45,2024-01-01_WN_3452.0,NARROWBODY,40,45,G67,3,1303,1373,G67,False
flight_key_v1_c21f9a0e27bdccfa7f5255d03f73eb3b,ATL,DEP,2024-01-01,WN,1683.0,ATL,HOU,1315,0.2944,10.68,2024-01-01_WN_1683.0,NARROWBODY,40,45,G116,3,1303,1373,G116,False
flight_key_v1_64f45951ee2f1f9e265219c79a943b5d,ATL,DEP,2024-01-01,DL,2923.0,ATL,MDT,1316,0.2316,6.14,2024-01-01_DL_2923.0,NARROWBODY,40,45,G117,1,1302,1372,G117,False
flight_key_v1_26d402da4fa55682be8a7db13627d456,ATL,ARR,2024-01-01,UA,1640.0,IAH,ATL,1316,0.3824999928474426,4.03000020980835,2024-01-01_UA_1640.0,NARROWBODY,40,45,G118,2,1303,1373,G118,False
flight_key_v1_c5ca18547ba8827dc52021d79eac9eb0,ATL,DEP,2024-01-01,DL,2968.0,ATL,IND,1319,0.2316,6.06,2024-01-01_DL_2968.0,WIDEBODY,75,60,G27,1,1305,1410,G27,False
flight_key_v1_4782d6ddc131a8d6f93b33cba46c9964,ATL,ARR,2024-01-01,NK,1082.0,MSP,ATL,1319,0.46950000524520874,4.53000020980835,2024-01-01_NK_1082.0,NARROWBODY,40,45,G28,2,1306,1376,G28,False
flight_key_v1_6e422402177fc10ad3855fad8db798fe,ATL,DEP,2024-01-01,DL,2959.0,ATL,ICT,1319,0.2316,7.18,2024-01-01_DL_2959.0,NARROWBODY,40,45,G122,2,1306,1376,G122,False
flight_key_v1_43c1653d1c5a6404223117a066418860,ATL,ARR,2024-01-01,WN,2685.0,HOU,ATL,1320,0.47119998931884766,3.740000009536743,2024-01-01_WN_2685.0,NARROWBODY,40,45,G07,2,1307,1377,G07,False
flight_key_v1_a6e6b25433aee92b941b93ec06193e2f,ATL,DEP,2024-01-01,DL,2338.0,ATL,ORF,1320,0.2512,8.24,2024-01-01_DL_2338.0,NARROWBODY,40,45,G123,2,1307,1377,G123,False
flight_key_v1_4aae2731f58fa7bd719731baaaa0b871,ATL,ARR,2024-01-01,AA,2779.0,ORD,ATL,1322,0.5059000253677368,4.860000133514404,2024-01-01_AA_2779.0,NARROWBODY,40,45,G19,2,1309,1379,G11,True
flight_key_v1_c5c9381548151180ccbeded4f1ba68ae,ATL,DEP,2024-01-01,DL,896.0,ATL,SAN,1323,0.2311,6.37,2024-01-01_DL_896.0,NARROWBODY,40,45,G124,1,1309,1379,G124,False
flight_key_v1_d068febafe66130088ae89497a36bfe2,ATL,DEP,2024-01-01,WN,4177.0,ATL,MCO,1325,0.2944,10.52,2024-01-01_WN_4177.0,NARROWBODY,40,45,G29,3,1313,1383,G29,False
flight_key_v1_6311893a75ad68cd5365272fa3327759,ATL,ARR,2024-01-01,NK,386.0,TPA,ATL,1325,0.36739999055862427,4.78000020980835,2024-01-01_NK_386.0,NARROWBODY,40,45,G30,2,1312,1382,G30,False
flight_key_v1_37a10251fa5b8bc6843deb53301ae5d2,ATL,DEP,2024-01-01,9E,5112.0,ATL,GTR,1330,0.2352,5.65,2024-01-01_9E_5112.0,NARROWBODY,40,45,G09,1,1316,1386,G09,False
flight_key_v1_24b507d23eaaab18f2abbe69a896516e,ATL,DEP,2024-01-01,DL,2615.0,ATL,FSD,1330,0.2316,6.88,2024-01-01_DL_2615.0,NARROWBODY,40,45,G34,2,1317,1387,G34,False
flight_key_v1_69a794c75857ac8eed757585bceb352f,ATL,ARR,2024-01-01,AA,2072.0,DFW,ATL,1332,0.4325999915599823,4.489999771118164,2024-01-01_AA_2072.0,NARROWBODY,40,45,G37,2,1319,1389,G37,False
flight_key_v1_507726912101b1d40d3cdaddbb4e1bcb,ATL,ARR,2024-01-01,YX,4623.0,DCA,ATL,1333,0.28220000863075256,0.8199999928474426,2024-01-01_YX_4623.0,NARROWBODY,40,45,G40,0,1318,1388,G40,False
flight_key_v1_efd9148213111ccf4fe623a7a95df84b,ATL,ARR,2024-01-01,UA,1305.0,DEN,ATL,1336,0.3580999970436096,4.03000020980835,2024-01-01_UA_1305.0,WIDEBODY,75,60,G25,1,1322,1427,G25,False
flight_key_v1_972e513c5bfd69e5526959f9ea6e8847,ATL,DEP,2024-01-01,DL,2123.0,ATL,SYR,1336,0.2237,6.3,2024-01-01_DL_2123.0,NARROWBODY,40,45,G45,1,1322,1392,G45,False
flight_key_v1_cedb0e134c3cef7e1713bcc024977427,ATL,ARR,2024-01-01,DL,2512.0,JFK,ATL,1339,0.2957000136375427,2.2200000286102295,2024-01-01_DL_2512.0,NARROWBODY,40,45,G46,1,1325,1395,G46,False
flight_key_v1_de9cf48f7479fa98d43dbb71b4cb674c,ATL,ARR,2024-01-01,DL,1293.0,MSP,ATL,1341,0.29159998893737793,1.2300000190734863,2024-01-01_DL_1293.0,WIDEBODY,75,60,G13,0,1326,1431,G13,False
flight_key_v1_0b257e265c6ef5789de493c580f2146d,ATL,DEP,2024-01-01,DL,805.0,ATL,LAS,1345,0.2356,7.45,2024-01-01_DL_805.0,NARROWBODY,40,45,G15,2,1332,1402,G15,False
flight_key_v1_33cc9e244c1c2f214af19896645353bc,ATL,DEP,2024-01-01,DL,2361.0,ATL,GNV,1345,0.2316,5.9,2024-01-01_DL_2361.0,NARROWBODY,40,45,G47,1,1331,1401,G47,False
flight_key_v1_c871175a3fa6ec296f03de56faa7ea9f,ATL,DEP,2024-01-01,DL,2861.0,ATL,CMH,1345,0.2316,6.07,2024-01-01_DL_2861.0,NARROWBODY,40,45,G48,1,1331,1401,G48,False
flight_key_v1_61535dda972e973dd9be43eca3a1390b,ATL,DEP,2024-01-01,DL,2133.0,ATL,RIC,1345,0.2316,5.9,2024-01-01_DL_2133.0,NARROWBODY,40,45,G49,1,1331,1401,G49,False
flight_key_v1_385b881c49207a56ed9fdc7dad59b769,ATL,DEP,2024-01-01,DL,1162.0,ATL,MCO,1345,0.2342,7.56,2024-01-01_DL_1162.0,NARROWBODY,40,45,G50,2,1332,1402,G50,False
flight_key_v1_c3ced3d7a4d301977b387ce1b9b1bea6,ATL,DEP,2024-01-01,DL,2642.0,ATL,PHL,1345,0.2316,6.13,2024-01-01_DL_2642.0,NARROWBODY,40,45,G51,1,1331,1401,G51,False
flight_key_v1_77dd626f21f697b7d38507036a450744,ATL,ARR,2024-01-01,NK,226.0,FLL,ATL,1346,0.4562000036239624,5.179999828338623,2024-01-01_NK_226.0,NARROWBODY,40,45,G52,2,1333,1403,G52,False
flight_key_v1_639d650437b83f5e6d85606e18e2b411,ATL,DEP,2024-01-01,9E,5129.0,ATL,LFT,1347,0.2352,5.9,2024-01-01_9E_5129.0,NARROWBODY,40,45,G53,1,1333,1403,G53,False
flight_key_v1_fe8e98f63df8fa10bc39cff821b01485,ATL,DEP,2024-01-01,DL,1012.0,ATL,ECP,1349,0.2316,6.57,2024-01-01_DL_1012.0,NARROWBODY,40,45,G54,2,1336,1406,G54,False
flight_key_v1_4c257f8c96cffea640467e51ae75e511,ATL,DEP,2024-01-01,DL,2501.0,ATL,MEM,1349,0.2316,5.9,2024-01-01_DL_2501.0,NARROWBODY,40,45,G57,1,1335,1405,G57,False
flight_key_v1_3b0da26adf8c07b734b9171c948b653c,ATL,DEP,2024-01-01,DL,2850.0,ATL,CHS,1349,0.2247,5.74,2024-01-01_DL_2850.0,NARROWBODY,40,45,G58,1,1335,1405,G58,False
flight_key_v1_1aa358e3cf4292ccf6e067e9f6f89fd1,ATL,DEP,2024-01-01,DL,865.0,ATL,BOS,1350,0.239,7.08,2024-01-01_DL_865.0,WIDEBODY,75,60,G16,2,1337,1442,G16,False
flight_key_v1_e012cf3203bf3b02b1ad1c3095c6c076,ATL,DEP,2024-01-01,DL,2372.0,ATL,ROA,1350,0.2316,6.07,2024-01-01_DL_2372.0,NARROWBODY,40,45,G31,1,1336,1406,G97,True
flight_key_v1_d7081ff1702f799866d805d2c0bcdb2d,ATL,DEP,2024-01-01,DL,956.0,ATL,DEN,1350,0.2337,6.72,2024-01-01_DL_956.0,NARROWBODY,40,45,G59,2,1337,1407,G59,False
flight_key_v1_5f898579d9f6aec6fcdfe1a4cc598828,ATL,DEP,2024-01-01,DL,2239.0,ATL,FLL,1350,0.2333,6.94,2024-01-01_DL_2239.0,NARROWBODY,40,45,G61,2,1337,1407,G61,False
flight_key_v1_4f94258bcd1c7c90b32aeae1185ca08c,ATL,DEP,2024-01-01,DL,2940.0,ATL,DTW,1350,0.2316,6.13,2024-01-01_DL_2940.0,NARROWBODY,40,45,G62,1,1336,1406,G62,False
flight_key_v1_997ee0d60ed2714d4cbe48527c2df1af,ATL,DEP,2024-01-01,DL,2117.0,ATL,OMA,1351,0.2316,6.88,2024-01-01_DL_2117.0,WIDEBODY,75,60,G36,2,1338,1443,G36,False
flight_key_v1_32cf146242549b4f0ceaaf3b9c6ad87f,ATL,DEP,2024-01-01,DL,1292.0,ATL,EWR,1351,0.2316,6.13,2024-01-01_DL_1292.0,NARROWBODY,40,45,G64,1,1337,1407,G64,False
flight_key_v1_07b5029526d03b03a70b24da6beb47a9,ATL,DEP,2024-01-01,DL,2395.0,ATL,CVG,1353,0.2316,6.07,2024-01-01_DL_2395.0,NARROWBODY,40,45,G06,1,1339,1409,G31,True
flight_key_v1_e8992c7d2fbbed28617a3c31c96ae1b6,ATL,DEP,2024-01-01,DL,2590.0,ATL,BWI,1354,0.2316,6.04,2024-01-01_DL_2590.0,NARROWBODY,40,45,G18,1,1340,1410,G18,False
flight_key_v1_6695166e615ab9ff1934f41ca13c81cb,ATL,DEP,2024-01-01,DL,1310.0,ATL,MSP,1355,0.2307,7.36,2024-01-01_DL_1310.0,NARROWBODY,40,45,G20,2,1342,1412,G20,False
flight_key_v1_c412751f77d985fd5ea746da27185f43,ATL,DEP,2024-01-01,DL,1508.0,ATL,SAT,1355,0.2316,6.34,2024-01-01_DL_1508.0,NARROWBODY,40,45,G38,1,1341,1411,G06,True
flight_key_v1_b727bb8e103bead2185b0daeec90b64c,ATL,DEP,2024-01-01,DL,2091.0,ATL,DAB,1355,0.2316,5.9,2024-01-01_DL_2091.0,NARROWBODY,40,45,G39,1,1341,1411,G105,True
flight_key_v1_8eb6b406557c743fd09c9a77103480da,ATL,DEP,2024-01-01,DL,1217.0,ATL,RSW,1355,0.2329,6.22,2024-01-01_DL_1217.0,NARROWBODY,40,45,G42,1,1341,1411,G106,True
flight_key_v1_1d57ec998aa43877dca94784d243b044,ATL,DEP,2024-01-01,DL,2624.0,ATL,SDF,1355,0.2316,5.9,2024-01-01_DL_2624.0,NARROWBODY,40,45,G65,1,1341,1411,G65,False
flight_key_v1_88ec819fa17cf074d7f159ba304d2a3b,ATL,DEP,2024-01-01,DL,2749.0,ATL,BHM,1355,0.2316,5.9,2024-01-01_DL_2749.0,NARROWBODY,40,45,G71,1,1341,1411,G71,False
flight_key_v1_06c300e8d806b91e090e762af1305e2d,ATL,DEP,2024-01-01,DL,2807.0,ATL,JAN,1355,0.2316,5.9,2024-01-01_DL_2807.0,NARROWBODY,40,45,G72,1,1341,1411,G72,False
flight_key_v1_913c61d0713c37f57a3623c4e17e1a1d,ATL,DEP,2024-01-01,DL,2472.0,ATL,ROC,1355,0.2251,6.38,2024-01-01_DL_2472.0,NARROWBODY,40,45,G77,1,1341,1411,G77,False
flight_key_v1_a242c5fc0db4ba92bdcbbf89d6c81088,ATL,DEP,2024-01-01,DL,1495.0,ATL,PBI,1358,0.2384,6.82,2024-01-01_DL_1495.0,NARROWBODY,40,45,G78,2,1345,1415,G78,False
flight_key_v1_137f7cde5c368fb1fd9e59ff01e68569,ATL,DEP,2024-01-01,DL,2276.0,ATL,JAX,1360,0.2333,6.35,2024-01-01_DL_2276.0,NARROWBODY,40,45,G17,1,1346,1416,G39,True
flight_key_v1_658e81030598557848a3348d11f97b11,ATL,DEP,2024-01-01,DL,1601.0,ATL,IAH,1360,0.2316,6.22,2024-01-01_DL_1601.0,WIDEBODY,75,60,G23,1,1346,1451,G42,True
flight_key_v1_18ebe13230fc229a4c132e6fb38066d4,ATL,DEP,2024-01-01,9E,5346.0,ATL,LEX,1360,0.2352,5.81,2024-01-01_9E_5346.0,NARROWBODY,40,45,G82,1,1346,1416,G82,False
flight_key_v1_ec81253af84bd80ad7ebd255c4ae9b60,ATL,ARR,2024-01-01,AA,809.0,PHX,ATL,1361,0.365200012922287,3.619999885559082,2024-01-01_AA_809.0,NARROWBODY,40,45,G33,1,1347,1417,G98,True
flight_key_v1_43d17c1fc8dc6749ad24ab8c40fd3636,ATL,ARR,2024-01-01,F9,3603.0,CLE,ATL,1361,0.48089998960494995,5.860000133514404,2024-01-01_F9_3603.0,NARROWBODY,40,45,G83,3,1349,1419,G83,False
flight_key_v1_8aec5c8af88537cd841b7db70b2eedb9,ATL,DEP,2024-01-01,F9,4559.0,ATL,LAS,1361,0.2927,11.19,2024-01-01_F9_4559.0,NARROWBODY,40,45,G86,3,1349,1419,G86,False
flight_key_v1_e2ac6c8c211fafbcad956fc60502e25a,ATL,DEP,2024-01-01,DL,2307.0,ATL,GSO,1363,0.2316,5.9,2024-01-01_DL_2307.0,NARROWBODY,40,45,G08,1,1349,1419,G33,True
flight_key_v1_ff7cdbc6a40409c08b3e25f35c7e0ae0,ATL,DEP,2024-01-01,DL,1037.0,ATL,FAY,1363,0.2316,5.9,2024-01-01_DL_1037.0,NARROWBODY,40,45,G87,1,1349,1419,G87,False
flight_key_v1_67817aba229c0b715897bab9b092a7d9,ATL,DEP,2024-01-01,DL,1335.0,ATL,AUS,1364,0.2333,6.95,2024-01-01_DL_1335.0,NARROWBODY,40,45,G22,2,1351,1421,G22,False
flight_key_v1_cdce43ab780223c7fdac6f4fd750f924,ATL,DEP,2024-01-01,DL,2344.0,ATL,LIT,1364,0.2316,5.9,2024-01-01_DL_2344.0,NARROWBODY,40,45,G89,1,1350,1420,G89,False
flight_key_v1_846a431a8e36386b7605830c7feeadf9,ATL,DEP,2024-01-01,DL,2029.0,ATL,MOB,1365,0.2316,5.9,2024-01-01_DL_2029.0,NARROWBODY,40,45,G43,1,1351,1421,G43,False
flight_key_v1_aef501c0850e13412e62eacf2f873f9b,ATL,DEP,2024-01-01,DL,2211.0,ATL,CLE,1365,0.2512,7.66,2024-01-01_DL_2211.0,WIDEBODY,75,60,G55,2,1352,1457,G55,False
flight_key_v1_9441a027d078764d4dc1854b98c22f61,ATL,DEP,2024-01-01,DL,818.0,ATL,DFW,1365,0.2413,7.55,2024-01-01_DL_818.0,NARROWBODY,40,45,G56,2,1352,1422,G08,True
flight_key_v1_35820ca62cdcb24c3cf2f67e5e3e03a4,ATL,DEP,2024-01-01,DL,2819.0,ATL,CLT,1365,0.2269,6.03,2024-01-01_DL_2819.0,NARROWBODY,40,45,G70,1,1351,1421,G107,True
flight_key_v1_251ce540f62ca57093ebeba3c247d68b,ATL,DEP,2024-01-01,DL,2970.0,ATL,MKE,1365,0.2316,6.82,2024-01-01_DL_2970.0,WIDEBODY,75,60,G80,2,1352,1457,G80,False
flight_key_v1_725d68121dabe2c50562e1a12b3b0260,ATL,DEP,2024-01-01,DL,1423.0,ATL,ORD,1365,0.2413,7.84,2024-01-01_DL_1423.0,NARROWBODY,40,45,G81,2,1352,1422,G81,False
flight_key_v1_ac2eeac6f53238c1f139c2924ff81aba,ATL,DEP,2024-01-01,DL,2043.0,ATL,TUL,1365,0.2316,6.32,2024-01-01_DL_2043.0,WIDEBODY,75,60,G90,1,1351,1456,G90,False
flight_key_v1_bd6f424a387bc7638a50954991c3c662,ATL,DEP,2024-01-01,DL,2068.0,ATL,BTR,1365,0.2316,5.9,2024-01-01_DL_2068.0,NARROWBODY,40,45,G93,1,1351,1421,G93,False
flight_key_v1_777d0c3394c677c182bbbb692ba25d88,ATL,DEP,2024-01-01,DL,2212.0,ATL,GSP,1369,0.2316,5.9,2024-01-01_DL_2212.0,NARROWBODY,40,45,G41,1,1355,1425,G41,False
flight_key_v1_b3f3bdd7b7badeae5cc527e5780743fa,ATL,DEP,2024-01-01,DL,2549.0,ATL,IAD,1370,0.2237,6.14,2024-01-01_DL_2549.0,NARROWBODY,40,45,G03,1,1356,1426,G03,False
flight_key_v1_303a20295e7bfa7766c9ac38ad712b46,ATL,ARR,2024-01-01,WN,1582.0,STL,ATL,1370,0.4921000003814697,3.740000009536743,2024-01-01_WN_1582.0,NARROWBODY,40,45,G12,2,1357,1427,G38,True
flight_key_v1_314cab7643bf9da235b70e29dcc96bd4,ATL,DEP,2024-01-01,NK,2063.0,ATL,MCO,1370,0.3137,15.85,2024-01-01_NK_2063.0,WIDEBODY,75,60,G63,5,1360,1465,G63,False
flight_key_v1_608e4cbb80bf58716171fe3db9b55a08,ATL,DEP,2024-01-01,DL,2327.0,ATL,CHA,1370,0.2316,5.9,2024-01-01_DL_2327.0,NARROWBODY,40,45,G68,1,1356,1426,G68,False
flight_key_v1_485525b51e142c83fa73c72cf32cbdfa,ATL,DEP,2024-01-01,DL,2603.0,ATL,PIT,1370,0.2512,8.03,2024-01-01_DL_2603.0,NARROWBODY,40,45,G91,2,1357,1427,G108,True
flight_key_v1_22a0c9227354f00ff63ca82eeacefc3d,ATL,DEP,2024-01-01,DL,2860.0,ATL,SAV,1371,0.2224,6.15,2024-01-01_DL_2860.0,NARROWBODY,40,45,G69,1,1357,1427,G70,True
flight_key_v1_ba8429c2f04fa55927a5d5598c4b75f2,ATL,DEP,2024-01-01,DL,2504.0,ATL,TLH,1372,0.2316,5.9,2024-01-01_DL_2504.0,NARROWBODY,40,45,G96,1,1358,1428,G96,False
flight_key_v1_7620247d85e71dc540d574d2833c0adf,ATL,DEP,2024-01-01,OO,3700.0,ATL,AGS,1374,0.2316,5.76,2024-01-01_OO_3700.0,NARROWBODY,40,45,G10,1,1360,1430,G10,False
flight_key_v1_ad5b7291e9c2719509263d1b40adfede,ATL,DEP,2024-01-01,DL,2196.0,ATL,RDU,1374,0.2302,6.63,2024-01-01_DL_2196.0,NARROWBODY,40,45,G75,2,1361,1431,G75,False
flight_key_v1_4a31ba917997796c92cd56e0ac60d4f3,ATL,DEP,2024-01-01,DL,2369.0,ATL,BNA,1375,0.2316,5.9,2024-01-01_DL_2369.0,NARROWBODY,40,45,G04,1,1361,1431,G12,True
flight_key_v1_caef80b7e0084fe364a61a6639694ac8,ATL,DEP,2024-01-01,DL,1253.0,ATL,TPA,1375,0.2318,7.11,2024-01-01_DL_1253.0,NARROWBODY,40,45,G26,2,1362,1432,G56,True
flight_key_v1_18a9a5b59a469371e1d25e7cee4f38f2,ATL,DEP,2024-01-01,DL,2732.0,ATL,STL,1375,0.2316,6.82,2024-01-01_DL_2732.0,NARROWBODY,40,45,G35,2,1362,1432,G35,False
flight_key_v1_f26979e1ecae8bee8b1985c85357082b,ATL,DEP,2024-01-01,DL,2139.0,ATL,CAE,1375,0.2316,5.9,2024-01-01_DL_2139.0,NARROWBODY,40,45,G44,1,1361,1431,G69,True
flight_key_v1_69d6b0eb7ea88bb17f0e347900ffaba1,ATL,DEP,2024-01-01,NK,388.0,ATL,TPA,1375,0.3137,15.72,2024-01-01_NK_388.0,NARROWBODY,40,45,G60,5,1365,1435,G60,False
flight_key_v1_8eeb9684c36b13fc9183394b25edcf1f,ATL,ARR,2024-01-01,DL,1791.0,SJU,ATL,1377,0.2515999972820282,2.9800000190734863,2024-01-01_DL_1791.0,NARROWBODY,40,45,G66,1,1363,1433,G66,False
flight_key_v1_4bdee7a45acedf2dc7975c515a6a52eb,ATL,ARR,2024-01-01,F9,1101.0,PHL,ATL,1377,0.47679999470710754,3.740000009536743,2024-01-01_F9_1101.0,NARROWBODY,40,45,G76,2,1364,1434,G76,False
flight_key_v1_001c5e86fadf4c2e26754de7a9c410e7,ATL,ARR,2024-01-01,DL,953.0,DFW,ATL,1377,0.2800000011920929,2.2200000286102295,2024-01-01_DL_953.0,NARROWBODY,40,45,G79,1,1363,1433,G26,True
flight_key_v1_d587ef0fc69b891530e0028b56fb0b04,ATL,ARR,2024-01-01,F9,3309.0,SJU,ATL,1378,0.6371999979019165,7.090000152587891,2024-01-01_F9_3309.0,WIDEBODY,75,60,G84,5,1368,1473,G84,False
flight_key_v1_c545301006737283bf8001e9df1264c0,ATL,ARR,2024-01-01,DL,2553.0,FLL,ATL,1379,0.288100004196167,2.2200000286102295,2024-01-01_DL_2553.0,NARROWBODY,40,45,G85,1,1365,1435,G85,False
flight_key_v1_16816064bfe4809e054fcdf8f1da4b72,ATL,ARR,2024-01-01,WN,1731.0,BWI,ATL,1380,0.6952999830245972,9.899999618530273,2024-01-01_WN_1731.0,NARROWBODY,40,45,G14,7,1372,1442,G14,False
flight_key_v1_62b03f398ccd5c33259cd59616558709,ATL,DEP,2024-01-01,DL,2946.0,ATL,HSV,1380,0.2316,5.64,2024-01-01_DL_2946.0,NARROWBODY,40,45,G88,1,1366,1436,G88,False
flight_key_v1_2fd92731ab3058709819f48a69a4f869,ATL,DEP,2024-01-01,DL,2224.0,ATL,MSY,1380,0.2316,6.03,2024-01-01_DL_2224.0,NARROWBODY,40,45,G92,1,1366,1436,G92,False
flight_key_v1_cd57e266024a229893e7a59b21f622ac,ATL,DEP,2024-01-01,DL,1324.0,ATL,MIA,1380,0.2372,7.97,2024-01-01_DL_1324.0,NARROWBODY,40,45,G94,2,1367,1437,G94,False
flight_key_v1_3859529b9187662df97652793fa59e64,ATL,ARR,2024-01-01,WN,3626.0,MCO,ATL,1390,0.5620999932289124,5.179999828338623,2024-01-01_WN_3626.0,NARROWBODY,40,45,G02,3,1378,1448,G02,False
flight_key_v1_d6db25c424a54bce7913688f2d760814,ATL,ARR,2024-01-01,DL,840.0,DEN,ATL,1390,0.2858999967575073,2.2200000286102295,2024-01-01_DL_840.0,NARROWBODY,40,45,G07,1,1376,1446,G23,True
flight_key_v1_f0ad0ec3a752ba2c55837109f05c1198,ATL,ARR,2024-01-01,NK,746.0,RSW,ATL,1398,0.33009999990463257,4.059999942779541,2024-01-01_NK_746.0,NARROWBODY,40,45,G19,1,1384,1454,G19,False
flight_key_v1_ed9122cdcd723d28e56fe941b3f96ac0,ATL,DEP,2024-01-01,NK,228.0,ATL,FLL,1401,0.3137,16.19,2024-01-01_NK_228.0,NARROWBODY,40,45,G09,5,1391,1461,G09,False
flight_key_v1_0d7026795ad70e56dc5ab8c45fa64de6,ATL,ARR,2024-01-01,NK,1232.0,FLL,ATL,1406,0.453900009393692,5.179999828338623,2024-01-01_NK_1232.0,NARROWBODY,40,45,G01,2,1393,1463,G01,False
flight_key_v1_aa4c4c2d4e46a0fb2c374dce20ded6db,ATL,ARR,2024-01-01,DL,907.0,SLC,ATL,1412,0.25999999046325684,0.8199999928474426,2024-01-01_DL_907.0,NARROWBODY,40,45,G11,0,1397,1467,G11,False
flight_key_v1_e8b877e62e8451500e9d9cf0499b652c,ATL,ARR,2024-01-01,B6,2514.0,LGA,ATL,1414,0.6252999901771545,4.059999942779541,2024-01-01_B6_2514.0,NARROWBODY,40,45,G21,3,1402,1472,G21,False
flight_key_v1_bc0e47488b7d5a4b08217921897b26c9,ATL,ARR,2024-01-01,DL,395.0,LAX,ATL,1416,0.31929999589920044,2.2200000286102295,2024-01-01_DL_395.0,NARROWBODY,40,45,G05,1,1402,1472,G04,True
flight_key_v1_d54529bb7c804afb8f0181b989d7c9ea,ATL,ARR,2024-01-01,WN,3752.0,MDW,ATL,1425,0.6000000238418579,5.550000190734863,2024-01-01_WN_3752.0,NARROWBODY,40,45,G06,3,1413,1483,G06,False
flight_key_v1_70fb1a40c4c3adfc56ad4263a0f8a009,ATL,ARR,2024-01-01,WN,2875.0,HOU,ATL,1425,0.47749999165534973,3.740000009536743,2024-01-01_WN_2875.0,NARROWBODY,40,45,G15,2,1412,1482,G15,False
flight_key_v1_69da2087b8579df504c5349145492ce3,ATL,ARR,2024-01-01,NK,635.0,ORD,ATL,1425,0.5620999932289124,5.550000190734863,2024-01-01_NK_635.0,NARROWBODY,40,45,G18,3,1413,1483,G18,False
flight_key_v1_2c9dbad91a847b92392fdb99c139c7f1,ATL,ARR,2024-01-01,UA,673.0,EWR,ATL,1428,0.4812999963760376,4.03000020980835,2024-01-01_UA_673.0,NARROWBODY,40,45,G20,2,1415,1485,G20,False
flight_key_v1_3c8d13489f389fe199a304c061ad37c8,ATL,ARR,2024-01-01,AA,2749.0,DFW,ATL,1430,0.4440999925136566,4.489999771118164,2024-01-01_AA_2749.0,NARROWBODY,40,45,G17,2,1417,1487,G17,False
flight_key_v1_15bed7a2cdf8297154f7ba75eb7d9353,ATL,ARR,2024-01-01,B6,568.0,FLL,ATL,1433,0.6567000150680542,6.25,2024-01-01_B6_568.0,NARROWBODY,40,45,G08,4,1422,1492,G08,False
flight_key_v1_104848b72bfac3bbb7efd45f46e7850e,ATL,ARR,2024-01-01,AA,2542.0,CLT,ATL,1433,0.3637999892234802,4.099999904632568,2024-01-01_AA_2542.0,NARROWBODY,40,45,G24,1,1419,1489,G24,False
flight_key_v1_81e3eba90208ccf70c0a4c3e9293977b,ATL,ARR,2024-01-01,WN,1566.0,AUS,ATL,1435,0.45179998874664307,3.950000047683716,2024-01-01_WN_1566.0,NARROWBODY,40,45,G22,2,1422,1492,G22,False
flight_key_v1_4136d5bfb9518761d5fd3fae07f29685,ATL,ARR,2024-01-01,DL,2274.0,JFK,ATL,1437,0.29510000348091125,2.2200000286102295,2024-01-01_DL_2274.0,WIDEBODY,75,60,G27,1,1423,1528,G27,False
flight_key_v1_6a7c49ea22731dce33e15f9d5babb1c5,ATL,ARR,2024-01-01,AS,492.0,SEA,ATL,1439,0.4187999963760376,1.809999942779541,2024-01-01_AS_492.0,NARROWBODY,40,45,G28,1,1425,1495,G28,False
