realization_id,scenario_index,model_id,realized_objective,conflict_count,conflict_duration_min,planned_reassignments,remote_count,unassigned_count,feasible,evaluation_runtime_ms
SCEN_2023_LOW_P4_ngboost_student_t_S0000,0,P4_ngboost_student_t,4200.0,0,0.0,20,20,0,True,0.19
SCEN_2023_LOW_P4_ngboost_student_t_S0001,1,P4_ngboost_student_t,4200.0,0,0.0,20,20,0,True,0.12
SCEN_2023_LOW_P4_ngboost_student_t_S0002,2,P4_ngboost_student_t,4200.0,0,0.0,20,20,0,True,0.12
SCEN_2023_LOW_P4_ngboost_student_t_S0003,3,P4_ngboost_student_t,4200.0,0,0.0,20,20,0,True,0.11
SCEN_2023_LOW_P4_ngboost_student_t_S0004,4,P4_ngboost_student_t,4200.0,0,0.0,20,20,0,True,0.11
SCEN_2023_LOW_P4_ngboost_student_t_S0005,5,P4_ngboost_student_t,4200.0,0,0.0,20,20,0,True,0.11
SCEN_2023_LOW_P4_ngboost_student_t_S0006,6,P4_ngboost_student_t,4200.0,0,0.0,20,20,0,True,0.11
SCEN_2023_LOW_P4_ngboost_student_t_S0007,7,P4_ngboost_student_t,4200.0,0,0.0,20,20,0,True,0.11
SCEN_2023_LOW_P4_ngboost_student_t_S0008,8,P4_ngboost_student_t,4200.0,0,0.0,20,20,0,True,0.11
SCEN_2023_LOW_P4_ngboost_student_t_S0009,9,P4_ngboost_student_t,4200.0,0,0.0,20,20,0,True,0.11
SCEN_2023_LOW_P4_ngboost_student_t_S0010,10,P4_ngboost_student_t,4200.0,0,0.0,20,20,0,True,0.14
SCEN_2023_LOW_P4_ngboost_student_t_S0011,11,P4_ngboost_student_t,4200.0,0,0.0,20,20,0,True,0.11
SCEN_2023_LOW_P4_ngboost_student_t_S0012,12,P4_ngboost_student_t,4200.0,0,0.0,20,20,0,True,0.11
SCEN_2023_LOW_P4_ngboost_student_t_S0013,13,P4_ngboost_student_t,4200.0,0,0.0,20,20,0,True,0.11
SCEN_2023_LOW_P4_ngboost_student_t_S0014,14,P4_ngboost_student_t,4200.0,0,0.0,20,20,0,True,0.11
SCEN_2023_LOW_P4_ngboost_student_t_S0015,15,P4_ngboost_student_t,4200.0,0,0.0,20,20,0,True,0.11
SCEN_2023_LOW_P4_ngboost_student_t_S0016,16,P4_ngboost_student_t,4200.0,0,0.0,20,20,0,True,0.11
SCEN_2023_LOW_P4_ngboost_student_t_S0017,17,P4_ngboost_student_t,4200.0,0,0.0,20,20,0,True,0.11
SCEN_2023_LOW_P4_ngboost_student_t_S0018,18,P4_ngboost_student_t,4200.0,0,0.0,20,20,0,True,0.11
SCEN_2023_LOW_P4_ngboost_student_t_S0019,19,P4_ngboost_student_t,4200.0,0,0.0,20,20,0,True,0.11
SCEN_2023_LOW_P4_ngboost_student_t_S0020,20,P4_ngboost_student_t,4200.0,0,0.0,20,20,0,True,0.11
SCEN_2023_LOW_P4_ngboost_student_t_S0021,21,P4_ngboost_student_t,4200.0,0,0.0,20,20,0,True,0.11
SCEN_2023_LOW_P4_ngboost_student_t_S0022,22,P4_ngboost_student_t,4200.0,0,0.0,20,20,0,True,0.11
SCEN_2023_LOW_P4_ngboost_student_t_S0023,23,P4_ngboost_student_t,4200.0,0,0.0,20,20,0,True,0.11
SCEN_2023_LOW_P4_ngboost_student_t_S0024,24,P4_ngboost_student_t,4200.0,0,0.0,20,20,0,True,0.14
SCEN_2023_LOW_P4_ngboost_student_t_S0025,25,P4_ngboost_student_t,4200.0,0,0.0,20,20,0,True,0.11
SCEN_2023_LOW_P4_ngboost_student_t_S0026,26,P4_ngboost_student_t,4200.0,0,0.0,20,20,0,True,0.11
SCEN_2023_LOW_P4_ngboost_student_t_S0027,27,P4_ngboost_student_t,4200.0,0,0.0,20,20,0,True,0.14
SCEN_2023_LOW_P4_ngboost_student_t_S0028,28,P4_ngboost_student_t,4200.0,0,0.0,20,20,0,True,0.11
SCEN_2023_LOW_P4_ngboost_student_t_S0029,29,P4_ngboost_student_t,4200.0,0,0.0,20,20,0,True,0.11
SCEN_2023_LOW_P4_ngboost_student_t_S0030,30,P4_ngboost_student_t,4200.0,0,0.0,20,20,0,True,0.12
SCEN_2023_LOW_P4_ngboost_student_t_S0031,31,P4_ngboost_student_t,4200.0,0,0.0,20,20,0,True,0.11
SCEN_2023_LOW_P4_ngboost_student_t_S0032,32,P4_ngboost_student_t,4200.0,0,0.0,20,20,0,True,0.11
SCEN_2023_LOW_P4_ngboost_student_t_S0033,33,P4_ngboost_student_t,4200.0,0,0.0,20,20,0,True,0.11
SCEN_2023_LOW_P4_ngboost_student_t_S0034,34,P4_ngboost_student_t,4200.0,0,0.0,20,20,0,True,0.12
SCEN_2023_LOW_P4_ngboost_student_t_S0035,35,P4_ngboost_student_t,4200.0,0,0.0,20,20,0,True,0.13
SCEN_2023_LOW_P4_ngboost_student_t_S0036,36,P4_ngboost_student_t,4200.0,0,0.0,20,20,0,True,0.12
SCEN_2023_LOW_P4_ngboost_student_t_S0037,37,P4_ngboost_student_t,4200.0,0,0.0,20,20,0,True,0.13
SCEN_2023_LOW_P4_ngboost_student_t_S0038,38,P4_ngboost_student_t,4200.0,0,0.0,20,20,0,True,0.12
SCEN_2023_LOW_P4_ngboost_student_t_S0039,39,P4_ngboost_student_t,4200.0,0,0.0,20,20,0,True,0.11
SCEN_2023_LOW_P4_ngboost_student_t_S0040,40,P4_ngboost_student_t,4200.0,0,0.0,20,20,0,True,0.11
SCEN_2023_LOW_P4_ngboost_student_t_S0041,41,P4_ngboost_student_t,4200.0,0,0.0,20,20,0,True,0.11
SCEN_2023_LOW_P4_ngboost_student_t_S0042,42,P4_ngboost_student_t,4200.0,0,0.0,20,20,0,True,0.11
SCEN_2023_LOW_P4_ngboost_student_t_S0043,43,P4_ngboost_student_t,4200.0,0,0.0,20,20,0,True,0.11
SCEN_2023_LOW_P4_ngboost_student_t_S0044,44,P4_ngboost_student_t,4200.0,0,0.0,20,20,0,True,0.11
SCEN_2023_LOW_P4_ngboost_student_t_S0045,45,P4_ngboost_student_t,4200.0,0,0.0,20,20,0,True,0.11
SCEN_2023_LOW_P4_ngboost_student_t_S0046,46,P4_ngboost_student_t,4200.0,0,0.0,20,20,0,True,0.12
SCEN_2023_LOW_P4_ngboost_student_t_S0047,47,P4_ngboost_student_t,4200.0,0,0.0,20,20,0,True,0.11
SCEN_2023_LOW_P4_ngboost_student_t_S0048,48,P4_ngboost_student_t,4200.0,0,0.0,20,20,0,True,0.11
SCEN_2023_LOW_P4_ngboost_student_t_S0049,49,P4_ngboost_student_t,4200.0,0,0.0,20,20,0,True,0.11
SCEN_2023_LOW_P4_ngboost_student_t_S0050,50,P4_ngboost_student_t,4200.0,0,0.0,20,20,0,True,0.11
SCEN_2023_LOW_P4_ngboost_student_t_S0051,51,P4_ngboost_student_t,4200.0,0,0.0,20,20,0,True,0.11
SCEN_2023_LOW_P4_ngboost_student_t_S0052,52,P4_ngboost_student_t,4200.0,0,0.0,20,20,0,True,0.12
SCEN_2023_LOW_P4_ngboost_student_t_S0053,53,P4_ngboost_student_t,4200.0,0,0.0,20,20,0,True,0.11
SCEN_2023_LOW_P4_ngboost_student_t_S0054,54,P4_ngboost_student_t,4200.0,0,0.0,20,20,0,True,0.11
SCEN_2023_LOW_P4_ngboost_student_t_S0055,55,P4_ngboost_student_t,4200.0,0,0.0,20,20,0,True,0.12
SCEN_2023_LOW_P4_ngboost_student_t_S0056,56,P4_ngboost_student_t,4200.0,0,0.0,20,20,0,True,0.11
SCEN_2023_LOW_P4_ngboost_student_t_S0057,57,P4_ngboost_student_t,4200.0,0,0.0,20,20,0,True,0.11
SCEN_2023_LOW_P4_ngboost_student_t_S0058,58,P4_ngboost_student_t,4200.0,0,0.0,20,20,0,True,0.11
SCEN_2023_LOW_P4_ngboost_student_t_S0059,59,P4_ngboost_student_t,4200.0,0,0.0,20,20,0,True,0.11
SCEN_2023_LOW_P4_ngboost_student_t_S0060,60,P4_ngboost_student_t,4200.0,0,0.0,20,20,0,True,0.11
SCEN_2023_LOW_P4_ngboost_student_t_S0061,61,P4_ngboost_student_t,4200.0,0,0.0,20,20,0,True,0.11
SCEN_2023_LOW_P4_ngboost_student_t_S0062,62,P4_ngboost_student_t,4200.0,0,0.0,20,20,0,True,0.11
SCEN_2023_LOW_P4_ngboost_student_t_S0063,63,P4_ngboost_student_t,4200.0,0,0.0,20,20,0,True,0.11
SCEN_2023_LOW_P4_ngboost_student_t_S0064,64,P4_ngboost_student_t,4200.0,0,0.0,20,20,0,True,0.11
SCEN_2023_LOW_P4_ngboost_student_t_S0065,65,P4_ngboost_student_t,4200.0,0,0.0,20,20,0,True,0.11
SCEN_2023_LOW_P4_ngboost_student_t_S0066,66,P4_ngboost_student_t,4200.0,0,0.0,20,20,0,True,0.11
SCEN_2023_LOW_P4_ngboost_student_t_S0067,67,P4_ngboost_student_t,4200.0,0,0.0,20,20,0,True,0.12
SCEN_2023_LOW_P4_ngboost_student_t_S0068,68,P4_ngboost_student_t,4200.0,0,0.0,20,20,0,True,0.11
SCEN_2023_LOW_P4_ngboost_student_t_S0069,69,P4_ngboost_student_t,4200.0,0,0.0,20,20,0,True,0.11
SCEN_2023_LOW_P4_ngboost_student_t_S0070,70,P4_ngboost_student_t,4200.0,0,0.0,20,20,0,True,0.11
SCEN_2023_LOW_P4_ngboost_student_t_S0071,71,P4_ngboost_student_t,4200.0,0,0.0,20,20,0,True,0.12
SCEN_2023_LOW_P4_ngboost_student_t_S0072,72,P4_ngboost_student_t,4200.0,0,0.0,20,20,0,True,0.11
SCEN_2023_LOW_P4_ngboost_student_t_S0073,73,P4_ngboost_student_t,4200.0,0,0.0,20,20,0,True,0.11
SCEN_2023_LOW_P4_ngboost_student_t_S0074,74,P4_ngboost_student_t,4200.0,0,0.0,20,20,0,True,0.11
SCEN_2023_LOW_P4_ngboost_student_t_S0075,75,P4_ngboost_student_t,4200.0,0,0.0,20,20,0,True,0.12
SCEN_2023_LOW_P4_ngboost_student_t_S0076,76,P4_ngboost_student_t,4200.0,0,0.0,20,20,0,True,0.11
SCEN_2023_LOW_P4_ngboost_student_t_S0077,77,P4_ngboost_student_t,4200.0,0,0.0,20,20,0,True,0.11
SCEN_2023_LOW_P4_ngboost_student_t_S0078,78,P4_ngboost_student_t,4200.0,0,0.0,20,20,0,True,0.11
SCEN_2023_LOW_P4_ngboost_student_t_S0079,79,P4_ngboost_student_t,4200.0,0,0.0,20,20,0,True,0.11
SCEN_2023_LOW_P4_ngboost_student_t_S0080,80,P4_ngboost_student_t,4200.0,0,0.0,20,20,0,True,0.12
SCEN_2023_LOW_P4_ngboost_student_t_S0081,81,P4_ngboost_student_t,4200.0,0,0.0,20,20,0,True,0.11
SCEN_2023_LOW_P4_ngboost_student_t_S0082,82,P4_ngboost_student_t,4200.0,0,0.0,20,20,0,True,0.11
SCEN_2023_LOW_P4_ngboost_student_t_S0083,83,P4_ngboost_student_t,4200.0,0,0.0,20,20,0,True,0.11
SCEN_2023_LOW_P4_ngboost_student_t_S0084,84,P4_ngboost_student_t,4200.0,0,0.0,20,20,0,True,0.11
SCEN_2023_LOW_P4_ngboost_student_t_S0085,85,P4_ngboost_student_t,4200.0,0,0.0,20,20,0,True,0.11
SCEN_2023_LOW_P4_ngboost_student_t_S0086,86,P4_ngboost_student_t,4200.0,0,0.0,20,20,0,True,0.11
SCEN_2023_LOW_P4_ngboost_student_t_S0087,87,P4_ngboost_student_t,4200.0,0,0.0,20,20,0,True,0.11
SCEN_2023_LOW_P4_ngboost_student_t_S0088,88,P4_ngboost_student_t,4200.0,0,0.0,20,20,0,True,0.12
SCEN_2023_LOW_P4_ngboost_student_t_S0089,89,P4_ngboost_student_t,4200.0,0,0.0,20,20,0,True,0.11
SCEN_2023_LOW_P4_ngboost_student_t_S0090,90,P4_ngboost_student_t,4200.0,0,0.0,20,20,0,True,0.11
SCEN_2023_LOW_P4_ngboost_student_t_S0091,91,P4_ngboost_student_t,4200.0,0,0.0,20,20,0,True,0.12
SCEN_2023_LOW_P4_ngboost_student_t_S0092,92,P4_ngboost_student_t,4200.0,0,0.0,20,20,0,True,0.11
SCEN_2023_LOW_P4_ngboost_student_t_S0093,93,P4_ngboost_student_t,4200.0,0,0.0,20,20,0,True,0.11
SCEN_2023_LOW_P4_ngboost_student_t_S0094,94,P4_ngboost_student_t,4200.0,0,0.0,20,20,0,True,0.11
SCEN_2023_LOW_P4_ngboost_student_t_S0095,95,P4_ngboost_student_t,4200.0,0,0.0,20,20,0,True,0.11
SCEN_2023_LOW_P4_ngboost_student_t_S0096,96,P4_ngboost_student_t,4200.0,0,0.0,20,20,0,True,0.11
SCEN_2023_LOW_P4_ngboost_student_t_S0097,97,P4_ngboost_student_t,4200.0,0,0.0,20,20,0,True,0.11
SCEN_2023_LOW_P4_ngboost_student_t_S0098,98,P4_ngboost_student_t,4200.0,0,0.0,20,20,0,True,0.11
SCEN_2023_LOW_P4_ngboost_student_t_S0099,99,P4_ngboost_student_t,4200.0,0,0.0,20,20,0,True,0.11
SCEN_2023_LOW_P4_ngboost_student_t_S0100,100,P4_ngboost_student_t,4200.0,0,0.0,20,20,0,True,0.11
SCEN_2023_LOW_P4_ngboost_student_t_S0101,101,P4_ngboost_student_t,4200.0,0,0.0,20,20,0,True,0.11
SCEN_2023_LOW_P4_ngboost_student_t_S0102,102,P4_ngboost_student_t,4200.0,0,0.0,20,20,0,True,0.11
SCEN_2023_LOW_P4_ngboost_student_t_S0103,103,P4_ngboost_student_t,4200.0,0,0.0,20,20,0,True,0.11
SCEN_2023_LOW_P4_ngboost_student_t_S0104,104,P4_ngboost_student_t,4200.0,0,0.0,20,20,0,True,0.11
SCEN_2023_LOW_P4_ngboost_student_t_S0105,105,P4_ngboost_student_t,4200.0,0,0.0,20,20,0,True,0.11
SCEN_2023_LOW_P4_ngboost_student_t_S0106,106,P4_ngboost_student_t,4200.0,0,0.0,20,20,0,True,0.11
SCEN_2023_LOW_P4_ngboost_student_t_S0107,107,P4_ngboost_student_t,4200.0,0,0.0,20,20,0,True,0.11
SCEN_2023_LOW_P4_ngboost_student_t_S0108,108,P4_ngboost_student_t,4200.0,0,0.0,20,20,0,True,0.11
SCEN_2023_LOW_P4_ngboost_student_t_S0109,109,P4_ngboost_student_t,4200.0,0,0.0,20,20,0,True,0.11
SCEN_2023_LOW_P4_ngboost_student_t_S0110,110,P4_ngboost_student_t,4200.0,0,0.0,20,20,0,True,0.12
SCEN_2023_LOW_P4_ngboost_student_t_S0111,111,P4_ngboost_student_t,4200.0,0,0.0,20,20,0,True,0.11
SCEN_2023_LOW_P4_ngboost_student_t_S0112,112,P4_ngboost_student_t,4200.0,0,0.0,20,20,0,True,0.11
SCEN_2023_LOW_P4_ngboost_student_t_S0113,113,P4_ngboost_student_t,4200.0,0,0.0,20,20,0,True,0.11
SCEN_2023_LOW_P4_ngboost_student_t_S0114,114,P4_ngboost_student_t,4200.0,0,0.0,20,20,0,True,0.11
SCEN_2023_LOW_P4_ngboost_student_t_S0115,115,P4_ngboost_student_t,4200.0,0,0.0,20,20,0,True,0.12
SCEN_2023_LOW_P4_ngboost_student_t_S0116,116,P4_ngboost_student_t,4200.0,0,0.0,20,20,0,True,0.12
SCEN_2023_LOW_P4_ngboost_student_t_S0117,117,P4_ngboost_student_t,4200.0,0,0.0,20,20,0,True,0.12
SCEN_2023_LOW_P4_ngboost_student_t_S0118,118,P4_ngboost_student_t,4200.0,0,0.0,20,20,0,True,0.11
SCEN_2023_LOW_P4_ngboost_student_t_S0119,119,P4_ngboost_student_t,4200.0,0,0.0,20,20,0,True,0.11
SCEN_2023_LOW_P4_ngboost_student_t_S0120,120,P4_ngboost_student_t,4200.0,0,0.0,20,20,0,True,0.11
SCEN_2023_LOW_P4_ngboost_student_t_S0121,121,P4_ngboost_student_t,4200.0,0,0.0,20,20,0,True,0.12
SCEN_2023_LOW_P4_ngboost_student_t_S0122,122,P4_ngboost_student_t,4200.0,0,0.0,20,20,0,True,0.12
SCEN_2023_LOW_P4_ngboost_student_t_S0123,123,P4_ngboost_student_t,4200.0,0,0.0,20,20,0,True,0.11
SCEN_2023_LOW_P4_ngboost_student_t_S0124,124,P4_ngboost_student_t,4200.0,0,0.0,20,20,0,True,0.12
SCEN_2023_LOW_P4_ngboost_student_t_S0125,125,P4_ngboost_student_t,4200.0,0,0.0,20,20,0,True,0.11
SCEN_2023_LOW_P4_ngboost_student_t_S0126,126,P4_ngboost_student_t,4200.0,0,0.0,20,20,0,True,0.11
SCEN_2023_LOW_P4_ngboost_student_t_S0127,127,P4_ngboost_student_t,4200.0,0,0.0,20,20,0,True,0.11
SCEN_2023_LOW_P4_ngboost_student_t_S0128,128,P4_ngboost_student_t,4200.0,0,0.0,20,20,0,True,0.11
SCEN_2023_LOW_P4_ngboost_student_t_S0129,129,P4_ngboost_student_t,4200.0,0,0.0,20,20,0,True,0.11
SCEN_2023_LOW_P4_ngboost_student_t_S0130,130,P4_ngboost_student_t,4200.0,0,0.0,20,20,0,True,0.11
SCEN_2023_LOW_P4_ngboost_student_t_S0131,131,P4_ngboost_student_t,4200.0,0,0.0,20,20,0,True,0.11
SCEN_2023_LOW_P4_ngboost_student_t_S0132,132,P4_ngboost_student_t,4200.0,0,0.0,20,20,0,True,0.12
SCEN_2023_LOW_P4_ngboost_student_t_S0133,133,P4_ngboost_student_t,4200.0,0,0.0,20,20,0,True,0.11
SCEN_2023_LOW_P4_ngboost_student_t_S0134,134,P4_ngboost_student_t,4200.0,0,0.0,20,20,0,True,0.11
SCEN_2023_LOW_P4_ngboost_student_t_S0135,135,P4_ngboost_student_t,4200.0,0,0.0,20,20,0,True,0.11
SCEN_2023_LOW_P4_ngboost_student_t_S0136,136,P4_ngboost_student_t,4200.0,0,0.0,20,20,0,True,0.11
SCEN_2023_LOW_P4_ngboost_student_t_S0137,137,P4_ngboost_student_t,4200.0,0,0.0,20,20,0,True,0.12
SCEN_2023_LOW_P4_ngboost_student_t_S0138,138,P4_ngboost_student_t,4200.0,0,0.0,20,20,0,True,0.11
SCEN_2023_LOW_P4_ngboost_student_t_S0139,139,P4_ngboost_student_t,4200.0,0,0.0,20,20,0,True,0.11
SCEN_2023_LOW_P4_ngboost_student_t_S0140,140,P4_ngboost_student_t,4200.0,0,0.0,20,20,0,True,0.11
SCEN_2023_LOW_P4_ngboost_student_t_S0141,141,P4_ngboost_student_t,4200.0,0,0.0,20,20,0,True,0.11
SCEN_2023_LOW_P4_ngboost_student_t_S0142,142,P4_ngboost_student_t,4200.0,0,0.0,20,20,0,True,0.11
SCEN_2023_LOW_P4_ngboost_student_t_S0143,143,P4_ngboost_student_t,4200.0,0,0.0,20,20,0,True,0.11
SCEN_2023_LOW_P4_ngboost_student_t_S0144,144,P4_ngboost_student_t,4200.0,0,0.0,20,20,0,True,0.11
SCEN_2023_LOW_P4_ngboost_student_t_S0145,145,P4_ngboost_student_t,4200.0,0,0.0,20,20,0,True,0.11
SCEN_2023_LOW_P4_ngboost_student_t_S0146,146,P4_ngboost_student_t,4200.0,0,0.0,20,20,0,True,0.11
SCEN_2023_LOW_P4_ngboost_student_t_S0147,147,P4_ngboost_student_t,4200.0,0,0.0,20,20,0,True,0.11
SCEN_2023_LOW_P4_ngboost_student_t_S0148,148,P4_ngboost_student_t,4200.0,0,0.0,20,20,0,True,0.11
SCEN_2023_LOW_P4_ngboost_student_t_S0149,149,P4_ngboost_student_t,4200.0,0,0.0,20,20,0,True,0.11
SCEN_2023_LOW_P4_ngboost_student_t_S0150,150,P4_ngboost_student_t,4200.0,0,0.0,20,20,0,True,0.11
SCEN_2023_LOW_P4_ngboost_student_t_S0151,151,P4_ngboost_student_t,4200.0,0,0.0,20,20,0,True,0.11
SCEN_2023_LOW_P4_ngboost_student_t_S0152,152,P4_ngboost_student_t,4200.0,0,0.0,20,20,0,True,0.11
SCEN_2023_LOW_P4_ngboost_student_t_S0153,153,P4_ngboost_student_t,4200.0,0,0.0,20,20,0,True,0.11
SCEN_2023_LOW_P4_ngboost_student_t_S0154,154,P4_ngboost_student_t,4200.0,0,0.0,20,20,0,True,0.11
SCEN_2023_LOW_P4_ngboost_student_t_S0155,155,P4_ngboost_student_t,4200.0,0,0.0,20,20,0,True,0.16
SCEN_2023_LOW_P4_ngboost_student_t_S0156,156,P4_ngboost_student_t,4200.0,0,0.0,20,20,0,True,0.13
SCEN_2023_LOW_P4_ngboost_student_t_S0157,157,P4_ngboost_student_t,4200.0,0,0.0,20,20,0,True,0.12
SCEN_2023_LOW_P4_ngboost_student_t_S0158,158,P4_ngboost_student_t,4200.0,0,0.0,20,20,0,True,0.11
SCEN_2023_LOW_P4_ngboost_student_t_S0159,159,P4_ngboost_student_t,4200.0,0,0.0,20,20,0,True,0.11
SCEN_2023_LOW_P4_ngboost_student_t_S0160,160,P4_ngboost_student_t,4200.0,0,0.0,20,20,0,True,0.11
SCEN_2023_LOW_P4_ngboost_student_t_S0161,161,P4_ngboost_student_t,4200.0,0,0.0,20,20,0,True,0.11
SCEN_2023_LOW_P4_ngboost_student_t_S0162,162,P4_ngboost_student_t,4200.0,0,0.0,20,20,0,True,0.11
SCEN_2023_LOW_P4_ngboost_student_t_S0163,163,P4_ngboost_student_t,4200.0,0,0.0,20,20,0,True,0.11
SCEN_2023_LOW_P4_ngboost_student_t_S0164,164,P4_ngboost_student_t,4200.0,0,0.0,20,20,0,True,0.13
SCEN_2023_LOW_P4_ngboost_student_t_S0165,165,P4_ngboost_student_t,4200.0,0,0.0,20,20,0,True,0.11
SCEN_2023_LOW_P4_ngboost_student_t_S0166,166,P4_ngboost_student_t,4200.0,0,0.0,20,20,0,True,0.11
SCEN_2023_LOW_P4_ngboost_student_t_S0167,167,P4_ngboost_student_t,4200.0,0,0.0,20,20,0,True,0.11
SCEN_2023_LOW_P4_ngboost_student_t_S0168,168,P4_ngboost_student_t,4200.0,0,0.0,20,20,0,True,0.11
SCEN_2023_LOW_P4_ngboost_student_t_S0169,169,P4_ngboost_student_t,4200.0,0,0.0,20,20,0,True,0.11
SCEN_2023_LOW_P4_ngboost_student_t_S0170,170,P4_ngboost_student_t,4200.0,0,0.0,20,20,0,True,0.11
SCEN_2023_LOW_P4_ngboost_student_t_S0171,171,P4_ngboost_student_t,4200.0,0,0.0,20,20,0,True,0.11
SCEN_2023_LOW_P4_ngboost_student_t_S0172,172,P4_ngboost_student_t,4200.0,0,0.0,20,20,0,True,0.13
SCEN_2023_LOW_P4_ngboost_student_t_S0173,173,P4_ngboost_student_t,4200.0,0,0.0,20,20,0,True,0.11
SCEN_2023_LOW_P4_ngboost_student_t_S0174,174,P4_ngboost_student_t,4200.0,0,0.0,20,20,0,True,0.11
SCEN_2023_LOW_P4_ngboost_student_t_S0175,175,P4_ngboost_student_t,4200.0,0,0.0,20,20,0,True,0.12
SCEN_2023_LOW_P4_ngboost_student_t_S0176,176,P4_ngboost_student_t,4200.0,0,0.0,20,20,0,True,0.11
SCEN_2023_LOW_P4_ngboost_student_t_S0177,177,P4_ngboost_student_t,4200.0,0,0.0,20,20,0,True,0.12
SCEN_2023_LOW_P4_ngboost_student_t_S0178,178,P4_ngboost_student_t,4200.0,0,0.0,20,20,0,True,0.11
SCEN_2023_LOW_P4_ngboost_student_t_S0179,179,P4_ngboost_student_t,4200.0,0,0.0,20,20,0,True,0.11
SCEN_2023_LOW_P4_ngboost_student_t_S0180,180,P4_ngboost_student_t,4200.0,0,0.0,20,20,0,True,0.11
SCEN_2023_LOW_P4_ngboost_student_t_S0181,181,P4_ngboost_student_t,4200.0,0,0.0,20,20,0,True,0.12
SCEN_2023_LOW_P4_ngboost_student_t_S0182,182,P4_ngboost_student_t,4200.0,0,0.0,20,20,0,True,0.11
SCEN_2023_LOW_P4_ngboost_student_t_S0183,183,P4_ngboost_student_t,4200.0,0,0.0,20,20,0,True,0.11
SCEN_2023_LOW_P4_ngboost_student_t_S0184,184,P4_ngboost_student_t,4200.0,0,0.0,20,20,0,True,0.11
SCEN_2023_LOW_P4_ngboost_student_t_S0185,185,P4_ngboost_student_t,4200.0,0,0.0,20,20,0,True,0.11
SCEN_2023_LOW_P4_ngboost_student_t_S0186,186,P4_ngboost_student_t,4200.0,0,0.0,20,20,0,True,0.11
SCEN_2023_LOW_P4_ngboost_student_t_S0187,187,P4_ngboost_student_t,4200.0,0,0.0,20,20,0,True,0.11
SCEN_2023_LOW_P4_ngboost_student_t_S0188,188,P4_ngboost_student_t,4200.0,0,0.0,20,20,0,True,0.12
SCEN_2023_LOW_P4_ngboost_student_t_S0189,189,P4_ngboost_student_t,4200.0,0,0.0,20,20,0,True,0.11
SCEN_2023_LOW_P4_ngboost_student_t_S0190,190,P4_ngboost_student_t,4200.0,0,0.0,20,20,0,True,0.11
SCEN_2023_LOW_P4_ngboost_student_t_S0191,191,P4_ngboost_student_t,4200.0,0,0.0,20,20,0,True,0.11
SCEN_2023_LOW_P4_ngboost_student_t_S0192,192,P4_ngboost_student_t,4200.0,0,0.0,20,20,0,True,0.12
SCEN_2023_LOW_P4_ngboost_student_t_S0193,193,P4_ngboost_student_t,4200.0,0,0.0,20,20,0,True,0.11
SCEN_2023_LOW_P4_ngboost_student_t_S0194,194,P4_ngboost_student_t,4200.0,0,0.0,20,20,0,True,0.11
SCEN_2023_LOW_P4_ngboost_student_t_S0195,195,P4_ngboost_student_t,4200.0,0,0.0,20,20,0,True,0.11
SCEN_2023_LOW_P4_ngboost_student_t_S0196,196,P4_ngboost_student_t,4200.0,0,0.0,20,20,0,True,0.11
SCEN_2023_LOW_P4_ngboost_student_t_S0197,197,P4_ngboost_student_t,4200.0,0,0.0,20,20,0,True,0.11
SCEN_2023_LOW_P4_ngboost_student_t_S0198,198,P4_ngboost_student_t,4200.0,0,0.0,20,20,0,True,0.12
SCEN_2023_LOW_P4_ngboost_student_t_S0199,199,P4_ngboost_student_t,4200.0,0,0.0,20,20,0,True,0.11
SCEN_2023_LOW_P4_ngboost_student_t_S0200,200,P4_ngboost_student_t,4200.0,0,0.0,20,20,0,True,0.11
SCEN_2023_LOW_P4_ngboost_student_t_S0201,201,P4_ngboost_student_t,4200.0,0,0.0,20,20,0,True,0.11
SCEN_2023_LOW_P4_ngboost_student_t_S0202,202,P4_ngboost_student_t,4200.0,0,0.0,20,20,0,True,0.11
SCEN_2023_LOW_P4_ngboost_student_t_S0203,203,P4_ngboost_student_t,4200.0,0,0.0,20,20,0,True,0.13
SCEN_2023_LOW_P4_ngboost_student_t_S0204,204,P4_ngboost_student_t,4200.0,0,0.0,20,20,0,True,0.12
SCEN_2023_LOW_P4_ngboost_student_t_S0205,205,P4_ngboost_student_t,4200.0,0,0.0,20,20,0,True,0.13
SCEN_2023_LOW_P4_ngboost_student_t_S0206,206,P4_ngboost_student_t,4200.0,0,0.0,20,20,0,True,0.12
SCEN_2023_LOW_P4_ngboost_student_t_S0207,207,P4_ngboost_student_t,4200.0,0,0.0,20,20,0,True,0.13
SCEN_2023_LOW_P4_ngboost_student_t_S0208,208,P4_ngboost_student_t,4200.0,0,0.0,20,20,0,True,0.13
SCEN_2023_LOW_P4_ngboost_student_t_S0209,209,P4_ngboost_student_t,4200.0,0,0.0,20,20,0,True,0.11
SCEN_2023_LOW_P4_ngboost_student_t_S0210,210,P4_ngboost_student_t,4200.0,0,0.0,20,20,0,True,0.12
SCEN_2023_LOW_P4_ngboost_student_t_S0211,211,P4_ngboost_student_t,4200.0,0,0.0,20,20,0,True,0.12
SCEN_2023_LOW_P4_ngboost_student_t_S0212,212,P4_ngboost_student_t,4200.0,0,0.0,20,20,0,True,0.12
SCEN_2023_LOW_P4_ngboost_student_t_S0213,213,P4_ngboost_student_t,4200.0,0,0.0,20,20,0,True,0.12
SCEN_2023_LOW_P4_ngboost_student_t_S0214,214,P4_ngboost_student_t,4200.0,0,0.0,20,20,0,True,0.12
SCEN_2023_LOW_P4_ngboost_student_t_S0215,215,P4_ngboost_student_t,4200.0,0,0.0,20,20,0,True,0.12
SCEN_2023_LOW_P4_ngboost_student_t_S0216,216,P4_ngboost_student_t,4200.0,0,0.0,20,20,0,True,0.11
SCEN_2023_LOW_P4_ngboost_student_t_S0217,217,P4_ngboost_student_t,4200.0,0,0.0,20,20,0,True,0.11
SCEN_2023_LOW_P4_ngboost_student_t_S0218,218,P4_ngboost_student_t,4200.0,0,0.0,20,20,0,True,0.11
SCEN_2023_LOW_P4_ngboost_student_t_S0219,219,P4_ngboost_student_t,4200.0,0,0.0,20,20,0,True,0.11
SCEN_2023_LOW_P4_ngboost_student_t_S0220,220,P4_ngboost_student_t,4200.0,0,0.0,20,20,0,True,0.11
SCEN_2023_LOW_P4_ngboost_student_t_S0221,221,P4_ngboost_student_t,4200.0,0,0.0,20,20,0,True,0.11
SCEN_2023_LOW_P4_ngboost_student_t_S0222,222,P4_ngboost_student_t,4200.0,0,0.0,20,20,0,True,0.11
SCEN_2023_LOW_P4_ngboost_student_t_S0223,223,P4_ngboost_student_t,4200.0,0,0.0,20,20,0,True,0.11
SCEN_2023_LOW_P4_ngboost_student_t_S0224,224,P4_ngboost_student_t,4200.0,0,0.0,20,20,0,True,0.11
SCEN_2023_LOW_P4_ngboost_student_t_S0225,225,P4_ngboost_student_t,4200.0,0,0.0,20,20,0,True,0.11
SCEN_2023_LOW_P4_ngboost_student_t_S0226,226,P4_ngboost_student_t,4200.0,0,0.0,20,20,0,True,0.11
SCEN_2023_LOW_P4_ngboost_student_t_S0227,227,P4_ngboost_student_t,4200.0,0,0.0,20,20,0,True,0.11
SCEN_2023_LOW_P4_ngboost_student_t_S0228,228,P4_ngboost_student_t,4200.0,0,0.0,20,20,0,True,0.11
SCEN_2023_LOW_P4_ngboost_student_t_S0229,229,P4_ngboost_student_t,4200.0,0,0.0,20,20,0,True,0.11
SCEN_2023_LOW_P4_ngboost_student_t_S0230,230,P4_ngboost_student_t,4200.0,0,0.0,20,20,0,True,0.11
SCEN_2023_LOW_P4_ngboost_student_t_S0231,231,P4_ngboost_student_t,4200.0,0,0.0,20,20,0,True,0.11
SCEN_2023_LOW_P4_ngboost_student_t_S0232,232,P4_ngboost_student_t,4200.0,0,0.0,20,20,0,True,0.11
SCEN_2023_LOW_P4_ngboost_student_t_S0233,233,P4_ngboost_student_t,4200.0,0,0.0,20,20,0,True,0.11
SCEN_2023_LOW_P4_ngboost_student_t_S0234,234,P4_ngboost_student_t,4200.0,0,0.0,20,20,0,True,0.11
SCEN_2023_LOW_P4_ngboost_student_t_S0235,235,P4_ngboost_student_t,4200.0,0,0.0,20,20,0,True,0.11
SCEN_2023_LOW_P4_ngboost_student_t_S0236,236,P4_ngboost_student_t,4200.0,0,0.0,20,20,0,True,0.11
SCEN_2023_LOW_P4_ngboost_student_t_S0237,237,P4_ngboost_student_t,4200.0,0,0.0,20,20,0,True,0.11
SCEN_2023_LOW_P4_ngboost_student_t_S0238,238,P4_ngboost_student_t,4200.0,0,0.0,20,20,0,True,0.11
SCEN_2023_LOW_P4_ngboost_student_t_S0239,239,P4_ngboost_student_t,4200.0,0,0.0,20,20,0,True,0.12
SCEN_2023_LOW_P4_ngboost_student_t_S0240,240,P4_ngboost_student_t,4200.0,0,0.0,20,20,0,True,0.12
SCEN_2023_LOW_P4_ngboost_student_t_S0241,241,P4_ngboost_student_t,4200.0,0,0.0,20,20,0,True,0.11
SCEN_2023_LOW_P4_ngboost_student_t_S0242,242,P4_ngboost_student_t,4200.0,0,0.0,20,20,0,True,0.11
SCEN_2023_LOW_P4_ngboost_student_t_S0243,243,P4_ngboost_student_t,4200.0,0,0.0,20,20,0,True,0.11
SCEN_2023_LOW_P4_ngboost_student_t_S0244,244,P4_ngboost_student_t,4200.0,0,0.0,20,20,0,True,0.12
SCEN_2023_LOW_P4_ngboost_student_t_S0245,245,P4_ngboost_student_t,4200.0,0,0.0,20,20,0,True,0.12
SCEN_2023_LOW_P4_ngboost_student_t_S0246,246,P4_ngboost_student_t,4200.0,0,0.0,20,20,0,True,0.11
SCEN_2023_LOW_P4_ngboost_student_t_S0247,247,P4_ngboost_student_t,4200.0,0,0.0,20,20,0,True,0.11
SCEN_2023_LOW_P4_ngboost_student_t_S0248,248,P4_ngboost_student_t,4200.0,0,0.0,20,20,0,True,0.11
SCEN_2023_LOW_P4_ngboost_student_t_S0249,249,P4_ngboost_student_t,4200.0,0,0.0,20,20,0,True,0.11
SCEN_2023_LOW_P4_ngboost_student_t_S0250,250,P4_ngboost_student_t,4200.0,0,0.0,20,20,0,True,0.12
SCEN_2023_LOW_P4_ngboost_student_t_S0251,251,P4_ngboost_student_t,4200.0,0,0.0,20,20,0,True,0.11
SCEN_2023_LOW_P4_ngboost_student_t_S0252,252,P4_ngboost_student_t,4200.0,0,0.0,20,20,0,True,0.11
SCEN_2023_LOW_P4_ngboost_student_t_S0253,253,P4_ngboost_student_t,4200.0,0,0.0,20,20,0,True,0.11
SCEN_2023_LOW_P4_ngboost_student_t_S0254,254,P4_ngboost_student_t,4200.0,0,0.0,20,20,0,True,0.11
SCEN_2023_LOW_P4_ngboost_student_t_S0255,255,P4_ngboost_student_t,4200.0,0,0.0,20,20,0,True,0.11
SCEN_2023_LOW_P4_ngboost_student_t_S0256,256,P4_ngboost_student_t,4200.0,0,0.0,20,20,0,True,0.11
SCEN_2023_LOW_P4_ngboost_student_t_S0257,257,P4_ngboost_student_t,4200.0,0,0.0,20,20,0,True,0.11
SCEN_2023_LOW_P4_ngboost_student_t_S0258,258,P4_ngboost_student_t,4200.0,0,0.0,20,20,0,True,0.11
SCEN_2023_LOW_P4_ngboost_student_t_S0259,259,P4_ngboost_student_t,4200.0,0,0.0,20,20,0,True,0.11
SCEN_2023_LOW_P4_ngboost_student_t_S0260,260,P4_ngboost_student_t,4200.0,0,0.0,20,20,0,True,0.11
SCEN_2023_LOW_P4_ngboost_student_t_S0261,261,P4_ngboost_student_t,4200.0,0,0.0,20,20,0,True,0.11
SCEN_2023_LOW_P4_ngboost_student_t_S0262,262,P4_ngboost_student_t,4200.0,0,0.0,20,20,0,True,0.11
SCEN_2023_LOW_P4_ngboost_student_t_S0263,263,P4_ngboost_student_t,4200.0,0,0.0,20,20,0,True,0.11
SCEN_2023_LOW_P4_ngboost_student_t_S0264,264,P4_ngboost_student_t,4200.0,0,0.0,20,20,0,True,0.11
SCEN_2023_LOW_P4_ngboost_student_t_S0265,265,P4_ngboost_student_t,4200.0,0,0.0,20,20,0,True,0.12
SCEN_2023_LOW_P4_ngboost_student_t_S0266,266,P4_ngboost_student_t,4200.0,0,0.0,20,20,0,True,0.11
SCEN_2023_LOW_P4_ngboost_student_t_S0267,267,P4_ngboost_student_t,4200.0,0,0.0,20,20,0,True,0.11
SCEN_2023_LOW_P4_ngboost_student_t_S0268,268,P4_ngboost_student_t,4200.0,0,0.0,20,20,0,True,0.11
SCEN_2023_LOW_P4_ngboost_student_t_S0269,269,P4_ngboost_student_t,4200.0,0,0.0,20,20,0,True,0.11
SCEN_2023_LOW_P4_ngboost_student_t_S0270,270,P4_ngboost_student_t,4200.0,0,0.0,20,20,0,True,0.11
SCEN_2023_LOW_P4_ngboost_student_t_S0271,271,P4_ngboost_student_t,4200.0,0,0.0,20,20,0,True,0.11
SCEN_2023_LOW_P4_ngboost_student_t_S0272,272,P4_ngboost_student_t,4200.0,0,0.0,20,20,0,True,0.11
SCEN_2023_LOW_P4_ngboost_student_t_S0273,273,P4_ngboost_student_t,4200.0,0,0.0,20,20,0,True,0.11
SCEN_2023_LOW_P4_ngboost_student_t_S0274,274,P4_ngboost_student_t,4200.0,0,0.0,20,20,0,True,0.11
SCEN_2023_LOW_P4_ngboost_student_t_S0275,275,P4_ngboost_student_t,4200.0,0,0.0,20,20,0,True,0.11
SCEN_2023_LOW_P4_ngboost_student_t_S0276,276,P4_ngboost_student_t,4200.0,0,0.0,20,20,0,True,0.11
SCEN_2023_LOW_P4_ngboost_student_t_S0277,277,P4_ngboost_student_t,4200.0,0,0.0,20,20,0,True,0.11
SCEN_2023_LOW_P4_ngboost_student_t_S0278,278,P4_ngboost_student_t,4200.0,0,0.0,20,20,0,True,0.11
SCEN_2023_LOW_P4_ngboost_student_t_S0279,279,P4_ngboost_student_t,4200.0,0,0.0,20,20,0,True,0.12
SCEN_2023_LOW_P4_ngboost_student_t_S0280,280,P4_ngboost_student_t,4200.0,0,0.0,20,20,0,True,0.11
SCEN_2023_LOW_P4_ngboost_student_t_S0281,281,P4_ngboost_student_t,4200.0,0,0.0,20,20,0,True,0.11
SCEN_2023_LOW_P4_ngboost_student_t_S0282,282,P4_ngboost_student_t,4200.0,0,0.0,20,20,0,True,0.13
SCEN_2023_LOW_P4_ngboost_student_t_S0283,283,P4_ngboost_student_t,4200.0,0,0.0,20,20,0,True,0.11
SCEN_2023_LOW_P4_ngboost_student_t_S0284,284,P4_ngboost_student_t,4200.0,0,0.0,20,20,0,True,0.11
SCEN_2023_LOW_P4_ngboost_student_t_S0285,285,P4_ngboost_student_t,4200.0,0,0.0,20,20,0,True,0.11
SCEN_2023_LOW_P4_ngboost_student_t_S0286,286,P4_ngboost_student_t,4200.0,0,0.0,20,20,0,True,0.11
SCEN_2023_LOW_P4_ngboost_student_t_S0287,287,P4_ngboost_student_t,4200.0,0,0.0,20,20,0,True,0.11
SCEN_2023_LOW_P4_ngboost_student_t_S0288,288,P4_ngboost_student_t,4200.0,0,0.0,20,20,0,True,0.11
SCEN_2023_LOW_P4_ngboost_student_t_S0289,289,P4_ngboost_student_t,4200.0,0,0.0,20,20,0,True,0.11
SCEN_2023_LOW_P4_ngboost_student_t_S0290,290,P4_ngboost_student_t,4200.0,0,0.0,20,20,0,True,0.13
SCEN_2023_LOW_P4_ngboost_student_t_S0291,291,P4_ngboost_student_t,4200.0,0,0.0,20,20,0,True,0.11
SCEN_2023_LOW_P4_ngboost_student_t_S0292,292,P4_ngboost_student_t,4200.0,0,0.0,20,20,0,True,0.12
SCEN_2023_LOW_P4_ngboost_student_t_S0293,293,P4_ngboost_student_t,4200.0,0,0.0,20,20,0,True,0.11
SCEN_2023_LOW_P4_ngboost_student_t_S0294,294,P4_ngboost_student_t,4200.0,0,0.0,20,20,0,True,0.12
SCEN_2023_LOW_P4_ngboost_student_t_S0295,295,P4_ngboost_student_t,4200.0,0,0.0,20,20,0,True,0.12
SCEN_2023_LOW_P4_ngboost_student_t_S0296,296,P4_ngboost_student_t,4200.0,0,0.0,20,20,0,True,0.11
SCEN_2023_LOW_P4_ngboost_student_t_S0297,297,P4_ngboost_student_t,4200.0,0,0.0,20,20,0,True,0.11
SCEN_2023_LOW_P4_ngboost_student_t_S0298,298,P4_ngboost_student_t,4200.0,0,0.0,20,20,0,True,0.11
SCEN_2023_LOW_P4_ngboost_student_t_S0299,299,P4_ngboost_student_t,4200.0,0,0.0,20,20,0,True,0.12
SCEN_2023_LOW_P4_ngboost_student_t_S0300,300,P4_ngboost_student_t,4200.0,0,0.0,20,20,0,True,0.11
SCEN_2023_LOW_P4_ngboost_student_t_S0301,301,P4_ngboost_student_t,4200.0,0,0.0,20,20,0,True,0.11
SCEN_2023_LOW_P4_ngboost_student_t_S0302,302,P4_ngboost_student_t,4200.0,0,0.0,20,20,0,True,0.12
SCEN_2023_LOW_P4_ngboost_student_t_S0303,303,P4_ngboost_student_t,4200.0,0,0.0,20,20,0,True,0.11
SCEN_2023_LOW_P4_ngboost_student_t_S0304,304,P4_ngboost_student_t,4200.0,0,0.0,20,20,0,True,0.11
SCEN_2023_LOW_P4_ngboost_student_t_S0305,305,P4_ngboost_student_t,4200.0,0,0.0,20,20,0,True,0.11
SCEN_2023_LOW_P4_ngboost_student_t_S0306,306,P4_ngboost_student_t,4200.0,0,0.0,20,20,0,True,0.11
SCEN_2023_LOW_P4_ngboost_student_t_S0307,307,P4_ngboost_student_t,4200.0,0,0.0,20,20,0,True,0.11
SCEN_2023_LOW_P4_ngboost_student_t_S0308,308,P4_ngboost_student_t,4200.0,0,0.0,20,20,0,True,0.11
SCEN_2023_LOW_P4_ngboost_student_t_S0309,309,P4_ngboost_student_t,4200.0,0,0.0,20,20,0,True,0.11
SCEN_2023_LOW_P4_ngboost_student_t_S0310,310,P4_ngboost_student_t,4200.0,0,0.0,20,20,0,True,0.11
SCEN_2023_LOW_P4_ngboost_student_t_S0311,311,P4_ngboost_student_t,4200.0,0,0.0,20,20,0,True,0.11
SCEN_2023_LOW_P4_ngboost_student_t_S0312,312,P4_ngboost_student_t,4200.0,0,0.0,20,20,0,True,0.11
SCEN_2023_LOW_P4_ngboost_student_t_S0313,313,P4_ngboost_student_t,4200.0,0,0.0,20,20,0,True,0.11
SCEN_2023_LOW_P4_ngboost_student_t_S0314,314,P4_ngboost_student_t,4200.0,0,0.0,20,20,0,True,0.11
SCEN_2023_LOW_P4_ngboost_student_t_S0315,315,P4_ngboost_student_t,4200.0,0,0.0,20,20,0,True,0.11
SCEN_2023_LOW_P4_ngboost_student_t_S0316,316,P4_ngboost_student_t,4200.0,0,0.0,20,20,0,True,0.11
SCEN_2023_LOW_P4_ngboost_student_t_S0317,317,P4_ngboost_student_t,4200.0,0,0.0,20,20,0,True,0.11
SCEN_2023_LOW_P4_ngboost_student_t_S0318,318,P4_ngboost_student_t,4200.0,0,0.0,20,20,0,True,0.11
SCEN_2023_LOW_P4_ngboost_student_t_S0319,319,P4_ngboost_student_t,4200.0,0,0.0,20,20,0,True,0.11
SCEN_2023_LOW_P4_ngboost_student_t_S0320,320,P4_ngboost_student_t,4200.0,0,0.0,20,20,0,True,0.11
SCEN_2023_LOW_P4_ngboost_student_t_S0321,321,P4_ngboost_student_t,4200.0,0,0.0,20,20,0,True,0.11
SCEN_2023_LOW_P4_ngboost_student_t_S0322,322,P4_ngboost_student_t,4200.0,0,0.0,20,20,0,True,0.11
SCEN_2023_LOW_P4_ngboost_student_t_S0323,323,P4_ngboost_student_t,4200.0,0,0.0,20,20,0,True,0.11
SCEN_2023_LOW_P4_ngboost_student_t_S0324,324,P4_ngboost_student_t,4200.0,0,0.0,20,20,0,True,0.12
SCEN_2023_LOW_P4_ngboost_student_t_S0325,325,P4_ngboost_student_t,4200.0,0,0.0,20,20,0,True,0.11
SCEN_2023_LOW_P4_ngboost_student_t_S0326,326,P4_ngboost_student_t,4200.0,0,0.0,20,20,0,True,0.11
SCEN_2023_LOW_P4_ngboost_student_t_S0327,327,P4_ngboost_student_t,4200.0,0,0.0,20,20,0,True,0.11
SCEN_2023_LOW_P4_ngboost_student_t_S0328,328,P4_ngboost_student_t,4200.0,0,0.0,20,20,0,True,0.11
SCEN_2023_LOW_P4_ngboost_student_t_S0329,329,P4_ngboost_student_t,4200.0,0,0.0,20,20,0,True,0.12
SCEN_2023_LOW_P4_ngboost_student_t_S0330,330,P4_ngboost_student_t,4200.0,0,0.0,20,20,0,True,0.11
SCEN_2023_LOW_P4_ngboost_student_t_S0331,331,P4_ngboost_student_t,4200.0,0,0.0,20,20,0,True,0.11
SCEN_2023_LOW_P4_ngboost_student_t_S0332,332,P4_ngboost_student_t,4200.0,0,0.0,20,20,0,True,0.12
SCEN_2023_LOW_P4_ngboost_student_t_S0333,333,P4_ngboost_student_t,4200.0,0,0.0,20,20,0,True,0.11
SCEN_2023_LOW_P4_ngboost_student_t_S0334,334,P4_ngboost_student_t,4200.0,0,0.0,20,20,0,True,0.11
SCEN_2023_LOW_P4_ngboost_student_t_S0335,335,P4_ngboost_student_t,4200.0,0,0.0,20,20,0,True,0.11
SCEN_2023_LOW_P4_ngboost_student_t_S0336,336,P4_ngboost_student_t,4200.0,0,0.0,20,20,0,True,0.12
SCEN_2023_LOW_P4_ngboost_student_t_S0337,337,P4_ngboost_student_t,4200.0,0,0.0,20,20,0,True,0.12
SCEN_2023_LOW_P4_ngboost_student_t_S0338,338,P4_ngboost_student_t,4200.0,0,0.0,20,20,0,True,0.11
SCEN_2023_LOW_P4_ngboost_student_t_S0339,339,P4_ngboost_student_t,4200.0,0,0.0,20,20,0,True,0.11
SCEN_2023_LOW_P4_ngboost_student_t_S0340,340,P4_ngboost_student_t,4200.0,0,0.0,20,20,0,True,0.12
SCEN_2023_LOW_P4_ngboost_student_t_S0341,341,P4_ngboost_student_t,4200.0,0,0.0,20,20,0,True,0.11
SCEN_2023_LOW_P4_ngboost_student_t_S0342,342,P4_ngboost_student_t,4200.0,0,0.0,20,20,0,True,0.12
SCEN_2023_LOW_P4_ngboost_student_t_S0343,343,P4_ngboost_student_t,4200.0,0,0.0,20,20,0,True,0.11
SCEN_2023_LOW_P4_ngboost_student_t_S0344,344,P4_ngboost_student_t,4200.0,0,0.0,20,20,0,True,0.11
SCEN_2023_LOW_P4_ngboost_student_t_S0345,345,P4_ngboost_student_t,4200.0,0,0.0,20,20,0,True,0.12
SCEN_2023_LOW_P4_ngboost_student_t_S0346,346,P4_ngboost_student_t,4200.0,0,0.0,20,20,0,True,0.12
SCEN_2023_LOW_P4_ngboost_student_t_S0347,347,P4_ngboost_student_t,4200.0,0,0.0,20,20,0,True,0.12
SCEN_2023_LOW_P4_ngboost_student_t_S0348,348,P4_ngboost_student_t,4200.0,0,0.0,20,20,0,True,0.11
SCEN_2023_LOW_P4_ngboost_student_t_S0349,349,P4_ngboost_student_t,4200.0,0,0.0,20,20,0,True,0.11
SCEN_2023_LOW_P4_ngboost_student_t_S0350,350,P4_ngboost_student_t,4200.0,0,0.0,20,20,0,True,0.11
SCEN_2023_LOW_P4_ngboost_student_t_S0351,351,P4_ngboost_student_t,4200.0,0,0.0,20,20,0,True,0.11
SCEN_2023_LOW_P4_ngboost_student_t_S0352,352,P4_ngboost_student_t,4200.0,0,0.0,20,20,0,True,0.11
SCEN_2023_LOW_P4_ngboost_student_t_S0353,353,P4_ngboost_student_t,4200.0,0,0.0,20,20,0,True,0.11
SCEN_2023_LOW_P4_ngboost_student_t_S0354,354,P4_ngboost_student_t,4200.0,0,0.0,20,20,0,True,0.11
SCEN_2023_LOW_P4_ngboost_student_t_S0355,355,P4_ngboost_student_t,4200.0,0,0.0,20,20,0,True,0.11
SCEN_2023_LOW_P4_ngboost_student_t_S0356,356,P4_ngboost_student_t,4200.0,0,0.0,20,20,0,True,0.11
SCEN_2023_LOW_P4_ngboost_student_t_S0357,357,P4_ngboost_student_t,4200.0,0,0.0,20,20,0,True,0.11
SCEN_2023_LOW_P4_ngboost_student_t_S0358,358,P4_ngboost_student_t,4200.0,0,0.0,20,20,0,True,0.11
SCEN_2023_LOW_P4_ngboost_student_t_S0359,359,P4_ngboost_student_t,4200.0,0,0.0,20,20,0,True,0.11
SCEN_2023_LOW_P4_ngboost_student_t_S0360,360,P4_ngboost_student_t,4200.0,0,0.0,20,20,0,True,0.11
SCEN_2023_LOW_P4_ngboost_student_t_S0361,361,P4_ngboost_student_t,4200.0,0,0.0,20,20,0,True,0.11
SCEN_2023_LOW_P4_ngboost_student_t_S0362,362,P4_ngboost_student_t,4200.0,0,0.0,20,20,0,True,0.11
SCEN_2023_LOW_P4_ngboost_student_t_S0363,363,P4_ngboost_student_t,4200.0,0,0.0,20,20,0,True,0.11
SCEN_2023_LOW_P4_ngboost_student_t_S0364,364,P4_ngboost_student_t,4200.0,0,0.0,20,20,0,True,0.11
SCEN_2023_LOW_P4_ngboost_student_t_S0365,365,P4_ngboost_student_t,4200.0,0,0.0,20,20,0,True,0.12
SCEN_2023_LOW_P4_ngboost_student_t_S0366,366,P4_ngboost_student_t,4200.0,0,0.0,20,20,0,True,0.11
SCEN_2023_LOW_P4_ngboost_student_t_S0367,367,P4_ngboost_student_t,4200.0,0,0.0,20,20,0,True,0.11
SCEN_2023_LOW_P4_ngboost_student_t_S0368,368,P4_ngboost_student_t,4200.0,0,0.0,20,20,0,True,0.12
SCEN_2023_LOW_P4_ngboost_student_t_S0369,369,P4_ngboost_student_t,4200.0,0,0.0,20,20,0,True,0.11
SCEN_2023_LOW_P4_ngboost_student_t_S0370,370,P4_ngboost_student_t,4200.0,0,0.0,20,20,0,True,0.11
SCEN_2023_LOW_P4_ngboost_student_t_S0371,371,P4_ngboost_student_t,4200.0,0,0.0,20,20,0,True,0.12
SCEN_2023_LOW_P4_ngboost_student_t_S0372,372,P4_ngboost_student_t,4200.0,0,0.0,20,20,0,True,0.12
SCEN_2023_LOW_P4_ngboost_student_t_S0373,373,P4_ngboost_student_t,4200.0,0,0.0,20,20,0,True,0.12
SCEN_2023_LOW_P4_ngboost_student_t_S0374,374,P4_ngboost_student_t,4200.0,0,0.0,20,20,0,True,0.11
SCEN_2023_LOW_P4_ngboost_student_t_S0375,375,P4_ngboost_student_t,4200.0,0,0.0,20,20,0,True,0.12
SCEN_2023_LOW_P4_ngboost_student_t_S0376,376,P4_ngboost_student_t,4200.0,0,0.0,20,20,0,True,0.12
SCEN_2023_LOW_P4_ngboost_student_t_S0377,377,P4_ngboost_student_t,4200.0,0,0.0,20,20,0,True,0.12
SCEN_2023_LOW_P4_ngboost_student_t_S0378,378,P4_ngboost_student_t,4200.0,0,0.0,20,20,0,True,0.11
SCEN_2023_LOW_P4_ngboost_student_t_S0379,379,P4_ngboost_student_t,4200.0,0,0.0,20,20,0,True,0.11
SCEN_2023_LOW_P4_ngboost_student_t_S0380,380,P4_ngboost_student_t,4200.0,0,0.0,20,20,0,True,0.12
SCEN_2023_LOW_P4_ngboost_student_t_S0381,381,P4_ngboost_student_t,4200.0,0,0.0,20,20,0,True,0.11
SCEN_2023_LOW_P4_ngboost_student_t_S0382,382,P4_ngboost_student_t,4200.0,0,0.0,20,20,0,True,0.12
SCEN_2023_LOW_P4_ngboost_student_t_S0383,383,P4_ngboost_student_t,4200.0,0,0.0,20,20,0,True,0.11
SCEN_2023_LOW_P4_ngboost_student_t_S0384,384,P4_ngboost_student_t,4200.0,0,0.0,20,20,0,True,0.11
SCEN_2023_LOW_P4_ngboost_student_t_S0385,385,P4_ngboost_student_t,4200.0,0,0.0,20,20,0,True,0.11
SCEN_2023_LOW_P4_ngboost_student_t_S0386,386,P4_ngboost_student_t,4200.0,0,0.0,20,20,0,True,0.12
SCEN_2023_LOW_P4_ngboost_student_t_S0387,387,P4_ngboost_student_t,4200.0,0,0.0,20,20,0,True,0.11
SCEN_2023_LOW_P4_ngboost_student_t_S0388,388,P4_ngboost_student_t,4200.0,0,0.0,20,20,0,True,0.11
SCEN_2023_LOW_P4_ngboost_student_t_S0389,389,P4_ngboost_student_t,4200.0,0,0.0,20,20,0,True,0.11
SCEN_2023_LOW_P4_ngboost_student_t_S0390,390,P4_ngboost_student_t,4200.0,0,0.0,20,20,0,True,0.11
SCEN_2023_LOW_P4_ngboost_student_t_S0391,391,P4_ngboost_student_t,4200.0,0,0.0,20,20,0,True,0.11
SCEN_2023_LOW_P4_ngboost_student_t_S0392,392,P4_ngboost_student_t,4200.0,0,0.0,20,20,0,True,0.12
SCEN_2023_LOW_P4_ngboost_student_t_S0393,393,P4_ngboost_student_t,4200.0,0,0.0,20,20,0,True,0.11
SCEN_2023_LOW_P4_ngboost_student_t_S0394,394,P4_ngboost_student_t,4200.0,0,0.0,20,20,0,True,0.11
SCEN_2023_LOW_P4_ngboost_student_t_S0395,395,P4_ngboost_student_t,4200.0,0,0.0,20,20,0,True,0.11
SCEN_2023_LOW_P4_ngboost_student_t_S0396,396,P4_ngboost_student_t,4200.0,0,0.0,20,20,0,True,0.11
SCEN_2023_LOW_P4_ngboost_student_t_S0397,397,P4_ngboost_student_t,4200.0,0,0.0,20,20,0,True,0.11
SCEN_2023_LOW_P4_ngboost_student_t_S0398,398,P4_ngboost_student_t,4200.0,0,0.0,20,20,0,True,0.11
SCEN_2023_LOW_P4_ngboost_student_t_S0399,399,P4_ngboost_student_t,4200.0,0,0.0,20,20,0,True,0.11
SCEN_2023_LOW_P4_ngboost_student_t_S0400,400,P4_ngboost_student_t,4200.0,0,0.0,20,20,0,True,0.11
SCEN_2023_LOW_P4_ngboost_student_t_S0401,401,P4_ngboost_student_t,4200.0,0,0.0,20,20,0,True,0.11
SCEN_2023_LOW_P4_ngboost_student_t_S0402,402,P4_ngboost_student_t,4200.0,0,0.0,20,20,0,True,0.11
SCEN_2023_LOW_P4_ngboost_student_t_S0403,403,P4_ngboost_student_t,4200.0,0,0.0,20,20,0,True,0.11
SCEN_2023_LOW_P4_ngboost_student_t_S0404,404,P4_ngboost_student_t,4200.0,0,0.0,20,20,0,True,0.11
SCEN_2023_LOW_P4_ngboost_student_t_S0405,405,P4_ngboost_student_t,4200.0,0,0.0,20,20,0,True,0.11
SCEN_2023_LOW_P4_ngboost_student_t_S0406,406,P4_ngboost_student_t,4200.0,0,0.0,20,20,0,True,0.11
SCEN_2023_LOW_P4_ngboost_student_t_S0407,407,P4_ngboost_student_t,4200.0,0,0.0,20,20,0,True,0.11
SCEN_2023_LOW_P4_ngboost_student_t_S0408,408,P4_ngboost_student_t,4200.0,0,0.0,20,20,0,True,0.11
SCEN_2023_LOW_P4_ngboost_student_t_S0409,409,P4_ngboost_student_t,4200.0,0,0.0,20,20,0,True,0.11
SCEN_2023_LOW_P4_ngboost_student_t_S0410,410,P4_ngboost_student_t,4200.0,0,0.0,20,20,0,True,0.11
SCEN_2023_LOW_P4_ngboost_student_t_S0411,411,P4_ngboost_student_t,4200.0,0,0.0,20,20,0,True,0.11
SCEN_2023_LOW_P4_ngboost_student_t_S0412,412,P4_ngboost_student_t,4200.0,0,0.0,20,20,0,True,0.11
SCEN_2023_LOW_P4_ngboost_student_t_S0413,413,P4_ngboost_student_t,4200.0,0,0.0,20,20,0,True,0.11
SCEN_2023_LOW_P4_ngboost_student_t_S0414,414,P4_ngboost_student_t,4200.0,0,0.0,20,20,0,True,0.11
SCEN_2023_LOW_P4_ngboost_student_t_S0415,415,P4_ngboost_student_t,4200.0,0,0.0,20,20,0,True,0.11
SCEN_2023_LOW_P4_ngboost_student_t_S0416,416,P4_ngboost_student_t,4200.0,0,0.0,20,20,0,True,0.11
SCEN_2023_LOW_P4_ngboost_student_t_S0417,417,P4_ngboost_student_t,4200.0,0,0.0,20,20,0,True,0.11
SCEN_2023_LOW_P4_ngboost_student_t_S0418,418,P4_ngboost_student_t,4200.0,0,0.0,20,20,0,True,0.11
SCEN_2023_LOW_P4_ngboost_student_t_S0419,419,P4_ngboost_student_t,4200.0,0,0.0,20,20,0,True,0.11
SCEN_2023_LOW_P4_ngboost_student_t_S0420,420,P4_ngboost_student_t,4200.0,0,0.0,20,20,0,True,0.11
SCEN_2023_LOW_P4_ngboost_student_t_S0421,421,P4_ngboost_student_t,4200.0,0,0.0,20,20,0,True,0.11
SCEN_2023_LOW_P4_ngboost_student_t_S0422,422,P4_ngboost_student_t,4200.0,0,0.0,20,20,0,True,0.11
SCEN_2023_LOW_P4_ngboost_student_t_S0423,423,P4_ngboost_student_t,4200.0,0,0.0,20,20,0,True,0.11
SCEN_2023_LOW_P4_ngboost_student_t_S0424,424,P4_ngboost_student_t,4200.0,0,0.0,20,20,0,True,0.12
SCEN_2023_LOW_P4_ngboost_student_t_S0425,425,P4_ngboost_student_t,4200.0,0,0.0,20,20,0,True,0.11
SCEN_2023_LOW_P4_ngboost_student_t_S0426,426,P4_ngboost_student_t,4200.0,0,0.0,20,20,0,True,0.11
SCEN_2023_LOW_P4_ngboost_student_t_S0427,427,P4_ngboost_student_t,4200.0,0,0.0,20,20,0,True,0.11
SCEN_2023_LOW_P4_ngboost_student_t_S0428,428,P4_ngboost_student_t,4200.0,0,0.0,20,20,0,True,0.11
SCEN_2023_LOW_P4_ngboost_student_t_S0429,429,P4_ngboost_student_t,4200.0,0,0.0,20,20,0,True,0.12
SCEN_2023_LOW_P4_ngboost_student_t_S0430,430,P4_ngboost_student_t,4200.0,0,0.0,20,20,0,True,0.11
SCEN_2023_LOW_P4_ngboost_student_t_S0431,431,P4_ngboost_student_t,4200.0,0,0.0,20,20,0,True,0.11
SCEN_2023_LOW_P4_ngboost_student_t_S0432,432,P4_ngboost_student_t,4200.0,0,0.0,20,20,0,True,0.11
SCEN_2023_LOW_P4_ngboost_student_t_S0433,433,P4_ngboost_student_t,4200.0,0,0.0,20,20,0,True,0.11
SCEN_2023_LOW_P4_ngboost_student_t_S0434,434,P4_ngboost_student_t,4200.0,0,0.0,20,20,0,True,0.11
SCEN_2023_LOW_P4_ngboost_student_t_S0435,435,P4_ngboost_student_t,4200.0,0,0.0,20,20,0,True,0.12
SCEN_2023_LOW_P4_ngboost_student_t_S0436,436,P4_ngboost_student_t,4200.0,0,0.0,20,20,0,True,0.11
SCEN_2023_LOW_P4_ngboost_student_t_S0437,437,P4_ngboost_student_t,4200.0,0,0.0,20,20,0,True,0.11
SCEN_2023_LOW_P4_ngboost_student_t_S0438,438,P4_ngboost_student_t,4200.0,0,0.0,20,20,0,True,0.11
SCEN_2023_LOW_P4_ngboost_student_t_S0439,439,P4_ngboost_student_t,4200.0,0,0.0,20,20,0,True,0.12
SCEN_2023_LOW_P4_ngboost_student_t_S0440,440,P4_ngboost_student_t,4200.0,0,0.0,20,20,0,True,0.11
SCEN_2023_LOW_P4_ngboost_student_t_S0441,441,P4_ngboost_student_t,4200.0,0,0.0,20,20,0,True,0.11
SCEN_2023_LOW_P4_ngboost_student_t_S0442,442,P4_ngboost_student_t,4200.0,0,0.0,20,20,0,True,0.12
SCEN_2023_LOW_P4_ngboost_student_t_S0443,443,P4_ngboost_student_t,4200.0,0,0.0,20,20,0,True,0.11
SCEN_2023_LOW_P4_ngboost_student_t_S0444,444,P4_ngboost_student_t,4200.0,0,0.0,20,20,0,True,0.11
SCEN_2023_LOW_P4_ngboost_student_t_S0445,445,P4_ngboost_student_t,4200.0,0,0.0,20,20,0,True,0.11
SCEN_2023_LOW_P4_ngboost_student_t_S0446,446,P4_ngboost_student_t,4200.0,0,0.0,20,20,0,True,0.11
SCEN_2023_LOW_P4_ngboost_student_t_S0447,447,P4_ngboost_student_t,4200.0,0,0.0,20,20,0,True,0.11
SCEN_2023_LOW_P4_ngboost_student_t_S0448,448,P4_ngboost_student_t,4200.0,0,0.0,20,20,0,True,0.11
SCEN_2023_LOW_P4_ngboost_student_t_S0449,449,P4_ngboost_student_t,4200.0,0,0.0,20,20,0,True,0.11
SCEN_2023_LOW_P4_ngboost_student_t_S0450,450,P4_ngboost_student_t,4200.0,0,0.0,20,20,0,True,0.11
SCEN_2023_LOW_P4_ngboost_student_t_S0451,451,P4_ngboost_student_t,4200.0,0,0.0,20,20,0,True,0.11
SCEN_2023_LOW_P4_ngboost_student_t_S0452,452,P4_ngboost_student_t,4200.0,0,0.0,20,20,0,True,0.11
SCEN_2023_LOW_P4_ngboost_student_t_S0453,453,P4_ngboost_student_t,4200.0,0,0.0,20,20,0,True,0.12
SCEN_2023_LOW_P4_ngboost_student_t_S0454,454,P4_ngboost_student_t,4200.0,0,0.0,20,20,0,True,0.11
SCEN_2023_LOW_P4_ngboost_student_t_S0455,455,P4_ngboost_student_t,4200.0,0,0.0,20,20,0,True,0.11
SCEN_2023_LOW_P4_ngboost_student_t_S0456,456,P4_ngboost_student_t,4200.0,0,0.0,20,20,0,True,0.11
SCEN_2023_LOW_P4_ngboost_student_t_S0457,457,P4_ngboost_student_t,4200.0,0,0.0,20,20,0,True,0.11
SCEN_2023_LOW_P4_ngboost_student_t_S0458,458,P4_ngboost_student_t,4200.0,0,0.0,20,20,0,True,0.11
SCEN_2023_LOW_P4_ngboost_student_t_S0459,459,P4_ngboost_student_t,4200.0,0,0.0,20,20,0,True,0.11
SCEN_2023_LOW_P4_ngboost_student_t_S0460,460,P4_ngboost_student_t,4200.0,0,0.0,20,20,0,True,0.11
SCEN_2023_LOW_P4_ngboost_student_t_S0461,461,P4_ngboost_student_t,4200.0,0,0.0,20,20,0,True,0.11
SCEN_2023_LOW_P4_ngboost_student_t_S0462,462,P4_ngboost_student_t,4200.0,0,0.0,20,20,0,True,0.11
SCEN_2023_LOW_P4_ngboost_student_t_S0463,463,P4_ngboost_student_t,4200.0,0,0.0,20,20,0,True,0.11
SCEN_2023_LOW_P4_ngboost_student_t_S0464,464,P4_ngboost_student_t,4200.0,0,0.0,20,20,0,True,0.11
SCEN_2023_LOW_P4_ngboost_student_t_S0465,465,P4_ngboost_student_t,4200.0,0,0.0,20,20,0,True,0.11
SCEN_2023_LOW_P4_ngboost_student_t_S0466,466,P4_ngboost_student_t,4200.0,0,0.0,20,20,0,True,0.11
SCEN_2023_LOW_P4_ngboost_student_t_S0467,467,P4_ngboost_student_t,4200.0,0,0.0,20,20,0,True,0.11
SCEN_2023_LOW_P4_ngboost_student_t_S0468,468,P4_ngboost_student_t,4200.0,0,0.0,20,20,0,True,0.11
SCEN_2023_LOW_P4_ngboost_student_t_S0469,469,P4_ngboost_student_t,4200.0,0,0.0,20,20,0,True,0.11
SCEN_2023_LOW_P4_ngboost_student_t_S0470,470,P4_ngboost_student_t,4200.0,0,0.0,20,20,0,True,0.11
SCEN_2023_LOW_P4_ngboost_student_t_S0471,471,P4_ngboost_student_t,4200.0,0,0.0,20,20,0,True,0.11
SCEN_2023_LOW_P4_ngboost_student_t_S0472,472,P4_ngboost_student_t,4200.0,0,0.0,20,20,0,True,0.11
SCEN_2023_LOW_P4_ngboost_student_t_S0473,473,P4_ngboost_student_t,4200.0,0,0.0,20,20,0,True,0.11
SCEN_2023_LOW_P4_ngboost_student_t_S0474,474,P4_ngboost_student_t,4200.0,0,0.0,20,20,0,True,0.12
SCEN_2023_LOW_P4_ngboost_student_t_S0475,475,P4_ngboost_student_t,4200.0,0,0.0,20,20,0,True,0.11
SCEN_2023_LOW_P4_ngboost_student_t_S0476,476,P4_ngboost_student_t,4200.0,0,0.0,20,20,0,True,0.11
SCEN_2023_LOW_P4_ngboost_student_t_S0477,477,P4_ngboost_student_t,4200.0,0,0.0,20,20,0,True,0.11
SCEN_2023_LOW_P4_ngboost_student_t_S0478,478,P4_ngboost_student_t,4200.0,0,0.0,20,20,0,True,0.12
SCEN_2023_LOW_P4_ngboost_student_t_S0479,479,P4_ngboost_student_t,4200.0,0,0.0,20,20,0,True,0.11
SCEN_2023_LOW_P4_ngboost_student_t_S0480,480,P4_ngboost_student_t,4200.0,0,0.0,20,20,0,True,0.11
SCEN_2023_LOW_P4_ngboost_student_t_S0481,481,P4_ngboost_student_t,4200.0,0,0.0,20,20,0,True,0.11
SCEN_2023_LOW_P4_ngboost_student_t_S0482,482,P4_ngboost_student_t,4200.0,0,0.0,20,20,0,True,0.11
SCEN_2023_LOW_P4_ngboost_student_t_S0483,483,P4_ngboost_student_t,4200.0,0,0.0,20,20,0,True,0.11
SCEN_2023_LOW_P4_ngboost_student_t_S0484,484,P4_ngboost_student_t,4200.0,0,0.0,20,20,0,True,0.11
SCEN_2023_LOW_P4_ngboost_student_t_S0485,485,P4_ngboost_student_t,4200.0,0,0.0,20,20,0,True,0.11
SCEN_2023_LOW_P4_ngboost_student_t_S0486,486,P4_ngboost_student_t,4200.0,0,0.0,20,20,0,True,0.12
SCEN_2023_LOW_P4_ngboost_student_t_S0487,487,P4_ngboost_student_t,4200.0,0,0.0,20,20,0,True,0.12
SCEN_2023_LOW_P4_ngboost_student_t_S0488,488,P4_ngboost_student_t,4200.0,0,0.0,20,20,0,True,0.11
SCEN_2023_LOW_P4_ngboost_student_t_S0489,489,P4_ngboost_student_t,4200.0,0,0.0,20,20,0,True,0.11
SCEN_2023_LOW_P4_ngboost_student_t_S0490,490,P4_ngboost_student_t,4200.0,0,0.0,20,20,0,True,0.11
SCEN_2023_LOW_P4_ngboost_student_t_S0491,491,P4_ngboost_student_t,4200.0,0,0.0,20,20,0,True,0.11
SCEN_2023_LOW_P4_ngboost_student_t_S0492,492,P4_ngboost_student_t,4200.0,0,0.0,20,20,0,True,0.11
SCEN_2023_LOW_P4_ngboost_student_t_S0493,493,P4_ngboost_student_t,4200.0,0,0.0,20,20,0,True,0.12
SCEN_2023_LOW_P4_ngboost_student_t_S0494,494,P4_ngboost_student_t,4200.0,0,0.0,20,20,0,True,0.11
SCEN_2023_LOW_P4_ngboost_student_t_S0495,495,P4_ngboost_student_t,4200.0,0,0.0,20,20,0,True,0.11
SCEN_2023_LOW_P4_ngboost_student_t_S0496,496,P4_ngboost_student_t,4200.0,0,0.0,20,20,0,True,0.11
SCEN_2023_LOW_P4_ngboost_student_t_S0497,497,P4_ngboost_student_t,4200.0,0,0.0,20,20,0,True,0.12
SCEN_2023_LOW_P4_ngboost_student_t_S0498,498,P4_ngboost_student_t,4200.0,0,0.0,20,20,0,True,0.11
SCEN_2023_LOW_P4_ngboost_student_t_S0499,499,P4_ngboost_student_t,4200.0,0,0.0,20,20,0,True,0.11
SCEN_2023_LOW_P4_ngboost_student_t_S0500,500,P4_ngboost_student_t,4200.0,0,0.0,20,20,0,True,0.11
SCEN_2023_LOW_P4_ngboost_student_t_S0501,501,P4_ngboost_student_t,4200.0,0,0.0,20,20,0,True,0.11
SCEN_2023_LOW_P4_ngboost_student_t_S0502,502,P4_ngboost_student_t,4200.0,0,0.0,20,20,0,True,0.12
SCEN_2023_LOW_P4_ngboost_student_t_S0503,503,P4_ngboost_student_t,4200.0,0,0.0,20,20,0,True,0.12
SCEN_2023_LOW_P4_ngboost_student_t_S0504,504,P4_ngboost_student_t,4200.0,0,0.0,20,20,0,True,0.11
SCEN_2023_LOW_P4_ngboost_student_t_S0505,505,P4_ngboost_student_t,4200.0,0,0.0,20,20,0,True,0.11
SCEN_2023_LOW_P4_ngboost_student_t_S0506,506,P4_ngboost_student_t,4200.0,0,0.0,20,20,0,True,0.11
SCEN_2023_LOW_P4_ngboost_student_t_S0507,507,P4_ngboost_student_t,4200.0,0,0.0,20,20,0,True,0.11
SCEN_2023_LOW_P4_ngboost_student_t_S0508,508,P4_ngboost_student_t,4200.0,0,0.0,20,20,0,True,0.11
SCEN_2023_LOW_P4_ngboost_student_t_S0509,509,P4_ngboost_student_t,4200.0,0,0.0,20,20,0,True,0.11
SCEN_2023_LOW_P4_ngboost_student_t_S0510,510,P4_ngboost_student_t,4200.0,0,0.0,20,20,0,True,0.12
SCEN_2023_LOW_P4_ngboost_student_t_S0511,511,P4_ngboost_student_t,4200.0,0,0.0,20,20,0,True,0.11
SCEN_2023_LOW_P4_ngboost_student_t_S0512,512,P4_ngboost_student_t,4200.0,0,0.0,20,20,0,True,0.11
SCEN_2023_LOW_P4_ngboost_student_t_S0513,513,P4_ngboost_student_t,4200.0,0,0.0,20,20,0,True,0.11
SCEN_2023_LOW_P4_ngboost_student_t_S0514,514,P4_ngboost_student_t,4200.0,0,0.0,20,20,0,True,0.11
SCEN_2023_LOW_P4_ngboost_student_t_S0515,515,P4_ngboost_student_t,4200.0,0,0.0,20,20,0,True,0.11
SCEN_2023_LOW_P4_ngboost_student_t_S0516,516,P4_ngboost_student_t,4200.0,0,0.0,20,20,0,True,0.11
SCEN_2023_LOW_P4_ngboost_student_t_S0517,517,P4_ngboost_student_t,4200.0,0,0.0,20,20,0,True,0.11
SCEN_2023_LOW_P4_ngboost_student_t_S0518,518,P4_ngboost_student_t,4200.0,0,0.0,20,20,0,True,0.12
SCEN_2023_LOW_P4_ngboost_student_t_S0519,519,P4_ngboost_student_t,4200.0,0,0.0,20,20,0,True,0.11
SCEN_2023_LOW_P4_ngboost_student_t_S0520,520,P4_ngboost_student_t,4200.0,0,0.0,20,20,0,True,0.11
SCEN_2023_LOW_P4_ngboost_student_t_S0521,521,P4_ngboost_student_t,4200.0,0,0.0,20,20,0,True,0.11
SCEN_2023_LOW_P4_ngboost_student_t_S0522,522,P4_ngboost_student_t,4200.0,0,0.0,20,20,0,True,0.11
SCEN_2023_LOW_P4_ngboost_student_t_S0523,523,P4_ngboost_student_t,4200.0,0,0.0,20,20,0,True,0.11
SCEN_2023_LOW_P4_ngboost_student_t_S0524,524,P4_ngboost_student_t,4200.0,0,0.0,20,20,0,True,0.11
SCEN_2023_LOW_P4_ngboost_student_t_S0525,525,P4_ngboost_student_t,4200.0,0,0.0,20,20,0,True,0.11
SCEN_2023_LOW_P4_ngboost_student_t_S0526,526,P4_ngboost_student_t,4200.0,0,0.0,20,20,0,True,0.11
SCEN_2023_LOW_P4_ngboost_student_t_S0527,527,P4_ngboost_student_t,4200.0,0,0.0,20,20,0,True,0.11
SCEN_2023_LOW_P4_ngboost_student_t_S0528,528,P4_ngboost_student_t,4200.0,0,0.0,20,20,0,True,0.11
SCEN_2023_LOW_P4_ngboost_student_t_S0529,529,P4_ngboost_student_t,4200.0,0,0.0,20,20,0,True,0.11
SCEN_2023_LOW_P4_ngboost_student_t_S0530,530,P4_ngboost_student_t,4200.0,0,0.0,20,20,0,True,0.11
SCEN_2023_LOW_P4_ngboost_student_t_S0531,531,P4_ngboost_student_t,4200.0,0,0.0,20,20,0,True,0.11
SCEN_2023_LOW_P4_ngboost_student_t_S0532,532,P4_ngboost_student_t,4200.0,0,0.0,20,20,0,True,0.11
SCEN_2023_LOW_P4_ngboost_student_t_S0533,533,P4_ngboost_student_t,4200.0,0,0.0,20,20,0,True,0.12
SCEN_2023_LOW_P4_ngboost_student_t_S0534,534,P4_ngboost_student_t,4200.0,0,0.0,20,20,0,True,0.11
SCEN_2023_LOW_P4_ngboost_student_t_S0535,535,P4_ngboost_student_t,4200.0,0,0.0,20,20,0,True,0.11
SCEN_2023_LOW_P4_ngboost_student_t_S0536,536,P4_ngboost_student_t,4200.0,0,0.0,20,20,0,True,0.13
SCEN_2023_LOW_P4_ngboost_student_t_S0537,537,P4_ngboost_student_t,4200.0,0,0.0,20,20,0,True,0.11
SCEN_2023_LOW_P4_ngboost_student_t_S0538,538,P4_ngboost_student_t,4200.0,0,0.0,20,20,0,True,0.12
SCEN_2023_LOW_P4_ngboost_student_t_S0539,539,P4_ngboost_student_t,4200.0,0,0.0,20,20,0,True,0.11
SCEN_2023_LOW_P4_ngboost_student_t_S0540,540,P4_ngboost_student_t,4200.0,0,0.0,20,20,0,True,0.11
SCEN_2023_LOW_P4_ngboost_student_t_S0541,541,P4_ngboost_student_t,4200.0,0,0.0,20,20,0,True,0.11
SCEN_2023_LOW_P4_ngboost_student_t_S0542,542,P4_ngboost_student_t,4200.0,0,0.0,20,20,0,True,0.11
SCEN_2023_LOW_P4_ngboost_student_t_S0543,543,P4_ngboost_student_t,4200.0,0,0.0,20,20,0,True,0.12
SCEN_2023_LOW_P4_ngboost_student_t_S0544,544,P4_ngboost_student_t,4200.0,0,0.0,20,20,0,True,0.12
SCEN_2023_LOW_P4_ngboost_student_t_S0545,545,P4_ngboost_student_t,4200.0,0,0.0,20,20,0,True,0.11
SCEN_2023_LOW_P4_ngboost_student_t_S0546,546,P4_ngboost_student_t,4200.0,0,0.0,20,20,0,True,0.11
SCEN_2023_LOW_P4_ngboost_student_t_S0547,547,P4_ngboost_student_t,4200.0,0,0.0,20,20,0,True,0.11
SCEN_2023_LOW_P4_ngboost_student_t_S0548,548,P4_ngboost_student_t,4200.0,0,0.0,20,20,0,True,0.11
SCEN_2023_LOW_P4_ngboost_student_t_S0549,549,P4_ngboost_student_t,4200.0,0,0.0,20,20,0,True,0.12
SCEN_2023_LOW_P4_ngboost_student_t_S0550,550,P4_ngboost_student_t,4200.0,0,0.0,20,20,0,True,0.11
SCEN_2023_LOW_P4_ngboost_student_t_S0551,551,P4_ngboost_student_t,4200.0,0,0.0,20,20,0,True,0.13
SCEN_2023_LOW_P4_ngboost_student_t_S0552,552,P4_ngboost_student_t,4200.0,0,0.0,20,20,0,True,0.12
SCEN_2023_LOW_P4_ngboost_student_t_S0553,553,P4_ngboost_student_t,4200.0,0,0.0,20,20,0,True,0.11
SCEN_2023_LOW_P4_ngboost_student_t_S0554,554,P4_ngboost_student_t,4200.0,0,0.0,20,20,0,True,0.11
SCEN_2023_LOW_P4_ngboost_student_t_S0555,555,P4_ngboost_student_t,4200.0,0,0.0,20,20,0,True,0.11
SCEN_2023_LOW_P4_ngboost_student_t_S0556,556,P4_ngboost_student_t,4200.0,0,0.0,20,20,0,True,0.12
SCEN_2023_LOW_P4_ngboost_student_t_S0557,557,P4_ngboost_student_t,4200.0,0,0.0,20,20,0,True,0.11
SCEN_2023_LOW_P4_ngboost_student_t_S0558,558,P4_ngboost_student_t,4200.0,0,0.0,20,20,0,True,0.11
SCEN_2023_LOW_P4_ngboost_student_t_S0559,559,P4_ngboost_student_t,4200.0,0,0.0,20,20,0,True,0.17
SCEN_2023_LOW_P4_ngboost_student_t_S0560,560,P4_ngboost_student_t,4200.0,0,0.0,20,20,0,True,0.11
SCEN_2023_LOW_P4_ngboost_student_t_S0561,561,P4_ngboost_student_t,4200.0,0,0.0,20,20,0,True,0.13
SCEN_2023_LOW_P4_ngboost_student_t_S0562,562,P4_ngboost_student_t,4200.0,0,0.0,20,20,0,True,0.13
SCEN_2023_LOW_P4_ngboost_student_t_S0563,563,P4_ngboost_student_t,4200.0,0,0.0,20,20,0,True,0.14
SCEN_2023_LOW_P4_ngboost_student_t_S0564,564,P4_ngboost_student_t,4200.0,0,0.0,20,20,0,True,0.19
SCEN_2023_LOW_P4_ngboost_student_t_S0565,565,P4_ngboost_student_t,4200.0,0,0.0,20,20,0,True,0.13
SCEN_2023_LOW_P4_ngboost_student_t_S0566,566,P4_ngboost_student_t,4200.0,0,0.0,20,20,0,True,0.12
SCEN_2023_LOW_P4_ngboost_student_t_S0567,567,P4_ngboost_student_t,4200.0,0,0.0,20,20,0,True,0.12
SCEN_2023_LOW_P4_ngboost_student_t_S0568,568,P4_ngboost_student_t,4200.0,0,0.0,20,20,0,True,0.12
SCEN_2023_LOW_P4_ngboost_student_t_S0569,569,P4_ngboost_student_t,4200.0,0,0.0,20,20,0,True,0.12
SCEN_2023_LOW_P4_ngboost_student_t_S0570,570,P4_ngboost_student_t,4200.0,0,0.0,20,20,0,True,0.12
SCEN_2023_LOW_P4_ngboost_student_t_S0571,571,P4_ngboost_student_t,4200.0,0,0.0,20,20,0,True,0.13
SCEN_2023_LOW_P4_ngboost_student_t_S0572,572,P4_ngboost_student_t,4200.0,0,0.0,20,20,0,True,0.33
SCEN_2023_LOW_P4_ngboost_student_t_S0573,573,P4_ngboost_student_t,4200.0,0,0.0,20,20,0,True,0.16
SCEN_2023_LOW_P4_ngboost_student_t_S0574,574,P4_ngboost_student_t,4200.0,0,0.0,20,20,0,True,0.12
SCEN_2023_LOW_P4_ngboost_student_t_S0575,575,P4_ngboost_student_t,4200.0,0,0.0,20,20,0,True,0.13
SCEN_2023_LOW_P4_ngboost_student_t_S0576,576,P4_ngboost_student_t,4200.0,0,0.0,20,20,0,True,0.15
SCEN_2023_LOW_P4_ngboost_student_t_S0577,577,P4_ngboost_student_t,4200.0,0,0.0,20,20,0,True,0.13
SCEN_2023_LOW_P4_ngboost_student_t_S0578,578,P4_ngboost_student_t,4200.0,0,0.0,20,20,0,True,0.13
SCEN_2023_LOW_P4_ngboost_student_t_S0579,579,P4_ngboost_student_t,4200.0,0,0.0,20,20,0,True,0.12
SCEN_2023_LOW_P4_ngboost_student_t_S0580,580,P4_ngboost_student_t,4200.0,0,0.0,20,20,0,True,0.13
SCEN_2023_LOW_P4_ngboost_student_t_S0581,581,P4_ngboost_student_t,4200.0,0,0.0,20,20,0,True,0.13
SCEN_2023_LOW_P4_ngboost_student_t_S0582,582,P4_ngboost_student_t,4200.0,0,0.0,20,20,0,True,0.13
SCEN_2023_LOW_P4_ngboost_student_t_S0583,583,P4_ngboost_student_t,4200.0,0,0.0,20,20,0,True,0.26
SCEN_2023_LOW_P4_ngboost_student_t_S0584,584,P4_ngboost_student_t,4200.0,0,0.0,20,20,0,True,0.21
SCEN_2023_LOW_P4_ngboost_student_t_S0585,585,P4_ngboost_student_t,4200.0,0,0.0,20,20,0,True,0.13
SCEN_2023_LOW_P4_ngboost_student_t_S0586,586,P4_ngboost_student_t,4200.0,0,0.0,20,20,0,True,0.12
SCEN_2023_LOW_P4_ngboost_student_t_S0587,587,P4_ngboost_student_t,4200.0,0,0.0,20,20,0,True,0.13
SCEN_2023_LOW_P4_ngboost_student_t_S0588,588,P4_ngboost_student_t,4200.0,0,0.0,20,20,0,True,0.12
SCEN_2023_LOW_P4_ngboost_student_t_S0589,589,P4_ngboost_student_t,4200.0,0,0.0,20,20,0,True,0.12
SCEN_2023_LOW_P4_ngboost_student_t_S0590,590,P4_ngboost_student_t,4200.0,0,0.0,20,20,0,True,0.12
SCEN_2023_LOW_P4_ngboost_student_t_S0591,591,P4_ngboost_student_t,4200.0,0,0.0,20,20,0,True,0.14
SCEN_2023_LOW_P4_ngboost_student_t_S0592,592,P4_ngboost_student_t,4200.0,0,0.0,20,20,0,True,0.13
SCEN_2023_LOW_P4_ngboost_student_t_S0593,593,P4_ngboost_student_t,4200.0,0,0.0,20,20,0,True,0.12
SCEN_2023_LOW_P4_ngboost_student_t_S0594,594,P4_ngboost_student_t,4200.0,0,0.0,20,20,0,True,0.12
SCEN_2023_LOW_P4_ngboost_student_t_S0595,595,P4_ngboost_student_t,4200.0,0,0.0,20,20,0,True,0.12
SCEN_2023_LOW_P4_ngboost_student_t_S0596,596,P4_ngboost_student_t,4200.0,0,0.0,20,20,0,True,0.12
SCEN_2023_LOW_P4_ngboost_student_t_S0597,597,P4_ngboost_student_t,4200.0,0,0.0,20,20,0,True,0.23
SCEN_2023_LOW_P4_ngboost_student_t_S0598,598,P4_ngboost_student_t,4200.0,0,0.0,20,20,0,True,0.12
SCEN_2023_LOW_P4_ngboost_student_t_S0599,599,P4_ngboost_student_t,4200.0,0,0.0,20,20,0,True,0.13
SCEN_2023_LOW_P4_ngboost_student_t_S0600,600,P4_ngboost_student_t,4200.0,0,0.0,20,20,0,True,0.12
SCEN_2023_LOW_P4_ngboost_student_t_S0601,601,P4_ngboost_student_t,4200.0,0,0.0,20,20,0,True,0.13
SCEN_2023_LOW_P4_ngboost_student_t_S0602,602,P4_ngboost_student_t,4200.0,0,0.0,20,20,0,True,0.12
SCEN_2023_LOW_P4_ngboost_student_t_S0603,603,P4_ngboost_student_t,4200.0,0,0.0,20,20,0,True,0.12
SCEN_2023_LOW_P4_ngboost_student_t_S0604,604,P4_ngboost_student_t,4200.0,0,0.0,20,20,0,True,0.12
SCEN_2023_LOW_P4_ngboost_student_t_S0605,605,P4_ngboost_student_t,4200.0,0,0.0,20,20,0,True,0.12
SCEN_2023_LOW_P4_ngboost_student_t_S0606,606,P4_ngboost_student_t,4200.0,0,0.0,20,20,0,True,0.12
SCEN_2023_LOW_P4_ngboost_student_t_S0607,607,P4_ngboost_student_t,4200.0,0,0.0,20,20,0,True,0.12
SCEN_2023_LOW_P4_ngboost_student_t_S0608,608,P4_ngboost_student_t,4200.0,0,0.0,20,20,0,True,0.15
SCEN_2023_LOW_P4_ngboost_student_t_S0609,609,P4_ngboost_student_t,4200.0,0,0.0,20,20,0,True,0.12
SCEN_2023_LOW_P4_ngboost_student_t_S0610,610,P4_ngboost_student_t,4200.0,0,0.0,20,20,0,True,0.12
SCEN_2023_LOW_P4_ngboost_student_t_S0611,611,P4_ngboost_student_t,4200.0,0,0.0,20,20,0,True,0.12
SCEN_2023_LOW_P4_ngboost_student_t_S0612,612,P4_ngboost_student_t,4200.0,0,0.0,20,20,0,True,0.12
SCEN_2023_LOW_P4_ngboost_student_t_S0613,613,P4_ngboost_student_t,4200.0,0,0.0,20,20,0,True,0.12
SCEN_2023_LOW_P4_ngboost_student_t_S0614,614,P4_ngboost_student_t,4200.0,0,0.0,20,20,0,True,0.12
SCEN_2023_LOW_P4_ngboost_student_t_S0615,615,P4_ngboost_student_t,4200.0,0,0.0,20,20,0,True,0.11
SCEN_2023_LOW_P4_ngboost_student_t_S0616,616,P4_ngboost_student_t,4200.0,0,0.0,20,20,0,True,0.12
SCEN_2023_LOW_P4_ngboost_student_t_S0617,617,P4_ngboost_student_t,4200.0,0,0.0,20,20,0,True,0.12
SCEN_2023_LOW_P4_ngboost_student_t_S0618,618,P4_ngboost_student_t,4200.0,0,0.0,20,20,0,True,0.11
SCEN_2023_LOW_P4_ngboost_student_t_S0619,619,P4_ngboost_student_t,4200.0,0,0.0,20,20,0,True,0.11
SCEN_2023_LOW_P4_ngboost_student_t_S0620,620,P4_ngboost_student_t,4200.0,0,0.0,20,20,0,True,0.12
SCEN_2023_LOW_P4_ngboost_student_t_S0621,621,P4_ngboost_student_t,4200.0,0,0.0,20,20,0,True,0.11
SCEN_2023_LOW_P4_ngboost_student_t_S0622,622,P4_ngboost_student_t,4200.0,0,0.0,20,20,0,True,0.12
SCEN_2023_LOW_P4_ngboost_student_t_S0623,623,P4_ngboost_student_t,4200.0,0,0.0,20,20,0,True,0.11
SCEN_2023_LOW_P4_ngboost_student_t_S0624,624,P4_ngboost_student_t,4200.0,0,0.0,20,20,0,True,0.14
SCEN_2023_LOW_P4_ngboost_student_t_S0625,625,P4_ngboost_student_t,4200.0,0,0.0,20,20,0,True,0.12
SCEN_2023_LOW_P4_ngboost_student_t_S0626,626,P4_ngboost_student_t,4200.0,0,0.0,20,20,0,True,0.11
SCEN_2023_LOW_P4_ngboost_student_t_S0627,627,P4_ngboost_student_t,4200.0,0,0.0,20,20,0,True,0.11
SCEN_2023_LOW_P4_ngboost_student_t_S0628,628,P4_ngboost_student_t,4200.0,0,0.0,20,20,0,True,0.11
SCEN_2023_LOW_P4_ngboost_student_t_S0629,629,P4_ngboost_student_t,4200.0,0,0.0,20,20,0,True,0.11
SCEN_2023_LOW_P4_ngboost_student_t_S0630,630,P4_ngboost_student_t,4200.0,0,0.0,20,20,0,True,0.11
SCEN_2023_LOW_P4_ngboost_student_t_S0631,631,P4_ngboost_student_t,4200.0,0,0.0,20,20,0,True,0.13
SCEN_2023_LOW_P4_ngboost_student_t_S0632,632,P4_ngboost_student_t,4200.0,0,0.0,20,20,0,True,0.13
SCEN_2023_LOW_P4_ngboost_student_t_S0633,633,P4_ngboost_student_t,4200.0,0,0.0,20,20,0,True,0.12
SCEN_2023_LOW_P4_ngboost_student_t_S0634,634,P4_ngboost_student_t,4200.0,0,0.0,20,20,0,True,0.11
SCEN_2023_LOW_P4_ngboost_student_t_S0635,635,P4_ngboost_student_t,4200.0,0,0.0,20,20,0,True,0.11
SCEN_2023_LOW_P4_ngboost_student_t_S0636,636,P4_ngboost_student_t,4200.0,0,0.0,20,20,0,True,0.11
SCEN_2023_LOW_P4_ngboost_student_t_S0637,637,P4_ngboost_student_t,4200.0,0,0.0,20,20,0,True,0.11
SCEN_2023_LOW_P4_ngboost_student_t_S0638,638,P4_ngboost_student_t,4200.0,0,0.0,20,20,0,True,0.11
SCEN_2023_LOW_P4_ngboost_student_t_S0639,639,P4_ngboost_student_t,4200.0,0,0.0,20,20,0,True,0.11
SCEN_2023_LOW_P4_ngboost_student_t_S0640,640,P4_ngboost_student_t,4200.0,0,0.0,20,20,0,True,0.11
SCEN_2023_LOW_P4_ngboost_student_t_S0641,641,P4_ngboost_student_t,4200.0,0,0.0,20,20,0,True,0.13
SCEN_2023_LOW_P4_ngboost_student_t_S0642,642,P4_ngboost_student_t,4200.0,0,0.0,20,20,0,True,0.11
SCEN_2023_LOW_P4_ngboost_student_t_S0643,643,P4_ngboost_student_t,4200.0,0,0.0,20,20,0,True,0.11
SCEN_2023_LOW_P4_ngboost_student_t_S0644,644,P4_ngboost_student_t,4200.0,0,0.0,20,20,0,True,0.11
SCEN_2023_LOW_P4_ngboost_student_t_S0645,645,P4_ngboost_student_t,4200.0,0,0.0,20,20,0,True,0.11
SCEN_2023_LOW_P4_ngboost_student_t_S0646,646,P4_ngboost_student_t,4200.0,0,0.0,20,20,0,True,0.13
SCEN_2023_LOW_P4_ngboost_student_t_S0647,647,P4_ngboost_student_t,4200.0,0,0.0,20,20,0,True,0.11
SCEN_2023_LOW_P4_ngboost_student_t_S0648,648,P4_ngboost_student_t,4200.0,0,0.0,20,20,0,True,0.11
SCEN_2023_LOW_P4_ngboost_student_t_S0649,649,P4_ngboost_student_t,4200.0,0,0.0,20,20,0,True,0.11
SCEN_2023_LOW_P4_ngboost_student_t_S0650,650,P4_ngboost_student_t,4200.0,0,0.0,20,20,0,True,0.11
SCEN_2023_LOW_P4_ngboost_student_t_S0651,651,P4_ngboost_student_t,4200.0,0,0.0,20,20,0,True,0.11
SCEN_2023_LOW_P4_ngboost_student_t_S0652,652,P4_ngboost_student_t,4200.0,0,0.0,20,20,0,True,0.11
SCEN_2023_LOW_P4_ngboost_student_t_S0653,653,P4_ngboost_student_t,4200.0,0,0.0,20,20,0,True,0.12
SCEN_2023_LOW_P4_ngboost_student_t_S0654,654,P4_ngboost_student_t,4200.0,0,0.0,20,20,0,True,0.11
SCEN_2023_LOW_P4_ngboost_student_t_S0655,655,P4_ngboost_student_t,4200.0,0,0.0,20,20,0,True,0.12
SCEN_2023_LOW_P4_ngboost_student_t_S0656,656,P4_ngboost_student_t,4200.0,0,0.0,20,20,0,True,0.11
SCEN_2023_LOW_P4_ngboost_student_t_S0657,657,P4_ngboost_student_t,4200.0,0,0.0,20,20,0,True,0.12
SCEN_2023_LOW_P4_ngboost_student_t_S0658,658,P4_ngboost_student_t,4200.0,0,0.0,20,20,0,True,0.11
SCEN_2023_LOW_P4_ngboost_student_t_S0659,659,P4_ngboost_student_t,4200.0,0,0.0,20,20,0,True,0.11
SCEN_2023_LOW_P4_ngboost_student_t_S0660,660,P4_ngboost_student_t,4200.0,0,0.0,20,20,0,True,0.11
SCEN_2023_LOW_P4_ngboost_student_t_S0661,661,P4_ngboost_student_t,4200.0,0,0.0,20,20,0,True,0.11
SCEN_2023_LOW_P4_ngboost_student_t_S0662,662,P4_ngboost_student_t,4200.0,0,0.0,20,20,0,True,0.18
SCEN_2023_LOW_P4_ngboost_student_t_S0663,663,P4_ngboost_student_t,4200.0,0,0.0,20,20,0,True,0.14
SCEN_2023_LOW_P4_ngboost_student_t_S0664,664,P4_ngboost_student_t,4200.0,0,0.0,20,20,0,True,0.13
SCEN_2023_LOW_P4_ngboost_student_t_S0665,665,P4_ngboost_student_t,4200.0,0,0.0,20,20,0,True,0.11
SCEN_2023_LOW_P4_ngboost_student_t_S0666,666,P4_ngboost_student_t,4200.0,0,0.0,20,20,0,True,0.11
SCEN_2023_LOW_P4_ngboost_student_t_S0667,667,P4_ngboost_student_t,4200.0,0,0.0,20,20,0,True,0.11
SCEN_2023_LOW_P4_ngboost_student_t_S0668,668,P4_ngboost_student_t,4200.0,0,0.0,20,20,0,True,0.14
SCEN_2023_LOW_P4_ngboost_student_t_S0669,669,P4_ngboost_student_t,4200.0,0,0.0,20,20,0,True,0.2
SCEN_2023_LOW_P4_ngboost_student_t_S0670,670,P4_ngboost_student_t,4200.0,0,0.0,20,20,0,True,0.24
SCEN_2023_LOW_P4_ngboost_student_t_S0671,671,P4_ngboost_student_t,4200.0,0,0.0,20,20,0,True,0.23
SCEN_2023_LOW_P4_ngboost_student_t_S0672,672,P4_ngboost_student_t,4200.0,0,0.0,20,20,0,True,0.15
SCEN_2023_LOW_P4_ngboost_student_t_S0673,673,P4_ngboost_student_t,4200.0,0,0.0,20,20,0,True,0.12
SCEN_2023_LOW_P4_ngboost_student_t_S0674,674,P4_ngboost_student_t,4200.0,0,0.0,20,20,0,True,0.15
SCEN_2023_LOW_P4_ngboost_student_t_S0675,675,P4_ngboost_student_t,4200.0,0,0.0,20,20,0,True,0.21
SCEN_2023_LOW_P4_ngboost_student_t_S0676,676,P4_ngboost_student_t,4200.0,0,0.0,20,20,0,True,0.14
SCEN_2023_LOW_P4_ngboost_student_t_S0677,677,P4_ngboost_student_t,4200.0,0,0.0,20,20,0,True,0.2
SCEN_2023_LOW_P4_ngboost_student_t_S0678,678,P4_ngboost_student_t,4200.0,0,0.0,20,20,0,True,0.13
SCEN_2023_LOW_P4_ngboost_student_t_S0679,679,P4_ngboost_student_t,4200.0,0,0.0,20,20,0,True,0.13
SCEN_2023_LOW_P4_ngboost_student_t_S0680,680,P4_ngboost_student_t,4200.0,0,0.0,20,20,0,True,0.24
SCEN_2023_LOW_P4_ngboost_student_t_S0681,681,P4_ngboost_student_t,4200.0,0,0.0,20,20,0,True,0.14
SCEN_2023_LOW_P4_ngboost_student_t_S0682,682,P4_ngboost_student_t,4200.0,0,0.0,20,20,0,True,0.12
SCEN_2023_LOW_P4_ngboost_student_t_S0683,683,P4_ngboost_student_t,4200.0,0,0.0,20,20,0,True,0.16
SCEN_2023_LOW_P4_ngboost_student_t_S0684,684,P4_ngboost_student_t,4200.0,0,0.0,20,20,0,True,0.12
SCEN_2023_LOW_P4_ngboost_student_t_S0685,685,P4_ngboost_student_t,4200.0,0,0.0,20,20,0,True,0.12
SCEN_2023_LOW_P4_ngboost_student_t_S0686,686,P4_ngboost_student_t,4200.0,0,0.0,20,20,0,True,0.13
SCEN_2023_LOW_P4_ngboost_student_t_S0687,687,P4_ngboost_student_t,4200.0,0,0.0,20,20,0,True,0.14
SCEN_2023_LOW_P4_ngboost_student_t_S0688,688,P4_ngboost_student_t,4200.0,0,0.0,20,20,0,True,0.13
SCEN_2023_LOW_P4_ngboost_student_t_S0689,689,P4_ngboost_student_t,4200.0,0,0.0,20,20,0,True,0.14
SCEN_2023_LOW_P4_ngboost_student_t_S0690,690,P4_ngboost_student_t,4200.0,0,0.0,20,20,0,True,0.13
SCEN_2023_LOW_P4_ngboost_student_t_S0691,691,P4_ngboost_student_t,4200.0,0,0.0,20,20,0,True,0.12
SCEN_2023_LOW_P4_ngboost_student_t_S0692,692,P4_ngboost_student_t,4200.0,0,0.0,20,20,0,True,0.12
SCEN_2023_LOW_P4_ngboost_student_t_S0693,693,P4_ngboost_student_t,4200.0,0,0.0,20,20,0,True,0.13
SCEN_2023_LOW_P4_ngboost_student_t_S0694,694,P4_ngboost_student_t,4200.0,0,0.0,20,20,0,True,0.12
SCEN_2023_LOW_P4_ngboost_student_t_S0695,695,P4_ngboost_student_t,4200.0,0,0.0,20,20,0,True,0.12
SCEN_2023_LOW_P4_ngboost_student_t_S0696,696,P4_ngboost_student_t,4200.0,0,0.0,20,20,0,True,0.12
SCEN_2023_LOW_P4_ngboost_student_t_S0697,697,P4_ngboost_student_t,4200.0,0,0.0,20,20,0,True,0.12
SCEN_2023_LOW_P4_ngboost_student_t_S0698,698,P4_ngboost_student_t,4200.0,0,0.0,20,20,0,True,0.12
SCEN_2023_LOW_P4_ngboost_student_t_S0699,699,P4_ngboost_student_t,4200.0,0,0.0,20,20,0,True,0.12
SCEN_2023_LOW_P4_ngboost_student_t_S0700,700,P4_ngboost_student_t,4200.0,0,0.0,20,20,0,True,0.12
SCEN_2023_LOW_P4_ngboost_student_t_S0701,701,P4_ngboost_student_t,4200.0,0,0.0,20,20,0,True,0.12
SCEN_2023_LOW_P4_ngboost_student_t_S0702,702,P4_ngboost_student_t,4200.0,0,0.0,20,20,0,True,0.12
SCEN_2023_LOW_P4_ngboost_student_t_S0703,703,P4_ngboost_student_t,4200.0,0,0.0,20,20,0,True,0.12
SCEN_2023_LOW_P4_ngboost_student_t_S0704,704,P4_ngboost_student_t,4200.0,0,0.0,20,20,0,True,0.12
SCEN_2023_LOW_P4_ngboost_student_t_S0705,705,P4_ngboost_student_t,4200.0,0,0.0,20,20,0,True,0.13
SCEN_2023_LOW_P4_ngboost_student_t_S0706,706,P4_ngboost_student_t,4200.0,0,0.0,20,20,0,True,0.12
SCEN_2023_LOW_P4_ngboost_student_t_S0707,707,P4_ngboost_student_t,4200.0,0,0.0,20,20,0,True,0.12
SCEN_2023_LOW_P4_ngboost_student_t_S0708,708,P4_ngboost_student_t,4200.0,0,0.0,20,20,0,True,0.12
SCEN_2023_LOW_P4_ngboost_student_t_S0709,709,P4_ngboost_student_t,4200.0,0,0.0,20,20,0,True,0.12
SCEN_2023_LOW_P4_ngboost_student_t_S0710,710,P4_ngboost_student_t,4200.0,0,0.0,20,20,0,True,0.12
SCEN_2023_LOW_P4_ngboost_student_t_S0711,711,P4_ngboost_student_t,4200.0,0,0.0,20,20,0,True,0.12
SCEN_2023_LOW_P4_ngboost_student_t_S0712,712,P4_ngboost_student_t,4200.0,0,0.0,20,20,0,True,0.12
SCEN_2023_LOW_P4_ngboost_student_t_S0713,713,P4_ngboost_student_t,4200.0,0,0.0,20,20,0,True,0.13
SCEN_2023_LOW_P4_ngboost_student_t_S0714,714,P4_ngboost_student_t,4200.0,0,0.0,20,20,0,True,0.12
SCEN_2023_LOW_P4_ngboost_student_t_S0715,715,P4_ngboost_student_t,4200.0,0,0.0,20,20,0,True,0.12
SCEN_2023_LOW_P4_ngboost_student_t_S0716,716,P4_ngboost_student_t,4200.0,0,0.0,20,20,0,True,0.12
SCEN_2023_LOW_P4_ngboost_student_t_S0717,717,P4_ngboost_student_t,4200.0,0,0.0,20,20,0,True,0.12
SCEN_2023_LOW_P4_ngboost_student_t_S0718,718,P4_ngboost_student_t,4200.0,0,0.0,20,20,0,True,0.12
SCEN_2023_LOW_P4_ngboost_student_t_S0719,719,P4_ngboost_student_t,4200.0,0,0.0,20,20,0,True,0.12
SCEN_2023_LOW_P4_ngboost_student_t_S0720,720,P4_ngboost_student_t,4200.0,0,0.0,20,20,0,True,0.12
SCEN_2023_LOW_P4_ngboost_student_t_S0721,721,P4_ngboost_student_t,4200.0,0,0.0,20,20,0,True,0.12
SCEN_2023_LOW_P4_ngboost_student_t_S0722,722,P4_ngboost_student_t,4200.0,0,0.0,20,20,0,True,0.12
SCEN_2023_LOW_P4_ngboost_student_t_S0723,723,P4_ngboost_student_t,4200.0,0,0.0,20,20,0,True,0.12
SCEN_2023_LOW_P4_ngboost_student_t_S0724,724,P4_ngboost_student_t,4200.0,0,0.0,20,20,0,True,0.11
SCEN_2023_LOW_P4_ngboost_student_t_S0725,725,P4_ngboost_student_t,4200.0,0,0.0,20,20,0,True,0.11
SCEN_2023_LOW_P4_ngboost_student_t_S0726,726,P4_ngboost_student_t,4200.0,0,0.0,20,20,0,True,0.12
SCEN_2023_LOW_P4_ngboost_student_t_S0727,727,P4_ngboost_student_t,4200.0,0,0.0,20,20,0,True,0.12
SCEN_2023_LOW_P4_ngboost_student_t_S0728,728,P4_ngboost_student_t,4200.0,0,0.0,20,20,0,True,0.11
SCEN_2023_LOW_P4_ngboost_student_t_S0729,729,P4_ngboost_student_t,4200.0,0,0.0,20,20,0,True,0.11
SCEN_2023_LOW_P4_ngboost_student_t_S0730,730,P4_ngboost_student_t,4200.0,0,0.0,20,20,0,True,0.12
SCEN_2023_LOW_P4_ngboost_student_t_S0731,731,P4_ngboost_student_t,4200.0,0,0.0,20,20,0,True,0.12
SCEN_2023_LOW_P4_ngboost_student_t_S0732,732,P4_ngboost_student_t,4200.0,0,0.0,20,20,0,True,0.12
SCEN_2023_LOW_P4_ngboost_student_t_S0733,733,P4_ngboost_student_t,4200.0,0,0.0,20,20,0,True,0.12
SCEN_2023_LOW_P4_ngboost_student_t_S0734,734,P4_ngboost_student_t,4200.0,0,0.0,20,20,0,True,0.12
SCEN_2023_LOW_P4_ngboost_student_t_S0735,735,P4_ngboost_student_t,4200.0,0,0.0,20,20,0,True,0.12
SCEN_2023_LOW_P4_ngboost_student_t_S0736,736,P4_ngboost_student_t,4200.0,0,0.0,20,20,0,True,0.11
SCEN_2023_LOW_P4_ngboost_student_t_S0737,737,P4_ngboost_student_t,4200.0,0,0.0,20,20,0,True,0.11
SCEN_2023_LOW_P4_ngboost_student_t_S0738,738,P4_ngboost_student_t,4200.0,0,0.0,20,20,0,True,0.12
SCEN_2023_LOW_P4_ngboost_student_t_S0739,739,P4_ngboost_student_t,4200.0,0,0.0,20,20,0,True,0.11
SCEN_2023_LOW_P4_ngboost_student_t_S0740,740,P4_ngboost_student_t,4200.0,0,0.0,20,20,0,True,0.11
SCEN_2023_LOW_P4_ngboost_student_t_S0741,741,P4_ngboost_student_t,4200.0,0,0.0,20,20,0,True,0.12
SCEN_2023_LOW_P4_ngboost_student_t_S0742,742,P4_ngboost_student_t,4200.0,0,0.0,20,20,0,True,0.12
SCEN_2023_LOW_P4_ngboost_student_t_S0743,743,P4_ngboost_student_t,4200.0,0,0.0,20,20,0,True,0.11
SCEN_2023_LOW_P4_ngboost_student_t_S0744,744,P4_ngboost_student_t,4200.0,0,0.0,20,20,0,True,0.12
SCEN_2023_LOW_P4_ngboost_student_t_S0745,745,P4_ngboost_student_t,4200.0,0,0.0,20,20,0,True,0.12
SCEN_2023_LOW_P4_ngboost_student_t_S0746,746,P4_ngboost_student_t,4200.0,0,0.0,20,20,0,True,0.12
SCEN_2023_LOW_P4_ngboost_student_t_S0747,747,P4_ngboost_student_t,4200.0,0,0.0,20,20,0,True,0.12
SCEN_2023_LOW_P4_ngboost_student_t_S0748,748,P4_ngboost_student_t,4200.0,0,0.0,20,20,0,True,0.12
SCEN_2023_LOW_P4_ngboost_student_t_S0749,749,P4_ngboost_student_t,4200.0,0,0.0,20,20,0,True,0.11
SCEN_2023_LOW_P4_ngboost_student_t_S0750,750,P4_ngboost_student_t,4200.0,0,0.0,20,20,0,True,0.12
SCEN_2023_LOW_P4_ngboost_student_t_S0751,751,P4_ngboost_student_t,4200.0,0,0.0,20,20,0,True,0.12
SCEN_2023_LOW_P4_ngboost_student_t_S0752,752,P4_ngboost_student_t,4200.0,0,0.0,20,20,0,True,0.12
SCEN_2023_LOW_P4_ngboost_student_t_S0753,753,P4_ngboost_student_t,4200.0,0,0.0,20,20,0,True,0.12
SCEN_2023_LOW_P4_ngboost_student_t_S0754,754,P4_ngboost_student_t,4200.0,0,0.0,20,20,0,True,0.12
SCEN_2023_LOW_P4_ngboost_student_t_S0755,755,P4_ngboost_student_t,4200.0,0,0.0,20,20,0,True,0.12
SCEN_2023_LOW_P4_ngboost_student_t_S0756,756,P4_ngboost_student_t,4200.0,0,0.0,20,20,0,True,0.12
SCEN_2023_LOW_P4_ngboost_student_t_S0757,757,P4_ngboost_student_t,4200.0,0,0.0,20,20,0,True,0.12
SCEN_2023_LOW_P4_ngboost_student_t_S0758,758,P4_ngboost_student_t,4200.0,0,0.0,20,20,0,True,0.11
SCEN_2023_LOW_P4_ngboost_student_t_S0759,759,P4_ngboost_student_t,4200.0,0,0.0,20,20,0,True,0.11
SCEN_2023_LOW_P4_ngboost_student_t_S0760,760,P4_ngboost_student_t,4200.0,0,0.0,20,20,0,True,0.12
SCEN_2023_LOW_P4_ngboost_student_t_S0761,761,P4_ngboost_student_t,4200.0,0,0.0,20,20,0,True,0.13
SCEN_2023_LOW_P4_ngboost_student_t_S0762,762,P4_ngboost_student_t,4200.0,0,0.0,20,20,0,True,0.12
SCEN_2023_LOW_P4_ngboost_student_t_S0763,763,P4_ngboost_student_t,4200.0,0,0.0,20,20,0,True,0.11
SCEN_2023_LOW_P4_ngboost_student_t_S0764,764,P4_ngboost_student_t,4200.0,0,0.0,20,20,0,True,0.11
SCEN_2023_LOW_P4_ngboost_student_t_S0765,765,P4_ngboost_student_t,4200.0,0,0.0,20,20,0,True,0.11
SCEN_2023_LOW_P4_ngboost_student_t_S0766,766,P4_ngboost_student_t,4200.0,0,0.0,20,20,0,True,0.11
SCEN_2023_LOW_P4_ngboost_student_t_S0767,767,P4_ngboost_student_t,4200.0,0,0.0,20,20,0,True,0.12
SCEN_2023_LOW_P4_ngboost_student_t_S0768,768,P4_ngboost_student_t,4200.0,0,0.0,20,20,0,True,0.11
SCEN_2023_LOW_P4_ngboost_student_t_S0769,769,P4_ngboost_student_t,4200.0,0,0.0,20,20,0,True,0.11
SCEN_2023_LOW_P4_ngboost_student_t_S0770,770,P4_ngboost_student_t,4200.0,0,0.0,20,20,0,True,0.11
SCEN_2023_LOW_P4_ngboost_student_t_S0771,771,P4_ngboost_student_t,4200.0,0,0.0,20,20,0,True,0.11
SCEN_2023_LOW_P4_ngboost_student_t_S0772,772,P4_ngboost_student_t,4200.0,0,0.0,20,20,0,True,0.11
SCEN_2023_LOW_P4_ngboost_student_t_S0773,773,P4_ngboost_student_t,4200.0,0,0.0,20,20,0,True,0.11
SCEN_2023_LOW_P4_ngboost_student_t_S0774,774,P4_ngboost_student_t,4200.0,0,0.0,20,20,0,True,0.11
SCEN_2023_LOW_P4_ngboost_student_t_S0775,775,P4_ngboost_student_t,4200.0,0,0.0,20,20,0,True,0.11
SCEN_2023_LOW_P4_ngboost_student_t_S0776,776,P4_ngboost_student_t,4200.0,0,0.0,20,20,0,True,0.11
SCEN_2023_LOW_P4_ngboost_student_t_S0777,777,P4_ngboost_student_t,4200.0,0,0.0,20,20,0,True,0.12
SCEN_2023_LOW_P4_ngboost_student_t_S0778,778,P4_ngboost_student_t,4200.0,0,0.0,20,20,0,True,0.11
SCEN_2023_LOW_P4_ngboost_student_t_S0779,779,P4_ngboost_student_t,4200.0,0,0.0,20,20,0,True,0.11
SCEN_2023_LOW_P4_ngboost_student_t_S0780,780,P4_ngboost_student_t,4200.0,0,0.0,20,20,0,True,0.11
SCEN_2023_LOW_P4_ngboost_student_t_S0781,781,P4_ngboost_student_t,4200.0,0,0.0,20,20,0,True,0.11
SCEN_2023_LOW_P4_ngboost_student_t_S0782,782,P4_ngboost_student_t,4200.0,0,0.0,20,20,0,True,0.11
SCEN_2023_LOW_P4_ngboost_student_t_S0783,783,P4_ngboost_student_t,4200.0,0,0.0,20,20,0,True,0.11
SCEN_2023_LOW_P4_ngboost_student_t_S0784,784,P4_ngboost_student_t,4200.0,0,0.0,20,20,0,True,0.12
SCEN_2023_LOW_P4_ngboost_student_t_S0785,785,P4_ngboost_student_t,4200.0,0,0.0,20,20,0,True,0.11
SCEN_2023_LOW_P4_ngboost_student_t_S0786,786,P4_ngboost_student_t,4200.0,0,0.0,20,20,0,True,0.12
SCEN_2023_LOW_P4_ngboost_student_t_S0787,787,P4_ngboost_student_t,4200.0,0,0.0,20,20,0,True,0.11
SCEN_2023_LOW_P4_ngboost_student_t_S0788,788,P4_ngboost_student_t,4200.0,0,0.0,20,20,0,True,0.11
SCEN_2023_LOW_P4_ngboost_student_t_S0789,789,P4_ngboost_student_t,4200.0,0,0.0,20,20,0,True,0.11
SCEN_2023_LOW_P4_ngboost_student_t_S0790,790,P4_ngboost_student_t,4200.0,0,0.0,20,20,0,True,0.11
SCEN_2023_LOW_P4_ngboost_student_t_S0791,791,P4_ngboost_student_t,4200.0,0,0.0,20,20,0,True,0.13
SCEN_2023_LOW_P4_ngboost_student_t_S0792,792,P4_ngboost_student_t,4200.0,0,0.0,20,20,0,True,0.11
SCEN_2023_LOW_P4_ngboost_student_t_S0793,793,P4_ngboost_student_t,4200.0,0,0.0,20,20,0,True,0.11
SCEN_2023_LOW_P4_ngboost_student_t_S0794,794,P4_ngboost_student_t,4200.0,0,0.0,20,20,0,True,0.12
SCEN_2023_LOW_P4_ngboost_student_t_S0795,795,P4_ngboost_student_t,4200.0,0,0.0,20,20,0,True,0.11
SCEN_2023_LOW_P4_ngboost_student_t_S0796,796,P4_ngboost_student_t,4200.0,0,0.0,20,20,0,True,0.11
SCEN_2023_LOW_P4_ngboost_student_t_S0797,797,P4_ngboost_student_t,4200.0,0,0.0,20,20,0,True,0.11
SCEN_2023_LOW_P4_ngboost_student_t_S0798,798,P4_ngboost_student_t,4200.0,0,0.0,20,20,0,True,0.11
SCEN_2023_LOW_P4_ngboost_student_t_S0799,799,P4_ngboost_student_t,4200.0,0,0.0,20,20,0,True,0.11
SCEN_2023_LOW_P4_ngboost_student_t_S0800,800,P4_ngboost_student_t,4200.0,0,0.0,20,20,0,True,0.11
SCEN_2023_LOW_P4_ngboost_student_t_S0801,801,P4_ngboost_student_t,4200.0,0,0.0,20,20,0,True,0.14
SCEN_2023_LOW_P4_ngboost_student_t_S0802,802,P4_ngboost_student_t,4200.0,0,0.0,20,20,0,True,0.11
SCEN_2023_LOW_P4_ngboost_student_t_S0803,803,P4_ngboost_student_t,4200.0,0,0.0,20,20,0,True,0.11
SCEN_2023_LOW_P4_ngboost_student_t_S0804,804,P4_ngboost_student_t,4200.0,0,0.0,20,20,0,True,0.11
SCEN_2023_LOW_P4_ngboost_student_t_S0805,805,P4_ngboost_student_t,4200.0,0,0.0,20,20,0,True,0.11
SCEN_2023_LOW_P4_ngboost_student_t_S0806,806,P4_ngboost_student_t,4200.0,0,0.0,20,20,0,True,0.12
SCEN_2023_LOW_P4_ngboost_student_t_S0807,807,P4_ngboost_student_t,4200.0,0,0.0,20,20,0,True,0.11
SCEN_2023_LOW_P4_ngboost_student_t_S0808,808,P4_ngboost_student_t,4200.0,0,0.0,20,20,0,True,0.11
SCEN_2023_LOW_P4_ngboost_student_t_S0809,809,P4_ngboost_student_t,4200.0,0,0.0,20,20,0,True,0.11
SCEN_2023_LOW_P4_ngboost_student_t_S0810,810,P4_ngboost_student_t,4200.0,0,0.0,20,20,0,True,0.11
SCEN_2023_LOW_P4_ngboost_student_t_S0811,811,P4_ngboost_student_t,4200.0,0,0.0,20,20,0,True,0.11
SCEN_2023_LOW_P4_ngboost_student_t_S0812,812,P4_ngboost_student_t,4200.0,0,0.0,20,20,0,True,0.11
SCEN_2023_LOW_P4_ngboost_student_t_S0813,813,P4_ngboost_student_t,4200.0,0,0.0,20,20,0,True,0.11
SCEN_2023_LOW_P4_ngboost_student_t_S0814,814,P4_ngboost_student_t,4200.0,0,0.0,20,20,0,True,0.11
SCEN_2023_LOW_P4_ngboost_student_t_S0815,815,P4_ngboost_student_t,4200.0,0,0.0,20,20,0,True,0.12
SCEN_2023_LOW_P4_ngboost_student_t_S0816,816,P4_ngboost_student_t,4200.0,0,0.0,20,20,0,True,0.11
SCEN_2023_LOW_P4_ngboost_student_t_S0817,817,P4_ngboost_student_t,4200.0,0,0.0,20,20,0,True,0.11
SCEN_2023_LOW_P4_ngboost_student_t_S0818,818,P4_ngboost_student_t,4200.0,0,0.0,20,20,0,True,0.11
SCEN_2023_LOW_P4_ngboost_student_t_S0819,819,P4_ngboost_student_t,4200.0,0,0.0,20,20,0,True,0.11
SCEN_2023_LOW_P4_ngboost_student_t_S0820,820,P4_ngboost_student_t,4200.0,0,0.0,20,20,0,True,0.11
SCEN_2023_LOW_P4_ngboost_student_t_S0821,821,P4_ngboost_student_t,4200.0,0,0.0,20,20,0,True,0.11
SCEN_2023_LOW_P4_ngboost_student_t_S0822,822,P4_ngboost_student_t,4200.0,0,0.0,20,20,0,True,0.11
SCEN_2023_LOW_P4_ngboost_student_t_S0823,823,P4_ngboost_student_t,4200.0,0,0.0,20,20,0,True,0.11
SCEN_2023_LOW_P4_ngboost_student_t_S0824,824,P4_ngboost_student_t,4200.0,0,0.0,20,20,0,True,0.11
SCEN_2023_LOW_P4_ngboost_student_t_S0825,825,P4_ngboost_student_t,4200.0,0,0.0,20,20,0,True,0.11
SCEN_2023_LOW_P4_ngboost_student_t_S0826,826,P4_ngboost_student_t,4200.0,0,0.0,20,20,0,True,0.11
SCEN_2023_LOW_P4_ngboost_student_t_S0827,827,P4_ngboost_student_t,4200.0,0,0.0,20,20,0,True,0.11
SCEN_2023_LOW_P4_ngboost_student_t_S0828,828,P4_ngboost_student_t,4200.0,0,0.0,20,20,0,True,0.12
SCEN_2023_LOW_P4_ngboost_student_t_S0829,829,P4_ngboost_student_t,4200.0,0,0.0,20,20,0,True,0.11
SCEN_2023_LOW_P4_ngboost_student_t_S0830,830,P4_ngboost_student_t,4200.0,0,0.0,20,20,0,True,0.11
SCEN_2023_LOW_P4_ngboost_student_t_S0831,831,P4_ngboost_student_t,4200.0,0,0.0,20,20,0,True,0.11
SCEN_2023_LOW_P4_ngboost_student_t_S0832,832,P4_ngboost_student_t,4200.0,0,0.0,20,20,0,True,0.11
SCEN_2023_LOW_P4_ngboost_student_t_S0833,833,P4_ngboost_student_t,4200.0,0,0.0,20,20,0,True,0.11
SCEN_2023_LOW_P4_ngboost_student_t_S0834,834,P4_ngboost_student_t,4200.0,0,0.0,20,20,0,True,0.11
SCEN_2023_LOW_P4_ngboost_student_t_S0835,835,P4_ngboost_student_t,4200.0,0,0.0,20,20,0,True,0.12
SCEN_2023_LOW_P4_ngboost_student_t_S0836,836,P4_ngboost_student_t,4200.0,0,0.0,20,20,0,True,0.11
SCEN_2023_LOW_P4_ngboost_student_t_S0837,837,P4_ngboost_student_t,4200.0,0,0.0,20,20,0,True,0.11
SCEN_2023_LOW_P4_ngboost_student_t_S0838,838,P4_ngboost_student_t,4200.0,0,0.0,20,20,0,True,0.11
SCEN_2023_LOW_P4_ngboost_student_t_S0839,839,P4_ngboost_student_t,4200.0,0,0.0,20,20,0,True,0.11
SCEN_2023_LOW_P4_ngboost_student_t_S0840,840,P4_ngboost_student_t,4200.0,0,0.0,20,20,0,True,0.11
SCEN_2023_LOW_P4_ngboost_student_t_S0841,841,P4_ngboost_student_t,4200.0,0,0.0,20,20,0,True,0.11
SCEN_2023_LOW_P4_ngboost_student_t_S0842,842,P4_ngboost_student_t,4200.0,0,0.0,20,20,0,True,0.11
SCEN_2023_LOW_P4_ngboost_student_t_S0843,843,P4_ngboost_student_t,4200.0,0,0.0,20,20,0,True,0.11
SCEN_2023_LOW_P4_ngboost_student_t_S0844,844,P4_ngboost_student_t,4200.0,0,0.0,20,20,0,True,0.11
SCEN_2023_LOW_P4_ngboost_student_t_S0845,845,P4_ngboost_student_t,4200.0,0,0.0,20,20,0,True,0.11
SCEN_2023_LOW_P4_ngboost_student_t_S0846,846,P4_ngboost_student_t,4200.0,0,0.0,20,20,0,True,0.11
SCEN_2023_LOW_P4_ngboost_student_t_S0847,847,P4_ngboost_student_t,4200.0,0,0.0,20,20,0,True,0.11
SCEN_2023_LOW_P4_ngboost_student_t_S0848,848,P4_ngboost_student_t,4200.0,0,0.0,20,20,0,True,0.11
SCEN_2023_LOW_P4_ngboost_student_t_S0849,849,P4_ngboost_student_t,4200.0,0,0.0,20,20,0,True,0.11
SCEN_2023_LOW_P4_ngboost_student_t_S0850,850,P4_ngboost_student_t,4200.0,0,0.0,20,20,0,True,0.11
SCEN_2023_LOW_P4_ngboost_student_t_S0851,851,P4_ngboost_student_t,4200.0,0,0.0,20,20,0,True,0.11
SCEN_2023_LOW_P4_ngboost_student_t_S0852,852,P4_ngboost_student_t,4200.0,0,0.0,20,20,0,True,0.11
SCEN_2023_LOW_P4_ngboost_student_t_S0853,853,P4_ngboost_student_t,4200.0,0,0.0,20,20,0,True,0.12
SCEN_2023_LOW_P4_ngboost_student_t_S0854,854,P4_ngboost_student_t,4200.0,0,0.0,20,20,0,True,0.11
SCEN_2023_LOW_P4_ngboost_student_t_S0855,855,P4_ngboost_student_t,4200.0,0,0.0,20,20,0,True,0.11
SCEN_2023_LOW_P4_ngboost_student_t_S0856,856,P4_ngboost_student_t,4200.0,0,0.0,20,20,0,True,0.11
SCEN_2023_LOW_P4_ngboost_student_t_S0857,857,P4_ngboost_student_t,4200.0,0,0.0,20,20,0,True,0.11
SCEN_2023_LOW_P4_ngboost_student_t_S0858,858,P4_ngboost_student_t,4200.0,0,0.0,20,20,0,True,0.11
SCEN_2023_LOW_P4_ngboost_student_t_S0859,859,P4_ngboost_student_t,4200.0,0,0.0,20,20,0,True,0.11
SCEN_2023_LOW_P4_ngboost_student_t_S0860,860,P4_ngboost_student_t,4200.0,0,0.0,20,20,0,True,0.11
SCEN_2023_LOW_P4_ngboost_student_t_S0861,861,P4_ngboost_student_t,4200.0,0,0.0,20,20,0,True,0.11
SCEN_2023_LOW_P4_ngboost_student_t_S0862,862,P4_ngboost_student_t,4200.0,0,0.0,20,20,0,True,0.11
SCEN_2023_LOW_P4_ngboost_student_t_S0863,863,P4_ngboost_student_t,4200.0,0,0.0,20,20,0,True,0.11
SCEN_2023_LOW_P4_ngboost_student_t_S0864,864,P4_ngboost_student_t,4200.0,0,0.0,20,20,0,True,0.11
SCEN_2023_LOW_P4_ngboost_student_t_S0865,865,P4_ngboost_student_t,4200.0,0,0.0,20,20,0,True,0.11
SCEN_2023_LOW_P4_ngboost_student_t_S0866,866,P4_ngboost_student_t,4200.0,0,0.0,20,20,0,True,0.11
SCEN_2023_LOW_P4_ngboost_student_t_S0867,867,P4_ngboost_student_t,4200.0,0,0.0,20,20,0,True,0.11
SCEN_2023_LOW_P4_ngboost_student_t_S0868,868,P4_ngboost_student_t,4200.0,0,0.0,20,20,0,True,0.12
SCEN_2023_LOW_P4_ngboost_student_t_S0869,869,P4_ngboost_student_t,4200.0,0,0.0,20,20,0,True,0.17
SCEN_2023_LOW_P4_ngboost_student_t_S0870,870,P4_ngboost_student_t,4200.0,0,0.0,20,20,0,True,0.11
SCEN_2023_LOW_P4_ngboost_student_t_S0871,871,P4_ngboost_student_t,4200.0,0,0.0,20,20,0,True,0.11
SCEN_2023_LOW_P4_ngboost_student_t_S0872,872,P4_ngboost_student_t,4200.0,0,0.0,20,20,0,True,0.11
SCEN_2023_LOW_P4_ngboost_student_t_S0873,873,P4_ngboost_student_t,4200.0,0,0.0,20,20,0,True,0.11
SCEN_2023_LOW_P4_ngboost_student_t_S0874,874,P4_ngboost_student_t,4200.0,0,0.0,20,20,0,True,0.11
SCEN_2023_LOW_P4_ngboost_student_t_S0875,875,P4_ngboost_student_t,4200.0,0,0.0,20,20,0,True,0.11
SCEN_2023_LOW_P4_ngboost_student_t_S0876,876,P4_ngboost_student_t,4200.0,0,0.0,20,20,0,True,0.2
SCEN_2023_LOW_P4_ngboost_student_t_S0877,877,P4_ngboost_student_t,4200.0,0,0.0,20,20,0,True,0.11
SCEN_2023_LOW_P4_ngboost_student_t_S0878,878,P4_ngboost_student_t,4200.0,0,0.0,20,20,0,True,0.12
SCEN_2023_LOW_P4_ngboost_student_t_S0879,879,P4_ngboost_student_t,4200.0,0,0.0,20,20,0,True,0.11
SCEN_2023_LOW_P4_ngboost_student_t_S0880,880,P4_ngboost_student_t,4200.0,0,0.0,20,20,0,True,0.11
SCEN_2023_LOW_P4_ngboost_student_t_S0881,881,P4_ngboost_student_t,4200.0,0,0.0,20,20,0,True,0.11
SCEN_2023_LOW_P4_ngboost_student_t_S0882,882,P4_ngboost_student_t,4200.0,0,0.0,20,20,0,True,0.11
SCEN_2023_LOW_P4_ngboost_student_t_S0883,883,P4_ngboost_student_t,4200.0,0,0.0,20,20,0,True,0.11
SCEN_2023_LOW_P4_ngboost_student_t_S0884,884,P4_ngboost_student_t,4200.0,0,0.0,20,20,0,True,0.11
SCEN_2023_LOW_P4_ngboost_student_t_S0885,885,P4_ngboost_student_t,4200.0,0,0.0,20,20,0,True,0.11
SCEN_2023_LOW_P4_ngboost_student_t_S0886,886,P4_ngboost_student_t,4200.0,0,0.0,20,20,0,True,0.11
SCEN_2023_LOW_P4_ngboost_student_t_S0887,887,P4_ngboost_student_t,4200.0,0,0.0,20,20,0,True,0.12
SCEN_2023_LOW_P4_ngboost_student_t_S0888,888,P4_ngboost_student_t,4200.0,0,0.0,20,20,0,True,0.11
SCEN_2023_LOW_P4_ngboost_student_t_S0889,889,P4_ngboost_student_t,4200.0,0,0.0,20,20,0,True,0.11
SCEN_2023_LOW_P4_ngboost_student_t_S0890,890,P4_ngboost_student_t,4200.0,0,0.0,20,20,0,True,0.11
SCEN_2023_LOW_P4_ngboost_student_t_S0891,891,P4_ngboost_student_t,4200.0,0,0.0,20,20,0,True,0.11
SCEN_2023_LOW_P4_ngboost_student_t_S0892,892,P4_ngboost_student_t,4200.0,0,0.0,20,20,0,True,0.11
SCEN_2023_LOW_P4_ngboost_student_t_S0893,893,P4_ngboost_student_t,4200.0,0,0.0,20,20,0,True,0.12
SCEN_2023_LOW_P4_ngboost_student_t_S0894,894,P4_ngboost_student_t,4200.0,0,0.0,20,20,0,True,0.12
SCEN_2023_LOW_P4_ngboost_student_t_S0895,895,P4_ngboost_student_t,4200.0,0,0.0,20,20,0,True,0.19
SCEN_2023_LOW_P4_ngboost_student_t_S0896,896,P4_ngboost_student_t,4200.0,0,0.0,20,20,0,True,0.15
SCEN_2023_LOW_P4_ngboost_student_t_S0897,897,P4_ngboost_student_t,4200.0,0,0.0,20,20,0,True,0.27
SCEN_2023_LOW_P4_ngboost_student_t_S0898,898,P4_ngboost_student_t,4200.0,0,0.0,20,20,0,True,0.29
SCEN_2023_LOW_P4_ngboost_student_t_S0899,899,P4_ngboost_student_t,4200.0,0,0.0,20,20,0,True,0.26
SCEN_2023_LOW_P4_ngboost_student_t_S0900,900,P4_ngboost_student_t,4200.0,0,0.0,20,20,0,True,0.17
SCEN_2023_LOW_P4_ngboost_student_t_S0901,901,P4_ngboost_student_t,4200.0,0,0.0,20,20,0,True,0.17
SCEN_2023_LOW_P4_ngboost_student_t_S0902,902,P4_ngboost_student_t,4200.0,0,0.0,20,20,0,True,0.19
SCEN_2023_LOW_P4_ngboost_student_t_S0903,903,P4_ngboost_student_t,4200.0,0,0.0,20,20,0,True,0.25
SCEN_2023_LOW_P4_ngboost_student_t_S0904,904,P4_ngboost_student_t,4200.0,0,0.0,20,20,0,True,0.15
SCEN_2023_LOW_P4_ngboost_student_t_S0905,905,P4_ngboost_student_t,4200.0,0,0.0,20,20,0,True,0.16
SCEN_2023_LOW_P4_ngboost_student_t_S0906,906,P4_ngboost_student_t,4200.0,0,0.0,20,20,0,True,0.13
SCEN_2023_LOW_P4_ngboost_student_t_S0907,907,P4_ngboost_student_t,4200.0,0,0.0,20,20,0,True,0.12
SCEN_2023_LOW_P4_ngboost_student_t_S0908,908,P4_ngboost_student_t,4200.0,0,0.0,20,20,0,True,0.12
SCEN_2023_LOW_P4_ngboost_student_t_S0909,909,P4_ngboost_student_t,4200.0,0,0.0,20,20,0,True,0.23
SCEN_2023_LOW_P4_ngboost_student_t_S0910,910,P4_ngboost_student_t,4200.0,0,0.0,20,20,0,True,0.13
SCEN_2023_LOW_P4_ngboost_student_t_S0911,911,P4_ngboost_student_t,4200.0,0,0.0,20,20,0,True,0.16
SCEN_2023_LOW_P4_ngboost_student_t_S0912,912,P4_ngboost_student_t,4200.0,0,0.0,20,20,0,True,0.13
SCEN_2023_LOW_P4_ngboost_student_t_S0913,913,P4_ngboost_student_t,4200.0,0,0.0,20,20,0,True,0.12
SCEN_2023_LOW_P4_ngboost_student_t_S0914,914,P4_ngboost_student_t,4200.0,0,0.0,20,20,0,True,0.12
SCEN_2023_LOW_P4_ngboost_student_t_S0915,915,P4_ngboost_student_t,4200.0,0,0.0,20,20,0,True,0.12
SCEN_2023_LOW_P4_ngboost_student_t_S0916,916,P4_ngboost_student_t,4200.0,0,0.0,20,20,0,True,0.12
SCEN_2023_LOW_P4_ngboost_student_t_S0917,917,P4_ngboost_student_t,4200.0,0,0.0,20,20,0,True,0.12
SCEN_2023_LOW_P4_ngboost_student_t_S0918,918,P4_ngboost_student_t,4200.0,0,0.0,20,20,0,True,0.14
SCEN_2023_LOW_P4_ngboost_student_t_S0919,919,P4_ngboost_student_t,4200.0,0,0.0,20,20,0,True,0.12
SCEN_2023_LOW_P4_ngboost_student_t_S0920,920,P4_ngboost_student_t,4200.0,0,0.0,20,20,0,True,0.12
SCEN_2023_LOW_P4_ngboost_student_t_S0921,921,P4_ngboost_student_t,4200.0,0,0.0,20,20,0,True,0.12
SCEN_2023_LOW_P4_ngboost_student_t_S0922,922,P4_ngboost_student_t,4200.0,0,0.0,20,20,0,True,0.12
SCEN_2023_LOW_P4_ngboost_student_t_S0923,923,P4_ngboost_student_t,4200.0,0,0.0,20,20,0,True,0.12
SCEN_2023_LOW_P4_ngboost_student_t_S0924,924,P4_ngboost_student_t,4200.0,0,0.0,20,20,0,True,0.12
SCEN_2023_LOW_P4_ngboost_student_t_S0925,925,P4_ngboost_student_t,4200.0,0,0.0,20,20,0,True,0.14
SCEN_2023_LOW_P4_ngboost_student_t_S0926,926,P4_ngboost_student_t,4200.0,0,0.0,20,20,0,True,0.12
SCEN_2023_LOW_P4_ngboost_student_t_S0927,927,P4_ngboost_student_t,4200.0,0,0.0,20,20,0,True,0.12
SCEN_2023_LOW_P4_ngboost_student_t_S0928,928,P4_ngboost_student_t,4200.0,0,0.0,20,20,0,True,0.12
SCEN_2023_LOW_P4_ngboost_student_t_S0929,929,P4_ngboost_student_t,4200.0,0,0.0,20,20,0,True,0.12
SCEN_2023_LOW_P4_ngboost_student_t_S0930,930,P4_ngboost_student_t,4200.0,0,0.0,20,20,0,True,0.12
SCEN_2023_LOW_P4_ngboost_student_t_S0931,931,P4_ngboost_student_t,4200.0,0,0.0,20,20,0,True,0.13
SCEN_2023_LOW_P4_ngboost_student_t_S0932,932,P4_ngboost_student_t,4200.0,0,0.0,20,20,0,True,0.12
SCEN_2023_LOW_P4_ngboost_student_t_S0933,933,P4_ngboost_student_t,4200.0,0,0.0,20,20,0,True,0.12
SCEN_2023_LOW_P4_ngboost_student_t_S0934,934,P4_ngboost_student_t,4200.0,0,0.0,20,20,0,True,0.18
SCEN_2023_LOW_P4_ngboost_student_t_S0935,935,P4_ngboost_student_t,4200.0,0,0.0,20,20,0,True,0.12
SCEN_2023_LOW_P4_ngboost_student_t_S0936,936,P4_ngboost_student_t,4200.0,0,0.0,20,20,0,True,0.12
SCEN_2023_LOW_P4_ngboost_student_t_S0937,937,P4_ngboost_student_t,4200.0,0,0.0,20,20,0,True,0.13
SCEN_2023_LOW_P4_ngboost_student_t_S0938,938,P4_ngboost_student_t,4200.0,0,0.0,20,20,0,True,0.16
SCEN_2023_LOW_P4_ngboost_student_t_S0939,939,P4_ngboost_student_t,4200.0,0,0.0,20,20,0,True,0.12
SCEN_2023_LOW_P4_ngboost_student_t_S0940,940,P4_ngboost_student_t,4200.0,0,0.0,20,20,0,True,0.12
SCEN_2023_LOW_P4_ngboost_student_t_S0941,941,P4_ngboost_student_t,4200.0,0,0.0,20,20,0,True,0.12
SCEN_2023_LOW_P4_ngboost_student_t_S0942,942,P4_ngboost_student_t,4200.0,0,0.0,20,20,0,True,0.11
SCEN_2023_LOW_P4_ngboost_student_t_S0943,943,P4_ngboost_student_t,4200.0,0,0.0,20,20,0,True,0.11
SCEN_2023_LOW_P4_ngboost_student_t_S0944,944,P4_ngboost_student_t,4200.0,0,0.0,20,20,0,True,0.12
SCEN_2023_LOW_P4_ngboost_student_t_S0945,945,P4_ngboost_student_t,4200.0,0,0.0,20,20,0,True,0.13
SCEN_2023_LOW_P4_ngboost_student_t_S0946,946,P4_ngboost_student_t,4200.0,0,0.0,20,20,0,True,0.12
SCEN_2023_LOW_P4_ngboost_student_t_S0947,947,P4_ngboost_student_t,4200.0,0,0.0,20,20,0,True,0.12
SCEN_2023_LOW_P4_ngboost_student_t_S0948,948,P4_ngboost_student_t,4200.0,0,0.0,20,20,0,True,0.12
SCEN_2023_LOW_P4_ngboost_student_t_S0949,949,P4_ngboost_student_t,4200.0,0,0.0,20,20,0,True,0.19
SCEN_2023_LOW_P4_ngboost_student_t_S0950,950,P4_ngboost_student_t,4200.0,0,0.0,20,20,0,True,0.12
SCEN_2023_LOW_P4_ngboost_student_t_S0951,951,P4_ngboost_student_t,4200.0,0,0.0,20,20,0,True,0.11
SCEN_2023_LOW_P4_ngboost_student_t_S0952,952,P4_ngboost_student_t,4200.0,0,0.0,20,20,0,True,0.12
SCEN_2023_LOW_P4_ngboost_student_t_S0953,953,P4_ngboost_student_t,4200.0,0,0.0,20,20,0,True,0.13
SCEN_2023_LOW_P4_ngboost_student_t_S0954,954,P4_ngboost_student_t,4200.0,0,0.0,20,20,0,True,0.14
SCEN_2023_LOW_P4_ngboost_student_t_S0955,955,P4_ngboost_student_t,4200.0,0,0.0,20,20,0,True,0.11
SCEN_2023_LOW_P4_ngboost_student_t_S0956,956,P4_ngboost_student_t,4200.0,0,0.0,20,20,0,True,0.11
SCEN_2023_LOW_P4_ngboost_student_t_S0957,957,P4_ngboost_student_t,4200.0,0,0.0,20,20,0,True,0.12
SCEN_2023_LOW_P4_ngboost_student_t_S0958,958,P4_ngboost_student_t,4200.0,0,0.0,20,20,0,True,0.11
SCEN_2023_LOW_P4_ngboost_student_t_S0959,959,P4_ngboost_student_t,4200.0,0,0.0,20,20,0,True,0.11
SCEN_2023_LOW_P4_ngboost_student_t_S0960,960,P4_ngboost_student_t,4200.0,0,0.0,20,20,0,True,0.13
SCEN_2023_LOW_P4_ngboost_student_t_S0961,961,P4_ngboost_student_t,4200.0,0,0.0,20,20,0,True,0.11
SCEN_2023_LOW_P4_ngboost_student_t_S0962,962,P4_ngboost_student_t,4200.0,0,0.0,20,20,0,True,0.11
SCEN_2023_LOW_P4_ngboost_student_t_S0963,963,P4_ngboost_student_t,4200.0,0,0.0,20,20,0,True,0.11
SCEN_2023_LOW_P4_ngboost_student_t_S0964,964,P4_ngboost_student_t,4200.0,0,0.0,20,20,0,True,0.12
SCEN_2023_LOW_P4_ngboost_student_t_S0965,965,P4_ngboost_student_t,4200.0,0,0.0,20,20,0,True,0.11
SCEN_2023_LOW_P4_ngboost_student_t_S0966,966,P4_ngboost_student_t,4200.0,0,0.0,20,20,0,True,0.11
SCEN_2023_LOW_P4_ngboost_student_t_S0967,967,P4_ngboost_student_t,4200.0,0,0.0,20,20,0,True,0.12
SCEN_2023_LOW_P4_ngboost_student_t_S0968,968,P4_ngboost_student_t,4200.0,0,0.0,20,20,0,True,0.11
SCEN_2023_LOW_P4_ngboost_student_t_S0969,969,P4_ngboost_student_t,4200.0,0,0.0,20,20,0,True,0.11
SCEN_2023_LOW_P4_ngboost_student_t_S0970,970,P4_ngboost_student_t,4200.0,0,0.0,20,20,0,True,0.11
SCEN_2023_LOW_P4_ngboost_student_t_S0971,971,P4_ngboost_student_t,4200.0,0,0.0,20,20,0,True,0.12
SCEN_2023_LOW_P4_ngboost_student_t_S0972,972,P4_ngboost_student_t,4200.0,0,0.0,20,20,0,True,0.11
SCEN_2023_LOW_P4_ngboost_student_t_S0973,973,P4_ngboost_student_t,4200.0,0,0.0,20,20,0,True,0.11
SCEN_2023_LOW_P4_ngboost_student_t_S0974,974,P4_ngboost_student_t,4200.0,0,0.0,20,20,0,True,0.24
SCEN_2023_LOW_P4_ngboost_student_t_S0975,975,P4_ngboost_student_t,4200.0,0,0.0,20,20,0,True,0.11
SCEN_2023_LOW_P4_ngboost_student_t_S0976,976,P4_ngboost_student_t,4200.0,0,0.0,20,20,0,True,0.11
SCEN_2023_LOW_P4_ngboost_student_t_S0977,977,P4_ngboost_student_t,4200.0,0,0.0,20,20,0,True,0.17
SCEN_2023_LOW_P4_ngboost_student_t_S0978,978,P4_ngboost_student_t,4200.0,0,0.0,20,20,0,True,0.16
SCEN_2023_LOW_P4_ngboost_student_t_S0979,979,P4_ngboost_student_t,4200.0,0,0.0,20,20,0,True,0.11
SCEN_2023_LOW_P4_ngboost_student_t_S0980,980,P4_ngboost_student_t,4200.0,0,0.0,20,20,0,True,0.11
SCEN_2023_LOW_P4_ngboost_student_t_S0981,981,P4_ngboost_student_t,4200.0,0,0.0,20,20,0,True,0.11
SCEN_2023_LOW_P4_ngboost_student_t_S0982,982,P4_ngboost_student_t,4200.0,0,0.0,20,20,0,True,0.11
SCEN_2023_LOW_P4_ngboost_student_t_S0983,983,P4_ngboost_student_t,4200.0,0,0.0,20,20,0,True,0.11
SCEN_2023_LOW_P4_ngboost_student_t_S0984,984,P4_ngboost_student_t,4200.0,0,0.0,20,20,0,True,0.12
SCEN_2023_LOW_P4_ngboost_student_t_S0985,985,P4_ngboost_student_t,4200.0,0,0.0,20,20,0,True,0.11
SCEN_2023_LOW_P4_ngboost_student_t_S0986,986,P4_ngboost_student_t,4200.0,0,0.0,20,20,0,True,0.11
SCEN_2023_LOW_P4_ngboost_student_t_S0987,987,P4_ngboost_student_t,4200.0,0,0.0,20,20,0,True,0.11
SCEN_2023_LOW_P4_ngboost_student_t_S0988,988,P4_ngboost_student_t,4200.0,0,0.0,20,20,0,True,0.11
SCEN_2023_LOW_P4_ngboost_student_t_S0989,989,P4_ngboost_student_t,4200.0,0,0.0,20,20,0,True,0.11
SCEN_2023_LOW_P4_ngboost_student_t_S0990,990,P4_ngboost_student_t,4200.0,0,0.0,20,20,0,True,0.11
SCEN_2023_LOW_P4_ngboost_student_t_S0991,991,P4_ngboost_student_t,4200.0,0,0.0,20,20,0,True,0.11
SCEN_2023_LOW_P4_ngboost_student_t_S0992,992,P4_ngboost_student_t,4200.0,0,0.0,20,20,0,True,0.12
SCEN_2023_LOW_P4_ngboost_student_t_S0993,993,P4_ngboost_student_t,4200.0,0,0.0,20,20,0,True,0.11
SCEN_2023_LOW_P4_ngboost_student_t_S0994,994,P4_ngboost_student_t,4200.0,0,0.0,20,20,0,True,0.11
SCEN_2023_LOW_P4_ngboost_student_t_S0995,995,P4_ngboost_student_t,4200.0,0,0.0,20,20,0,True,0.12
SCEN_2023_LOW_P4_ngboost_student_t_S0996,996,P4_ngboost_student_t,4200.0,0,0.0,20,20,0,True,0.11
SCEN_2023_LOW_P4_ngboost_student_t_S0997,997,P4_ngboost_student_t,4200.0,0,0.0,20,20,0,True,0.11
SCEN_2023_LOW_P4_ngboost_student_t_S0998,998,P4_ngboost_student_t,4200.0,0,0.0,20,20,0,True,0.11
SCEN_2023_LOW_P4_ngboost_student_t_S0999,999,P4_ngboost_student_t,4200.0,0,0.0,20,20,0,True,0.11
SCEN_2023_LOW_P4_ngboost_student_t_S1000,1000,P4_ngboost_student_t,4200.0,0,0.0,20,20,0,True,0.13
SCEN_2023_LOW_P4_ngboost_student_t_S1001,1001,P4_ngboost_student_t,4200.0,0,0.0,20,20,0,True,0.11
SCEN_2023_LOW_P4_ngboost_student_t_S1002,1002,P4_ngboost_student_t,4200.0,0,0.0,20,20,0,True,0.11
SCEN_2023_LOW_P4_ngboost_student_t_S1003,1003,P4_ngboost_student_t,4200.0,0,0.0,20,20,0,True,0.11
SCEN_2023_LOW_P4_ngboost_student_t_S1004,1004,P4_ngboost_student_t,4200.0,0,0.0,20,20,0,True,0.11
SCEN_2023_LOW_P4_ngboost_student_t_S1005,1005,P4_ngboost_student_t,4200.0,0,0.0,20,20,0,True,0.11
SCEN_2023_LOW_P4_ngboost_student_t_S1006,1006,P4_ngboost_student_t,4200.0,0,0.0,20,20,0,True,0.11
SCEN_2023_LOW_P4_ngboost_student_t_S1007,1007,P4_ngboost_student_t,4200.0,0,0.0,20,20,0,True,0.11
SCEN_2023_LOW_P4_ngboost_student_t_S1008,1008,P4_ngboost_student_t,4200.0,0,0.0,20,20,0,True,0.11
SCEN_2023_LOW_P4_ngboost_student_t_S1009,1009,P4_ngboost_student_t,4200.0,0,0.0,20,20,0,True,0.11
SCEN_2023_LOW_P4_ngboost_student_t_S1010,1010,P4_ngboost_student_t,4200.0,0,0.0,20,20,0,True,0.15
SCEN_2023_LOW_P4_ngboost_student_t_S1011,1011,P4_ngboost_student_t,4200.0,0,0.0,20,20,0,True,0.15
SCEN_2023_LOW_P4_ngboost_student_t_S1012,1012,P4_ngboost_student_t,4200.0,0,0.0,20,20,0,True,0.12
SCEN_2023_LOW_P4_ngboost_student_t_S1013,1013,P4_ngboost_student_t,4200.0,0,0.0,20,20,0,True,0.12
SCEN_2023_LOW_P4_ngboost_student_t_S1014,1014,P4_ngboost_student_t,4200.0,0,0.0,20,20,0,True,0.11
SCEN_2023_LOW_P4_ngboost_student_t_S1015,1015,P4_ngboost_student_t,4200.0,0,0.0,20,20,0,True,0.11
SCEN_2023_LOW_P4_ngboost_student_t_S1016,1016,P4_ngboost_student_t,4200.0,0,0.0,20,20,0,True,0.11
SCEN_2023_LOW_P4_ngboost_student_t_S1017,1017,P4_ngboost_student_t,4200.0,0,0.0,20,20,0,True,0.11
SCEN_2023_LOW_P4_ngboost_student_t_S1018,1018,P4_ngboost_student_t,4200.0,0,0.0,20,20,0,True,0.11
SCEN_2023_LOW_P4_ngboost_student_t_S1019,1019,P4_ngboost_student_t,4200.0,0,0.0,20,20,0,True,0.11
SCEN_2023_LOW_P4_ngboost_student_t_S1020,1020,P4_ngboost_student_t,4200.0,0,0.0,20,20,0,True,0.11
SCEN_2023_LOW_P4_ngboost_student_t_S1021,1021,P4_ngboost_student_t,4200.0,0,0.0,20,20,0,True,0.11
SCEN_2023_LOW_P4_ngboost_student_t_S1022,1022,P4_ngboost_student_t,4200.0,0,0.0,20,20,0,True,0.11
SCEN_2023_LOW_P4_ngboost_student_t_S1023,1023,P4_ngboost_student_t,4200.0,0,0.0,20,20,0,True,0.11
SCEN_2023_LOW_P4_ngboost_student_t_S1024,1024,P4_ngboost_student_t,4200.0,0,0.0,20,20,0,True,0.11
SCEN_2023_LOW_P4_ngboost_student_t_S1025,1025,P4_ngboost_student_t,4200.0,0,0.0,20,20,0,True,0.12
SCEN_2023_LOW_P4_ngboost_student_t_S1026,1026,P4_ngboost_student_t,4200.0,0,0.0,20,20,0,True,0.12
SCEN_2023_LOW_P4_ngboost_student_t_S1027,1027,P4_ngboost_student_t,4200.0,0,0.0,20,20,0,True,0.11
SCEN_2023_LOW_P4_ngboost_student_t_S1028,1028,P4_ngboost_student_t,4200.0,0,0.0,20,20,0,True,0.11
SCEN_2023_LOW_P4_ngboost_student_t_S1029,1029,P4_ngboost_student_t,4200.0,0,0.0,20,20,0,True,0.11
SCEN_2023_LOW_P4_ngboost_student_t_S1030,1030,P4_ngboost_student_t,4200.0,0,0.0,20,20,0,True,0.12
SCEN_2023_LOW_P4_ngboost_student_t_S1031,1031,P4_ngboost_student_t,4200.0,0,0.0,20,20,0,True,0.11
SCEN_2023_LOW_P4_ngboost_student_t_S1032,1032,P4_ngboost_student_t,4200.0,0,0.0,20,20,0,True,0.11
SCEN_2023_LOW_P4_ngboost_student_t_S1033,1033,P4_ngboost_student_t,4200.0,0,0.0,20,20,0,True,0.11
SCEN_2023_LOW_P4_ngboost_student_t_S1034,1034,P4_ngboost_student_t,4200.0,0,0.0,20,20,0,True,0.11
SCEN_2023_LOW_P4_ngboost_student_t_S1035,1035,P4_ngboost_student_t,4200.0,0,0.0,20,20,0,True,0.11
SCEN_2023_LOW_P4_ngboost_student_t_S1036,1036,P4_ngboost_student_t,4200.0,0,0.0,20,20,0,True,0.11
SCEN_2023_LOW_P4_ngboost_student_t_S1037,1037,P4_ngboost_student_t,4200.0,0,0.0,20,20,0,True,0.11
SCEN_2023_LOW_P4_ngboost_student_t_S1038,1038,P4_ngboost_student_t,4200.0,0,0.0,20,20,0,True,0.11
SCEN_2023_LOW_P4_ngboost_student_t_S1039,1039,P4_ngboost_student_t,4200.0,0,0.0,20,20,0,True,0.11
SCEN_2023_LOW_P4_ngboost_student_t_S1040,1040,P4_ngboost_student_t,4200.0,0,0.0,20,20,0,True,0.11
SCEN_2023_LOW_P4_ngboost_student_t_S1041,1041,P4_ngboost_student_t,4200.0,0,0.0,20,20,0,True,0.12
SCEN_2023_LOW_P4_ngboost_student_t_S1042,1042,P4_ngboost_student_t,4200.0,0,0.0,20,20,0,True,0.11
SCEN_2023_LOW_P4_ngboost_student_t_S1043,1043,P4_ngboost_student_t,4200.0,0,0.0,20,20,0,True,0.11
SCEN_2023_LOW_P4_ngboost_student_t_S1044,1044,P4_ngboost_student_t,4200.0,0,0.0,20,20,0,True,0.11
SCEN_2023_LOW_P4_ngboost_student_t_S1045,1045,P4_ngboost_student_t,4200.0,0,0.0,20,20,0,True,0.13
SCEN_2023_LOW_P4_ngboost_student_t_S1046,1046,P4_ngboost_student_t,4200.0,0,0.0,20,20,0,True,0.11
SCEN_2023_LOW_P4_ngboost_student_t_S1047,1047,P4_ngboost_student_t,4200.0,0,0.0,20,20,0,True,0.11
SCEN_2023_LOW_P4_ngboost_student_t_S1048,1048,P4_ngboost_student_t,4200.0,0,0.0,20,20,0,True,0.11
SCEN_2023_LOW_P4_ngboost_student_t_S1049,1049,P4_ngboost_student_t,4200.0,0,0.0,20,20,0,True,0.12
SCEN_2023_LOW_P4_ngboost_student_t_S1050,1050,P4_ngboost_student_t,4200.0,0,0.0,20,20,0,True,0.19
SCEN_2023_LOW_P4_ngboost_student_t_S1051,1051,P4_ngboost_student_t,4200.0,0,0.0,20,20,0,True,0.14
SCEN_2023_LOW_P4_ngboost_student_t_S1052,1052,P4_ngboost_student_t,4200.0,0,0.0,20,20,0,True,0.11
SCEN_2023_LOW_P4_ngboost_student_t_S1053,1053,P4_ngboost_student_t,4200.0,0,0.0,20,20,0,True,0.11
SCEN_2023_LOW_P4_ngboost_student_t_S1054,1054,P4_ngboost_student_t,4200.0,0,0.0,20,20,0,True,0.11
SCEN_2023_LOW_P4_ngboost_student_t_S1055,1055,P4_ngboost_student_t,4200.0,0,0.0,20,20,0,True,0.13
SCEN_2023_LOW_P4_ngboost_student_t_S1056,1056,P4_ngboost_student_t,4200.0,0,0.0,20,20,0,True,0.12
SCEN_2023_LOW_P4_ngboost_student_t_S1057,1057,P4_ngboost_student_t,4200.0,0,0.0,20,20,0,True,0.11
SCEN_2023_LOW_P4_ngboost_student_t_S1058,1058,P4_ngboost_student_t,4200.0,0,0.0,20,20,0,True,0.11
SCEN_2023_LOW_P4_ngboost_student_t_S1059,1059,P4_ngboost_student_t,4200.0,0,0.0,20,20,0,True,0.11
SCEN_2023_LOW_P4_ngboost_student_t_S1060,1060,P4_ngboost_student_t,4200.0,0,0.0,20,20,0,True,0.11
SCEN_2023_LOW_P4_ngboost_student_t_S1061,1061,P4_ngboost_student_t,4200.0,0,0.0,20,20,0,True,0.12
SCEN_2023_LOW_P4_ngboost_student_t_S1062,1062,P4_ngboost_student_t,4200.0,0,0.0,20,20,0,True,0.11
SCEN_2023_LOW_P4_ngboost_student_t_S1063,1063,P4_ngboost_student_t,4200.0,0,0.0,20,20,0,True,0.11
SCEN_2023_LOW_P4_ngboost_student_t_S1064,1064,P4_ngboost_student_t,4200.0,0,0.0,20,20,0,True,0.25
SCEN_2023_LOW_P4_ngboost_student_t_S1065,1065,P4_ngboost_student_t,4200.0,0,0.0,20,20,0,True,0.14
SCEN_2023_LOW_P4_ngboost_student_t_S1066,1066,P4_ngboost_student_t,4200.0,0,0.0,20,20,0,True,0.11
SCEN_2023_LOW_P4_ngboost_student_t_S1067,1067,P4_ngboost_student_t,4200.0,0,0.0,20,20,0,True,0.11
SCEN_2023_LOW_P4_ngboost_student_t_S1068,1068,P4_ngboost_student_t,4200.0,0,0.0,20,20,0,True,0.11
SCEN_2023_LOW_P4_ngboost_student_t_S1069,1069,P4_ngboost_student_t,4200.0,0,0.0,20,20,0,True,0.11
SCEN_2023_LOW_P4_ngboost_student_t_S1070,1070,P4_ngboost_student_t,4200.0,0,0.0,20,20,0,True,0.12
SCEN_2023_LOW_P4_ngboost_student_t_S1071,1071,P4_ngboost_student_t,4200.0,0,0.0,20,20,0,True,0.11
SCEN_2023_LOW_P4_ngboost_student_t_S1072,1072,P4_ngboost_student_t,4200.0,0,0.0,20,20,0,True,0.12
SCEN_2023_LOW_P4_ngboost_student_t_S1073,1073,P4_ngboost_student_t,4200.0,0,0.0,20,20,0,True,0.11
SCEN_2023_LOW_P4_ngboost_student_t_S1074,1074,P4_ngboost_student_t,4200.0,0,0.0,20,20,0,True,0.11
SCEN_2023_LOW_P4_ngboost_student_t_S1075,1075,P4_ngboost_student_t,4200.0,0,0.0,20,20,0,True,0.18
SCEN_2023_LOW_P4_ngboost_student_t_S1076,1076,P4_ngboost_student_t,4200.0,0,0.0,20,20,0,True,0.12
SCEN_2023_LOW_P4_ngboost_student_t_S1077,1077,P4_ngboost_student_t,4200.0,0,0.0,20,20,0,True,0.12
SCEN_2023_LOW_P4_ngboost_student_t_S1078,1078,P4_ngboost_student_t,4200.0,0,0.0,20,20,0,True,0.11
SCEN_2023_LOW_P4_ngboost_student_t_S1079,1079,P4_ngboost_student_t,4200.0,0,0.0,20,20,0,True,0.11
SCEN_2023_LOW_P4_ngboost_student_t_S1080,1080,P4_ngboost_student_t,4200.0,0,0.0,20,20,0,True,0.11
SCEN_2023_LOW_P4_ngboost_student_t_S1081,1081,P4_ngboost_student_t,4200.0,0,0.0,20,20,0,True,0.11
SCEN_2023_LOW_P4_ngboost_student_t_S1082,1082,P4_ngboost_student_t,4200.0,0,0.0,20,20,0,True,0.11
SCEN_2023_LOW_P4_ngboost_student_t_S1083,1083,P4_ngboost_student_t,4200.0,0,0.0,20,20,0,True,0.11
SCEN_2023_LOW_P4_ngboost_student_t_S1084,1084,P4_ngboost_student_t,4200.0,0,0.0,20,20,0,True,0.11
SCEN_2023_LOW_P4_ngboost_student_t_S1085,1085,P4_ngboost_student_t,4200.0,0,0.0,20,20,0,True,0.11
SCEN_2023_LOW_P4_ngboost_student_t_S1086,1086,P4_ngboost_student_t,4200.0,0,0.0,20,20,0,True,0.11
SCEN_2023_LOW_P4_ngboost_student_t_S1087,1087,P4_ngboost_student_t,4200.0,0,0.0,20,20,0,True,0.19
SCEN_2023_LOW_P4_ngboost_student_t_S1088,1088,P4_ngboost_student_t,4200.0,0,0.0,20,20,0,True,0.18
SCEN_2023_LOW_P4_ngboost_student_t_S1089,1089,P4_ngboost_student_t,4200.0,0,0.0,20,20,0,True,0.19
SCEN_2023_LOW_P4_ngboost_student_t_S1090,1090,P4_ngboost_student_t,4200.0,0,0.0,20,20,0,True,0.12
SCEN_2023_LOW_P4_ngboost_student_t_S1091,1091,P4_ngboost_student_t,4200.0,0,0.0,20,20,0,True,0.11
SCEN_2023_LOW_P4_ngboost_student_t_S1092,1092,P4_ngboost_student_t,4200.0,0,0.0,20,20,0,True,0.11
SCEN_2023_LOW_P4_ngboost_student_t_S1093,1093,P4_ngboost_student_t,4200.0,0,0.0,20,20,0,True,0.11
SCEN_2023_LOW_P4_ngboost_student_t_S1094,1094,P4_ngboost_student_t,4200.0,0,0.0,20,20,0,True,0.2
SCEN_2023_LOW_P4_ngboost_student_t_S1095,1095,P4_ngboost_student_t,4200.0,0,0.0,20,20,0,True,0.11
SCEN_2023_LOW_P4_ngboost_student_t_S1096,1096,P4_ngboost_student_t,4200.0,0,0.0,20,20,0,True,0.11
SCEN_2023_LOW_P4_ngboost_student_t_S1097,1097,P4_ngboost_student_t,4200.0,0,0.0,20,20,0,True,0.11
SCEN_2023_LOW_P4_ngboost_student_t_S1098,1098,P4_ngboost_student_t,4200.0,0,0.0,20,20,0,True,0.11
SCEN_2023_LOW_P4_ngboost_student_t_S1099,1099,P4_ngboost_student_t,4200.0,0,0.0,20,20,0,True,0.13
SCEN_2023_LOW_P4_ngboost_student_t_S1100,1100,P4_ngboost_student_t,4200.0,0,0.0,20,20,0,True,0.11
SCEN_2023_LOW_P4_ngboost_student_t_S1101,1101,P4_ngboost_student_t,4200.0,0,0.0,20,20,0,True,0.11
SCEN_2023_LOW_P4_ngboost_student_t_S1102,1102,P4_ngboost_student_t,4200.0,0,0.0,20,20,0,True,0.11
SCEN_2023_LOW_P4_ngboost_student_t_S1103,1103,P4_ngboost_student_t,4200.0,0,0.0,20,20,0,True,0.11
SCEN_2023_LOW_P4_ngboost_student_t_S1104,1104,P4_ngboost_student_t,4200.0,0,0.0,20,20,0,True,0.11
SCEN_2023_LOW_P4_ngboost_student_t_S1105,1105,P4_ngboost_student_t,4200.0,0,0.0,20,20,0,True,0.11
SCEN_2023_LOW_P4_ngboost_student_t_S1106,1106,P4_ngboost_student_t,4200.0,0,0.0,20,20,0,True,0.11
SCEN_2023_LOW_P4_ngboost_student_t_S1107,1107,P4_ngboost_student_t,4200.0,0,0.0,20,20,0,True,0.11
SCEN_2023_LOW_P4_ngboost_student_t_S1108,1108,P4_ngboost_student_t,4200.0,0,0.0,20,20,0,True,0.11
SCEN_2023_LOW_P4_ngboost_student_t_S1109,1109,P4_ngboost_student_t,4200.0,0,0.0,20,20,0,True,0.11
SCEN_2023_LOW_P4_ngboost_student_t_S1110,1110,P4_ngboost_student_t,4200.0,0,0.0,20,20,0,True,0.11
SCEN_2023_LOW_P4_ngboost_student_t_S1111,1111,P4_ngboost_student_t,4200.0,0,0.0,20,20,0,True,0.11
SCEN_2023_LOW_P4_ngboost_student_t_S1112,1112,P4_ngboost_student_t,4200.0,0,0.0,20,20,0,True,0.11
SCEN_2023_LOW_P4_ngboost_student_t_S1113,1113,P4_ngboost_student_t,4200.0,0,0.0,20,20,0,True,0.11
SCEN_2023_LOW_P4_ngboost_student_t_S1114,1114,P4_ngboost_student_t,4200.0,0,0.0,20,20,0,True,0.11
SCEN_2023_LOW_P4_ngboost_student_t_S1115,1115,P4_ngboost_student_t,4200.0,0,0.0,20,20,0,True,0.11
SCEN_2023_LOW_P4_ngboost_student_t_S1116,1116,P4_ngboost_student_t,4200.0,0,0.0,20,20,0,True,0.11
SCEN_2023_LOW_P4_ngboost_student_t_S1117,1117,P4_ngboost_student_t,4200.0,0,0.0,20,20,0,True,0.11
SCEN_2023_LOW_P4_ngboost_student_t_S1118,1118,P4_ngboost_student_t,4200.0,0,0.0,20,20,0,True,0.11
SCEN_2023_LOW_P4_ngboost_student_t_S1119,1119,P4_ngboost_student_t,4200.0,0,0.0,20,20,0,True,0.12
SCEN_2023_LOW_P4_ngboost_student_t_S1120,1120,P4_ngboost_student_t,4200.0,0,0.0,20,20,0,True,0.11
SCEN_2023_LOW_P4_ngboost_student_t_S1121,1121,P4_ngboost_student_t,4200.0,0,0.0,20,20,0,True,0.11
SCEN_2023_LOW_P4_ngboost_student_t_S1122,1122,P4_ngboost_student_t,4200.0,0,0.0,20,20,0,True,0.11
SCEN_2023_LOW_P4_ngboost_student_t_S1123,1123,P4_ngboost_student_t,4200.0,0,0.0,20,20,0,True,0.12
SCEN_2023_LOW_P4_ngboost_student_t_S1124,1124,P4_ngboost_student_t,4200.0,0,0.0,20,20,0,True,0.11
SCEN_2023_LOW_P4_ngboost_student_t_S1125,1125,P4_ngboost_student_t,4200.0,0,0.0,20,20,0,True,0.11
SCEN_2023_LOW_P4_ngboost_student_t_S1126,1126,P4_ngboost_student_t,4200.0,0,0.0,20,20,0,True,0.11
SCEN_2023_LOW_P4_ngboost_student_t_S1127,1127,P4_ngboost_student_t,4200.0,0,0.0,20,20,0,True,0.11
SCEN_2023_LOW_P4_ngboost_student_t_S1128,1128,P4_ngboost_student_t,4200.0,0,0.0,20,20,0,True,0.11
SCEN_2023_LOW_P4_ngboost_student_t_S1129,1129,P4_ngboost_student_t,4200.0,0,0.0,20,20,0,True,0.13
SCEN_2023_LOW_P4_ngboost_student_t_S1130,1130,P4_ngboost_student_t,4200.0,0,0.0,20,20,0,True,0.11
SCEN_2023_LOW_P4_ngboost_student_t_S1131,1131,P4_ngboost_student_t,4200.0,0,0.0,20,20,0,True,0.11
SCEN_2023_LOW_P4_ngboost_student_t_S1132,1132,P4_ngboost_student_t,4200.0,0,0.0,20,20,0,True,0.11
SCEN_2023_LOW_P4_ngboost_student_t_S1133,1133,P4_ngboost_student_t,4200.0,0,0.0,20,20,0,True,0.11
SCEN_2023_LOW_P4_ngboost_student_t_S1134,1134,P4_ngboost_student_t,4200.0,0,0.0,20,20,0,True,0.11
SCEN_2023_LOW_P4_ngboost_student_t_S1135,1135,P4_ngboost_student_t,4200.0,0,0.0,20,20,0,True,0.11
SCEN_2023_LOW_P4_ngboost_student_t_S1136,1136,P4_ngboost_student_t,4200.0,0,0.0,20,20,0,True,0.11
SCEN_2023_LOW_P4_ngboost_student_t_S1137,1137,P4_ngboost_student_t,4200.0,0,0.0,20,20,0,True,0.11
SCEN_2023_LOW_P4_ngboost_student_t_S1138,1138,P4_ngboost_student_t,4200.0,0,0.0,20,20,0,True,0.11
SCEN_2023_LOW_P4_ngboost_student_t_S1139,1139,P4_ngboost_student_t,4200.0,0,0.0,20,20,0,True,0.11
SCEN_2023_LOW_P4_ngboost_student_t_S1140,1140,P4_ngboost_student_t,4200.0,0,0.0,20,20,0,True,0.11
SCEN_2023_LOW_P4_ngboost_student_t_S1141,1141,P4_ngboost_student_t,4200.0,0,0.0,20,20,0,True,0.11
SCEN_2023_LOW_P4_ngboost_student_t_S1142,1142,P4_ngboost_student_t,4200.0,0,0.0,20,20,0,True,0.11
SCEN_2023_LOW_P4_ngboost_student_t_S1143,1143,P4_ngboost_student_t,4200.0,0,0.0,20,20,0,True,0.11
SCEN_2023_LOW_P4_ngboost_student_t_S1144,1144,P4_ngboost_student_t,4200.0,0,0.0,20,20,0,True,0.19
SCEN_2023_LOW_P4_ngboost_student_t_S1145,1145,P4_ngboost_student_t,4200.0,0,0.0,20,20,0,True,0.17
SCEN_2023_LOW_P4_ngboost_student_t_S1146,1146,P4_ngboost_student_t,4200.0,0,0.0,20,20,0,True,0.19
SCEN_2023_LOW_P4_ngboost_student_t_S1147,1147,P4_ngboost_student_t,4200.0,0,0.0,20,20,0,True,0.2
SCEN_2023_LOW_P4_ngboost_student_t_S1148,1148,P4_ngboost_student_t,4200.0,0,0.0,20,20,0,True,0.2
SCEN_2023_LOW_P4_ngboost_student_t_S1149,1149,P4_ngboost_student_t,4200.0,0,0.0,20,20,0,True,0.2
SCEN_2023_LOW_P4_ngboost_student_t_S1150,1150,P4_ngboost_student_t,4200.0,0,0.0,20,20,0,True,0.16
SCEN_2023_LOW_P4_ngboost_student_t_S1151,1151,P4_ngboost_student_t,4200.0,0,0.0,20,20,0,True,0.18
SCEN_2023_LOW_P4_ngboost_student_t_S1152,1152,P4_ngboost_student_t,4200.0,0,0.0,20,20,0,True,0.19
SCEN_2023_LOW_P4_ngboost_student_t_S1153,1153,P4_ngboost_student_t,4200.0,0,0.0,20,20,0,True,0.2
SCEN_2023_LOW_P4_ngboost_student_t_S1154,1154,P4_ngboost_student_t,4200.0,0,0.0,20,20,0,True,0.19
SCEN_2023_LOW_P4_ngboost_student_t_S1155,1155,P4_ngboost_student_t,4200.0,0,0.0,20,20,0,True,0.2
SCEN_2023_LOW_P4_ngboost_student_t_S1156,1156,P4_ngboost_student_t,4200.0,0,0.0,20,20,0,True,0.2
SCEN_2023_LOW_P4_ngboost_student_t_S1157,1157,P4_ngboost_student_t,4200.0,0,0.0,20,20,0,True,0.21
SCEN_2023_LOW_P4_ngboost_student_t_S1158,1158,P4_ngboost_student_t,4200.0,0,0.0,20,20,0,True,0.21
SCEN_2023_LOW_P4_ngboost_student_t_S1159,1159,P4_ngboost_student_t,4200.0,0,0.0,20,20,0,True,0.21
SCEN_2023_LOW_P4_ngboost_student_t_S1160,1160,P4_ngboost_student_t,4200.0,0,0.0,20,20,0,True,0.2
SCEN_2023_LOW_P4_ngboost_student_t_S1161,1161,P4_ngboost_student_t,4200.0,0,0.0,20,20,0,True,0.2
SCEN_2023_LOW_P4_ngboost_student_t_S1162,1162,P4_ngboost_student_t,4200.0,0,0.0,20,20,0,True,0.21
SCEN_2023_LOW_P4_ngboost_student_t_S1163,1163,P4_ngboost_student_t,4200.0,0,0.0,20,20,0,True,0.21
SCEN_2023_LOW_P4_ngboost_student_t_S1164,1164,P4_ngboost_student_t,4200.0,0,0.0,20,20,0,True,0.11
SCEN_2023_LOW_P4_ngboost_student_t_S1165,1165,P4_ngboost_student_t,4200.0,0,0.0,20,20,0,True,0.11
SCEN_2023_LOW_P4_ngboost_student_t_S1166,1166,P4_ngboost_student_t,4200.0,0,0.0,20,20,0,True,0.14
SCEN_2023_LOW_P4_ngboost_student_t_S1167,1167,P4_ngboost_student_t,4200.0,0,0.0,20,20,0,True,0.11
SCEN_2023_LOW_P4_ngboost_student_t_S1168,1168,P4_ngboost_student_t,4200.0,0,0.0,20,20,0,True,0.12
SCEN_2023_LOW_P4_ngboost_student_t_S1169,1169,P4_ngboost_student_t,4200.0,0,0.0,20,20,0,True,0.12
SCEN_2023_LOW_P4_ngboost_student_t_S1170,1170,P4_ngboost_student_t,4200.0,0,0.0,20,20,0,True,0.12
SCEN_2023_LOW_P4_ngboost_student_t_S1171,1171,P4_ngboost_student_t,4200.0,0,0.0,20,20,0,True,0.11
SCEN_2023_LOW_P4_ngboost_student_t_S1172,1172,P4_ngboost_student_t,4200.0,0,0.0,20,20,0,True,0.13
SCEN_2023_LOW_P4_ngboost_student_t_S1173,1173,P4_ngboost_student_t,4200.0,0,0.0,20,20,0,True,0.11
SCEN_2023_LOW_P4_ngboost_student_t_S1174,1174,P4_ngboost_student_t,4200.0,0,0.0,20,20,0,True,0.12
SCEN_2023_LOW_P4_ngboost_student_t_S1175,1175,P4_ngboost_student_t,4200.0,0,0.0,20,20,0,True,0.12
SCEN_2023_LOW_P4_ngboost_student_t_S1176,1176,P4_ngboost_student_t,4200.0,0,0.0,20,20,0,True,0.12
SCEN_2023_LOW_P4_ngboost_student_t_S1177,1177,P4_ngboost_student_t,4200.0,0,0.0,20,20,0,True,0.11
SCEN_2023_LOW_P4_ngboost_student_t_S1178,1178,P4_ngboost_student_t,4200.0,0,0.0,20,20,0,True,0.13
SCEN_2023_LOW_P4_ngboost_student_t_S1179,1179,P4_ngboost_student_t,4200.0,0,0.0,20,20,0,True,0.12
SCEN_2023_LOW_P4_ngboost_student_t_S1180,1180,P4_ngboost_student_t,4200.0,0,0.0,20,20,0,True,0.12
SCEN_2023_LOW_P4_ngboost_student_t_S1181,1181,P4_ngboost_student_t,4200.0,0,0.0,20,20,0,True,0.12
SCEN_2023_LOW_P4_ngboost_student_t_S1182,1182,P4_ngboost_student_t,4200.0,0,0.0,20,20,0,True,0.12
SCEN_2023_LOW_P4_ngboost_student_t_S1183,1183,P4_ngboost_student_t,4200.0,0,0.0,20,20,0,True,0.12
SCEN_2023_LOW_P4_ngboost_student_t_S1184,1184,P4_ngboost_student_t,4200.0,0,0.0,20,20,0,True,0.12
SCEN_2023_LOW_P4_ngboost_student_t_S1185,1185,P4_ngboost_student_t,4200.0,0,0.0,20,20,0,True,0.15
SCEN_2023_LOW_P4_ngboost_student_t_S1186,1186,P4_ngboost_student_t,4200.0,0,0.0,20,20,0,True,0.14
SCEN_2023_LOW_P4_ngboost_student_t_S1187,1187,P4_ngboost_student_t,4200.0,0,0.0,20,20,0,True,0.12
SCEN_2023_LOW_P4_ngboost_student_t_S1188,1188,P4_ngboost_student_t,4200.0,0,0.0,20,20,0,True,0.14
SCEN_2023_LOW_P4_ngboost_student_t_S1189,1189,P4_ngboost_student_t,4200.0,0,0.0,20,20,0,True,0.13
SCEN_2023_LOW_P4_ngboost_student_t_S1190,1190,P4_ngboost_student_t,4200.0,0,0.0,20,20,0,True,0.21
SCEN_2023_LOW_P4_ngboost_student_t_S1191,1191,P4_ngboost_student_t,4200.0,0,0.0,20,20,0,True,0.19
SCEN_2023_LOW_P4_ngboost_student_t_S1192,1192,P4_ngboost_student_t,4200.0,0,0.0,20,20,0,True,0.12
SCEN_2023_LOW_P4_ngboost_student_t_S1193,1193,P4_ngboost_student_t,4200.0,0,0.0,20,20,0,True,0.13
SCEN_2023_LOW_P4_ngboost_student_t_S1194,1194,P4_ngboost_student_t,4200.0,0,0.0,20,20,0,True,0.12
SCEN_2023_LOW_P4_ngboost_student_t_S1195,1195,P4_ngboost_student_t,4200.0,0,0.0,20,20,0,True,0.12
SCEN_2023_LOW_P4_ngboost_student_t_S1196,1196,P4_ngboost_student_t,4200.0,0,0.0,20,20,0,True,0.12
SCEN_2023_LOW_P4_ngboost_student_t_S1197,1197,P4_ngboost_student_t,4200.0,0,0.0,20,20,0,True,0.12
SCEN_2023_LOW_P4_ngboost_student_t_S1198,1198,P4_ngboost_student_t,4200.0,0,0.0,20,20,0,True,0.12
SCEN_2023_LOW_P4_ngboost_student_t_S1199,1199,P4_ngboost_student_t,4200.0,0,0.0,20,20,0,True,0.13
SCEN_2023_LOW_P4_ngboost_student_t_S1200,1200,P4_ngboost_student_t,4200.0,0,0.0,20,20,0,True,0.13
SCEN_2023_LOW_P4_ngboost_student_t_S1201,1201,P4_ngboost_student_t,4200.0,0,0.0,20,20,0,True,0.12
SCEN_2023_LOW_P4_ngboost_student_t_S1202,1202,P4_ngboost_student_t,4200.0,0,0.0,20,20,0,True,0.12
SCEN_2023_LOW_P4_ngboost_student_t_S1203,1203,P4_ngboost_student_t,4200.0,0,0.0,20,20,0,True,0.13
SCEN_2023_LOW_P4_ngboost_student_t_S1204,1204,P4_ngboost_student_t,4200.0,0,0.0,20,20,0,True,0.13
SCEN_2023_LOW_P4_ngboost_student_t_S1205,1205,P4_ngboost_student_t,4200.0,0,0.0,20,20,0,True,0.12
SCEN_2023_LOW_P4_ngboost_student_t_S1206,1206,P4_ngboost_student_t,4200.0,0,0.0,20,20,0,True,0.12
SCEN_2023_LOW_P4_ngboost_student_t_S1207,1207,P4_ngboost_student_t,4200.0,0,0.0,20,20,0,True,0.12
SCEN_2023_LOW_P4_ngboost_student_t_S1208,1208,P4_ngboost_student_t,4200.0,0,0.0,20,20,0,True,0.13
SCEN_2023_LOW_P4_ngboost_student_t_S1209,1209,P4_ngboost_student_t,4200.0,0,0.0,20,20,0,True,0.23
SCEN_2023_LOW_P4_ngboost_student_t_S1210,1210,P4_ngboost_student_t,4200.0,0,0.0,20,20,0,True,0.26
SCEN_2023_LOW_P4_ngboost_student_t_S1211,1211,P4_ngboost_student_t,4200.0,0,0.0,20,20,0,True,0.26
SCEN_2023_LOW_P4_ngboost_student_t_S1212,1212,P4_ngboost_student_t,4200.0,0,0.0,20,20,0,True,0.23
SCEN_2023_LOW_P4_ngboost_student_t_S1213,1213,P4_ngboost_student_t,4200.0,0,0.0,20,20,0,True,0.23
SCEN_2023_LOW_P4_ngboost_student_t_S1214,1214,P4_ngboost_student_t,4200.0,0,0.0,20,20,0,True,0.22
SCEN_2023_LOW_P4_ngboost_student_t_S1215,1215,P4_ngboost_student_t,4200.0,0,0.0,20,20,0,True,0.23
SCEN_2023_LOW_P4_ngboost_student_t_S1216,1216,P4_ngboost_student_t,4200.0,0,0.0,20,20,0,True,0.22
SCEN_2023_LOW_P4_ngboost_student_t_S1217,1217,P4_ngboost_student_t,4200.0,0,0.0,20,20,0,True,0.17
SCEN_2023_LOW_P4_ngboost_student_t_S1218,1218,P4_ngboost_student_t,4200.0,0,0.0,20,20,0,True,0.14
SCEN_2023_LOW_P4_ngboost_student_t_S1219,1219,P4_ngboost_student_t,4200.0,0,0.0,20,20,0,True,0.19
SCEN_2023_LOW_P4_ngboost_student_t_S1220,1220,P4_ngboost_student_t,4200.0,0,0.0,20,20,0,True,0.23
SCEN_2023_LOW_P4_ngboost_student_t_S1221,1221,P4_ngboost_student_t,4200.0,0,0.0,20,20,0,True,0.27
SCEN_2023_LOW_P4_ngboost_student_t_S1222,1222,P4_ngboost_student_t,4200.0,0,0.0,20,20,0,True,0.23
SCEN_2023_LOW_P4_ngboost_student_t_S1223,1223,P4_ngboost_student_t,4200.0,0,0.0,20,20,0,True,0.17
SCEN_2023_LOW_P4_ngboost_student_t_S1224,1224,P4_ngboost_student_t,4200.0,0,0.0,20,20,0,True,0.17
SCEN_2023_LOW_P4_ngboost_student_t_S1225,1225,P4_ngboost_student_t,4200.0,0,0.0,20,20,0,True,0.22
SCEN_2023_LOW_P4_ngboost_student_t_S1226,1226,P4_ngboost_student_t,4200.0,0,0.0,20,20,0,True,0.24
SCEN_2023_LOW_P4_ngboost_student_t_S1227,1227,P4_ngboost_student_t,4200.0,0,0.0,20,20,0,True,0.21
SCEN_2023_LOW_P4_ngboost_student_t_S1228,1228,P4_ngboost_student_t,4200.0,0,0.0,20,20,0,True,0.21
SCEN_2023_LOW_P4_ngboost_student_t_S1229,1229,P4_ngboost_student_t,4200.0,0,0.0,20,20,0,True,0.22
SCEN_2023_LOW_P4_ngboost_student_t_S1230,1230,P4_ngboost_student_t,4200.0,0,0.0,20,20,0,True,0.21
SCEN_2023_LOW_P4_ngboost_student_t_S1231,1231,P4_ngboost_student_t,4200.0,0,0.0,20,20,0,True,0.22
SCEN_2023_LOW_P4_ngboost_student_t_S1232,1232,P4_ngboost_student_t,4200.0,0,0.0,20,20,0,True,0.22
SCEN_2023_LOW_P4_ngboost_student_t_S1233,1233,P4_ngboost_student_t,4200.0,0,0.0,20,20,0,True,0.21
SCEN_2023_LOW_P4_ngboost_student_t_S1234,1234,P4_ngboost_student_t,4200.0,0,0.0,20,20,0,True,0.21
SCEN_2023_LOW_P4_ngboost_student_t_S1235,1235,P4_ngboost_student_t,4200.0,0,0.0,20,20,0,True,0.22
SCEN_2023_LOW_P4_ngboost_student_t_S1236,1236,P4_ngboost_student_t,4200.0,0,0.0,20,20,0,True,0.13
SCEN_2023_LOW_P4_ngboost_student_t_S1237,1237,P4_ngboost_student_t,4200.0,0,0.0,20,20,0,True,0.14
SCEN_2023_LOW_P4_ngboost_student_t_S1238,1238,P4_ngboost_student_t,4200.0,0,0.0,20,20,0,True,0.12
SCEN_2023_LOW_P4_ngboost_student_t_S1239,1239,P4_ngboost_student_t,4200.0,0,0.0,20,20,0,True,0.12
SCEN_2023_LOW_P4_ngboost_student_t_S1240,1240,P4_ngboost_student_t,4200.0,0,0.0,20,20,0,True,0.12
SCEN_2023_LOW_P4_ngboost_student_t_S1241,1241,P4_ngboost_student_t,4200.0,0,0.0,20,20,0,True,0.13
SCEN_2023_LOW_P4_ngboost_student_t_S1242,1242,P4_ngboost_student_t,4200.0,0,0.0,20,20,0,True,0.13
SCEN_2023_LOW_P4_ngboost_student_t_S1243,1243,P4_ngboost_student_t,4200.0,0,0.0,20,20,0,True,0.13
SCEN_2023_LOW_P4_ngboost_student_t_S1244,1244,P4_ngboost_student_t,4200.0,0,0.0,20,20,0,True,0.13
SCEN_2023_LOW_P4_ngboost_student_t_S1245,1245,P4_ngboost_student_t,4200.0,0,0.0,20,20,0,True,0.12
SCEN_2023_LOW_P4_ngboost_student_t_S1246,1246,P4_ngboost_student_t,4200.0,0,0.0,20,20,0,True,0.12
SCEN_2023_LOW_P4_ngboost_student_t_S1247,1247,P4_ngboost_student_t,4200.0,0,0.0,20,20,0,True,0.15
SCEN_2023_LOW_P4_ngboost_student_t_S1248,1248,P4_ngboost_student_t,4200.0,0,0.0,20,20,0,True,0.12
SCEN_2023_LOW_P4_ngboost_student_t_S1249,1249,P4_ngboost_student_t,4200.0,0,0.0,20,20,0,True,0.13
SCEN_2023_LOW_P4_ngboost_student_t_S1250,1250,P4_ngboost_student_t,4200.0,0,0.0,20,20,0,True,0.12
SCEN_2023_LOW_P4_ngboost_student_t_S1251,1251,P4_ngboost_student_t,4200.0,0,0.0,20,20,0,True,0.12
SCEN_2023_LOW_P4_ngboost_student_t_S1252,1252,P4_ngboost_student_t,4200.0,0,0.0,20,20,0,True,0.12
SCEN_2023_LOW_P4_ngboost_student_t_S1253,1253,P4_ngboost_student_t,4200.0,0,0.0,20,20,0,True,0.12
SCEN_2023_LOW_P4_ngboost_student_t_S1254,1254,P4_ngboost_student_t,4200.0,0,0.0,20,20,0,True,0.15
SCEN_2023_LOW_P4_ngboost_student_t_S1255,1255,P4_ngboost_student_t,4200.0,0,0.0,20,20,0,True,0.12
SCEN_2023_LOW_P4_ngboost_student_t_S1256,1256,P4_ngboost_student_t,4200.0,0,0.0,20,20,0,True,0.12
SCEN_2023_LOW_P4_ngboost_student_t_S1257,1257,P4_ngboost_student_t,4200.0,0,0.0,20,20,0,True,0.12
SCEN_2023_LOW_P4_ngboost_student_t_S1258,1258,P4_ngboost_student_t,4200.0,0,0.0,20,20,0,True,0.12
SCEN_2023_LOW_P4_ngboost_student_t_S1259,1259,P4_ngboost_student_t,4200.0,0,0.0,20,20,0,True,0.12
SCEN_2023_LOW_P4_ngboost_student_t_S1260,1260,P4_ngboost_student_t,4200.0,0,0.0,20,20,0,True,0.12
SCEN_2023_LOW_P4_ngboost_student_t_S1261,1261,P4_ngboost_student_t,4200.0,0,0.0,20,20,0,True,0.11
SCEN_2023_LOW_P4_ngboost_student_t_S1262,1262,P4_ngboost_student_t,4200.0,0,0.0,20,20,0,True,0.12
SCEN_2023_LOW_P4_ngboost_student_t_S1263,1263,P4_ngboost_student_t,4200.0,0,0.0,20,20,0,True,0.24
SCEN_2023_LOW_P4_ngboost_student_t_S1264,1264,P4_ngboost_student_t,4200.0,0,0.0,20,20,0,True,0.11
SCEN_2023_LOW_P4_ngboost_student_t_S1265,1265,P4_ngboost_student_t,4200.0,0,0.0,20,20,0,True,0.11
SCEN_2023_LOW_P4_ngboost_student_t_S1266,1266,P4_ngboost_student_t,4200.0,0,0.0,20,20,0,True,0.11
SCEN_2023_LOW_P4_ngboost_student_t_S1267,1267,P4_ngboost_student_t,4200.0,0,0.0,20,20,0,True,0.11
SCEN_2023_LOW_P4_ngboost_student_t_S1268,1268,P4_ngboost_student_t,4200.0,0,0.0,20,20,0,True,0.11
SCEN_2023_LOW_P4_ngboost_student_t_S1269,1269,P4_ngboost_student_t,4200.0,0,0.0,20,20,0,True,0.11
SCEN_2023_LOW_P4_ngboost_student_t_S1270,1270,P4_ngboost_student_t,4200.0,0,0.0,20,20,0,True,0.11
SCEN_2023_LOW_P4_ngboost_student_t_S1271,1271,P4_ngboost_student_t,4200.0,0,0.0,20,20,0,True,0.11
SCEN_2023_LOW_P4_ngboost_student_t_S1272,1272,P4_ngboost_student_t,4200.0,0,0.0,20,20,0,True,0.15
SCEN_2023_LOW_P4_ngboost_student_t_S1273,1273,P4_ngboost_student_t,4200.0,0,0.0,20,20,0,True,0.12
SCEN_2023_LOW_P4_ngboost_student_t_S1274,1274,P4_ngboost_student_t,4200.0,0,0.0,20,20,0,True,0.11
SCEN_2023_LOW_P4_ngboost_student_t_S1275,1275,P4_ngboost_student_t,4200.0,0,0.0,20,20,0,True,0.12
SCEN_2023_LOW_P4_ngboost_student_t_S1276,1276,P4_ngboost_student_t,4200.0,0,0.0,20,20,0,True,0.11
SCEN_2023_LOW_P4_ngboost_student_t_S1277,1277,P4_ngboost_student_t,4200.0,0,0.0,20,20,0,True,0.14
SCEN_2023_LOW_P4_ngboost_student_t_S1278,1278,P4_ngboost_student_t,4200.0,0,0.0,20,20,0,True,0.11
SCEN_2023_LOW_P4_ngboost_student_t_S1279,1279,P4_ngboost_student_t,4200.0,0,0.0,20,20,0,True,0.11
SCEN_2023_LOW_P4_ngboost_student_t_S1280,1280,P4_ngboost_student_t,4200.0,0,0.0,20,20,0,True,0.12
SCEN_2023_LOW_P4_ngboost_student_t_S1281,1281,P4_ngboost_student_t,4200.0,0,0.0,20,20,0,True,0.11
SCEN_2023_LOW_P4_ngboost_student_t_S1282,1282,P4_ngboost_student_t,4200.0,0,0.0,20,20,0,True,0.11
SCEN_2023_LOW_P4_ngboost_student_t_S1283,1283,P4_ngboost_student_t,4200.0,0,0.0,20,20,0,True,0.11
SCEN_2023_LOW_P4_ngboost_student_t_S1284,1284,P4_ngboost_student_t,4200.0,0,0.0,20,20,0,True,0.12
SCEN_2023_LOW_P4_ngboost_student_t_S1285,1285,P4_ngboost_student_t,4200.0,0,0.0,20,20,0,True,0.11
SCEN_2023_LOW_P4_ngboost_student_t_S1286,1286,P4_ngboost_student_t,4200.0,0,0.0,20,20,0,True,0.11
SCEN_2023_LOW_P4_ngboost_student_t_S1287,1287,P4_ngboost_student_t,4200.0,0,0.0,20,20,0,True,0.11
SCEN_2023_LOW_P4_ngboost_student_t_S1288,1288,P4_ngboost_student_t,4200.0,0,0.0,20,20,0,True,0.12
SCEN_2023_LOW_P4_ngboost_student_t_S1289,1289,P4_ngboost_student_t,4200.0,0,0.0,20,20,0,True,0.11
SCEN_2023_LOW_P4_ngboost_student_t_S1290,1290,P4_ngboost_student_t,4200.0,0,0.0,20,20,0,True,0.11
SCEN_2023_LOW_P4_ngboost_student_t_S1291,1291,P4_ngboost_student_t,4200.0,0,0.0,20,20,0,True,0.14
SCEN_2023_LOW_P4_ngboost_student_t_S1292,1292,P4_ngboost_student_t,4200.0,0,0.0,20,20,0,True,0.12
SCEN_2023_LOW_P4_ngboost_student_t_S1293,1293,P4_ngboost_student_t,4200.0,0,0.0,20,20,0,True,0.11
SCEN_2023_LOW_P4_ngboost_student_t_S1294,1294,P4_ngboost_student_t,4200.0,0,0.0,20,20,0,True,0.14
SCEN_2023_LOW_P4_ngboost_student_t_S1295,1295,P4_ngboost_student_t,4200.0,0,0.0,20,20,0,True,0.11
SCEN_2023_LOW_P4_ngboost_student_t_S1296,1296,P4_ngboost_student_t,4200.0,0,0.0,20,20,0,True,0.12
SCEN_2023_LOW_P4_ngboost_student_t_S1297,1297,P4_ngboost_student_t,4200.0,0,0.0,20,20,0,True,0.11
SCEN_2023_LOW_P4_ngboost_student_t_S1298,1298,P4_ngboost_student_t,4200.0,0,0.0,20,20,0,True,0.11
SCEN_2023_LOW_P4_ngboost_student_t_S1299,1299,P4_ngboost_student_t,4200.0,0,0.0,20,20,0,True,0.11
SCEN_2023_LOW_P4_ngboost_student_t_S1300,1300,P4_ngboost_student_t,4200.0,0,0.0,20,20,0,True,0.11
SCEN_2023_LOW_P4_ngboost_student_t_S1301,1301,P4_ngboost_student_t,4200.0,0,0.0,20,20,0,True,0.12
SCEN_2023_LOW_P4_ngboost_student_t_S1302,1302,P4_ngboost_student_t,4200.0,0,0.0,20,20,0,True,0.11
SCEN_2023_LOW_P4_ngboost_student_t_S1303,1303,P4_ngboost_student_t,4200.0,0,0.0,20,20,0,True,0.11
SCEN_2023_LOW_P4_ngboost_student_t_S1304,1304,P4_ngboost_student_t,4200.0,0,0.0,20,20,0,True,0.11
SCEN_2023_LOW_P4_ngboost_student_t_S1305,1305,P4_ngboost_student_t,4200.0,0,0.0,20,20,0,True,0.11
SCEN_2023_LOW_P4_ngboost_student_t_S1306,1306,P4_ngboost_student_t,4200.0,0,0.0,20,20,0,True,0.11
SCEN_2023_LOW_P4_ngboost_student_t_S1307,1307,P4_ngboost_student_t,4200.0,0,0.0,20,20,0,True,0.11
SCEN_2023_LOW_P4_ngboost_student_t_S1308,1308,P4_ngboost_student_t,4200.0,0,0.0,20,20,0,True,0.11
SCEN_2023_LOW_P4_ngboost_student_t_S1309,1309,P4_ngboost_student_t,4200.0,0,0.0,20,20,0,True,0.11
SCEN_2023_LOW_P4_ngboost_student_t_S1310,1310,P4_ngboost_student_t,4200.0,0,0.0,20,20,0,True,0.11
SCEN_2023_LOW_P4_ngboost_student_t_S1311,1311,P4_ngboost_student_t,4200.0,0,0.0,20,20,0,True,0.11
SCEN_2023_LOW_P4_ngboost_student_t_S1312,1312,P4_ngboost_student_t,4200.0,0,0.0,20,20,0,True,0.12
SCEN_2023_LOW_P4_ngboost_student_t_S1313,1313,P4_ngboost_student_t,4200.0,0,0.0,20,20,0,True,0.11
SCEN_2023_LOW_P4_ngboost_student_t_S1314,1314,P4_ngboost_student_t,4200.0,0,0.0,20,20,0,True,0.11
SCEN_2023_LOW_P4_ngboost_student_t_S1315,1315,P4_ngboost_student_t,4200.0,0,0.0,20,20,0,True,0.12
SCEN_2023_LOW_P4_ngboost_student_t_S1316,1316,P4_ngboost_student_t,4200.0,0,0.0,20,20,0,True,0.11
SCEN_2023_LOW_P4_ngboost_student_t_S1317,1317,P4_ngboost_student_t,4200.0,0,0.0,20,20,0,True,0.11
SCEN_2023_LOW_P4_ngboost_student_t_S1318,1318,P4_ngboost_student_t,4200.0,0,0.0,20,20,0,True,0.11
SCEN_2023_LOW_P4_ngboost_student_t_S1319,1319,P4_ngboost_student_t,4200.0,0,0.0,20,20,0,True,0.11
SCEN_2023_LOW_P4_ngboost_student_t_S1320,1320,P4_ngboost_student_t,4200.0,0,0.0,20,20,0,True,0.11
SCEN_2023_LOW_P4_ngboost_student_t_S1321,1321,P4_ngboost_student_t,4200.0,0,0.0,20,20,0,True,0.11
SCEN_2023_LOW_P4_ngboost_student_t_S1322,1322,P4_ngboost_student_t,4200.0,0,0.0,20,20,0,True,0.11
SCEN_2023_LOW_P4_ngboost_student_t_S1323,1323,P4_ngboost_student_t,4200.0,0,0.0,20,20,0,True,0.11
SCEN_2023_LOW_P4_ngboost_student_t_S1324,1324,P4_ngboost_student_t,4200.0,0,0.0,20,20,0,True,0.2
SCEN_2023_LOW_P4_ngboost_student_t_S1325,1325,P4_ngboost_student_t,4200.0,0,0.0,20,20,0,True,0.19
SCEN_2023_LOW_P4_ngboost_student_t_S1326,1326,P4_ngboost_student_t,4200.0,0,0.0,20,20,0,True,0.18
SCEN_2023_LOW_P4_ngboost_student_t_S1327,1327,P4_ngboost_student_t,4200.0,0,0.0,20,20,0,True,0.19
SCEN_2023_LOW_P4_ngboost_student_t_S1328,1328,P4_ngboost_student_t,4200.0,0,0.0,20,20,0,True,0.19
SCEN_2023_LOW_P4_ngboost_student_t_S1329,1329,P4_ngboost_student_t,4200.0,0,0.0,20,20,0,True,0.19
SCEN_2023_LOW_P4_ngboost_student_t_S1330,1330,P4_ngboost_student_t,4200.0,0,0.0,20,20,0,True,0.19
SCEN_2023_LOW_P4_ngboost_student_t_S1331,1331,P4_ngboost_student_t,4200.0,0,0.0,20,20,0,True,0.19
SCEN_2023_LOW_P4_ngboost_student_t_S1332,1332,P4_ngboost_student_t,4200.0,0,0.0,20,20,0,True,0.19
SCEN_2023_LOW_P4_ngboost_student_t_S1333,1333,P4_ngboost_student_t,4200.0,0,0.0,20,20,0,True,0.22
SCEN_2023_LOW_P4_ngboost_student_t_S1334,1334,P4_ngboost_student_t,4200.0,0,0.0,20,20,0,True,0.19
SCEN_2023_LOW_P4_ngboost_student_t_S1335,1335,P4_ngboost_student_t,4200.0,0,0.0,20,20,0,True,0.18
SCEN_2023_LOW_P4_ngboost_student_t_S1336,1336,P4_ngboost_student_t,4200.0,0,0.0,20,20,0,True,0.19
SCEN_2023_LOW_P4_ngboost_student_t_S1337,1337,P4_ngboost_student_t,4200.0,0,0.0,20,20,0,True,0.19
SCEN_2023_LOW_P4_ngboost_student_t_S1338,1338,P4_ngboost_student_t,4200.0,0,0.0,20,20,0,True,0.22
SCEN_2023_LOW_P4_ngboost_student_t_S1339,1339,P4_ngboost_student_t,4200.0,0,0.0,20,20,0,True,0.19
SCEN_2023_LOW_P4_ngboost_student_t_S1340,1340,P4_ngboost_student_t,4200.0,0,0.0,20,20,0,True,0.23
SCEN_2023_LOW_P4_ngboost_student_t_S1341,1341,P4_ngboost_student_t,4200.0,0,0.0,20,20,0,True,0.19
SCEN_2023_LOW_P4_ngboost_student_t_S1342,1342,P4_ngboost_student_t,4200.0,0,0.0,20,20,0,True,0.21
SCEN_2023_LOW_P4_ngboost_student_t_S1343,1343,P4_ngboost_student_t,4200.0,0,0.0,20,20,0,True,0.24
SCEN_2023_LOW_P4_ngboost_student_t_S1344,1344,P4_ngboost_student_t,4200.0,0,0.0,20,20,0,True,0.19
SCEN_2023_LOW_P4_ngboost_student_t_S1345,1345,P4_ngboost_student_t,4200.0,0,0.0,20,20,0,True,0.2
SCEN_2023_LOW_P4_ngboost_student_t_S1346,1346,P4_ngboost_student_t,4200.0,0,0.0,20,20,0,True,0.21
SCEN_2023_LOW_P4_ngboost_student_t_S1347,1347,P4_ngboost_student_t,4200.0,0,0.0,20,20,0,True,0.22
SCEN_2023_LOW_P4_ngboost_student_t_S1348,1348,P4_ngboost_student_t,4200.0,0,0.0,20,20,0,True,0.21
SCEN_2023_LOW_P4_ngboost_student_t_S1349,1349,P4_ngboost_student_t,4200.0,0,0.0,20,20,0,True,0.27
SCEN_2023_LOW_P4_ngboost_student_t_S1350,1350,P4_ngboost_student_t,4200.0,0,0.0,20,20,0,True,0.12
SCEN_2023_LOW_P4_ngboost_student_t_S1351,1351,P4_ngboost_student_t,4200.0,0,0.0,20,20,0,True,0.11
SCEN_2023_LOW_P4_ngboost_student_t_S1352,1352,P4_ngboost_student_t,4200.0,0,0.0,20,20,0,True,0.12
SCEN_2023_LOW_P4_ngboost_student_t_S1353,1353,P4_ngboost_student_t,4200.0,0,0.0,20,20,0,True,0.12
SCEN_2023_LOW_P4_ngboost_student_t_S1354,1354,P4_ngboost_student_t,4200.0,0,0.0,20,20,0,True,0.13
SCEN_2023_LOW_P4_ngboost_student_t_S1355,1355,P4_ngboost_student_t,4200.0,0,0.0,20,20,0,True,0.11
SCEN_2023_LOW_P4_ngboost_student_t_S1356,1356,P4_ngboost_student_t,4200.0,0,0.0,20,20,0,True,0.14
SCEN_2023_LOW_P4_ngboost_student_t_S1357,1357,P4_ngboost_student_t,4200.0,0,0.0,20,20,0,True,0.15
SCEN_2023_LOW_P4_ngboost_student_t_S1358,1358,P4_ngboost_student_t,4200.0,0,0.0,20,20,0,True,0.11
SCEN_2023_LOW_P4_ngboost_student_t_S1359,1359,P4_ngboost_student_t,4200.0,0,0.0,20,20,0,True,0.12
SCEN_2023_LOW_P4_ngboost_student_t_S1360,1360,P4_ngboost_student_t,4200.0,0,0.0,20,20,0,True,0.12
SCEN_2023_LOW_P4_ngboost_student_t_S1361,1361,P4_ngboost_student_t,4200.0,0,0.0,20,20,0,True,0.11
SCEN_2023_LOW_P4_ngboost_student_t_S1362,1362,P4_ngboost_student_t,4200.0,0,0.0,20,20,0,True,0.11
SCEN_2023_LOW_P4_ngboost_student_t_S1363,1363,P4_ngboost_student_t,4200.0,0,0.0,20,20,0,True,0.12
SCEN_2023_LOW_P4_ngboost_student_t_S1364,1364,P4_ngboost_student_t,4200.0,0,0.0,20,20,0,True,0.12
SCEN_2023_LOW_P4_ngboost_student_t_S1365,1365,P4_ngboost_student_t,4200.0,0,0.0,20,20,0,True,0.12
SCEN_2023_LOW_P4_ngboost_student_t_S1366,1366,P4_ngboost_student_t,4200.0,0,0.0,20,20,0,True,0.14
SCEN_2023_LOW_P4_ngboost_student_t_S1367,1367,P4_ngboost_student_t,4200.0,0,0.0,20,20,0,True,0.12
SCEN_2023_LOW_P4_ngboost_student_t_S1368,1368,P4_ngboost_student_t,4200.0,0,0.0,20,20,0,True,0.12
SCEN_2023_LOW_P4_ngboost_student_t_S1369,1369,P4_ngboost_student_t,4200.0,0,0.0,20,20,0,True,0.13
SCEN_2023_LOW_P4_ngboost_student_t_S1370,1370,P4_ngboost_student_t,4200.0,0,0.0,20,20,0,True,0.12
SCEN_2023_LOW_P4_ngboost_student_t_S1371,1371,P4_ngboost_student_t,4200.0,0,0.0,20,20,0,True,0.14
SCEN_2023_LOW_P4_ngboost_student_t_S1372,1372,P4_ngboost_student_t,4200.0,0,0.0,20,20,0,True,0.12
SCEN_2023_LOW_P4_ngboost_student_t_S1373,1373,P4_ngboost_student_t,4200.0,0,0.0,20,20,0,True,0.11
SCEN_2023_LOW_P4_ngboost_student_t_S1374,1374,P4_ngboost_student_t,4200.0,0,0.0,20,20,0,True,0.12
SCEN_2023_LOW_P4_ngboost_student_t_S1375,1375,P4_ngboost_student_t,4200.0,0,0.0,20,20,0,True,0.12
SCEN_2023_LOW_P4_ngboost_student_t_S1376,1376,P4_ngboost_student_t,4200.0,0,0.0,20,20,0,True,0.12
SCEN_2023_LOW_P4_ngboost_student_t_S1377,1377,P4_ngboost_student_t,4200.0,0,0.0,20,20,0,True,0.12
SCEN_2023_LOW_P4_ngboost_student_t_S1378,1378,P4_ngboost_student_t,4200.0,0,0.0,20,20,0,True,0.11
SCEN_2023_LOW_P4_ngboost_student_t_S1379,1379,P4_ngboost_student_t,4200.0,0,0.0,20,20,0,True,0.18
SCEN_2023_LOW_P4_ngboost_student_t_S1380,1380,P4_ngboost_student_t,4200.0,0,0.0,20,20,0,True,0.2
SCEN_2023_LOW_P4_ngboost_student_t_S1381,1381,P4_ngboost_student_t,4200.0,0,0.0,20,20,0,True,0.19
SCEN_2023_LOW_P4_ngboost_student_t_S1382,1382,P4_ngboost_student_t,4200.0,0,0.0,20,20,0,True,0.2
SCEN_2023_LOW_P4_ngboost_student_t_S1383,1383,P4_ngboost_student_t,4200.0,0,0.0,20,20,0,True,0.2
SCEN_2023_LOW_P4_ngboost_student_t_S1384,1384,P4_ngboost_student_t,4200.0,0,0.0,20,20,0,True,0.19
SCEN_2023_LOW_P4_ngboost_student_t_S1385,1385,P4_ngboost_student_t,4200.0,0,0.0,20,20,0,True,0.2
SCEN_2023_LOW_P4_ngboost_student_t_S1386,1386,P4_ngboost_student_t,4200.0,0,0.0,20,20,0,True,0.19
SCEN_2023_LOW_P4_ngboost_student_t_S1387,1387,P4_ngboost_student_t,4200.0,0,0.0,20,20,0,True,0.19
SCEN_2023_LOW_P4_ngboost_student_t_S1388,1388,P4_ngboost_student_t,4200.0,0,0.0,20,20,0,True,0.21
SCEN_2023_LOW_P4_ngboost_student_t_S1389,1389,P4_ngboost_student_t,4200.0,0,0.0,20,20,0,True,0.2
SCEN_2023_LOW_P4_ngboost_student_t_S1390,1390,P4_ngboost_student_t,4200.0,0,0.0,20,20,0,True,0.2
SCEN_2023_LOW_P4_ngboost_student_t_S1391,1391,P4_ngboost_student_t,4200.0,0,0.0,20,20,0,True,0.19
SCEN_2023_LOW_P4_ngboost_student_t_S1392,1392,P4_ngboost_student_t,4200.0,0,0.0,20,20,0,True,0.19
SCEN_2023_LOW_P4_ngboost_student_t_S1393,1393,P4_ngboost_student_t,4200.0,0,0.0,20,20,0,True,0.19
SCEN_2023_LOW_P4_ngboost_student_t_S1394,1394,P4_ngboost_student_t,4200.0,0,0.0,20,20,0,True,0.19
SCEN_2023_LOW_P4_ngboost_student_t_S1395,1395,P4_ngboost_student_t,4200.0,0,0.0,20,20,0,True,0.21
SCEN_2023_LOW_P4_ngboost_student_t_S1396,1396,P4_ngboost_student_t,4200.0,0,0.0,20,20,0,True,0.19
SCEN_2023_LOW_P4_ngboost_student_t_S1397,1397,P4_ngboost_student_t,4200.0,0,0.0,20,20,0,True,0.19
SCEN_2023_LOW_P4_ngboost_student_t_S1398,1398,P4_ngboost_student_t,4200.0,0,0.0,20,20,0,True,0.21
SCEN_2023_LOW_P4_ngboost_student_t_S1399,1399,P4_ngboost_student_t,4200.0,0,0.0,20,20,0,True,0.19
SCEN_2023_LOW_P4_ngboost_student_t_S1400,1400,P4_ngboost_student_t,4200.0,0,0.0,20,20,0,True,0.12
SCEN_2023_LOW_P4_ngboost_student_t_S1401,1401,P4_ngboost_student_t,4200.0,0,0.0,20,20,0,True,0.12
SCEN_2023_LOW_P4_ngboost_student_t_S1402,1402,P4_ngboost_student_t,4200.0,0,0.0,20,20,0,True,0.12
SCEN_2023_LOW_P4_ngboost_student_t_S1403,1403,P4_ngboost_student_t,4200.0,0,0.0,20,20,0,True,0.11
SCEN_2023_LOW_P4_ngboost_student_t_S1404,1404,P4_ngboost_student_t,4200.0,0,0.0,20,20,0,True,0.21
SCEN_2023_LOW_P4_ngboost_student_t_S1405,1405,P4_ngboost_student_t,4200.0,0,0.0,20,20,0,True,0.18
SCEN_2023_LOW_P4_ngboost_student_t_S1406,1406,P4_ngboost_student_t,4200.0,0,0.0,20,20,0,True,0.19
SCEN_2023_LOW_P4_ngboost_student_t_S1407,1407,P4_ngboost_student_t,4200.0,0,0.0,20,20,0,True,0.24
SCEN_2023_LOW_P4_ngboost_student_t_S1408,1408,P4_ngboost_student_t,4200.0,0,0.0,20,20,0,True,0.12
SCEN_2023_LOW_P4_ngboost_student_t_S1409,1409,P4_ngboost_student_t,4200.0,0,0.0,20,20,0,True,0.23
SCEN_2023_LOW_P4_ngboost_student_t_S1410,1410,P4_ngboost_student_t,4200.0,0,0.0,20,20,0,True,0.23
SCEN_2023_LOW_P4_ngboost_student_t_S1411,1411,P4_ngboost_student_t,4200.0,0,0.0,20,20,0,True,0.22
SCEN_2023_LOW_P4_ngboost_student_t_S1412,1412,P4_ngboost_student_t,4200.0,0,0.0,20,20,0,True,0.2
SCEN_2023_LOW_P4_ngboost_student_t_S1413,1413,P4_ngboost_student_t,4200.0,0,0.0,20,20,0,True,0.16
SCEN_2023_LOW_P4_ngboost_student_t_S1414,1414,P4_ngboost_student_t,4200.0,0,0.0,20,20,0,True,0.22
SCEN_2023_LOW_P4_ngboost_student_t_S1415,1415,P4_ngboost_student_t,4200.0,0,0.0,20,20,0,True,0.21
SCEN_2023_LOW_P4_ngboost_student_t_S1416,1416,P4_ngboost_student_t,4200.0,0,0.0,20,20,0,True,0.18
SCEN_2023_LOW_P4_ngboost_student_t_S1417,1417,P4_ngboost_student_t,4200.0,0,0.0,20,20,0,True,0.17
SCEN_2023_LOW_P4_ngboost_student_t_S1418,1418,P4_ngboost_student_t,4200.0,0,0.0,20,20,0,True,0.11
SCEN_2023_LOW_P4_ngboost_student_t_S1419,1419,P4_ngboost_student_t,4200.0,0,0.0,20,20,0,True,0.12
SCEN_2023_LOW_P4_ngboost_student_t_S1420,1420,P4_ngboost_student_t,4200.0,0,0.0,20,20,0,True,0.11
SCEN_2023_LOW_P4_ngboost_student_t_S1421,1421,P4_ngboost_student_t,4200.0,0,0.0,20,20,0,True,0.12
SCEN_2023_LOW_P4_ngboost_student_t_S1422,1422,P4_ngboost_student_t,4200.0,0,0.0,20,20,0,True,0.11
SCEN_2023_LOW_P4_ngboost_student_t_S1423,1423,P4_ngboost_student_t,4200.0,0,0.0,20,20,0,True,0.11
SCEN_2023_LOW_P4_ngboost_student_t_S1424,1424,P4_ngboost_student_t,4200.0,0,0.0,20,20,0,True,0.11
SCEN_2023_LOW_P4_ngboost_student_t_S1425,1425,P4_ngboost_student_t,4200.0,0,0.0,20,20,0,True,0.11
SCEN_2023_LOW_P4_ngboost_student_t_S1426,1426,P4_ngboost_student_t,4200.0,0,0.0,20,20,0,True,0.11
SCEN_2023_LOW_P4_ngboost_student_t_S1427,1427,P4_ngboost_student_t,4200.0,0,0.0,20,20,0,True,0.11
SCEN_2023_LOW_P4_ngboost_student_t_S1428,1428,P4_ngboost_student_t,4200.0,0,0.0,20,20,0,True,0.11
SCEN_2023_LOW_P4_ngboost_student_t_S1429,1429,P4_ngboost_student_t,4200.0,0,0.0,20,20,0,True,0.11
SCEN_2023_LOW_P4_ngboost_student_t_S1430,1430,P4_ngboost_student_t,4200.0,0,0.0,20,20,0,True,0.12
SCEN_2023_LOW_P4_ngboost_student_t_S1431,1431,P4_ngboost_student_t,4200.0,0,0.0,20,20,0,True,0.11
SCEN_2023_LOW_P4_ngboost_student_t_S1432,1432,P4_ngboost_student_t,4200.0,0,0.0,20,20,0,True,0.11
SCEN_2023_LOW_P4_ngboost_student_t_S1433,1433,P4_ngboost_student_t,4200.0,0,0.0,20,20,0,True,0.11
SCEN_2023_LOW_P4_ngboost_student_t_S1434,1434,P4_ngboost_student_t,4200.0,0,0.0,20,20,0,True,0.11
SCEN_2023_LOW_P4_ngboost_student_t_S1435,1435,P4_ngboost_student_t,4200.0,0,0.0,20,20,0,True,0.11
SCEN_2023_LOW_P4_ngboost_student_t_S1436,1436,P4_ngboost_student_t,4200.0,0,0.0,20,20,0,True,0.11
SCEN_2023_LOW_P4_ngboost_student_t_S1437,1437,P4_ngboost_student_t,4200.0,0,0.0,20,20,0,True,0.14
SCEN_2023_LOW_P4_ngboost_student_t_S1438,1438,P4_ngboost_student_t,4200.0,0,0.0,20,20,0,True,0.11
SCEN_2023_LOW_P4_ngboost_student_t_S1439,1439,P4_ngboost_student_t,4200.0,0,0.0,20,20,0,True,0.11
SCEN_2023_LOW_P4_ngboost_student_t_S1440,1440,P4_ngboost_student_t,4200.0,0,0.0,20,20,0,True,0.11
SCEN_2023_LOW_P4_ngboost_student_t_S1441,1441,P4_ngboost_student_t,4200.0,0,0.0,20,20,0,True,0.11
SCEN_2023_LOW_P4_ngboost_student_t_S1442,1442,P4_ngboost_student_t,4200.0,0,0.0,20,20,0,True,0.11
SCEN_2023_LOW_P4_ngboost_student_t_S1443,1443,P4_ngboost_student_t,4200.0,0,0.0,20,20,0,True,0.11
SCEN_2023_LOW_P4_ngboost_student_t_S1444,1444,P4_ngboost_student_t,4200.0,0,0.0,20,20,0,True,0.11
SCEN_2023_LOW_P4_ngboost_student_t_S1445,1445,P4_ngboost_student_t,4200.0,0,0.0,20,20,0,True,0.11
SCEN_2023_LOW_P4_ngboost_student_t_S1446,1446,P4_ngboost_student_t,4200.0,0,0.0,20,20,0,True,0.11
SCEN_2023_LOW_P4_ngboost_student_t_S1447,1447,P4_ngboost_student_t,4200.0,0,0.0,20,20,0,True,0.12
SCEN_2023_LOW_P4_ngboost_student_t_S1448,1448,P4_ngboost_student_t,4200.0,0,0.0,20,20,0,True,0.11
SCEN_2023_LOW_P4_ngboost_student_t_S1449,1449,P4_ngboost_student_t,4200.0,0,0.0,20,20,0,True,0.11
SCEN_2023_LOW_P4_ngboost_student_t_S1450,1450,P4_ngboost_student_t,4200.0,0,0.0,20,20,0,True,0.15
SCEN_2023_LOW_P4_ngboost_student_t_S1451,1451,P4_ngboost_student_t,4200.0,0,0.0,20,20,0,True,0.11
SCEN_2023_LOW_P4_ngboost_student_t_S1452,1452,P4_ngboost_student_t,4200.0,0,0.0,20,20,0,True,0.11
SCEN_2023_LOW_P4_ngboost_student_t_S1453,1453,P4_ngboost_student_t,4200.0,0,0.0,20,20,0,True,0.11
SCEN_2023_LOW_P4_ngboost_student_t_S1454,1454,P4_ngboost_student_t,4200.0,0,0.0,20,20,0,True,0.11
SCEN_2023_LOW_P4_ngboost_student_t_S1455,1455,P4_ngboost_student_t,4200.0,0,0.0,20,20,0,True,0.11
SCEN_2023_LOW_P4_ngboost_student_t_S1456,1456,P4_ngboost_student_t,4200.0,0,0.0,20,20,0,True,0.11
SCEN_2023_LOW_P4_ngboost_student_t_S1457,1457,P4_ngboost_student_t,4200.0,0,0.0,20,20,0,True,0.11
SCEN_2023_LOW_P4_ngboost_student_t_S1458,1458,P4_ngboost_student_t,4200.0,0,0.0,20,20,0,True,0.11
SCEN_2023_LOW_P4_ngboost_student_t_S1459,1459,P4_ngboost_student_t,4200.0,0,0.0,20,20,0,True,0.11
SCEN_2023_LOW_P4_ngboost_student_t_S1460,1460,P4_ngboost_student_t,4200.0,0,0.0,20,20,0,True,0.11
SCEN_2023_LOW_P4_ngboost_student_t_S1461,1461,P4_ngboost_student_t,4200.0,0,0.0,20,20,0,True,0.12
SCEN_2023_LOW_P4_ngboost_student_t_S1462,1462,P4_ngboost_student_t,4200.0,0,0.0,20,20,0,True,0.11
SCEN_2023_LOW_P4_ngboost_student_t_S1463,1463,P4_ngboost_student_t,4200.0,0,0.0,20,20,0,True,0.11
SCEN_2023_LOW_P4_ngboost_student_t_S1464,1464,P4_ngboost_student_t,4200.0,0,0.0,20,20,0,True,0.12
SCEN_2023_LOW_P4_ngboost_student_t_S1465,1465,P4_ngboost_student_t,4200.0,0,0.0,20,20,0,True,0.11
SCEN_2023_LOW_P4_ngboost_student_t_S1466,1466,P4_ngboost_student_t,4200.0,0,0.0,20,20,0,True,0.12
SCEN_2023_LOW_P4_ngboost_student_t_S1467,1467,P4_ngboost_student_t,4200.0,0,0.0,20,20,0,True,0.11
SCEN_2023_LOW_P4_ngboost_student_t_S1468,1468,P4_ngboost_student_t,4200.0,0,0.0,20,20,0,True,0.11
SCEN_2023_LOW_P4_ngboost_student_t_S1469,1469,P4_ngboost_student_t,4200.0,0,0.0,20,20,0,True,0.11
SCEN_2023_LOW_P4_ngboost_student_t_S1470,1470,P4_ngboost_student_t,4200.0,0,0.0,20,20,0,True,0.11
SCEN_2023_LOW_P4_ngboost_student_t_S1471,1471,P4_ngboost_student_t,4200.0,0,0.0,20,20,0,True,0.11
SCEN_2023_LOW_P4_ngboost_student_t_S1472,1472,P4_ngboost_student_t,4200.0,0,0.0,20,20,0,True,0.11
SCEN_2023_LOW_P4_ngboost_student_t_S1473,1473,P4_ngboost_student_t,4200.0,0,0.0,20,20,0,True,0.11
SCEN_2023_LOW_P4_ngboost_student_t_S1474,1474,P4_ngboost_student_t,4200.0,0,0.0,20,20,0,True,0.11
SCEN_2023_LOW_P4_ngboost_student_t_S1475,1475,P4_ngboost_student_t,4200.0,0,0.0,20,20,0,True,0.11
SCEN_2023_LOW_P4_ngboost_student_t_S1476,1476,P4_ngboost_student_t,4200.0,0,0.0,20,20,0,True,0.11
SCEN_2023_LOW_P4_ngboost_student_t_S1477,1477,P4_ngboost_student_t,4200.0,0,0.0,20,20,0,True,0.12
SCEN_2023_LOW_P4_ngboost_student_t_S1478,1478,P4_ngboost_student_t,4200.0,0,0.0,20,20,0,True,0.11
SCEN_2023_LOW_P4_ngboost_student_t_S1479,1479,P4_ngboost_student_t,4200.0,0,0.0,20,20,0,True,0.11
SCEN_2023_LOW_P4_ngboost_student_t_S1480,1480,P4_ngboost_student_t,4200.0,0,0.0,20,20,0,True,0.11
SCEN_2023_LOW_P4_ngboost_student_t_S1481,1481,P4_ngboost_student_t,4200.0,0,0.0,20,20,0,True,0.11
SCEN_2023_LOW_P4_ngboost_student_t_S1482,1482,P4_ngboost_student_t,4200.0,0,0.0,20,20,0,True,0.11
SCEN_2023_LOW_P4_ngboost_student_t_S1483,1483,P4_ngboost_student_t,4200.0,0,0.0,20,20,0,True,0.11
SCEN_2023_LOW_P4_ngboost_student_t_S1484,1484,P4_ngboost_student_t,4200.0,0,0.0,20,20,0,True,0.11
SCEN_2023_LOW_P4_ngboost_student_t_S1485,1485,P4_ngboost_student_t,4200.0,0,0.0,20,20,0,True,0.12
SCEN_2023_LOW_P4_ngboost_student_t_S1486,1486,P4_ngboost_student_t,4200.0,0,0.0,20,20,0,True,0.13
SCEN_2023_LOW_P4_ngboost_student_t_S1487,1487,P4_ngboost_student_t,4200.0,0,0.0,20,20,0,True,0.11
SCEN_2023_LOW_P4_ngboost_student_t_S1488,1488,P4_ngboost_student_t,4200.0,0,0.0,20,20,0,True,0.11
SCEN_2023_LOW_P4_ngboost_student_t_S1489,1489,P4_ngboost_student_t,4200.0,0,0.0,20,20,0,True,0.11
SCEN_2023_LOW_P4_ngboost_student_t_S1490,1490,P4_ngboost_student_t,4200.0,0,0.0,20,20,0,True,0.11
SCEN_2023_LOW_P4_ngboost_student_t_S1491,1491,P4_ngboost_student_t,4200.0,0,0.0,20,20,0,True,0.11
SCEN_2023_LOW_P4_ngboost_student_t_S1492,1492,P4_ngboost_student_t,4200.0,0,0.0,20,20,0,True,0.12
SCEN_2023_LOW_P4_ngboost_student_t_S1493,1493,P4_ngboost_student_t,4200.0,0,0.0,20,20,0,True,0.12
SCEN_2023_LOW_P4_ngboost_student_t_S1494,1494,P4_ngboost_student_t,4200.0,0,0.0,20,20,0,True,0.11
SCEN_2023_LOW_P4_ngboost_student_t_S1495,1495,P4_ngboost_student_t,4200.0,0,0.0,20,20,0,True,0.11
SCEN_2023_LOW_P4_ngboost_student_t_S1496,1496,P4_ngboost_student_t,4200.0,0,0.0,20,20,0,True,0.11
SCEN_2023_LOW_P4_ngboost_student_t_S1497,1497,P4_ngboost_student_t,4200.0,0,0.0,20,20,0,True,0.11
SCEN_2023_LOW_P4_ngboost_student_t_S1498,1498,P4_ngboost_student_t,4200.0,0,0.0,20,20,0,True,0.11
SCEN_2023_LOW_P4_ngboost_student_t_S1499,1499,P4_ngboost_student_t,4200.0,0,0.0,20,20,0,True,0.11
SCEN_2023_LOW_P4_ngboost_student_t_S1500,1500,P4_ngboost_student_t,4200.0,0,0.0,20,20,0,True,0.11
SCEN_2023_LOW_P4_ngboost_student_t_S1501,1501,P4_ngboost_student_t,4200.0,0,0.0,20,20,0,True,0.11
SCEN_2023_LOW_P4_ngboost_student_t_S1502,1502,P4_ngboost_student_t,4200.0,0,0.0,20,20,0,True,0.22
SCEN_2023_LOW_P4_ngboost_student_t_S1503,1503,P4_ngboost_student_t,4200.0,0,0.0,20,20,0,True,0.19
SCEN_2023_LOW_P4_ngboost_student_t_S1504,1504,P4_ngboost_student_t,4200.0,0,0.0,20,20,0,True,0.18
SCEN_2023_LOW_P4_ngboost_student_t_S1505,1505,P4_ngboost_student_t,4200.0,0,0.0,20,20,0,True,0.11
SCEN_2023_LOW_P4_ngboost_student_t_S1506,1506,P4_ngboost_student_t,4200.0,0,0.0,20,20,0,True,0.13
SCEN_2023_LOW_P4_ngboost_student_t_S1507,1507,P4_ngboost_student_t,4200.0,0,0.0,20,20,0,True,0.12
SCEN_2023_LOW_P4_ngboost_student_t_S1508,1508,P4_ngboost_student_t,4200.0,0,0.0,20,20,0,True,0.11
SCEN_2023_LOW_P4_ngboost_student_t_S1509,1509,P4_ngboost_student_t,4200.0,0,0.0,20,20,0,True,0.11
SCEN_2023_LOW_P4_ngboost_student_t_S1510,1510,P4_ngboost_student_t,4200.0,0,0.0,20,20,0,True,0.11
SCEN_2023_LOW_P4_ngboost_student_t_S1511,1511,P4_ngboost_student_t,4200.0,0,0.0,20,20,0,True,0.11
SCEN_2023_LOW_P4_ngboost_student_t_S1512,1512,P4_ngboost_student_t,4200.0,0,0.0,20,20,0,True,0.11
SCEN_2023_LOW_P4_ngboost_student_t_S1513,1513,P4_ngboost_student_t,4200.0,0,0.0,20,20,0,True,0.11
SCEN_2023_LOW_P4_ngboost_student_t_S1514,1514,P4_ngboost_student_t,4200.0,0,0.0,20,20,0,True,0.11
SCEN_2023_LOW_P4_ngboost_student_t_S1515,1515,P4_ngboost_student_t,4200.0,0,0.0,20,20,0,True,0.11
SCEN_2023_LOW_P4_ngboost_student_t_S1516,1516,P4_ngboost_student_t,4200.0,0,0.0,20,20,0,True,0.11
SCEN_2023_LOW_P4_ngboost_student_t_S1517,1517,P4_ngboost_student_t,4200.0,0,0.0,20,20,0,True,0.11
SCEN_2023_LOW_P4_ngboost_student_t_S1518,1518,P4_ngboost_student_t,4200.0,0,0.0,20,20,0,True,0.11
SCEN_2023_LOW_P4_ngboost_student_t_S1519,1519,P4_ngboost_student_t,4200.0,0,0.0,20,20,0,True,0.11
SCEN_2023_LOW_P4_ngboost_student_t_S1520,1520,P4_ngboost_student_t,4200.0,0,0.0,20,20,0,True,0.11
SCEN_2023_LOW_P4_ngboost_student_t_S1521,1521,P4_ngboost_student_t,4200.0,0,0.0,20,20,0,True,0.11
SCEN_2023_LOW_P4_ngboost_student_t_S1522,1522,P4_ngboost_student_t,4200.0,0,0.0,20,20,0,True,0.11
SCEN_2023_LOW_P4_ngboost_student_t_S1523,1523,P4_ngboost_student_t,4200.0,0,0.0,20,20,0,True,0.11
SCEN_2023_LOW_P4_ngboost_student_t_S1524,1524,P4_ngboost_student_t,4200.0,0,0.0,20,20,0,True,0.11
SCEN_2023_LOW_P4_ngboost_student_t_S1525,1525,P4_ngboost_student_t,4200.0,0,0.0,20,20,0,True,0.11
SCEN_2023_LOW_P4_ngboost_student_t_S1526,1526,P4_ngboost_student_t,4200.0,0,0.0,20,20,0,True,0.15
SCEN_2023_LOW_P4_ngboost_student_t_S1527,1527,P4_ngboost_student_t,4200.0,0,0.0,20,20,0,True,0.11
SCEN_2023_LOW_P4_ngboost_student_t_S1528,1528,P4_ngboost_student_t,4200.0,0,0.0,20,20,0,True,0.12
SCEN_2023_LOW_P4_ngboost_student_t_S1529,1529,P4_ngboost_student_t,4200.0,0,0.0,20,20,0,True,0.11
SCEN_2023_LOW_P4_ngboost_student_t_S1530,1530,P4_ngboost_student_t,4200.0,0,0.0,20,20,0,True,0.11
SCEN_2023_LOW_P4_ngboost_student_t_S1531,1531,P4_ngboost_student_t,4200.0,0,0.0,20,20,0,True,0.11
SCEN_2023_LOW_P4_ngboost_student_t_S1532,1532,P4_ngboost_student_t,4200.0,0,0.0,20,20,0,True,0.11
SCEN_2023_LOW_P4_ngboost_student_t_S1533,1533,P4_ngboost_student_t,4200.0,0,0.0,20,20,0,True,0.11
SCEN_2023_LOW_P4_ngboost_student_t_S1534,1534,P4_ngboost_student_t,4200.0,0,0.0,20,20,0,True,0.11
SCEN_2023_LOW_P4_ngboost_student_t_S1535,1535,P4_ngboost_student_t,4200.0,0,0.0,20,20,0,True,0.11
SCEN_2023_LOW_P4_ngboost_student_t_S1536,1536,P4_ngboost_student_t,4200.0,0,0.0,20,20,0,True,0.11
SCEN_2023_LOW_P4_ngboost_student_t_S1537,1537,P4_ngboost_student_t,4200.0,0,0.0,20,20,0,True,0.11
SCEN_2023_LOW_P4_ngboost_student_t_S1538,1538,P4_ngboost_student_t,4200.0,0,0.0,20,20,0,True,0.11
SCEN_2023_LOW_P4_ngboost_student_t_S1539,1539,P4_ngboost_student_t,4200.0,0,0.0,20,20,0,True,0.12
SCEN_2023_LOW_P4_ngboost_student_t_S1540,1540,P4_ngboost_student_t,4200.0,0,0.0,20,20,0,True,0.11
SCEN_2023_LOW_P4_ngboost_student_t_S1541,1541,P4_ngboost_student_t,4200.0,0,0.0,20,20,0,True,0.11
SCEN_2023_LOW_P4_ngboost_student_t_S1542,1542,P4_ngboost_student_t,4200.0,0,0.0,20,20,0,True,0.1
SCEN_2023_LOW_P4_ngboost_student_t_S1543,1543,P4_ngboost_student_t,4200.0,0,0.0,20,20,0,True,0.11
SCEN_2023_LOW_P4_ngboost_student_t_S1544,1544,P4_ngboost_student_t,4200.0,0,0.0,20,20,0,True,0.11
SCEN_2023_LOW_P4_ngboost_student_t_S1545,1545,P4_ngboost_student_t,4200.0,0,0.0,20,20,0,True,0.11
SCEN_2023_LOW_P4_ngboost_student_t_S1546,1546,P4_ngboost_student_t,4200.0,0,0.0,20,20,0,True,0.11
SCEN_2023_LOW_P4_ngboost_student_t_S1547,1547,P4_ngboost_student_t,4200.0,0,0.0,20,20,0,True,0.11
SCEN_2023_LOW_P4_ngboost_student_t_S1548,1548,P4_ngboost_student_t,4200.0,0,0.0,20,20,0,True,0.11
SCEN_2023_LOW_P4_ngboost_student_t_S1549,1549,P4_ngboost_student_t,4200.0,0,0.0,20,20,0,True,0.11
SCEN_2023_LOW_P4_ngboost_student_t_S1550,1550,P4_ngboost_student_t,4200.0,0,0.0,20,20,0,True,0.11
SCEN_2023_LOW_P4_ngboost_student_t_S1551,1551,P4_ngboost_student_t,4200.0,0,0.0,20,20,0,True,0.11
SCEN_2023_LOW_P4_ngboost_student_t_S1552,1552,P4_ngboost_student_t,4200.0,0,0.0,20,20,0,True,0.11
SCEN_2023_LOW_P4_ngboost_student_t_S1553,1553,P4_ngboost_student_t,4200.0,0,0.0,20,20,0,True,0.11
SCEN_2023_LOW_P4_ngboost_student_t_S1554,1554,P4_ngboost_student_t,4200.0,0,0.0,20,20,0,True,0.11
SCEN_2023_LOW_P4_ngboost_student_t_S1555,1555,P4_ngboost_student_t,4200.0,0,0.0,20,20,0,True,0.11
SCEN_2023_LOW_P4_ngboost_student_t_S1556,1556,P4_ngboost_student_t,4200.0,0,0.0,20,20,0,True,0.11
SCEN_2023_LOW_P4_ngboost_student_t_S1557,1557,P4_ngboost_student_t,4200.0,0,0.0,20,20,0,True,0.11
SCEN_2023_LOW_P4_ngboost_student_t_S1558,1558,P4_ngboost_student_t,4200.0,0,0.0,20,20,0,True,0.11
SCEN_2023_LOW_P4_ngboost_student_t_S1559,1559,P4_ngboost_student_t,4200.0,0,0.0,20,20,0,True,0.12
SCEN_2023_LOW_P4_ngboost_student_t_S1560,1560,P4_ngboost_student_t,4200.0,0,0.0,20,20,0,True,0.11
SCEN_2023_LOW_P4_ngboost_student_t_S1561,1561,P4_ngboost_student_t,4200.0,0,0.0,20,20,0,True,0.11
SCEN_2023_LOW_P4_ngboost_student_t_S1562,1562,P4_ngboost_student_t,4200.0,0,0.0,20,20,0,True,0.11
SCEN_2023_LOW_P4_ngboost_student_t_S1563,1563,P4_ngboost_student_t,4200.0,0,0.0,20,20,0,True,0.11
SCEN_2023_LOW_P4_ngboost_student_t_S1564,1564,P4_ngboost_student_t,4200.0,0,0.0,20,20,0,True,0.11
SCEN_2023_LOW_P4_ngboost_student_t_S1565,1565,P4_ngboost_student_t,4200.0,0,0.0,20,20,0,True,0.11
SCEN_2023_LOW_P4_ngboost_student_t_S1566,1566,P4_ngboost_student_t,4200.0,0,0.0,20,20,0,True,0.11
SCEN_2023_LOW_P4_ngboost_student_t_S1567,1567,P4_ngboost_student_t,4200.0,0,0.0,20,20,0,True,0.11
SCEN_2023_LOW_P4_ngboost_student_t_S1568,1568,P4_ngboost_student_t,4200.0,0,0.0,20,20,0,True,0.18
SCEN_2023_LOW_P4_ngboost_student_t_S1569,1569,P4_ngboost_student_t,4200.0,0,0.0,20,20,0,True,0.12
SCEN_2023_LOW_P4_ngboost_student_t_S1570,1570,P4_ngboost_student_t,4200.0,0,0.0,20,20,0,True,0.13
SCEN_2023_LOW_P4_ngboost_student_t_S1571,1571,P4_ngboost_student_t,4200.0,0,0.0,20,20,0,True,0.11
SCEN_2023_LOW_P4_ngboost_student_t_S1572,1572,P4_ngboost_student_t,4200.0,0,0.0,20,20,0,True,0.11
SCEN_2023_LOW_P4_ngboost_student_t_S1573,1573,P4_ngboost_student_t,4200.0,0,0.0,20,20,0,True,0.11
SCEN_2023_LOW_P4_ngboost_student_t_S1574,1574,P4_ngboost_student_t,4200.0,0,0.0,20,20,0,True,0.11
SCEN_2023_LOW_P4_ngboost_student_t_S1575,1575,P4_ngboost_student_t,4200.0,0,0.0,20,20,0,True,0.11
SCEN_2023_LOW_P4_ngboost_student_t_S1576,1576,P4_ngboost_student_t,4200.0,0,0.0,20,20,0,True,0.11
SCEN_2023_LOW_P4_ngboost_student_t_S1577,1577,P4_ngboost_student_t,4200.0,0,0.0,20,20,0,True,0.11
SCEN_2023_LOW_P4_ngboost_student_t_S1578,1578,P4_ngboost_student_t,4200.0,0,0.0,20,20,0,True,0.11
SCEN_2023_LOW_P4_ngboost_student_t_S1579,1579,P4_ngboost_student_t,4200.0,0,0.0,20,20,0,True,0.11
SCEN_2023_LOW_P4_ngboost_student_t_S1580,1580,P4_ngboost_student_t,4200.0,0,0.0,20,20,0,True,0.11
SCEN_2023_LOW_P4_ngboost_student_t_S1581,1581,P4_ngboost_student_t,4200.0,0,0.0,20,20,0,True,0.17
SCEN_2023_LOW_P4_ngboost_student_t_S1582,1582,P4_ngboost_student_t,4200.0,0,0.0,20,20,0,True,0.11
SCEN_2023_LOW_P4_ngboost_student_t_S1583,1583,P4_ngboost_student_t,4200.0,0,0.0,20,20,0,True,0.11
SCEN_2023_LOW_P4_ngboost_student_t_S1584,1584,P4_ngboost_student_t,4200.0,0,0.0,20,20,0,True,0.11
SCEN_2023_LOW_P4_ngboost_student_t_S1585,1585,P4_ngboost_student_t,4200.0,0,0.0,20,20,0,True,0.11
SCEN_2023_LOW_P4_ngboost_student_t_S1586,1586,P4_ngboost_student_t,4200.0,0,0.0,20,20,0,True,0.11
SCEN_2023_LOW_P4_ngboost_student_t_S1587,1587,P4_ngboost_student_t,4200.0,0,0.0,20,20,0,True,0.13
SCEN_2023_LOW_P4_ngboost_student_t_S1588,1588,P4_ngboost_student_t,4200.0,0,0.0,20,20,0,True,0.11
SCEN_2023_LOW_P4_ngboost_student_t_S1589,1589,P4_ngboost_student_t,4200.0,0,0.0,20,20,0,True,0.11
SCEN_2023_LOW_P4_ngboost_student_t_S1590,1590,P4_ngboost_student_t,4200.0,0,0.0,20,20,0,True,0.11
SCEN_2023_LOW_P4_ngboost_student_t_S1591,1591,P4_ngboost_student_t,4200.0,0,0.0,20,20,0,True,0.14
SCEN_2023_LOW_P4_ngboost_student_t_S1592,1592,P4_ngboost_student_t,4200.0,0,0.0,20,20,0,True,0.11
SCEN_2023_LOW_P4_ngboost_student_t_S1593,1593,P4_ngboost_student_t,4200.0,0,0.0,20,20,0,True,0.16
SCEN_2023_LOW_P4_ngboost_student_t_S1594,1594,P4_ngboost_student_t,4200.0,0,0.0,20,20,0,True,0.11
SCEN_2023_LOW_P4_ngboost_student_t_S1595,1595,P4_ngboost_student_t,4200.0,0,0.0,20,20,0,True,0.11
SCEN_2023_LOW_P4_ngboost_student_t_S1596,1596,P4_ngboost_student_t,4200.0,0,0.0,20,20,0,True,0.11
SCEN_2023_LOW_P4_ngboost_student_t_S1597,1597,P4_ngboost_student_t,4200.0,0,0.0,20,20,0,True,0.11
SCEN_2023_LOW_P4_ngboost_student_t_S1598,1598,P4_ngboost_student_t,4200.0,0,0.0,20,20,0,True,0.11
SCEN_2023_LOW_P4_ngboost_student_t_S1599,1599,P4_ngboost_student_t,4200.0,0,0.0,20,20,0,True,0.11
SCEN_2023_LOW_P4_ngboost_student_t_S1600,1600,P4_ngboost_student_t,4200.0,0,0.0,20,20,0,True,0.11
SCEN_2023_LOW_P4_ngboost_student_t_S1601,1601,P4_ngboost_student_t,4200.0,0,0.0,20,20,0,True,0.11
SCEN_2023_LOW_P4_ngboost_student_t_S1602,1602,P4_ngboost_student_t,4200.0,0,0.0,20,20,0,True,0.11
SCEN_2023_LOW_P4_ngboost_student_t_S1603,1603,P4_ngboost_student_t,4200.0,0,0.0,20,20,0,True,0.11
SCEN_2023_LOW_P4_ngboost_student_t_S1604,1604,P4_ngboost_student_t,4200.0,0,0.0,20,20,0,True,0.11
SCEN_2023_LOW_P4_ngboost_student_t_S1605,1605,P4_ngboost_student_t,4200.0,0,0.0,20,20,0,True,0.11
SCEN_2023_LOW_P4_ngboost_student_t_S1606,1606,P4_ngboost_student_t,4200.0,0,0.0,20,20,0,True,0.11
SCEN_2023_LOW_P4_ngboost_student_t_S1607,1607,P4_ngboost_student_t,4200.0,0,0.0,20,20,0,True,0.11
SCEN_2023_LOW_P4_ngboost_student_t_S1608,1608,P4_ngboost_student_t,4200.0,0,0.0,20,20,0,True,0.11
SCEN_2023_LOW_P4_ngboost_student_t_S1609,1609,P4_ngboost_student_t,4200.0,0,0.0,20,20,0,True,0.11
SCEN_2023_LOW_P4_ngboost_student_t_S1610,1610,P4_ngboost_student_t,4200.0,0,0.0,20,20,0,True,0.11
SCEN_2023_LOW_P4_ngboost_student_t_S1611,1611,P4_ngboost_student_t,4200.0,0,0.0,20,20,0,True,0.11
SCEN_2023_LOW_P4_ngboost_student_t_S1612,1612,P4_ngboost_student_t,4200.0,0,0.0,20,20,0,True,0.11
SCEN_2023_LOW_P4_ngboost_student_t_S1613,1613,P4_ngboost_student_t,4200.0,0,0.0,20,20,0,True,0.12
SCEN_2023_LOW_P4_ngboost_student_t_S1614,1614,P4_ngboost_student_t,4200.0,0,0.0,20,20,0,True,0.11
SCEN_2023_LOW_P4_ngboost_student_t_S1615,1615,P4_ngboost_student_t,4200.0,0,0.0,20,20,0,True,0.11
SCEN_2023_LOW_P4_ngboost_student_t_S1616,1616,P4_ngboost_student_t,4200.0,0,0.0,20,20,0,True,0.12
SCEN_2023_LOW_P4_ngboost_student_t_S1617,1617,P4_ngboost_student_t,4200.0,0,0.0,20,20,0,True,0.11
SCEN_2023_LOW_P4_ngboost_student_t_S1618,1618,P4_ngboost_student_t,4200.0,0,0.0,20,20,0,True,0.11
SCEN_2023_LOW_P4_ngboost_student_t_S1619,1619,P4_ngboost_student_t,4200.0,0,0.0,20,20,0,True,0.11
SCEN_2023_LOW_P4_ngboost_student_t_S1620,1620,P4_ngboost_student_t,4200.0,0,0.0,20,20,0,True,0.11
SCEN_2023_LOW_P4_ngboost_student_t_S1621,1621,P4_ngboost_student_t,4200.0,0,0.0,20,20,0,True,0.12
SCEN_2023_LOW_P4_ngboost_student_t_S1622,1622,P4_ngboost_student_t,4200.0,0,0.0,20,20,0,True,0.11
SCEN_2023_LOW_P4_ngboost_student_t_S1623,1623,P4_ngboost_student_t,4200.0,0,0.0,20,20,0,True,0.11
SCEN_2023_LOW_P4_ngboost_student_t_S1624,1624,P4_ngboost_student_t,4200.0,0,0.0,20,20,0,True,0.11
SCEN_2023_LOW_P4_ngboost_student_t_S1625,1625,P4_ngboost_student_t,4200.0,0,0.0,20,20,0,True,0.11
SCEN_2023_LOW_P4_ngboost_student_t_S1626,1626,P4_ngboost_student_t,4200.0,0,0.0,20,20,0,True,0.11
SCEN_2023_LOW_P4_ngboost_student_t_S1627,1627,P4_ngboost_student_t,4200.0,0,0.0,20,20,0,True,0.12
SCEN_2023_LOW_P4_ngboost_student_t_S1628,1628,P4_ngboost_student_t,4200.0,0,0.0,20,20,0,True,0.11
SCEN_2023_LOW_P4_ngboost_student_t_S1629,1629,P4_ngboost_student_t,4200.0,0,0.0,20,20,0,True,0.11
SCEN_2023_LOW_P4_ngboost_student_t_S1630,1630,P4_ngboost_student_t,4200.0,0,0.0,20,20,0,True,0.11
SCEN_2023_LOW_P4_ngboost_student_t_S1631,1631,P4_ngboost_student_t,4200.0,0,0.0,20,20,0,True,0.18
SCEN_2023_LOW_P4_ngboost_student_t_S1632,1632,P4_ngboost_student_t,4200.0,0,0.0,20,20,0,True,0.11
SCEN_2023_LOW_P4_ngboost_student_t_S1633,1633,P4_ngboost_student_t,4200.0,0,0.0,20,20,0,True,0.12
SCEN_2023_LOW_P4_ngboost_student_t_S1634,1634,P4_ngboost_student_t,4200.0,0,0.0,20,20,0,True,0.11
SCEN_2023_LOW_P4_ngboost_student_t_S1635,1635,P4_ngboost_student_t,4200.0,0,0.0,20,20,0,True,0.11
SCEN_2023_LOW_P4_ngboost_student_t_S1636,1636,P4_ngboost_student_t,4200.0,0,0.0,20,20,0,True,0.11
SCEN_2023_LOW_P4_ngboost_student_t_S1637,1637,P4_ngboost_student_t,4200.0,0,0.0,20,20,0,True,0.11
SCEN_2023_LOW_P4_ngboost_student_t_S1638,1638,P4_ngboost_student_t,4200.0,0,0.0,20,20,0,True,0.11
SCEN_2023_LOW_P4_ngboost_student_t_S1639,1639,P4_ngboost_student_t,4200.0,0,0.0,20,20,0,True,0.11
SCEN_2023_LOW_P4_ngboost_student_t_S1640,1640,P4_ngboost_student_t,4200.0,0,0.0,20,20,0,True,0.11
SCEN_2023_LOW_P4_ngboost_student_t_S1641,1641,P4_ngboost_student_t,4200.0,0,0.0,20,20,0,True,0.14
SCEN_2023_LOW_P4_ngboost_student_t_S1642,1642,P4_ngboost_student_t,4200.0,0,0.0,20,20,0,True,0.11
SCEN_2023_LOW_P4_ngboost_student_t_S1643,1643,P4_ngboost_student_t,4200.0,0,0.0,20,20,0,True,0.11
SCEN_2023_LOW_P4_ngboost_student_t_S1644,1644,P4_ngboost_student_t,4200.0,0,0.0,20,20,0,True,0.11
SCEN_2023_LOW_P4_ngboost_student_t_S1645,1645,P4_ngboost_student_t,4200.0,0,0.0,20,20,0,True,0.11
SCEN_2023_LOW_P4_ngboost_student_t_S1646,1646,P4_ngboost_student_t,4200.0,0,0.0,20,20,0,True,0.11
SCEN_2023_LOW_P4_ngboost_student_t_S1647,1647,P4_ngboost_student_t,4200.0,0,0.0,20,20,0,True,0.11
SCEN_2023_LOW_P4_ngboost_student_t_S1648,1648,P4_ngboost_student_t,4200.0,0,0.0,20,20,0,True,0.12
SCEN_2023_LOW_P4_ngboost_student_t_S1649,1649,P4_ngboost_student_t,4200.0,0,0.0,20,20,0,True,0.11
SCEN_2023_LOW_P4_ngboost_student_t_S1650,1650,P4_ngboost_student_t,4200.0,0,0.0,20,20,0,True,0.11
SCEN_2023_LOW_P4_ngboost_student_t_S1651,1651,P4_ngboost_student_t,4200.0,0,0.0,20,20,0,True,0.12
SCEN_2023_LOW_P4_ngboost_student_t_S1652,1652,P4_ngboost_student_t,4200.0,0,0.0,20,20,0,True,0.11
SCEN_2023_LOW_P4_ngboost_student_t_S1653,1653,P4_ngboost_student_t,4200.0,0,0.0,20,20,0,True,0.11
SCEN_2023_LOW_P4_ngboost_student_t_S1654,1654,P4_ngboost_student_t,4200.0,0,0.0,20,20,0,True,0.11
SCEN_2023_LOW_P4_ngboost_student_t_S1655,1655,P4_ngboost_student_t,4200.0,0,0.0,20,20,0,True,0.11
SCEN_2023_LOW_P4_ngboost_student_t_S1656,1656,P4_ngboost_student_t,4200.0,0,0.0,20,20,0,True,0.11
SCEN_2023_LOW_P4_ngboost_student_t_S1657,1657,P4_ngboost_student_t,4200.0,0,0.0,20,20,0,True,0.11
SCEN_2023_LOW_P4_ngboost_student_t_S1658,1658,P4_ngboost_student_t,4200.0,0,0.0,20,20,0,True,0.11
SCEN_2023_LOW_P4_ngboost_student_t_S1659,1659,P4_ngboost_student_t,4200.0,0,0.0,20,20,0,True,0.11
SCEN_2023_LOW_P4_ngboost_student_t_S1660,1660,P4_ngboost_student_t,4200.0,0,0.0,20,20,0,True,0.11
SCEN_2023_LOW_P4_ngboost_student_t_S1661,1661,P4_ngboost_student_t,4200.0,0,0.0,20,20,0,True,0.11
SCEN_2023_LOW_P4_ngboost_student_t_S1662,1662,P4_ngboost_student_t,4200.0,0,0.0,20,20,0,True,0.11
SCEN_2023_LOW_P4_ngboost_student_t_S1663,1663,P4_ngboost_student_t,4200.0,0,0.0,20,20,0,True,0.11
SCEN_2023_LOW_P4_ngboost_student_t_S1664,1664,P4_ngboost_student_t,4200.0,0,0.0,20,20,0,True,0.11
SCEN_2023_LOW_P4_ngboost_student_t_S1665,1665,P4_ngboost_student_t,4200.0,0,0.0,20,20,0,True,0.12
SCEN_2023_LOW_P4_ngboost_student_t_S1666,1666,P4_ngboost_student_t,4200.0,0,0.0,20,20,0,True,0.11
SCEN_2023_LOW_P4_ngboost_student_t_S1667,1667,P4_ngboost_student_t,4200.0,0,0.0,20,20,0,True,0.13
SCEN_2023_LOW_P4_ngboost_student_t_S1668,1668,P4_ngboost_student_t,4200.0,0,0.0,20,20,0,True,0.11
SCEN_2023_LOW_P4_ngboost_student_t_S1669,1669,P4_ngboost_student_t,4200.0,0,0.0,20,20,0,True,0.11
SCEN_2023_LOW_P4_ngboost_student_t_S1670,1670,P4_ngboost_student_t,4200.0,0,0.0,20,20,0,True,0.11
SCEN_2023_LOW_P4_ngboost_student_t_S1671,1671,P4_ngboost_student_t,4200.0,0,0.0,20,20,0,True,0.11
SCEN_2023_LOW_P4_ngboost_student_t_S1672,1672,P4_ngboost_student_t,4200.0,0,0.0,20,20,0,True,0.11
SCEN_2023_LOW_P4_ngboost_student_t_S1673,1673,P4_ngboost_student_t,4200.0,0,0.0,20,20,0,True,0.11
SCEN_2023_LOW_P4_ngboost_student_t_S1674,1674,P4_ngboost_student_t,4200.0,0,0.0,20,20,0,True,0.11
SCEN_2023_LOW_P4_ngboost_student_t_S1675,1675,P4_ngboost_student_t,4200.0,0,0.0,20,20,0,True,0.11
SCEN_2023_LOW_P4_ngboost_student_t_S1676,1676,P4_ngboost_student_t,4200.0,0,0.0,20,20,0,True,0.11
SCEN_2023_LOW_P4_ngboost_student_t_S1677,1677,P4_ngboost_student_t,4200.0,0,0.0,20,20,0,True,0.11
SCEN_2023_LOW_P4_ngboost_student_t_S1678,1678,P4_ngboost_student_t,4200.0,0,0.0,20,20,0,True,0.11
SCEN_2023_LOW_P4_ngboost_student_t_S1679,1679,P4_ngboost_student_t,4200.0,0,0.0,20,20,0,True,0.11
SCEN_2023_LOW_P4_ngboost_student_t_S1680,1680,P4_ngboost_student_t,4200.0,0,0.0,20,20,0,True,0.11
SCEN_2023_LOW_P4_ngboost_student_t_S1681,1681,P4_ngboost_student_t,4200.0,0,0.0,20,20,0,True,0.11
SCEN_2023_LOW_P4_ngboost_student_t_S1682,1682,P4_ngboost_student_t,4200.0,0,0.0,20,20,0,True,0.12
SCEN_2023_LOW_P4_ngboost_student_t_S1683,1683,P4_ngboost_student_t,4200.0,0,0.0,20,20,0,True,0.11
SCEN_2023_LOW_P4_ngboost_student_t_S1684,1684,P4_ngboost_student_t,4200.0,0,0.0,20,20,0,True,0.11
SCEN_2023_LOW_P4_ngboost_student_t_S1685,1685,P4_ngboost_student_t,4200.0,0,0.0,20,20,0,True,0.11
SCEN_2023_LOW_P4_ngboost_student_t_S1686,1686,P4_ngboost_student_t,4200.0,0,0.0,20,20,0,True,0.12
SCEN_2023_LOW_P4_ngboost_student_t_S1687,1687,P4_ngboost_student_t,4200.0,0,0.0,20,20,0,True,0.11
SCEN_2023_LOW_P4_ngboost_student_t_S1688,1688,P4_ngboost_student_t,4200.0,0,0.0,20,20,0,True,0.11
SCEN_2023_LOW_P4_ngboost_student_t_S1689,1689,P4_ngboost_student_t,4200.0,0,0.0,20,20,0,True,0.11
SCEN_2023_LOW_P4_ngboost_student_t_S1690,1690,P4_ngboost_student_t,4200.0,0,0.0,20,20,0,True,0.11
SCEN_2023_LOW_P4_ngboost_student_t_S1691,1691,P4_ngboost_student_t,4200.0,0,0.0,20,20,0,True,0.11
SCEN_2023_LOW_P4_ngboost_student_t_S1692,1692,P4_ngboost_student_t,4200.0,0,0.0,20,20,0,True,0.11
SCEN_2023_LOW_P4_ngboost_student_t_S1693,1693,P4_ngboost_student_t,4200.0,0,0.0,20,20,0,True,0.11
SCEN_2023_LOW_P4_ngboost_student_t_S1694,1694,P4_ngboost_student_t,4200.0,0,0.0,20,20,0,True,0.11
SCEN_2023_LOW_P4_ngboost_student_t_S1695,1695,P4_ngboost_student_t,4200.0,0,0.0,20,20,0,True,0.11
SCEN_2023_LOW_P4_ngboost_student_t_S1696,1696,P4_ngboost_student_t,4200.0,0,0.0,20,20,0,True,0.11
SCEN_2023_LOW_P4_ngboost_student_t_S1697,1697,P4_ngboost_student_t,4200.0,0,0.0,20,20,0,True,0.11
SCEN_2023_LOW_P4_ngboost_student_t_S1698,1698,P4_ngboost_student_t,4200.0,0,0.0,20,20,0,True,0.11
SCEN_2023_LOW_P4_ngboost_student_t_S1699,1699,P4_ngboost_student_t,4200.0,0,0.0,20,20,0,True,0.11
SCEN_2023_LOW_P4_ngboost_student_t_S1700,1700,P4_ngboost_student_t,4200.0,0,0.0,20,20,0,True,0.11
SCEN_2023_LOW_P4_ngboost_student_t_S1701,1701,P4_ngboost_student_t,4200.0,0,0.0,20,20,0,True,0.11
SCEN_2023_LOW_P4_ngboost_student_t_S1702,1702,P4_ngboost_student_t,4200.0,0,0.0,20,20,0,True,0.11
SCEN_2023_LOW_P4_ngboost_student_t_S1703,1703,P4_ngboost_student_t,4200.0,0,0.0,20,20,0,True,0.11
SCEN_2023_LOW_P4_ngboost_student_t_S1704,1704,P4_ngboost_student_t,4200.0,0,0.0,20,20,0,True,0.11
SCEN_2023_LOW_P4_ngboost_student_t_S1705,1705,P4_ngboost_student_t,4200.0,0,0.0,20,20,0,True,0.11
SCEN_2023_LOW_P4_ngboost_student_t_S1706,1706,P4_ngboost_student_t,4200.0,0,0.0,20,20,0,True,0.11
SCEN_2023_LOW_P4_ngboost_student_t_S1707,1707,P4_ngboost_student_t,4200.0,0,0.0,20,20,0,True,0.11
SCEN_2023_LOW_P4_ngboost_student_t_S1708,1708,P4_ngboost_student_t,4200.0,0,0.0,20,20,0,True,0.11
SCEN_2023_LOW_P4_ngboost_student_t_S1709,1709,P4_ngboost_student_t,4200.0,0,0.0,20,20,0,True,0.12
SCEN_2023_LOW_P4_ngboost_student_t_S1710,1710,P4_ngboost_student_t,4200.0,0,0.0,20,20,0,True,0.11
SCEN_2023_LOW_P4_ngboost_student_t_S1711,1711,P4_ngboost_student_t,4200.0,0,0.0,20,20,0,True,0.11
SCEN_2023_LOW_P4_ngboost_student_t_S1712,1712,P4_ngboost_student_t,4200.0,0,0.0,20,20,0,True,0.11
SCEN_2023_LOW_P4_ngboost_student_t_S1713,1713,P4_ngboost_student_t,4200.0,0,0.0,20,20,0,True,0.11
SCEN_2023_LOW_P4_ngboost_student_t_S1714,1714,P4_ngboost_student_t,4200.0,0,0.0,20,20,0,True,0.11
SCEN_2023_LOW_P4_ngboost_student_t_S1715,1715,P4_ngboost_student_t,4200.0,0,0.0,20,20,0,True,0.11
SCEN_2023_LOW_P4_ngboost_student_t_S1716,1716,P4_ngboost_student_t,4200.0,0,0.0,20,20,0,True,0.11
SCEN_2023_LOW_P4_ngboost_student_t_S1717,1717,P4_ngboost_student_t,4200.0,0,0.0,20,20,0,True,0.11
SCEN_2023_LOW_P4_ngboost_student_t_S1718,1718,P4_ngboost_student_t,4200.0,0,0.0,20,20,0,True,0.11
SCEN_2023_LOW_P4_ngboost_student_t_S1719,1719,P4_ngboost_student_t,4200.0,0,0.0,20,20,0,True,0.11
SCEN_2023_LOW_P4_ngboost_student_t_S1720,1720,P4_ngboost_student_t,4200.0,0,0.0,20,20,0,True,0.11
SCEN_2023_LOW_P4_ngboost_student_t_S1721,1721,P4_ngboost_student_t,4200.0,0,0.0,20,20,0,True,0.11
SCEN_2023_LOW_P4_ngboost_student_t_S1722,1722,P4_ngboost_student_t,4200.0,0,0.0,20,20,0,True,0.11
SCEN_2023_LOW_P4_ngboost_student_t_S1723,1723,P4_ngboost_student_t,4200.0,0,0.0,20,20,0,True,0.11
SCEN_2023_LOW_P4_ngboost_student_t_S1724,1724,P4_ngboost_student_t,4200.0,0,0.0,20,20,0,True,0.11
SCEN_2023_LOW_P4_ngboost_student_t_S1725,1725,P4_ngboost_student_t,4200.0,0,0.0,20,20,0,True,0.11
SCEN_2023_LOW_P4_ngboost_student_t_S1726,1726,P4_ngboost_student_t,4200.0,0,0.0,20,20,0,True,0.13
SCEN_2023_LOW_P4_ngboost_student_t_S1727,1727,P4_ngboost_student_t,4200.0,0,0.0,20,20,0,True,0.11
SCEN_2023_LOW_P4_ngboost_student_t_S1728,1728,P4_ngboost_student_t,4200.0,0,0.0,20,20,0,True,0.11
SCEN_2023_LOW_P4_ngboost_student_t_S1729,1729,P4_ngboost_student_t,4200.0,0,0.0,20,20,0,True,0.11
SCEN_2023_LOW_P4_ngboost_student_t_S1730,1730,P4_ngboost_student_t,4200.0,0,0.0,20,20,0,True,0.11
SCEN_2023_LOW_P4_ngboost_student_t_S1731,1731,P4_ngboost_student_t,4200.0,0,0.0,20,20,0,True,0.11
SCEN_2023_LOW_P4_ngboost_student_t_S1732,1732,P4_ngboost_student_t,4200.0,0,0.0,20,20,0,True,0.13
SCEN_2023_LOW_P4_ngboost_student_t_S1733,1733,P4_ngboost_student_t,4200.0,0,0.0,20,20,0,True,0.11
SCEN_2023_LOW_P4_ngboost_student_t_S1734,1734,P4_ngboost_student_t,4200.0,0,0.0,20,20,0,True,0.11
SCEN_2023_LOW_P4_ngboost_student_t_S1735,1735,P4_ngboost_student_t,4200.0,0,0.0,20,20,0,True,0.11
SCEN_2023_LOW_P4_ngboost_student_t_S1736,1736,P4_ngboost_student_t,4200.0,0,0.0,20,20,0,True,0.11
SCEN_2023_LOW_P4_ngboost_student_t_S1737,1737,P4_ngboost_student_t,4200.0,0,0.0,20,20,0,True,0.11
SCEN_2023_LOW_P4_ngboost_student_t_S1738,1738,P4_ngboost_student_t,4200.0,0,0.0,20,20,0,True,0.11
SCEN_2023_LOW_P4_ngboost_student_t_S1739,1739,P4_ngboost_student_t,4200.0,0,0.0,20,20,0,True,0.11
SCEN_2023_LOW_P4_ngboost_student_t_S1740,1740,P4_ngboost_student_t,4200.0,0,0.0,20,20,0,True,0.11
SCEN_2023_LOW_P4_ngboost_student_t_S1741,1741,P4_ngboost_student_t,4200.0,0,0.0,20,20,0,True,0.11
SCEN_2023_LOW_P4_ngboost_student_t_S1742,1742,P4_ngboost_student_t,4200.0,0,0.0,20,20,0,True,0.11
SCEN_2023_LOW_P4_ngboost_student_t_S1743,1743,P4_ngboost_student_t,4200.0,0,0.0,20,20,0,True,0.11
SCEN_2023_LOW_P4_ngboost_student_t_S1744,1744,P4_ngboost_student_t,4200.0,0,0.0,20,20,0,True,0.11
SCEN_2023_LOW_P4_ngboost_student_t_S1745,1745,P4_ngboost_student_t,4200.0,0,0.0,20,20,0,True,0.11
SCEN_2023_LOW_P4_ngboost_student_t_S1746,1746,P4_ngboost_student_t,4200.0,0,0.0,20,20,0,True,0.11
SCEN_2023_LOW_P4_ngboost_student_t_S1747,1747,P4_ngboost_student_t,4200.0,0,0.0,20,20,0,True,0.11
SCEN_2023_LOW_P4_ngboost_student_t_S1748,1748,P4_ngboost_student_t,4200.0,0,0.0,20,20,0,True,0.11
SCEN_2023_LOW_P4_ngboost_student_t_S1749,1749,P4_ngboost_student_t,4200.0,0,0.0,20,20,0,True,0.13
SCEN_2023_LOW_P4_ngboost_student_t_S1750,1750,P4_ngboost_student_t,4200.0,0,0.0,20,20,0,True,0.11
SCEN_2023_LOW_P4_ngboost_student_t_S1751,1751,P4_ngboost_student_t,4200.0,0,0.0,20,20,0,True,0.11
SCEN_2023_LOW_P4_ngboost_student_t_S1752,1752,P4_ngboost_student_t,4200.0,0,0.0,20,20,0,True,0.12
SCEN_2023_LOW_P4_ngboost_student_t_S1753,1753,P4_ngboost_student_t,4200.0,0,0.0,20,20,0,True,0.11
SCEN_2023_LOW_P4_ngboost_student_t_S1754,1754,P4_ngboost_student_t,4200.0,0,0.0,20,20,0,True,0.11
SCEN_2023_LOW_P4_ngboost_student_t_S1755,1755,P4_ngboost_student_t,4200.0,0,0.0,20,20,0,True,0.11
SCEN_2023_LOW_P4_ngboost_student_t_S1756,1756,P4_ngboost_student_t,4200.0,0,0.0,20,20,0,True,0.11
SCEN_2023_LOW_P4_ngboost_student_t_S1757,1757,P4_ngboost_student_t,4200.0,0,0.0,20,20,0,True,0.11
SCEN_2023_LOW_P4_ngboost_student_t_S1758,1758,P4_ngboost_student_t,4200.0,0,0.0,20,20,0,True,0.12
SCEN_2023_LOW_P4_ngboost_student_t_S1759,1759,P4_ngboost_student_t,4200.0,0,0.0,20,20,0,True,0.11
SCEN_2023_LOW_P4_ngboost_student_t_S1760,1760,P4_ngboost_student_t,4200.0,0,0.0,20,20,0,True,0.11
SCEN_2023_LOW_P4_ngboost_student_t_S1761,1761,P4_ngboost_student_t,4200.0,0,0.0,20,20,0,True,0.11
SCEN_2023_LOW_P4_ngboost_student_t_S1762,1762,P4_ngboost_student_t,4200.0,0,0.0,20,20,0,True,0.1
SCEN_2023_LOW_P4_ngboost_student_t_S1763,1763,P4_ngboost_student_t,4200.0,0,0.0,20,20,0,True,0.11
SCEN_2023_LOW_P4_ngboost_student_t_S1764,1764,P4_ngboost_student_t,4200.0,0,0.0,20,20,0,True,0.11
SCEN_2023_LOW_P4_ngboost_student_t_S1765,1765,P4_ngboost_student_t,4200.0,0,0.0,20,20,0,True,0.11
SCEN_2023_LOW_P4_ngboost_student_t_S1766,1766,P4_ngboost_student_t,4200.0,0,0.0,20,20,0,True,0.11
SCEN_2023_LOW_P4_ngboost_student_t_S1767,1767,P4_ngboost_student_t,4200.0,0,0.0,20,20,0,True,0.11
SCEN_2023_LOW_P4_ngboost_student_t_S1768,1768,P4_ngboost_student_t,4200.0,0,0.0,20,20,0,True,0.12
SCEN_2023_LOW_P4_ngboost_student_t_S1769,1769,P4_ngboost_student_t,4200.0,0,0.0,20,20,0,True,0.11
SCEN_2023_LOW_P4_ngboost_student_t_S1770,1770,P4_ngboost_student_t,4200.0,0,0.0,20,20,0,True,0.11
SCEN_2023_LOW_P4_ngboost_student_t_S1771,1771,P4_ngboost_student_t,4200.0,0,0.0,20,20,0,True,0.11
SCEN_2023_LOW_P4_ngboost_student_t_S1772,1772,P4_ngboost_student_t,4200.0,0,0.0,20,20,0,True,0.11
SCEN_2023_LOW_P4_ngboost_student_t_S1773,1773,P4_ngboost_student_t,4200.0,0,0.0,20,20,0,True,0.19
SCEN_2023_LOW_P4_ngboost_student_t_S1774,1774,P4_ngboost_student_t,4200.0,0,0.0,20,20,0,True,0.11
SCEN_2023_LOW_P4_ngboost_student_t_S1775,1775,P4_ngboost_student_t,4200.0,0,0.0,20,20,0,True,0.11
SCEN_2023_LOW_P4_ngboost_student_t_S1776,1776,P4_ngboost_student_t,4200.0,0,0.0,20,20,0,True,0.11
SCEN_2023_LOW_P4_ngboost_student_t_S1777,1777,P4_ngboost_student_t,4200.0,0,0.0,20,20,0,True,0.11
SCEN_2023_LOW_P4_ngboost_student_t_S1778,1778,P4_ngboost_student_t,4200.0,0,0.0,20,20,0,True,0.11
SCEN_2023_LOW_P4_ngboost_student_t_S1779,1779,P4_ngboost_student_t,4200.0,0,0.0,20,20,0,True,0.11
SCEN_2023_LOW_P4_ngboost_student_t_S1780,1780,P4_ngboost_student_t,4200.0,0,0.0,20,20,0,True,0.11
SCEN_2023_LOW_P4_ngboost_student_t_S1781,1781,P4_ngboost_student_t,4200.0,0,0.0,20,20,0,True,0.11
SCEN_2023_LOW_P4_ngboost_student_t_S1782,1782,P4_ngboost_student_t,4200.0,0,0.0,20,20,0,True,0.11
SCEN_2023_LOW_P4_ngboost_student_t_S1783,1783,P4_ngboost_student_t,4200.0,0,0.0,20,20,0,True,0.11
SCEN_2023_LOW_P4_ngboost_student_t_S1784,1784,P4_ngboost_student_t,4200.0,0,0.0,20,20,0,True,0.11
SCEN_2023_LOW_P4_ngboost_student_t_S1785,1785,P4_ngboost_student_t,4200.0,0,0.0,20,20,0,True,0.11
SCEN_2023_LOW_P4_ngboost_student_t_S1786,1786,P4_ngboost_student_t,4200.0,0,0.0,20,20,0,True,0.11
SCEN_2023_LOW_P4_ngboost_student_t_S1787,1787,P4_ngboost_student_t,4200.0,0,0.0,20,20,0,True,0.11
SCEN_2023_LOW_P4_ngboost_student_t_S1788,1788,P4_ngboost_student_t,4200.0,0,0.0,20,20,0,True,0.17
SCEN_2023_LOW_P4_ngboost_student_t_S1789,1789,P4_ngboost_student_t,4200.0,0,0.0,20,20,0,True,0.11
SCEN_2023_LOW_P4_ngboost_student_t_S1790,1790,P4_ngboost_student_t,4200.0,0,0.0,20,20,0,True,0.11
SCEN_2023_LOW_P4_ngboost_student_t_S1791,1791,P4_ngboost_student_t,4200.0,0,0.0,20,20,0,True,0.2
SCEN_2023_LOW_P4_ngboost_student_t_S1792,1792,P4_ngboost_student_t,4200.0,0,0.0,20,20,0,True,0.11
SCEN_2023_LOW_P4_ngboost_student_t_S1793,1793,P4_ngboost_student_t,4200.0,0,0.0,20,20,0,True,0.15
SCEN_2023_LOW_P4_ngboost_student_t_S1794,1794,P4_ngboost_student_t,4200.0,0,0.0,20,20,0,True,0.11
SCEN_2023_LOW_P4_ngboost_student_t_S1795,1795,P4_ngboost_student_t,4200.0,0,0.0,20,20,0,True,0.11
SCEN_2023_LOW_P4_ngboost_student_t_S1796,1796,P4_ngboost_student_t,4200.0,0,0.0,20,20,0,True,0.11
SCEN_2023_LOW_P4_ngboost_student_t_S1797,1797,P4_ngboost_student_t,4200.0,0,0.0,20,20,0,True,0.11
SCEN_2023_LOW_P4_ngboost_student_t_S1798,1798,P4_ngboost_student_t,4200.0,0,0.0,20,20,0,True,0.11
SCEN_2023_LOW_P4_ngboost_student_t_S1799,1799,P4_ngboost_student_t,4200.0,0,0.0,20,20,0,True,0.11
SCEN_2023_LOW_P4_ngboost_student_t_S1800,1800,P4_ngboost_student_t,4200.0,0,0.0,20,20,0,True,0.11
SCEN_2023_LOW_P4_ngboost_student_t_S1801,1801,P4_ngboost_student_t,4200.0,0,0.0,20,20,0,True,0.11
SCEN_2023_LOW_P4_ngboost_student_t_S1802,1802,P4_ngboost_student_t,4200.0,0,0.0,20,20,0,True,0.11
SCEN_2023_LOW_P4_ngboost_student_t_S1803,1803,P4_ngboost_student_t,4200.0,0,0.0,20,20,0,True,0.11
SCEN_2023_LOW_P4_ngboost_student_t_S1804,1804,P4_ngboost_student_t,4200.0,0,0.0,20,20,0,True,0.12
SCEN_2023_LOW_P4_ngboost_student_t_S1805,1805,P4_ngboost_student_t,4200.0,0,0.0,20,20,0,True,0.11
SCEN_2023_LOW_P4_ngboost_student_t_S1806,1806,P4_ngboost_student_t,4200.0,0,0.0,20,20,0,True,0.11
SCEN_2023_LOW_P4_ngboost_student_t_S1807,1807,P4_ngboost_student_t,4200.0,0,0.0,20,20,0,True,0.11
SCEN_2023_LOW_P4_ngboost_student_t_S1808,1808,P4_ngboost_student_t,4200.0,0,0.0,20,20,0,True,0.11
SCEN_2023_LOW_P4_ngboost_student_t_S1809,1809,P4_ngboost_student_t,4200.0,0,0.0,20,20,0,True,0.12
SCEN_2023_LOW_P4_ngboost_student_t_S1810,1810,P4_ngboost_student_t,4200.0,0,0.0,20,20,0,True,0.11
SCEN_2023_LOW_P4_ngboost_student_t_S1811,1811,P4_ngboost_student_t,4200.0,0,0.0,20,20,0,True,0.11
SCEN_2023_LOW_P4_ngboost_student_t_S1812,1812,P4_ngboost_student_t,4200.0,0,0.0,20,20,0,True,0.11
SCEN_2023_LOW_P4_ngboost_student_t_S1813,1813,P4_ngboost_student_t,4200.0,0,0.0,20,20,0,True,0.11
SCEN_2023_LOW_P4_ngboost_student_t_S1814,1814,P4_ngboost_student_t,4200.0,0,0.0,20,20,0,True,0.11
SCEN_2023_LOW_P4_ngboost_student_t_S1815,1815,P4_ngboost_student_t,4200.0,0,0.0,20,20,0,True,0.11
SCEN_2023_LOW_P4_ngboost_student_t_S1816,1816,P4_ngboost_student_t,4200.0,0,0.0,20,20,0,True,0.11
SCEN_2023_LOW_P4_ngboost_student_t_S1817,1817,P4_ngboost_student_t,4200.0,0,0.0,20,20,0,True,0.11
SCEN_2023_LOW_P4_ngboost_student_t_S1818,1818,P4_ngboost_student_t,4200.0,0,0.0,20,20,0,True,0.11
SCEN_2023_LOW_P4_ngboost_student_t_S1819,1819,P4_ngboost_student_t,4200.0,0,0.0,20,20,0,True,0.11
SCEN_2023_LOW_P4_ngboost_student_t_S1820,1820,P4_ngboost_student_t,4200.0,0,0.0,20,20,0,True,0.11
SCEN_2023_LOW_P4_ngboost_student_t_S1821,1821,P4_ngboost_student_t,4200.0,0,0.0,20,20,0,True,0.11
SCEN_2023_LOW_P4_ngboost_student_t_S1822,1822,P4_ngboost_student_t,4200.0,0,0.0,20,20,0,True,0.11
SCEN_2023_LOW_P4_ngboost_student_t_S1823,1823,P4_ngboost_student_t,4200.0,0,0.0,20,20,0,True,0.11
SCEN_2023_LOW_P4_ngboost_student_t_S1824,1824,P4_ngboost_student_t,4200.0,0,0.0,20,20,0,True,0.11
SCEN_2023_LOW_P4_ngboost_student_t_S1825,1825,P4_ngboost_student_t,4200.0,0,0.0,20,20,0,True,0.11
SCEN_2023_LOW_P4_ngboost_student_t_S1826,1826,P4_ngboost_student_t,4200.0,0,0.0,20,20,0,True,0.11
SCEN_2023_LOW_P4_ngboost_student_t_S1827,1827,P4_ngboost_student_t,4200.0,0,0.0,20,20,0,True,0.11
SCEN_2023_LOW_P4_ngboost_student_t_S1828,1828,P4_ngboost_student_t,4200.0,0,0.0,20,20,0,True,0.11
SCEN_2023_LOW_P4_ngboost_student_t_S1829,1829,P4_ngboost_student_t,4200.0,0,0.0,20,20,0,True,0.11
SCEN_2023_LOW_P4_ngboost_student_t_S1830,1830,P4_ngboost_student_t,4200.0,0,0.0,20,20,0,True,0.11
SCEN_2023_LOW_P4_ngboost_student_t_S1831,1831,P4_ngboost_student_t,4200.0,0,0.0,20,20,0,True,0.11
SCEN_2023_LOW_P4_ngboost_student_t_S1832,1832,P4_ngboost_student_t,4200.0,0,0.0,20,20,0,True,0.11
SCEN_2023_LOW_P4_ngboost_student_t_S1833,1833,P4_ngboost_student_t,4200.0,0,0.0,20,20,0,True,0.11
SCEN_2023_LOW_P4_ngboost_student_t_S1834,1834,P4_ngboost_student_t,4200.0,0,0.0,20,20,0,True,0.12
SCEN_2023_LOW_P4_ngboost_student_t_S1835,1835,P4_ngboost_student_t,4200.0,0,0.0,20,20,0,True,0.11
SCEN_2023_LOW_P4_ngboost_student_t_S1836,1836,P4_ngboost_student_t,4200.0,0,0.0,20,20,0,True,0.11
SCEN_2023_LOW_P4_ngboost_student_t_S1837,1837,P4_ngboost_student_t,4200.0,0,0.0,20,20,0,True,0.11
SCEN_2023_LOW_P4_ngboost_student_t_S1838,1838,P4_ngboost_student_t,4200.0,0,0.0,20,20,0,True,0.11
SCEN_2023_LOW_P4_ngboost_student_t_S1839,1839,P4_ngboost_student_t,4200.0,0,0.0,20,20,0,True,0.11
SCEN_2023_LOW_P4_ngboost_student_t_S1840,1840,P4_ngboost_student_t,4200.0,0,0.0,20,20,0,True,0.11
SCEN_2023_LOW_P4_ngboost_student_t_S1841,1841,P4_ngboost_student_t,4200.0,0,0.0,20,20,0,True,0.2
SCEN_2023_LOW_P4_ngboost_student_t_S1842,1842,P4_ngboost_student_t,4200.0,0,0.0,20,20,0,True,0.12
SCEN_2023_LOW_P4_ngboost_student_t_S1843,1843,P4_ngboost_student_t,4200.0,0,0.0,20,20,0,True,0.11
SCEN_2023_LOW_P4_ngboost_student_t_S1844,1844,P4_ngboost_student_t,4200.0,0,0.0,20,20,0,True,0.11
SCEN_2023_LOW_P4_ngboost_student_t_S1845,1845,P4_ngboost_student_t,4200.0,0,0.0,20,20,0,True,0.11
SCEN_2023_LOW_P4_ngboost_student_t_S1846,1846,P4_ngboost_student_t,4200.0,0,0.0,20,20,0,True,0.11
SCEN_2023_LOW_P4_ngboost_student_t_S1847,1847,P4_ngboost_student_t,4200.0,0,0.0,20,20,0,True,0.11
SCEN_2023_LOW_P4_ngboost_student_t_S1848,1848,P4_ngboost_student_t,4200.0,0,0.0,20,20,0,True,0.11
SCEN_2023_LOW_P4_ngboost_student_t_S1849,1849,P4_ngboost_student_t,4200.0,0,0.0,20,20,0,True,0.11
SCEN_2023_LOW_P4_ngboost_student_t_S1850,1850,P4_ngboost_student_t,4200.0,0,0.0,20,20,0,True,0.11
SCEN_2023_LOW_P4_ngboost_student_t_S1851,1851,P4_ngboost_student_t,4200.0,0,0.0,20,20,0,True,0.11
SCEN_2023_LOW_P4_ngboost_student_t_S1852,1852,P4_ngboost_student_t,4200.0,0,0.0,20,20,0,True,0.11
SCEN_2023_LOW_P4_ngboost_student_t_S1853,1853,P4_ngboost_student_t,4200.0,0,0.0,20,20,0,True,0.11
SCEN_2023_LOW_P4_ngboost_student_t_S1854,1854,P4_ngboost_student_t,4200.0,0,0.0,20,20,0,True,0.11
SCEN_2023_LOW_P4_ngboost_student_t_S1855,1855,P4_ngboost_student_t,4200.0,0,0.0,20,20,0,True,0.11
SCEN_2023_LOW_P4_ngboost_student_t_S1856,1856,P4_ngboost_student_t,4200.0,0,0.0,20,20,0,True,0.11
SCEN_2023_LOW_P4_ngboost_student_t_S1857,1857,P4_ngboost_student_t,4200.0,0,0.0,20,20,0,True,0.11
SCEN_2023_LOW_P4_ngboost_student_t_S1858,1858,P4_ngboost_student_t,4200.0,0,0.0,20,20,0,True,0.12
SCEN_2023_LOW_P4_ngboost_student_t_S1859,1859,P4_ngboost_student_t,4200.0,0,0.0,20,20,0,True,0.19
SCEN_2023_LOW_P4_ngboost_student_t_S1860,1860,P4_ngboost_student_t,4200.0,0,0.0,20,20,0,True,0.12
SCEN_2023_LOW_P4_ngboost_student_t_S1861,1861,P4_ngboost_student_t,4200.0,0,0.0,20,20,0,True,0.12
SCEN_2023_LOW_P4_ngboost_student_t_S1862,1862,P4_ngboost_student_t,4200.0,0,0.0,20,20,0,True,0.11
SCEN_2023_LOW_P4_ngboost_student_t_S1863,1863,P4_ngboost_student_t,4200.0,0,0.0,20,20,0,True,0.11
SCEN_2023_LOW_P4_ngboost_student_t_S1864,1864,P4_ngboost_student_t,4200.0,0,0.0,20,20,0,True,0.11
SCEN_2023_LOW_P4_ngboost_student_t_S1865,1865,P4_ngboost_student_t,4200.0,0,0.0,20,20,0,True,0.13
SCEN_2023_LOW_P4_ngboost_student_t_S1866,1866,P4_ngboost_student_t,4200.0,0,0.0,20,20,0,True,0.11
SCEN_2023_LOW_P4_ngboost_student_t_S1867,1867,P4_ngboost_student_t,4200.0,0,0.0,20,20,0,True,0.12
SCEN_2023_LOW_P4_ngboost_student_t_S1868,1868,P4_ngboost_student_t,4200.0,0,0.0,20,20,0,True,0.11
SCEN_2023_LOW_P4_ngboost_student_t_S1869,1869,P4_ngboost_student_t,4200.0,0,0.0,20,20,0,True,0.11
SCEN_2023_LOW_P4_ngboost_student_t_S1870,1870,P4_ngboost_student_t,4200.0,0,0.0,20,20,0,True,0.14
SCEN_2023_LOW_P4_ngboost_student_t_S1871,1871,P4_ngboost_student_t,4200.0,0,0.0,20,20,0,True,0.11
SCEN_2023_LOW_P4_ngboost_student_t_S1872,1872,P4_ngboost_student_t,4200.0,0,0.0,20,20,0,True,0.11
SCEN_2023_LOW_P4_ngboost_student_t_S1873,1873,P4_ngboost_student_t,4200.0,0,0.0,20,20,0,True,0.11
SCEN_2023_LOW_P4_ngboost_student_t_S1874,1874,P4_ngboost_student_t,4200.0,0,0.0,20,20,0,True,0.11
SCEN_2023_LOW_P4_ngboost_student_t_S1875,1875,P4_ngboost_student_t,4200.0,0,0.0,20,20,0,True,0.12
SCEN_2023_LOW_P4_ngboost_student_t_S1876,1876,P4_ngboost_student_t,4200.0,0,0.0,20,20,0,True,0.12
SCEN_2023_LOW_P4_ngboost_student_t_S1877,1877,P4_ngboost_student_t,4200.0,0,0.0,20,20,0,True,0.11
SCEN_2023_LOW_P4_ngboost_student_t_S1878,1878,P4_ngboost_student_t,4200.0,0,0.0,20,20,0,True,0.12
SCEN_2023_LOW_P4_ngboost_student_t_S1879,1879,P4_ngboost_student_t,4200.0,0,0.0,20,20,0,True,0.11
SCEN_2023_LOW_P4_ngboost_student_t_S1880,1880,P4_ngboost_student_t,4200.0,0,0.0,20,20,0,True,0.11
SCEN_2023_LOW_P4_ngboost_student_t_S1881,1881,P4_ngboost_student_t,4200.0,0,0.0,20,20,0,True,0.11
SCEN_2023_LOW_P4_ngboost_student_t_S1882,1882,P4_ngboost_student_t,4200.0,0,0.0,20,20,0,True,0.11
SCEN_2023_LOW_P4_ngboost_student_t_S1883,1883,P4_ngboost_student_t,4200.0,0,0.0,20,20,0,True,0.11
SCEN_2023_LOW_P4_ngboost_student_t_S1884,1884,P4_ngboost_student_t,4200.0,0,0.0,20,20,0,True,0.11
SCEN_2023_LOW_P4_ngboost_student_t_S1885,1885,P4_ngboost_student_t,4200.0,0,0.0,20,20,0,True,0.11
SCEN_2023_LOW_P4_ngboost_student_t_S1886,1886,P4_ngboost_student_t,4200.0,0,0.0,20,20,0,True,0.11
SCEN_2023_LOW_P4_ngboost_student_t_S1887,1887,P4_ngboost_student_t,4200.0,0,0.0,20,20,0,True,0.11
SCEN_2023_LOW_P4_ngboost_student_t_S1888,1888,P4_ngboost_student_t,4200.0,0,0.0,20,20,0,True,0.11
SCEN_2023_LOW_P4_ngboost_student_t_S1889,1889,P4_ngboost_student_t,4200.0,0,0.0,20,20,0,True,0.11
SCEN_2023_LOW_P4_ngboost_student_t_S1890,1890,P4_ngboost_student_t,4200.0,0,0.0,20,20,0,True,0.14
SCEN_2023_LOW_P4_ngboost_student_t_S1891,1891,P4_ngboost_student_t,4200.0,0,0.0,20,20,0,True,0.11
SCEN_2023_LOW_P4_ngboost_student_t_S1892,1892,P4_ngboost_student_t,4200.0,0,0.0,20,20,0,True,0.12
SCEN_2023_LOW_P4_ngboost_student_t_S1893,1893,P4_ngboost_student_t,4200.0,0,0.0,20,20,0,True,0.11
SCEN_2023_LOW_P4_ngboost_student_t_S1894,1894,P4_ngboost_student_t,4200.0,0,0.0,20,20,0,True,0.12
SCEN_2023_LOW_P4_ngboost_student_t_S1895,1895,P4_ngboost_student_t,4200.0,0,0.0,20,20,0,True,0.12
SCEN_2023_LOW_P4_ngboost_student_t_S1896,1896,P4_ngboost_student_t,4200.0,0,0.0,20,20,0,True,0.11
SCEN_2023_LOW_P4_ngboost_student_t_S1897,1897,P4_ngboost_student_t,4200.0,0,0.0,20,20,0,True,0.11
SCEN_2023_LOW_P4_ngboost_student_t_S1898,1898,P4_ngboost_student_t,4200.0,0,0.0,20,20,0,True,0.11
SCEN_2023_LOW_P4_ngboost_student_t_S1899,1899,P4_ngboost_student_t,4200.0,0,0.0,20,20,0,True,0.11
SCEN_2023_LOW_P4_ngboost_student_t_S1900,1900,P4_ngboost_student_t,4200.0,0,0.0,20,20,0,True,0.12
SCEN_2023_LOW_P4_ngboost_student_t_S1901,1901,P4_ngboost_student_t,4200.0,0,0.0,20,20,0,True,0.11
SCEN_2023_LOW_P4_ngboost_student_t_S1902,1902,P4_ngboost_student_t,4200.0,0,0.0,20,20,0,True,0.12
SCEN_2023_LOW_P4_ngboost_student_t_S1903,1903,P4_ngboost_student_t,4200.0,0,0.0,20,20,0,True,0.11
SCEN_2023_LOW_P4_ngboost_student_t_S1904,1904,P4_ngboost_student_t,4200.0,0,0.0,20,20,0,True,0.14
SCEN_2023_LOW_P4_ngboost_student_t_S1905,1905,P4_ngboost_student_t,4200.0,0,0.0,20,20,0,True,0.11
SCEN_2023_LOW_P4_ngboost_student_t_S1906,1906,P4_ngboost_student_t,4200.0,0,0.0,20,20,0,True,0.14
SCEN_2023_LOW_P4_ngboost_student_t_S1907,1907,P4_ngboost_student_t,4200.0,0,0.0,20,20,0,True,0.11
SCEN_2023_LOW_P4_ngboost_student_t_S1908,1908,P4_ngboost_student_t,4200.0,0,0.0,20,20,0,True,0.11
SCEN_2023_LOW_P4_ngboost_student_t_S1909,1909,P4_ngboost_student_t,4200.0,0,0.0,20,20,0,True,0.11
SCEN_2023_LOW_P4_ngboost_student_t_S1910,1910,P4_ngboost_student_t,4200.0,0,0.0,20,20,0,True,0.13
SCEN_2023_LOW_P4_ngboost_student_t_S1911,1911,P4_ngboost_student_t,4200.0,0,0.0,20,20,0,True,0.11
SCEN_2023_LOW_P4_ngboost_student_t_S1912,1912,P4_ngboost_student_t,4200.0,0,0.0,20,20,0,True,0.12
SCEN_2023_LOW_P4_ngboost_student_t_S1913,1913,P4_ngboost_student_t,4200.0,0,0.0,20,20,0,True,0.11
SCEN_2023_LOW_P4_ngboost_student_t_S1914,1914,P4_ngboost_student_t,4200.0,0,0.0,20,20,0,True,0.14
SCEN_2023_LOW_P4_ngboost_student_t_S1915,1915,P4_ngboost_student_t,4200.0,0,0.0,20,20,0,True,0.12
SCEN_2023_LOW_P4_ngboost_student_t_S1916,1916,P4_ngboost_student_t,4200.0,0,0.0,20,20,0,True,0.12
SCEN_2023_LOW_P4_ngboost_student_t_S1917,1917,P4_ngboost_student_t,4200.0,0,0.0,20,20,0,True,0.11
SCEN_2023_LOW_P4_ngboost_student_t_S1918,1918,P4_ngboost_student_t,4200.0,0,0.0,20,20,0,True,0.13
SCEN_2023_LOW_P4_ngboost_student_t_S1919,1919,P4_ngboost_student_t,4200.0,0,0.0,20,20,0,True,0.11
SCEN_2023_LOW_P4_ngboost_student_t_S1920,1920,P4_ngboost_student_t,4200.0,0,0.0,20,20,0,True,0.11
SCEN_2023_LOW_P4_ngboost_student_t_S1921,1921,P4_ngboost_student_t,4200.0,0,0.0,20,20,0,True,0.11
SCEN_2023_LOW_P4_ngboost_student_t_S1922,1922,P4_ngboost_student_t,4200.0,0,0.0,20,20,0,True,0.13
SCEN_2023_LOW_P4_ngboost_student_t_S1923,1923,P4_ngboost_student_t,4200.0,0,0.0,20,20,0,True,0.11
SCEN_2023_LOW_P4_ngboost_student_t_S1924,1924,P4_ngboost_student_t,4200.0,0,0.0,20,20,0,True,0.11
SCEN_2023_LOW_P4_ngboost_student_t_S1925,1925,P4_ngboost_student_t,4200.0,0,0.0,20,20,0,True,0.14
SCEN_2023_LOW_P4_ngboost_student_t_S1926,1926,P4_ngboost_student_t,4200.0,0,0.0,20,20,0,True,0.11
SCEN_2023_LOW_P4_ngboost_student_t_S1927,1927,P4_ngboost_student_t,4200.0,0,0.0,20,20,0,True,0.12
SCEN_2023_LOW_P4_ngboost_student_t_S1928,1928,P4_ngboost_student_t,4200.0,0,0.0,20,20,0,True,0.11
SCEN_2023_LOW_P4_ngboost_student_t_S1929,1929,P4_ngboost_student_t,4200.0,0,0.0,20,20,0,True,0.11
SCEN_2023_LOW_P4_ngboost_student_t_S1930,1930,P4_ngboost_student_t,4200.0,0,0.0,20,20,0,True,0.13
SCEN_2023_LOW_P4_ngboost_student_t_S1931,1931,P4_ngboost_student_t,4200.0,0,0.0,20,20,0,True,0.11
SCEN_2023_LOW_P4_ngboost_student_t_S1932,1932,P4_ngboost_student_t,4200.0,0,0.0,20,20,0,True,0.12
SCEN_2023_LOW_P4_ngboost_student_t_S1933,1933,P4_ngboost_student_t,4200.0,0,0.0,20,20,0,True,0.11
SCEN_2023_LOW_P4_ngboost_student_t_S1934,1934,P4_ngboost_student_t,4200.0,0,0.0,20,20,0,True,0.12
SCEN_2023_LOW_P4_ngboost_student_t_S1935,1935,P4_ngboost_student_t,4200.0,0,0.0,20,20,0,True,0.11
SCEN_2023_LOW_P4_ngboost_student_t_S1936,1936,P4_ngboost_student_t,4200.0,0,0.0,20,20,0,True,0.12
SCEN_2023_LOW_P4_ngboost_student_t_S1937,1937,P4_ngboost_student_t,4200.0,0,0.0,20,20,0,True,0.12
SCEN_2023_LOW_P4_ngboost_student_t_S1938,1938,P4_ngboost_student_t,4200.0,0,0.0,20,20,0,True,0.13
SCEN_2023_LOW_P4_ngboost_student_t_S1939,1939,P4_ngboost_student_t,4200.0,0,0.0,20,20,0,True,0.11
SCEN_2023_LOW_P4_ngboost_student_t_S1940,1940,P4_ngboost_student_t,4200.0,0,0.0,20,20,0,True,0.11
SCEN_2023_LOW_P4_ngboost_student_t_S1941,1941,P4_ngboost_student_t,4200.0,0,0.0,20,20,0,True,0.11
SCEN_2023_LOW_P4_ngboost_student_t_S1942,1942,P4_ngboost_student_t,4200.0,0,0.0,20,20,0,True,0.13
SCEN_2023_LOW_P4_ngboost_student_t_S1943,1943,P4_ngboost_student_t,4200.0,0,0.0,20,20,0,True,0.11
SCEN_2023_LOW_P4_ngboost_student_t_S1944,1944,P4_ngboost_student_t,4200.0,0,0.0,20,20,0,True,0.11
SCEN_2023_LOW_P4_ngboost_student_t_S1945,1945,P4_ngboost_student_t,4200.0,0,0.0,20,20,0,True,0.12
SCEN_2023_LOW_P4_ngboost_student_t_S1946,1946,P4_ngboost_student_t,4200.0,0,0.0,20,20,0,True,0.11
SCEN_2023_LOW_P4_ngboost_student_t_S1947,1947,P4_ngboost_student_t,4200.0,0,0.0,20,20,0,True,0.11
SCEN_2023_LOW_P4_ngboost_student_t_S1948,1948,P4_ngboost_student_t,4200.0,0,0.0,20,20,0,True,0.11
SCEN_2023_LOW_P4_ngboost_student_t_S1949,1949,P4_ngboost_student_t,4200.0,0,0.0,20,20,0,True,0.11
SCEN_2023_LOW_P4_ngboost_student_t_S1950,1950,P4_ngboost_student_t,4200.0,0,0.0,20,20,0,True,0.13
SCEN_2023_LOW_P4_ngboost_student_t_S1951,1951,P4_ngboost_student_t,4200.0,0,0.0,20,20,0,True,0.15
SCEN_2023_LOW_P4_ngboost_student_t_S1952,1952,P4_ngboost_student_t,4200.0,0,0.0,20,20,0,True,0.11
SCEN_2023_LOW_P4_ngboost_student_t_S1953,1953,P4_ngboost_student_t,4200.0,0,0.0,20,20,0,True,0.12
SCEN_2023_LOW_P4_ngboost_student_t_S1954,1954,P4_ngboost_student_t,4200.0,0,0.0,20,20,0,True,0.16
SCEN_2023_LOW_P4_ngboost_student_t_S1955,1955,P4_ngboost_student_t,4200.0,0,0.0,20,20,0,True,0.11
SCEN_2023_LOW_P4_ngboost_student_t_S1956,1956,P4_ngboost_student_t,4200.0,0,0.0,20,20,0,True,0.11
SCEN_2023_LOW_P4_ngboost_student_t_S1957,1957,P4_ngboost_student_t,4200.0,0,0.0,20,20,0,True,0.11
SCEN_2023_LOW_P4_ngboost_student_t_S1958,1958,P4_ngboost_student_t,4200.0,0,0.0,20,20,0,True,0.14
SCEN_2023_LOW_P4_ngboost_student_t_S1959,1959,P4_ngboost_student_t,4200.0,0,0.0,20,20,0,True,0.12
SCEN_2023_LOW_P4_ngboost_student_t_S1960,1960,P4_ngboost_student_t,4200.0,0,0.0,20,20,0,True,0.12
SCEN_2023_LOW_P4_ngboost_student_t_S1961,1961,P4_ngboost_student_t,4200.0,0,0.0,20,20,0,True,0.11
SCEN_2023_LOW_P4_ngboost_student_t_S1962,1962,P4_ngboost_student_t,4200.0,0,0.0,20,20,0,True,0.12
SCEN_2023_LOW_P4_ngboost_student_t_S1963,1963,P4_ngboost_student_t,4200.0,0,0.0,20,20,0,True,0.11
SCEN_2023_LOW_P4_ngboost_student_t_S1964,1964,P4_ngboost_student_t,4200.0,0,0.0,20,20,0,True,0.11
SCEN_2023_LOW_P4_ngboost_student_t_S1965,1965,P4_ngboost_student_t,4200.0,0,0.0,20,20,0,True,0.14
SCEN_2023_LOW_P4_ngboost_student_t_S1966,1966,P4_ngboost_student_t,4200.0,0,0.0,20,20,0,True,0.11
SCEN_2023_LOW_P4_ngboost_student_t_S1967,1967,P4_ngboost_student_t,4200.0,0,0.0,20,20,0,True,0.11
SCEN_2023_LOW_P4_ngboost_student_t_S1968,1968,P4_ngboost_student_t,4200.0,0,0.0,20,20,0,True,0.11
SCEN_2023_LOW_P4_ngboost_student_t_S1969,1969,P4_ngboost_student_t,4200.0,0,0.0,20,20,0,True,0.11
SCEN_2023_LOW_P4_ngboost_student_t_S1970,1970,P4_ngboost_student_t,4200.0,0,0.0,20,20,0,True,0.16
SCEN_2023_LOW_P4_ngboost_student_t_S1971,1971,P4_ngboost_student_t,4200.0,0,0.0,20,20,0,True,0.11
SCEN_2023_LOW_P4_ngboost_student_t_S1972,1972,P4_ngboost_student_t,4200.0,0,0.0,20,20,0,True,0.22
SCEN_2023_LOW_P4_ngboost_student_t_S1973,1973,P4_ngboost_student_t,4200.0,0,0.0,20,20,0,True,0.12
SCEN_2023_LOW_P4_ngboost_student_t_S1974,1974,P4_ngboost_student_t,4200.0,0,0.0,20,20,0,True,0.11
SCEN_2023_LOW_P4_ngboost_student_t_S1975,1975,P4_ngboost_student_t,4200.0,0,0.0,20,20,0,True,0.11
SCEN_2023_LOW_P4_ngboost_student_t_S1976,1976,P4_ngboost_student_t,4200.0,0,0.0,20,20,0,True,0.12
SCEN_2023_LOW_P4_ngboost_student_t_S1977,1977,P4_ngboost_student_t,4200.0,0,0.0,20,20,0,True,0.12
SCEN_2023_LOW_P4_ngboost_student_t_S1978,1978,P4_ngboost_student_t,4200.0,0,0.0,20,20,0,True,0.11
SCEN_2023_LOW_P4_ngboost_student_t_S1979,1979,P4_ngboost_student_t,4200.0,0,0.0,20,20,0,True,0.22
SCEN_2023_LOW_P4_ngboost_student_t_S1980,1980,P4_ngboost_student_t,4200.0,0,0.0,20,20,0,True,0.11
SCEN_2023_LOW_P4_ngboost_student_t_S1981,1981,P4_ngboost_student_t,4200.0,0,0.0,20,20,0,True,0.11
SCEN_2023_LOW_P4_ngboost_student_t_S1982,1982,P4_ngboost_student_t,4200.0,0,0.0,20,20,0,True,0.11
SCEN_2023_LOW_P4_ngboost_student_t_S1983,1983,P4_ngboost_student_t,4200.0,0,0.0,20,20,0,True,0.11
SCEN_2023_LOW_P4_ngboost_student_t_S1984,1984,P4_ngboost_student_t,4200.0,0,0.0,20,20,0,True,0.11
SCEN_2023_LOW_P4_ngboost_student_t_S1985,1985,P4_ngboost_student_t,4200.0,0,0.0,20,20,0,True,0.11
SCEN_2023_LOW_P4_ngboost_student_t_S1986,1986,P4_ngboost_student_t,4200.0,0,0.0,20,20,0,True,0.11
SCEN_2023_LOW_P4_ngboost_student_t_S1987,1987,P4_ngboost_student_t,4200.0,0,0.0,20,20,0,True,0.12
SCEN_2023_LOW_P4_ngboost_student_t_S1988,1988,P4_ngboost_student_t,4200.0,0,0.0,20,20,0,True,0.11
SCEN_2023_LOW_P4_ngboost_student_t_S1989,1989,P4_ngboost_student_t,4200.0,0,0.0,20,20,0,True,0.12
SCEN_2023_LOW_P4_ngboost_student_t_S1990,1990,P4_ngboost_student_t,4200.0,0,0.0,20,20,0,True,0.11
SCEN_2023_LOW_P4_ngboost_student_t_S1991,1991,P4_ngboost_student_t,4200.0,0,0.0,20,20,0,True,0.12
SCEN_2023_LOW_P4_ngboost_student_t_S1992,1992,P4_ngboost_student_t,4200.0,0,0.0,20,20,0,True,0.11
SCEN_2023_LOW_P4_ngboost_student_t_S1993,1993,P4_ngboost_student_t,4200.0,0,0.0,20,20,0,True,0.11
SCEN_2023_LOW_P4_ngboost_student_t_S1994,1994,P4_ngboost_student_t,4200.0,0,0.0,20,20,0,True,0.11
SCEN_2023_LOW_P4_ngboost_student_t_S1995,1995,P4_ngboost_student_t,4200.0,0,0.0,20,20,0,True,0.11
SCEN_2023_LOW_P4_ngboost_student_t_S1996,1996,P4_ngboost_student_t,4200.0,0,0.0,20,20,0,True,0.11
SCEN_2023_LOW_P4_ngboost_student_t_S1997,1997,P4_ngboost_student_t,4200.0,0,0.0,20,20,0,True,0.11
SCEN_2023_LOW_P4_ngboost_student_t_S1998,1998,P4_ngboost_student_t,4200.0,0,0.0,20,20,0,True,0.11
SCEN_2023_LOW_P4_ngboost_student_t_S1999,1999,P4_ngboost_student_t,4200.0,0,0.0,20,20,0,True,0.11
SCEN_2023_LOW_P4_ngboost_student_t_S2000,2000,P4_ngboost_student_t,4200.0,0,0.0,20,20,0,True,0.12
SCEN_2023_LOW_P4_ngboost_student_t_S2001,2001,P4_ngboost_student_t,4200.0,0,0.0,20,20,0,True,0.15
SCEN_2023_LOW_P4_ngboost_student_t_S2002,2002,P4_ngboost_student_t,4200.0,0,0.0,20,20,0,True,0.11
SCEN_2023_LOW_P4_ngboost_student_t_S2003,2003,P4_ngboost_student_t,4200.0,0,0.0,20,20,0,True,0.12
SCEN_2023_LOW_P4_ngboost_student_t_S2004,2004,P4_ngboost_student_t,4200.0,0,0.0,20,20,0,True,0.13
SCEN_2023_LOW_P4_ngboost_student_t_S2005,2005,P4_ngboost_student_t,4200.0,0,0.0,20,20,0,True,0.11
SCEN_2023_LOW_P4_ngboost_student_t_S2006,2006,P4_ngboost_student_t,4200.0,0,0.0,20,20,0,True,0.11
SCEN_2023_LOW_P4_ngboost_student_t_S2007,2007,P4_ngboost_student_t,4200.0,0,0.0,20,20,0,True,0.11
SCEN_2023_LOW_P4_ngboost_student_t_S2008,2008,P4_ngboost_student_t,4200.0,0,0.0,20,20,0,True,0.11
SCEN_2023_LOW_P4_ngboost_student_t_S2009,2009,P4_ngboost_student_t,4200.0,0,0.0,20,20,0,True,0.11
SCEN_2023_LOW_P4_ngboost_student_t_S2010,2010,P4_ngboost_student_t,4200.0,0,0.0,20,20,0,True,0.11
SCEN_2023_LOW_P4_ngboost_student_t_S2011,2011,P4_ngboost_student_t,4200.0,0,0.0,20,20,0,True,0.11
SCEN_2023_LOW_P4_ngboost_student_t_S2012,2012,P4_ngboost_student_t,4200.0,0,0.0,20,20,0,True,0.11
SCEN_2023_LOW_P4_ngboost_student_t_S2013,2013,P4_ngboost_student_t,4200.0,0,0.0,20,20,0,True,0.11
SCEN_2023_LOW_P4_ngboost_student_t_S2014,2014,P4_ngboost_student_t,4200.0,0,0.0,20,20,0,True,0.16
SCEN_2023_LOW_P4_ngboost_student_t_S2015,2015,P4_ngboost_student_t,4200.0,0,0.0,20,20,0,True,0.11
SCEN_2023_LOW_P4_ngboost_student_t_S2016,2016,P4_ngboost_student_t,4200.0,0,0.0,20,20,0,True,0.11
SCEN_2023_LOW_P4_ngboost_student_t_S2017,2017,P4_ngboost_student_t,4200.0,0,0.0,20,20,0,True,0.11
SCEN_2023_LOW_P4_ngboost_student_t_S2018,2018,P4_ngboost_student_t,4200.0,0,0.0,20,20,0,True,0.11
SCEN_2023_LOW_P4_ngboost_student_t_S2019,2019,P4_ngboost_student_t,4200.0,0,0.0,20,20,0,True,0.18
SCEN_2023_LOW_P4_ngboost_student_t_S2020,2020,P4_ngboost_student_t,4200.0,0,0.0,20,20,0,True,0.12
SCEN_2023_LOW_P4_ngboost_student_t_S2021,2021,P4_ngboost_student_t,4200.0,0,0.0,20,20,0,True,0.11
SCEN_2023_LOW_P4_ngboost_student_t_S2022,2022,P4_ngboost_student_t,4200.0,0,0.0,20,20,0,True,0.11
SCEN_2023_LOW_P4_ngboost_student_t_S2023,2023,P4_ngboost_student_t,4200.0,0,0.0,20,20,0,True,0.11
SCEN_2023_LOW_P4_ngboost_student_t_S2024,2024,P4_ngboost_student_t,4200.0,0,0.0,20,20,0,True,0.11
SCEN_2023_LOW_P4_ngboost_student_t_S2025,2025,P4_ngboost_student_t,4200.0,0,0.0,20,20,0,True,0.11
SCEN_2023_LOW_P4_ngboost_student_t_S2026,2026,P4_ngboost_student_t,4200.0,0,0.0,20,20,0,True,0.11
SCEN_2023_LOW_P4_ngboost_student_t_S2027,2027,P4_ngboost_student_t,4200.0,0,0.0,20,20,0,True,0.12
SCEN_2023_LOW_P4_ngboost_student_t_S2028,2028,P4_ngboost_student_t,4200.0,0,0.0,20,20,0,True,0.12
SCEN_2023_LOW_P4_ngboost_student_t_S2029,2029,P4_ngboost_student_t,4200.0,0,0.0,20,20,0,True,0.12
SCEN_2023_LOW_P4_ngboost_student_t_S2030,2030,P4_ngboost_student_t,4200.0,0,0.0,20,20,0,True,0.12
SCEN_2023_LOW_P4_ngboost_student_t_S2031,2031,P4_ngboost_student_t,4200.0,0,0.0,20,20,0,True,0.11
SCEN_2023_LOW_P4_ngboost_student_t_S2032,2032,P4_ngboost_student_t,4200.0,0,0.0,20,20,0,True,0.12
SCEN_2023_LOW_P4_ngboost_student_t_S2033,2033,P4_ngboost_student_t,4200.0,0,0.0,20,20,0,True,0.13
SCEN_2023_LOW_P4_ngboost_student_t_S2034,2034,P4_ngboost_student_t,4200.0,0,0.0,20,20,0,True,0.12
SCEN_2023_LOW_P4_ngboost_student_t_S2035,2035,P4_ngboost_student_t,4200.0,0,0.0,20,20,0,True,0.12
SCEN_2023_LOW_P4_ngboost_student_t_S2036,2036,P4_ngboost_student_t,4200.0,0,0.0,20,20,0,True,0.13
SCEN_2023_LOW_P4_ngboost_student_t_S2037,2037,P4_ngboost_student_t,4200.0,0,0.0,20,20,0,True,0.12
SCEN_2023_LOW_P4_ngboost_student_t_S2038,2038,P4_ngboost_student_t,4200.0,0,0.0,20,20,0,True,0.12
SCEN_2023_LOW_P4_ngboost_student_t_S2039,2039,P4_ngboost_student_t,4200.0,0,0.0,20,20,0,True,0.17
SCEN_2023_LOW_P4_ngboost_student_t_S2040,2040,P4_ngboost_student_t,4200.0,0,0.0,20,20,0,True,0.12
SCEN_2023_LOW_P4_ngboost_student_t_S2041,2041,P4_ngboost_student_t,4200.0,0,0.0,20,20,0,True,0.12
SCEN_2023_LOW_P4_ngboost_student_t_S2042,2042,P4_ngboost_student_t,4200.0,0,0.0,20,20,0,True,0.13
SCEN_2023_LOW_P4_ngboost_student_t_S2043,2043,P4_ngboost_student_t,4200.0,0,0.0,20,20,0,True,0.13
SCEN_2023_LOW_P4_ngboost_student_t_S2044,2044,P4_ngboost_student_t,4200.0,0,0.0,20,20,0,True,0.12
SCEN_2023_LOW_P4_ngboost_student_t_S2045,2045,P4_ngboost_student_t,4200.0,0,0.0,20,20,0,True,0.12
SCEN_2023_LOW_P4_ngboost_student_t_S2046,2046,P4_ngboost_student_t,4200.0,0,0.0,20,20,0,True,0.12
SCEN_2023_LOW_P4_ngboost_student_t_S2047,2047,P4_ngboost_student_t,4200.0,0,0.0,20,20,0,True,0.11
SCEN_2023_LOW_P4_ngboost_student_t_S2048,2048,P4_ngboost_student_t,4200.0,0,0.0,20,20,0,True,0.15
SCEN_2023_LOW_P4_ngboost_student_t_S2049,2049,P4_ngboost_student_t,4200.0,0,0.0,20,20,0,True,0.15
SCEN_2023_LOW_P4_ngboost_student_t_S2050,2050,P4_ngboost_student_t,4200.0,0,0.0,20,20,0,True,0.12
SCEN_2023_LOW_P4_ngboost_student_t_S2051,2051,P4_ngboost_student_t,4200.0,0,0.0,20,20,0,True,0.12
SCEN_2023_LOW_P4_ngboost_student_t_S2052,2052,P4_ngboost_student_t,4200.0,0,0.0,20,20,0,True,0.16
SCEN_2023_LOW_P4_ngboost_student_t_S2053,2053,P4_ngboost_student_t,4200.0,0,0.0,20,20,0,True,0.12
SCEN_2023_LOW_P4_ngboost_student_t_S2054,2054,P4_ngboost_student_t,4200.0,0,0.0,20,20,0,True,0.12
SCEN_2023_LOW_P4_ngboost_student_t_S2055,2055,P4_ngboost_student_t,4200.0,0,0.0,20,20,0,True,0.14
SCEN_2023_LOW_P4_ngboost_student_t_S2056,2056,P4_ngboost_student_t,4200.0,0,0.0,20,20,0,True,0.12
SCEN_2023_LOW_P4_ngboost_student_t_S2057,2057,P4_ngboost_student_t,4200.0,0,0.0,20,20,0,True,0.12
SCEN_2023_LOW_P4_ngboost_student_t_S2058,2058,P4_ngboost_student_t,4200.0,0,0.0,20,20,0,True,0.12
SCEN_2023_LOW_P4_ngboost_student_t_S2059,2059,P4_ngboost_student_t,4200.0,0,0.0,20,20,0,True,0.12
SCEN_2023_LOW_P4_ngboost_student_t_S2060,2060,P4_ngboost_student_t,4200.0,0,0.0,20,20,0,True,0.12
SCEN_2023_LOW_P4_ngboost_student_t_S2061,2061,P4_ngboost_student_t,4200.0,0,0.0,20,20,0,True,0.11
SCEN_2023_LOW_P4_ngboost_student_t_S2062,2062,P4_ngboost_student_t,4200.0,0,0.0,20,20,0,True,0.13
SCEN_2023_LOW_P4_ngboost_student_t_S2063,2063,P4_ngboost_student_t,4200.0,0,0.0,20,20,0,True,0.12
SCEN_2023_LOW_P4_ngboost_student_t_S2064,2064,P4_ngboost_student_t,4200.0,0,0.0,20,20,0,True,0.12
SCEN_2023_LOW_P4_ngboost_student_t_S2065,2065,P4_ngboost_student_t,4200.0,0,0.0,20,20,0,True,0.12
SCEN_2023_LOW_P4_ngboost_student_t_S2066,2066,P4_ngboost_student_t,4200.0,0,0.0,20,20,0,True,0.12
SCEN_2023_LOW_P4_ngboost_student_t_S2067,2067,P4_ngboost_student_t,4200.0,0,0.0,20,20,0,True,0.12
SCEN_2023_LOW_P4_ngboost_student_t_S2068,2068,P4_ngboost_student_t,4200.0,0,0.0,20,20,0,True,0.12
SCEN_2023_LOW_P4_ngboost_student_t_S2069,2069,P4_ngboost_student_t,4200.0,0,0.0,20,20,0,True,0.12
SCEN_2023_LOW_P4_ngboost_student_t_S2070,2070,P4_ngboost_student_t,4200.0,0,0.0,20,20,0,True,0.14
SCEN_2023_LOW_P4_ngboost_student_t_S2071,2071,P4_ngboost_student_t,4200.0,0,0.0,20,20,0,True,0.12
SCEN_2023_LOW_P4_ngboost_student_t_S2072,2072,P4_ngboost_student_t,4200.0,0,0.0,20,20,0,True,0.12
SCEN_2023_LOW_P4_ngboost_student_t_S2073,2073,P4_ngboost_student_t,4200.0,0,0.0,20,20,0,True,0.12
SCEN_2023_LOW_P4_ngboost_student_t_S2074,2074,P4_ngboost_student_t,4200.0,0,0.0,20,20,0,True,0.12
SCEN_2023_LOW_P4_ngboost_student_t_S2075,2075,P4_ngboost_student_t,4200.0,0,0.0,20,20,0,True,0.12
SCEN_2023_LOW_P4_ngboost_student_t_S2076,2076,P4_ngboost_student_t,4200.0,0,0.0,20,20,0,True,0.12
SCEN_2023_LOW_P4_ngboost_student_t_S2077,2077,P4_ngboost_student_t,4200.0,0,0.0,20,20,0,True,0.12
SCEN_2023_LOW_P4_ngboost_student_t_S2078,2078,P4_ngboost_student_t,4200.0,0,0.0,20,20,0,True,0.13
SCEN_2023_LOW_P4_ngboost_student_t_S2079,2079,P4_ngboost_student_t,4200.0,0,0.0,20,20,0,True,0.12
SCEN_2023_LOW_P4_ngboost_student_t_S2080,2080,P4_ngboost_student_t,4200.0,0,0.0,20,20,0,True,0.12
SCEN_2023_LOW_P4_ngboost_student_t_S2081,2081,P4_ngboost_student_t,4200.0,0,0.0,20,20,0,True,0.12
SCEN_2023_LOW_P4_ngboost_student_t_S2082,2082,P4_ngboost_student_t,4200.0,0,0.0,20,20,0,True,0.12
SCEN_2023_LOW_P4_ngboost_student_t_S2083,2083,P4_ngboost_student_t,4200.0,0,0.0,20,20,0,True,0.12
SCEN_2023_LOW_P4_ngboost_student_t_S2084,2084,P4_ngboost_student_t,4200.0,0,0.0,20,20,0,True,0.12
SCEN_2023_LOW_P4_ngboost_student_t_S2085,2085,P4_ngboost_student_t,4200.0,0,0.0,20,20,0,True,0.14
SCEN_2023_LOW_P4_ngboost_student_t_S2086,2086,P4_ngboost_student_t,4200.0,0,0.0,20,20,0,True,0.12
SCEN_2023_LOW_P4_ngboost_student_t_S2087,2087,P4_ngboost_student_t,4200.0,0,0.0,20,20,0,True,0.12
SCEN_2023_LOW_P4_ngboost_student_t_S2088,2088,P4_ngboost_student_t,4200.0,0,0.0,20,20,0,True,0.13
SCEN_2023_LOW_P4_ngboost_student_t_S2089,2089,P4_ngboost_student_t,4200.0,0,0.0,20,20,0,True,0.15
SCEN_2023_LOW_P4_ngboost_student_t_S2090,2090,P4_ngboost_student_t,4200.0,0,0.0,20,20,0,True,0.12
SCEN_2023_LOW_P4_ngboost_student_t_S2091,2091,P4_ngboost_student_t,4200.0,0,0.0,20,20,0,True,0.14
SCEN_2023_LOW_P4_ngboost_student_t_S2092,2092,P4_ngboost_student_t,4200.0,0,0.0,20,20,0,True,0.13
SCEN_2023_LOW_P4_ngboost_student_t_S2093,2093,P4_ngboost_student_t,4200.0,0,0.0,20,20,0,True,0.12
SCEN_2023_LOW_P4_ngboost_student_t_S2094,2094,P4_ngboost_student_t,4200.0,0,0.0,20,20,0,True,0.15
SCEN_2023_LOW_P4_ngboost_student_t_S2095,2095,P4_ngboost_student_t,4200.0,0,0.0,20,20,0,True,0.12
SCEN_2023_LOW_P4_ngboost_student_t_S2096,2096,P4_ngboost_student_t,4200.0,0,0.0,20,20,0,True,0.12
SCEN_2023_LOW_P4_ngboost_student_t_S2097,2097,P4_ngboost_student_t,4200.0,0,0.0,20,20,0,True,0.12
SCEN_2023_LOW_P4_ngboost_student_t_S2098,2098,P4_ngboost_student_t,4200.0,0,0.0,20,20,0,True,0.14
SCEN_2023_LOW_P4_ngboost_student_t_S2099,2099,P4_ngboost_student_t,4200.0,0,0.0,20,20,0,True,0.12
SCEN_2023_LOW_P4_ngboost_student_t_S2100,2100,P4_ngboost_student_t,4200.0,0,0.0,20,20,0,True,0.12
SCEN_2023_LOW_P4_ngboost_student_t_S2101,2101,P4_ngboost_student_t,4200.0,0,0.0,20,20,0,True,0.13
SCEN_2023_LOW_P4_ngboost_student_t_S2102,2102,P4_ngboost_student_t,4200.0,0,0.0,20,20,0,True,0.12
SCEN_2023_LOW_P4_ngboost_student_t_S2103,2103,P4_ngboost_student_t,4200.0,0,0.0,20,20,0,True,0.12
SCEN_2023_LOW_P4_ngboost_student_t_S2104,2104,P4_ngboost_student_t,4200.0,0,0.0,20,20,0,True,0.14
SCEN_2023_LOW_P4_ngboost_student_t_S2105,2105,P4_ngboost_student_t,4200.0,0,0.0,20,20,0,True,0.12
SCEN_2023_LOW_P4_ngboost_student_t_S2106,2106,P4_ngboost_student_t,4200.0,0,0.0,20,20,0,True,0.12
SCEN_2023_LOW_P4_ngboost_student_t_S2107,2107,P4_ngboost_student_t,4200.0,0,0.0,20,20,0,True,0.12
SCEN_2023_LOW_P4_ngboost_student_t_S2108,2108,P4_ngboost_student_t,4200.0,0,0.0,20,20,0,True,0.15
SCEN_2023_LOW_P4_ngboost_student_t_S2109,2109,P4_ngboost_student_t,4200.0,0,0.0,20,20,0,True,0.12
SCEN_2023_LOW_P4_ngboost_student_t_S2110,2110,P4_ngboost_student_t,4200.0,0,0.0,20,20,0,True,0.12
SCEN_2023_LOW_P4_ngboost_student_t_S2111,2111,P4_ngboost_student_t,4200.0,0,0.0,20,20,0,True,0.12
SCEN_2023_LOW_P4_ngboost_student_t_S2112,2112,P4_ngboost_student_t,4200.0,0,0.0,20,20,0,True,0.12
SCEN_2023_LOW_P4_ngboost_student_t_S2113,2113,P4_ngboost_student_t,4200.0,0,0.0,20,20,0,True,0.12
SCEN_2023_LOW_P4_ngboost_student_t_S2114,2114,P4_ngboost_student_t,4200.0,0,0.0,20,20,0,True,0.12
SCEN_2023_LOW_P4_ngboost_student_t_S2115,2115,P4_ngboost_student_t,4200.0,0,0.0,20,20,0,True,0.12
SCEN_2023_LOW_P4_ngboost_student_t_S2116,2116,P4_ngboost_student_t,4200.0,0,0.0,20,20,0,True,0.12
SCEN_2023_LOW_P4_ngboost_student_t_S2117,2117,P4_ngboost_student_t,4200.0,0,0.0,20,20,0,True,0.15
SCEN_2023_LOW_P4_ngboost_student_t_S2118,2118,P4_ngboost_student_t,4200.0,0,0.0,20,20,0,True,0.12
SCEN_2023_LOW_P4_ngboost_student_t_S2119,2119,P4_ngboost_student_t,4200.0,0,0.0,20,20,0,True,0.11
SCEN_2023_LOW_P4_ngboost_student_t_S2120,2120,P4_ngboost_student_t,4200.0,0,0.0,20,20,0,True,0.15
SCEN_2023_LOW_P4_ngboost_student_t_S2121,2121,P4_ngboost_student_t,4200.0,0,0.0,20,20,0,True,0.14
SCEN_2023_LOW_P4_ngboost_student_t_S2122,2122,P4_ngboost_student_t,4200.0,0,0.0,20,20,0,True,0.11
SCEN_2023_LOW_P4_ngboost_student_t_S2123,2123,P4_ngboost_student_t,4200.0,0,0.0,20,20,0,True,0.11
SCEN_2023_LOW_P4_ngboost_student_t_S2124,2124,P4_ngboost_student_t,4200.0,0,0.0,20,20,0,True,0.12
SCEN_2023_LOW_P4_ngboost_student_t_S2125,2125,P4_ngboost_student_t,4200.0,0,0.0,20,20,0,True,0.11
SCEN_2023_LOW_P4_ngboost_student_t_S2126,2126,P4_ngboost_student_t,4200.0,0,0.0,20,20,0,True,0.11
SCEN_2023_LOW_P4_ngboost_student_t_S2127,2127,P4_ngboost_student_t,4200.0,0,0.0,20,20,0,True,0.11
SCEN_2023_LOW_P4_ngboost_student_t_S2128,2128,P4_ngboost_student_t,4200.0,0,0.0,20,20,0,True,0.11
SCEN_2023_LOW_P4_ngboost_student_t_S2129,2129,P4_ngboost_student_t,4200.0,0,0.0,20,20,0,True,0.13
SCEN_2023_LOW_P4_ngboost_student_t_S2130,2130,P4_ngboost_student_t,4200.0,0,0.0,20,20,0,True,0.11
SCEN_2023_LOW_P4_ngboost_student_t_S2131,2131,P4_ngboost_student_t,4200.0,0,0.0,20,20,0,True,0.12
SCEN_2023_LOW_P4_ngboost_student_t_S2132,2132,P4_ngboost_student_t,4200.0,0,0.0,20,20,0,True,0.19
SCEN_2023_LOW_P4_ngboost_student_t_S2133,2133,P4_ngboost_student_t,4200.0,0,0.0,20,20,0,True,0.11
SCEN_2023_LOW_P4_ngboost_student_t_S2134,2134,P4_ngboost_student_t,4200.0,0,0.0,20,20,0,True,0.11
SCEN_2023_LOW_P4_ngboost_student_t_S2135,2135,P4_ngboost_student_t,4200.0,0,0.0,20,20,0,True,0.11
SCEN_2023_LOW_P4_ngboost_student_t_S2136,2136,P4_ngboost_student_t,4200.0,0,0.0,20,20,0,True,0.22
SCEN_2023_LOW_P4_ngboost_student_t_S2137,2137,P4_ngboost_student_t,4200.0,0,0.0,20,20,0,True,0.11
SCEN_2023_LOW_P4_ngboost_student_t_S2138,2138,P4_ngboost_student_t,4200.0,0,0.0,20,20,0,True,0.11
SCEN_2023_LOW_P4_ngboost_student_t_S2139,2139,P4_ngboost_student_t,4200.0,0,0.0,20,20,0,True,0.11
SCEN_2023_LOW_P4_ngboost_student_t_S2140,2140,P4_ngboost_student_t,4200.0,0,0.0,20,20,0,True,0.12
SCEN_2023_LOW_P4_ngboost_student_t_S2141,2141,P4_ngboost_student_t,4200.0,0,0.0,20,20,0,True,0.12
SCEN_2023_LOW_P4_ngboost_student_t_S2142,2142,P4_ngboost_student_t,4200.0,0,0.0,20,20,0,True,0.12
SCEN_2023_LOW_P4_ngboost_student_t_S2143,2143,P4_ngboost_student_t,4200.0,0,0.0,20,20,0,True,0.11
SCEN_2023_LOW_P4_ngboost_student_t_S2144,2144,P4_ngboost_student_t,4200.0,0,0.0,20,20,0,True,0.12
SCEN_2023_LOW_P4_ngboost_student_t_S2145,2145,P4_ngboost_student_t,4200.0,0,0.0,20,20,0,True,0.11
SCEN_2023_LOW_P4_ngboost_student_t_S2146,2146,P4_ngboost_student_t,4200.0,0,0.0,20,20,0,True,0.11
SCEN_2023_LOW_P4_ngboost_student_t_S2147,2147,P4_ngboost_student_t,4200.0,0,0.0,20,20,0,True,0.11
SCEN_2023_LOW_P4_ngboost_student_t_S2148,2148,P4_ngboost_student_t,4200.0,0,0.0,20,20,0,True,0.11
SCEN_2023_LOW_P4_ngboost_student_t_S2149,2149,P4_ngboost_student_t,4200.0,0,0.0,20,20,0,True,0.12
SCEN_2023_LOW_P4_ngboost_student_t_S2150,2150,P4_ngboost_student_t,4200.0,0,0.0,20,20,0,True,0.11
SCEN_2023_LOW_P4_ngboost_student_t_S2151,2151,P4_ngboost_student_t,4200.0,0,0.0,20,20,0,True,0.11
SCEN_2023_LOW_P4_ngboost_student_t_S2152,2152,P4_ngboost_student_t,4200.0,0,0.0,20,20,0,True,0.11
SCEN_2023_LOW_P4_ngboost_student_t_S2153,2153,P4_ngboost_student_t,4200.0,0,0.0,20,20,0,True,0.11
SCEN_2023_LOW_P4_ngboost_student_t_S2154,2154,P4_ngboost_student_t,4200.0,0,0.0,20,20,0,True,0.11
SCEN_2023_LOW_P4_ngboost_student_t_S2155,2155,P4_ngboost_student_t,4200.0,0,0.0,20,20,0,True,0.11
SCEN_2023_LOW_P4_ngboost_student_t_S2156,2156,P4_ngboost_student_t,4200.0,0,0.0,20,20,0,True,0.11
SCEN_2023_LOW_P4_ngboost_student_t_S2157,2157,P4_ngboost_student_t,4200.0,0,0.0,20,20,0,True,0.11
SCEN_2023_LOW_P4_ngboost_student_t_S2158,2158,P4_ngboost_student_t,4200.0,0,0.0,20,20,0,True,0.12
SCEN_2023_LOW_P4_ngboost_student_t_S2159,2159,P4_ngboost_student_t,4200.0,0,0.0,20,20,0,True,0.21
SCEN_2023_LOW_P4_ngboost_student_t_S2160,2160,P4_ngboost_student_t,4200.0,0,0.0,20,20,0,True,0.11
SCEN_2023_LOW_P4_ngboost_student_t_S2161,2161,P4_ngboost_student_t,4200.0,0,0.0,20,20,0,True,0.11
SCEN_2023_LOW_P4_ngboost_student_t_S2162,2162,P4_ngboost_student_t,4200.0,0,0.0,20,20,0,True,0.11
SCEN_2023_LOW_P4_ngboost_student_t_S2163,2163,P4_ngboost_student_t,4200.0,0,0.0,20,20,0,True,0.11
SCEN_2023_LOW_P4_ngboost_student_t_S2164,2164,P4_ngboost_student_t,4200.0,0,0.0,20,20,0,True,0.13
SCEN_2023_LOW_P4_ngboost_student_t_S2165,2165,P4_ngboost_student_t,4200.0,0,0.0,20,20,0,True,0.11
SCEN_2023_LOW_P4_ngboost_student_t_S2166,2166,P4_ngboost_student_t,4200.0,0,0.0,20,20,0,True,0.12
SCEN_2023_LOW_P4_ngboost_student_t_S2167,2167,P4_ngboost_student_t,4200.0,0,0.0,20,20,0,True,0.12
SCEN_2023_LOW_P4_ngboost_student_t_S2168,2168,P4_ngboost_student_t,4200.0,0,0.0,20,20,0,True,0.11
SCEN_2023_LOW_P4_ngboost_student_t_S2169,2169,P4_ngboost_student_t,4200.0,0,0.0,20,20,0,True,0.11
SCEN_2023_LOW_P4_ngboost_student_t_S2170,2170,P4_ngboost_student_t,4200.0,0,0.0,20,20,0,True,0.11
SCEN_2023_LOW_P4_ngboost_student_t_S2171,2171,P4_ngboost_student_t,4200.0,0,0.0,20,20,0,True,0.11
SCEN_2023_LOW_P4_ngboost_student_t_S2172,2172,P4_ngboost_student_t,4200.0,0,0.0,20,20,0,True,0.16
SCEN_2023_LOW_P4_ngboost_student_t_S2173,2173,P4_ngboost_student_t,4200.0,0,0.0,20,20,0,True,0.11
SCEN_2023_LOW_P4_ngboost_student_t_S2174,2174,P4_ngboost_student_t,4200.0,0,0.0,20,20,0,True,0.12
SCEN_2023_LOW_P4_ngboost_student_t_S2175,2175,P4_ngboost_student_t,4200.0,0,0.0,20,20,0,True,0.11
SCEN_2023_LOW_P4_ngboost_student_t_S2176,2176,P4_ngboost_student_t,4200.0,0,0.0,20,20,0,True,0.11
SCEN_2023_LOW_P4_ngboost_student_t_S2177,2177,P4_ngboost_student_t,4200.0,0,0.0,20,20,0,True,0.11
SCEN_2023_LOW_P4_ngboost_student_t_S2178,2178,P4_ngboost_student_t,4200.0,0,0.0,20,20,0,True,0.11
SCEN_2023_LOW_P4_ngboost_student_t_S2179,2179,P4_ngboost_student_t,4200.0,0,0.0,20,20,0,True,0.13
SCEN_2023_LOW_P4_ngboost_student_t_S2180,2180,P4_ngboost_student_t,4200.0,0,0.0,20,20,0,True,0.18
SCEN_2023_LOW_P4_ngboost_student_t_S2181,2181,P4_ngboost_student_t,4200.0,0,0.0,20,20,0,True,0.11
SCEN_2023_LOW_P4_ngboost_student_t_S2182,2182,P4_ngboost_student_t,4200.0,0,0.0,20,20,0,True,0.11
SCEN_2023_LOW_P4_ngboost_student_t_S2183,2183,P4_ngboost_student_t,4200.0,0,0.0,20,20,0,True,0.13
SCEN_2023_LOW_P4_ngboost_student_t_S2184,2184,P4_ngboost_student_t,4200.0,0,0.0,20,20,0,True,0.11
SCEN_2023_LOW_P4_ngboost_student_t_S2185,2185,P4_ngboost_student_t,4200.0,0,0.0,20,20,0,True,0.11
SCEN_2023_LOW_P4_ngboost_student_t_S2186,2186,P4_ngboost_student_t,4200.0,0,0.0,20,20,0,True,0.13
SCEN_2023_LOW_P4_ngboost_student_t_S2187,2187,P4_ngboost_student_t,4200.0,0,0.0,20,20,0,True,0.15
SCEN_2023_LOW_P4_ngboost_student_t_S2188,2188,P4_ngboost_student_t,4200.0,0,0.0,20,20,0,True,0.12
SCEN_2023_LOW_P4_ngboost_student_t_S2189,2189,P4_ngboost_student_t,4200.0,0,0.0,20,20,0,True,0.11
SCEN_2023_LOW_P4_ngboost_student_t_S2190,2190,P4_ngboost_student_t,4200.0,0,0.0,20,20,0,True,0.12
SCEN_2023_LOW_P4_ngboost_student_t_S2191,2191,P4_ngboost_student_t,4200.0,0,0.0,20,20,0,True,0.12
SCEN_2023_LOW_P4_ngboost_student_t_S2192,2192,P4_ngboost_student_t,4200.0,0,0.0,20,20,0,True,0.12
SCEN_2023_LOW_P4_ngboost_student_t_S2193,2193,P4_ngboost_student_t,4200.0,0,0.0,20,20,0,True,0.16
SCEN_2023_LOW_P4_ngboost_student_t_S2194,2194,P4_ngboost_student_t,4200.0,0,0.0,20,20,0,True,0.12
SCEN_2023_LOW_P4_ngboost_student_t_S2195,2195,P4_ngboost_student_t,4200.0,0,0.0,20,20,0,True,0.11
SCEN_2023_LOW_P4_ngboost_student_t_S2196,2196,P4_ngboost_student_t,4200.0,0,0.0,20,20,0,True,0.11
SCEN_2023_LOW_P4_ngboost_student_t_S2197,2197,P4_ngboost_student_t,4200.0,0,0.0,20,20,0,True,0.11
SCEN_2023_LOW_P4_ngboost_student_t_S2198,2198,P4_ngboost_student_t,4200.0,0,0.0,20,20,0,True,0.11
SCEN_2023_LOW_P4_ngboost_student_t_S2199,2199,P4_ngboost_student_t,4200.0,0,0.0,20,20,0,True,0.12
SCEN_2023_LOW_P4_ngboost_student_t_S2200,2200,P4_ngboost_student_t,4200.0,0,0.0,20,20,0,True,0.12
SCEN_2023_LOW_P4_ngboost_student_t_S2201,2201,P4_ngboost_student_t,4200.0,0,0.0,20,20,0,True,0.11
SCEN_2023_LOW_P4_ngboost_student_t_S2202,2202,P4_ngboost_student_t,4200.0,0,0.0,20,20,0,True,0.11
SCEN_2023_LOW_P4_ngboost_student_t_S2203,2203,P4_ngboost_student_t,4200.0,0,0.0,20,20,0,True,0.11
SCEN_2023_LOW_P4_ngboost_student_t_S2204,2204,P4_ngboost_student_t,4200.0,0,0.0,20,20,0,True,0.11
SCEN_2023_LOW_P4_ngboost_student_t_S2205,2205,P4_ngboost_student_t,4200.0,0,0.0,20,20,0,True,0.11
SCEN_2023_LOW_P4_ngboost_student_t_S2206,2206,P4_ngboost_student_t,4200.0,0,0.0,20,20,0,True,0.11
SCEN_2023_LOW_P4_ngboost_student_t_S2207,2207,P4_ngboost_student_t,4200.0,0,0.0,20,20,0,True,0.12
SCEN_2023_LOW_P4_ngboost_student_t_S2208,2208,P4_ngboost_student_t,4200.0,0,0.0,20,20,0,True,0.11
SCEN_2023_LOW_P4_ngboost_student_t_S2209,2209,P4_ngboost_student_t,4200.0,0,0.0,20,20,0,True,0.11
SCEN_2023_LOW_P4_ngboost_student_t_S2210,2210,P4_ngboost_student_t,4200.0,0,0.0,20,20,0,True,0.11
SCEN_2023_LOW_P4_ngboost_student_t_S2211,2211,P4_ngboost_student_t,4200.0,0,0.0,20,20,0,True,0.11
SCEN_2023_LOW_P4_ngboost_student_t_S2212,2212,P4_ngboost_student_t,4200.0,0,0.0,20,20,0,True,0.11
SCEN_2023_LOW_P4_ngboost_student_t_S2213,2213,P4_ngboost_student_t,4200.0,0,0.0,20,20,0,True,0.11
SCEN_2023_LOW_P4_ngboost_student_t_S2214,2214,P4_ngboost_student_t,4200.0,0,0.0,20,20,0,True,0.12
SCEN_2023_LOW_P4_ngboost_student_t_S2215,2215,P4_ngboost_student_t,4200.0,0,0.0,20,20,0,True,0.12
SCEN_2023_LOW_P4_ngboost_student_t_S2216,2216,P4_ngboost_student_t,4200.0,0,0.0,20,20,0,True,0.12
SCEN_2023_LOW_P4_ngboost_student_t_S2217,2217,P4_ngboost_student_t,4200.0,0,0.0,20,20,0,True,0.11
SCEN_2023_LOW_P4_ngboost_student_t_S2218,2218,P4_ngboost_student_t,4200.0,0,0.0,20,20,0,True,0.11
SCEN_2023_LOW_P4_ngboost_student_t_S2219,2219,P4_ngboost_student_t,4200.0,0,0.0,20,20,0,True,0.11
SCEN_2023_LOW_P4_ngboost_student_t_S2220,2220,P4_ngboost_student_t,4200.0,0,0.0,20,20,0,True,0.11
SCEN_2023_LOW_P4_ngboost_student_t_S2221,2221,P4_ngboost_student_t,4200.0,0,0.0,20,20,0,True,0.11
SCEN_2023_LOW_P4_ngboost_student_t_S2222,2222,P4_ngboost_student_t,4200.0,0,0.0,20,20,0,True,0.11
SCEN_2023_LOW_P4_ngboost_student_t_S2223,2223,P4_ngboost_student_t,4200.0,0,0.0,20,20,0,True,0.11
SCEN_2023_LOW_P4_ngboost_student_t_S2224,2224,P4_ngboost_student_t,4200.0,0,0.0,20,20,0,True,0.11
SCEN_2023_LOW_P4_ngboost_student_t_S2225,2225,P4_ngboost_student_t,4200.0,0,0.0,20,20,0,True,0.11
SCEN_2023_LOW_P4_ngboost_student_t_S2226,2226,P4_ngboost_student_t,4200.0,0,0.0,20,20,0,True,0.11
SCEN_2023_LOW_P4_ngboost_student_t_S2227,2227,P4_ngboost_student_t,4200.0,0,0.0,20,20,0,True,0.11
SCEN_2023_LOW_P4_ngboost_student_t_S2228,2228,P4_ngboost_student_t,4200.0,0,0.0,20,20,0,True,0.11
SCEN_2023_LOW_P4_ngboost_student_t_S2229,2229,P4_ngboost_student_t,4200.0,0,0.0,20,20,0,True,0.11
SCEN_2023_LOW_P4_ngboost_student_t_S2230,2230,P4_ngboost_student_t,4200.0,0,0.0,20,20,0,True,0.16
SCEN_2023_LOW_P4_ngboost_student_t_S2231,2231,P4_ngboost_student_t,4200.0,0,0.0,20,20,0,True,0.11
SCEN_2023_LOW_P4_ngboost_student_t_S2232,2232,P4_ngboost_student_t,4200.0,0,0.0,20,20,0,True,0.12
SCEN_2023_LOW_P4_ngboost_student_t_S2233,2233,P4_ngboost_student_t,4200.0,0,0.0,20,20,0,True,0.11
SCEN_2023_LOW_P4_ngboost_student_t_S2234,2234,P4_ngboost_student_t,4200.0,0,0.0,20,20,0,True,0.11
SCEN_2023_LOW_P4_ngboost_student_t_S2235,2235,P4_ngboost_student_t,4200.0,0,0.0,20,20,0,True,0.11
SCEN_2023_LOW_P4_ngboost_student_t_S2236,2236,P4_ngboost_student_t,4200.0,0,0.0,20,20,0,True,0.11
SCEN_2023_LOW_P4_ngboost_student_t_S2237,2237,P4_ngboost_student_t,4200.0,0,0.0,20,20,0,True,0.11
SCEN_2023_LOW_P4_ngboost_student_t_S2238,2238,P4_ngboost_student_t,4200.0,0,0.0,20,20,0,True,0.11
SCEN_2023_LOW_P4_ngboost_student_t_S2239,2239,P4_ngboost_student_t,4200.0,0,0.0,20,20,0,True,0.14
SCEN_2023_LOW_P4_ngboost_student_t_S2240,2240,P4_ngboost_student_t,4200.0,0,0.0,20,20,0,True,0.11
SCEN_2023_LOW_P4_ngboost_student_t_S2241,2241,P4_ngboost_student_t,4200.0,0,0.0,20,20,0,True,0.11
SCEN_2023_LOW_P4_ngboost_student_t_S2242,2242,P4_ngboost_student_t,4200.0,0,0.0,20,20,0,True,0.11
SCEN_2023_LOW_P4_ngboost_student_t_S2243,2243,P4_ngboost_student_t,4200.0,0,0.0,20,20,0,True,0.12
SCEN_2023_LOW_P4_ngboost_student_t_S2244,2244,P4_ngboost_student_t,4200.0,0,0.0,20,20,0,True,0.11
SCEN_2023_LOW_P4_ngboost_student_t_S2245,2245,P4_ngboost_student_t,4200.0,0,0.0,20,20,0,True,0.11
SCEN_2023_LOW_P4_ngboost_student_t_S2246,2246,P4_ngboost_student_t,4200.0,0,0.0,20,20,0,True,0.12
SCEN_2023_LOW_P4_ngboost_student_t_S2247,2247,P4_ngboost_student_t,4200.0,0,0.0,20,20,0,True,0.16
SCEN_2023_LOW_P4_ngboost_student_t_S2248,2248,P4_ngboost_student_t,4200.0,0,0.0,20,20,0,True,0.11
SCEN_2023_LOW_P4_ngboost_student_t_S2249,2249,P4_ngboost_student_t,4200.0,0,0.0,20,20,0,True,0.11
SCEN_2023_LOW_P4_ngboost_student_t_S2250,2250,P4_ngboost_student_t,4200.0,0,0.0,20,20,0,True,0.14
SCEN_2023_LOW_P4_ngboost_student_t_S2251,2251,P4_ngboost_student_t,4200.0,0,0.0,20,20,0,True,0.11
SCEN_2023_LOW_P4_ngboost_student_t_S2252,2252,P4_ngboost_student_t,4200.0,0,0.0,20,20,0,True,0.11
SCEN_2023_LOW_P4_ngboost_student_t_S2253,2253,P4_ngboost_student_t,4200.0,0,0.0,20,20,0,True,0.12
SCEN_2023_LOW_P4_ngboost_student_t_S2254,2254,P4_ngboost_student_t,4200.0,0,0.0,20,20,0,True,0.11
SCEN_2023_LOW_P4_ngboost_student_t_S2255,2255,P4_ngboost_student_t,4200.0,0,0.0,20,20,0,True,0.11
SCEN_2023_LOW_P4_ngboost_student_t_S2256,2256,P4_ngboost_student_t,4200.0,0,0.0,20,20,0,True,0.11
SCEN_2023_LOW_P4_ngboost_student_t_S2257,2257,P4_ngboost_student_t,4200.0,0,0.0,20,20,0,True,0.11
SCEN_2023_LOW_P4_ngboost_student_t_S2258,2258,P4_ngboost_student_t,4200.0,0,0.0,20,20,0,True,0.11
SCEN_2023_LOW_P4_ngboost_student_t_S2259,2259,P4_ngboost_student_t,4200.0,0,0.0,20,20,0,True,0.11
SCEN_2023_LOW_P4_ngboost_student_t_S2260,2260,P4_ngboost_student_t,4200.0,0,0.0,20,20,0,True,0.14
SCEN_2023_LOW_P4_ngboost_student_t_S2261,2261,P4_ngboost_student_t,4200.0,0,0.0,20,20,0,True,0.11
SCEN_2023_LOW_P4_ngboost_student_t_S2262,2262,P4_ngboost_student_t,4200.0,0,0.0,20,20,0,True,0.11
SCEN_2023_LOW_P4_ngboost_student_t_S2263,2263,P4_ngboost_student_t,4200.0,0,0.0,20,20,0,True,0.11
SCEN_2023_LOW_P4_ngboost_student_t_S2264,2264,P4_ngboost_student_t,4200.0,0,0.0,20,20,0,True,0.11
SCEN_2023_LOW_P4_ngboost_student_t_S2265,2265,P4_ngboost_student_t,4200.0,0,0.0,20,20,0,True,0.11
SCEN_2023_LOW_P4_ngboost_student_t_S2266,2266,P4_ngboost_student_t,4200.0,0,0.0,20,20,0,True,0.11
SCEN_2023_LOW_P4_ngboost_student_t_S2267,2267,P4_ngboost_student_t,4200.0,0,0.0,20,20,0,True,0.11
SCEN_2023_LOW_P4_ngboost_student_t_S2268,2268,P4_ngboost_student_t,4200.0,0,0.0,20,20,0,True,0.11
SCEN_2023_LOW_P4_ngboost_student_t_S2269,2269,P4_ngboost_student_t,4200.0,0,0.0,20,20,0,True,0.11
SCEN_2023_LOW_P4_ngboost_student_t_S2270,2270,P4_ngboost_student_t,4200.0,0,0.0,20,20,0,True,0.11
SCEN_2023_LOW_P4_ngboost_student_t_S2271,2271,P4_ngboost_student_t,4200.0,0,0.0,20,20,0,True,0.13
SCEN_2023_LOW_P4_ngboost_student_t_S2272,2272,P4_ngboost_student_t,4200.0,0,0.0,20,20,0,True,0.11
SCEN_2023_LOW_P4_ngboost_student_t_S2273,2273,P4_ngboost_student_t,4200.0,0,0.0,20,20,0,True,0.11
SCEN_2023_LOW_P4_ngboost_student_t_S2274,2274,P4_ngboost_student_t,4200.0,0,0.0,20,20,0,True,0.11
SCEN_2023_LOW_P4_ngboost_student_t_S2275,2275,P4_ngboost_student_t,4200.0,0,0.0,20,20,0,True,0.11
SCEN_2023_LOW_P4_ngboost_student_t_S2276,2276,P4_ngboost_student_t,4200.0,0,0.0,20,20,0,True,0.19
SCEN_2023_LOW_P4_ngboost_student_t_S2277,2277,P4_ngboost_student_t,4200.0,0,0.0,20,20,0,True,0.11
SCEN_2023_LOW_P4_ngboost_student_t_S2278,2278,P4_ngboost_student_t,4200.0,0,0.0,20,20,0,True,0.11
SCEN_2023_LOW_P4_ngboost_student_t_S2279,2279,P4_ngboost_student_t,4200.0,0,0.0,20,20,0,True,0.11
SCEN_2023_LOW_P4_ngboost_student_t_S2280,2280,P4_ngboost_student_t,4200.0,0,0.0,20,20,0,True,0.11
SCEN_2023_LOW_P4_ngboost_student_t_S2281,2281,P4_ngboost_student_t,4200.0,0,0.0,20,20,0,True,0.11
SCEN_2023_LOW_P4_ngboost_student_t_S2282,2282,P4_ngboost_student_t,4200.0,0,0.0,20,20,0,True,0.11
SCEN_2023_LOW_P4_ngboost_student_t_S2283,2283,P4_ngboost_student_t,4200.0,0,0.0,20,20,0,True,0.11
SCEN_2023_LOW_P4_ngboost_student_t_S2284,2284,P4_ngboost_student_t,4200.0,0,0.0,20,20,0,True,0.11
SCEN_2023_LOW_P4_ngboost_student_t_S2285,2285,P4_ngboost_student_t,4200.0,0,0.0,20,20,0,True,0.13
SCEN_2023_LOW_P4_ngboost_student_t_S2286,2286,P4_ngboost_student_t,4200.0,0,0.0,20,20,0,True,0.21
SCEN_2023_LOW_P4_ngboost_student_t_S2287,2287,P4_ngboost_student_t,4200.0,0,0.0,20,20,0,True,0.12
SCEN_2023_LOW_P4_ngboost_student_t_S2288,2288,P4_ngboost_student_t,4200.0,0,0.0,20,20,0,True,0.2
SCEN_2023_LOW_P4_ngboost_student_t_S2289,2289,P4_ngboost_student_t,4200.0,0,0.0,20,20,0,True,0.12
SCEN_2023_LOW_P4_ngboost_student_t_S2290,2290,P4_ngboost_student_t,4200.0,0,0.0,20,20,0,True,0.11
SCEN_2023_LOW_P4_ngboost_student_t_S2291,2291,P4_ngboost_student_t,4200.0,0,0.0,20,20,0,True,0.11
SCEN_2023_LOW_P4_ngboost_student_t_S2292,2292,P4_ngboost_student_t,4200.0,0,0.0,20,20,0,True,0.11
SCEN_2023_LOW_P4_ngboost_student_t_S2293,2293,P4_ngboost_student_t,4200.0,0,0.0,20,20,0,True,0.11
SCEN_2023_LOW_P4_ngboost_student_t_S2294,2294,P4_ngboost_student_t,4200.0,0,0.0,20,20,0,True,0.11
SCEN_2023_LOW_P4_ngboost_student_t_S2295,2295,P4_ngboost_student_t,4200.0,0,0.0,20,20,0,True,0.19
SCEN_2023_LOW_P4_ngboost_student_t_S2296,2296,P4_ngboost_student_t,4200.0,0,0.0,20,20,0,True,0.11
SCEN_2023_LOW_P4_ngboost_student_t_S2297,2297,P4_ngboost_student_t,4200.0,0,0.0,20,20,0,True,0.11
SCEN_2023_LOW_P4_ngboost_student_t_S2298,2298,P4_ngboost_student_t,4200.0,0,0.0,20,20,0,True,0.11
SCEN_2023_LOW_P4_ngboost_student_t_S2299,2299,P4_ngboost_student_t,4200.0,0,0.0,20,20,0,True,0.11
SCEN_2023_LOW_P4_ngboost_student_t_S2300,2300,P4_ngboost_student_t,4200.0,0,0.0,20,20,0,True,0.18
SCEN_2023_LOW_P4_ngboost_student_t_S2301,2301,P4_ngboost_student_t,4200.0,0,0.0,20,20,0,True,0.11
SCEN_2023_LOW_P4_ngboost_student_t_S2302,2302,P4_ngboost_student_t,4200.0,0,0.0,20,20,0,True,0.11
SCEN_2023_LOW_P4_ngboost_student_t_S2303,2303,P4_ngboost_student_t,4200.0,0,0.0,20,20,0,True,0.11
SCEN_2023_LOW_P4_ngboost_student_t_S2304,2304,P4_ngboost_student_t,4200.0,0,0.0,20,20,0,True,0.12
SCEN_2023_LOW_P4_ngboost_student_t_S2305,2305,P4_ngboost_student_t,4200.0,0,0.0,20,20,0,True,0.11
SCEN_2023_LOW_P4_ngboost_student_t_S2306,2306,P4_ngboost_student_t,4200.0,0,0.0,20,20,0,True,0.11
SCEN_2023_LOW_P4_ngboost_student_t_S2307,2307,P4_ngboost_student_t,4200.0,0,0.0,20,20,0,True,0.11
SCEN_2023_LOW_P4_ngboost_student_t_S2308,2308,P4_ngboost_student_t,4200.0,0,0.0,20,20,0,True,0.11
SCEN_2023_LOW_P4_ngboost_student_t_S2309,2309,P4_ngboost_student_t,4200.0,0,0.0,20,20,0,True,0.12
SCEN_2023_LOW_P4_ngboost_student_t_S2310,2310,P4_ngboost_student_t,4200.0,0,0.0,20,20,0,True,0.11
SCEN_2023_LOW_P4_ngboost_student_t_S2311,2311,P4_ngboost_student_t,4200.0,0,0.0,20,20,0,True,0.11
SCEN_2023_LOW_P4_ngboost_student_t_S2312,2312,P4_ngboost_student_t,4200.0,0,0.0,20,20,0,True,0.11
SCEN_2023_LOW_P4_ngboost_student_t_S2313,2313,P4_ngboost_student_t,4200.0,0,0.0,20,20,0,True,0.14
SCEN_2023_LOW_P4_ngboost_student_t_S2314,2314,P4_ngboost_student_t,4200.0,0,0.0,20,20,0,True,0.12
SCEN_2023_LOW_P4_ngboost_student_t_S2315,2315,P4_ngboost_student_t,4200.0,0,0.0,20,20,0,True,0.11
SCEN_2023_LOW_P4_ngboost_student_t_S2316,2316,P4_ngboost_student_t,4200.0,0,0.0,20,20,0,True,0.11
SCEN_2023_LOW_P4_ngboost_student_t_S2317,2317,P4_ngboost_student_t,4200.0,0,0.0,20,20,0,True,0.11
SCEN_2023_LOW_P4_ngboost_student_t_S2318,2318,P4_ngboost_student_t,4200.0,0,0.0,20,20,0,True,0.11
SCEN_2023_LOW_P4_ngboost_student_t_S2319,2319,P4_ngboost_student_t,4200.0,0,0.0,20,20,0,True,0.11
SCEN_2023_LOW_P4_ngboost_student_t_S2320,2320,P4_ngboost_student_t,4200.0,0,0.0,20,20,0,True,0.15
SCEN_2023_LOW_P4_ngboost_student_t_S2321,2321,P4_ngboost_student_t,4200.0,0,0.0,20,20,0,True,0.11
SCEN_2023_LOW_P4_ngboost_student_t_S2322,2322,P4_ngboost_student_t,4200.0,0,0.0,20,20,0,True,0.16
SCEN_2023_LOW_P4_ngboost_student_t_S2323,2323,P4_ngboost_student_t,4200.0,0,0.0,20,20,0,True,0.11
SCEN_2023_LOW_P4_ngboost_student_t_S2324,2324,P4_ngboost_student_t,4200.0,0,0.0,20,20,0,True,0.12
SCEN_2023_LOW_P4_ngboost_student_t_S2325,2325,P4_ngboost_student_t,4200.0,0,0.0,20,20,0,True,0.11
SCEN_2023_LOW_P4_ngboost_student_t_S2326,2326,P4_ngboost_student_t,4200.0,0,0.0,20,20,0,True,0.11
SCEN_2023_LOW_P4_ngboost_student_t_S2327,2327,P4_ngboost_student_t,4200.0,0,0.0,20,20,0,True,0.11
SCEN_2023_LOW_P4_ngboost_student_t_S2328,2328,P4_ngboost_student_t,4200.0,0,0.0,20,20,0,True,0.11
SCEN_2023_LOW_P4_ngboost_student_t_S2329,2329,P4_ngboost_student_t,4200.0,0,0.0,20,20,0,True,0.11
SCEN_2023_LOW_P4_ngboost_student_t_S2330,2330,P4_ngboost_student_t,4200.0,0,0.0,20,20,0,True,0.11
SCEN_2023_LOW_P4_ngboost_student_t_S2331,2331,P4_ngboost_student_t,4200.0,0,0.0,20,20,0,True,0.11
SCEN_2023_LOW_P4_ngboost_student_t_S2332,2332,P4_ngboost_student_t,4200.0,0,0.0,20,20,0,True,0.11
SCEN_2023_LOW_P4_ngboost_student_t_S2333,2333,P4_ngboost_student_t,4200.0,0,0.0,20,20,0,True,0.11
SCEN_2023_LOW_P4_ngboost_student_t_S2334,2334,P4_ngboost_student_t,4200.0,0,0.0,20,20,0,True,0.11
SCEN_2023_LOW_P4_ngboost_student_t_S2335,2335,P4_ngboost_student_t,4200.0,0,0.0,20,20,0,True,0.11
SCEN_2023_LOW_P4_ngboost_student_t_S2336,2336,P4_ngboost_student_t,4200.0,0,0.0,20,20,0,True,0.13
SCEN_2023_LOW_P4_ngboost_student_t_S2337,2337,P4_ngboost_student_t,4200.0,0,0.0,20,20,0,True,0.21
SCEN_2023_LOW_P4_ngboost_student_t_S2338,2338,P4_ngboost_student_t,4200.0,0,0.0,20,20,0,True,0.12
SCEN_2023_LOW_P4_ngboost_student_t_S2339,2339,P4_ngboost_student_t,4200.0,0,0.0,20,20,0,True,0.12
SCEN_2023_LOW_P4_ngboost_student_t_S2340,2340,P4_ngboost_student_t,4200.0,0,0.0,20,20,0,True,0.12
SCEN_2023_LOW_P4_ngboost_student_t_S2341,2341,P4_ngboost_student_t,4200.0,0,0.0,20,20,0,True,0.12
SCEN_2023_LOW_P4_ngboost_student_t_S2342,2342,P4_ngboost_student_t,4200.0,0,0.0,20,20,0,True,0.11
SCEN_2023_LOW_P4_ngboost_student_t_S2343,2343,P4_ngboost_student_t,4200.0,0,0.0,20,20,0,True,0.11
SCEN_2023_LOW_P4_ngboost_student_t_S2344,2344,P4_ngboost_student_t,4200.0,0,0.0,20,20,0,True,0.11
SCEN_2023_LOW_P4_ngboost_student_t_S2345,2345,P4_ngboost_student_t,4200.0,0,0.0,20,20,0,True,0.12
SCEN_2023_LOW_P4_ngboost_student_t_S2346,2346,P4_ngboost_student_t,4200.0,0,0.0,20,20,0,True,0.11
SCEN_2023_LOW_P4_ngboost_student_t_S2347,2347,P4_ngboost_student_t,4200.0,0,0.0,20,20,0,True,0.11
SCEN_2023_LOW_P4_ngboost_student_t_S2348,2348,P4_ngboost_student_t,4200.0,0,0.0,20,20,0,True,0.15
SCEN_2023_LOW_P4_ngboost_student_t_S2349,2349,P4_ngboost_student_t,4200.0,0,0.0,20,20,0,True,0.11
SCEN_2023_LOW_P4_ngboost_student_t_S2350,2350,P4_ngboost_student_t,4200.0,0,0.0,20,20,0,True,0.11
SCEN_2023_LOW_P4_ngboost_student_t_S2351,2351,P4_ngboost_student_t,4200.0,0,0.0,20,20,0,True,0.11
SCEN_2023_LOW_P4_ngboost_student_t_S2352,2352,P4_ngboost_student_t,4200.0,0,0.0,20,20,0,True,0.18
SCEN_2023_LOW_P4_ngboost_student_t_S2353,2353,P4_ngboost_student_t,4200.0,0,0.0,20,20,0,True,0.11
SCEN_2023_LOW_P4_ngboost_student_t_S2354,2354,P4_ngboost_student_t,4200.0,0,0.0,20,20,0,True,0.11
SCEN_2023_LOW_P4_ngboost_student_t_S2355,2355,P4_ngboost_student_t,4200.0,0,0.0,20,20,0,True,0.12
SCEN_2023_LOW_P4_ngboost_student_t_S2356,2356,P4_ngboost_student_t,4200.0,0,0.0,20,20,0,True,0.11
SCEN_2023_LOW_P4_ngboost_student_t_S2357,2357,P4_ngboost_student_t,4200.0,0,0.0,20,20,0,True,0.11
SCEN_2023_LOW_P4_ngboost_student_t_S2358,2358,P4_ngboost_student_t,4200.0,0,0.0,20,20,0,True,0.11
SCEN_2023_LOW_P4_ngboost_student_t_S2359,2359,P4_ngboost_student_t,4200.0,0,0.0,20,20,0,True,0.15
SCEN_2023_LOW_P4_ngboost_student_t_S2360,2360,P4_ngboost_student_t,4200.0,0,0.0,20,20,0,True,0.11
SCEN_2023_LOW_P4_ngboost_student_t_S2361,2361,P4_ngboost_student_t,4200.0,0,0.0,20,20,0,True,0.12
SCEN_2023_LOW_P4_ngboost_student_t_S2362,2362,P4_ngboost_student_t,4200.0,0,0.0,20,20,0,True,0.11
SCEN_2023_LOW_P4_ngboost_student_t_S2363,2363,P4_ngboost_student_t,4200.0,0,0.0,20,20,0,True,0.12
SCEN_2023_LOW_P4_ngboost_student_t_S2364,2364,P4_ngboost_student_t,4200.0,0,0.0,20,20,0,True,0.11
SCEN_2023_LOW_P4_ngboost_student_t_S2365,2365,P4_ngboost_student_t,4200.0,0,0.0,20,20,0,True,0.11
SCEN_2023_LOW_P4_ngboost_student_t_S2366,2366,P4_ngboost_student_t,4200.0,0,0.0,20,20,0,True,0.13
SCEN_2023_LOW_P4_ngboost_student_t_S2367,2367,P4_ngboost_student_t,4200.0,0,0.0,20,20,0,True,0.11
SCEN_2023_LOW_P4_ngboost_student_t_S2368,2368,P4_ngboost_student_t,4200.0,0,0.0,20,20,0,True,0.11
SCEN_2023_LOW_P4_ngboost_student_t_S2369,2369,P4_ngboost_student_t,4200.0,0,0.0,20,20,0,True,0.11
SCEN_2023_LOW_P4_ngboost_student_t_S2370,2370,P4_ngboost_student_t,4200.0,0,0.0,20,20,0,True,0.11
SCEN_2023_LOW_P4_ngboost_student_t_S2371,2371,P4_ngboost_student_t,4200.0,0,0.0,20,20,0,True,0.13
SCEN_2023_LOW_P4_ngboost_student_t_S2372,2372,P4_ngboost_student_t,4200.0,0,0.0,20,20,0,True,0.11
SCEN_2023_LOW_P4_ngboost_student_t_S2373,2373,P4_ngboost_student_t,4200.0,0,0.0,20,20,0,True,0.13
SCEN_2023_LOW_P4_ngboost_student_t_S2374,2374,P4_ngboost_student_t,4200.0,0,0.0,20,20,0,True,0.13
SCEN_2023_LOW_P4_ngboost_student_t_S2375,2375,P4_ngboost_student_t,4200.0,0,0.0,20,20,0,True,0.12
SCEN_2023_LOW_P4_ngboost_student_t_S2376,2376,P4_ngboost_student_t,4200.0,0,0.0,20,20,0,True,0.13
SCEN_2023_LOW_P4_ngboost_student_t_S2377,2377,P4_ngboost_student_t,4200.0,0,0.0,20,20,0,True,0.12
SCEN_2023_LOW_P4_ngboost_student_t_S2378,2378,P4_ngboost_student_t,4200.0,0,0.0,20,20,0,True,0.12
SCEN_2023_LOW_P4_ngboost_student_t_S2379,2379,P4_ngboost_student_t,4200.0,0,0.0,20,20,0,True,0.12
SCEN_2023_LOW_P4_ngboost_student_t_S2380,2380,P4_ngboost_student_t,4200.0,0,0.0,20,20,0,True,0.12
SCEN_2023_LOW_P4_ngboost_student_t_S2381,2381,P4_ngboost_student_t,4200.0,0,0.0,20,20,0,True,0.12
SCEN_2023_LOW_P4_ngboost_student_t_S2382,2382,P4_ngboost_student_t,4200.0,0,0.0,20,20,0,True,0.14
SCEN_2023_LOW_P4_ngboost_student_t_S2383,2383,P4_ngboost_student_t,4200.0,0,0.0,20,20,0,True,0.12
SCEN_2023_LOW_P4_ngboost_student_t_S2384,2384,P4_ngboost_student_t,4200.0,0,0.0,20,20,0,True,0.12
SCEN_2023_LOW_P4_ngboost_student_t_S2385,2385,P4_ngboost_student_t,4200.0,0,0.0,20,20,0,True,0.12
SCEN_2023_LOW_P4_ngboost_student_t_S2386,2386,P4_ngboost_student_t,4200.0,0,0.0,20,20,0,True,0.22
SCEN_2023_LOW_P4_ngboost_student_t_S2387,2387,P4_ngboost_student_t,4200.0,0,0.0,20,20,0,True,0.12
SCEN_2023_LOW_P4_ngboost_student_t_S2388,2388,P4_ngboost_student_t,4200.0,0,0.0,20,20,0,True,0.12
SCEN_2023_LOW_P4_ngboost_student_t_S2389,2389,P4_ngboost_student_t,4200.0,0,0.0,20,20,0,True,0.12
SCEN_2023_LOW_P4_ngboost_student_t_S2390,2390,P4_ngboost_student_t,4200.0,0,0.0,20,20,0,True,0.12
SCEN_2023_LOW_P4_ngboost_student_t_S2391,2391,P4_ngboost_student_t,4200.0,0,0.0,20,20,0,True,0.12
SCEN_2023_LOW_P4_ngboost_student_t_S2392,2392,P4_ngboost_student_t,4200.0,0,0.0,20,20,0,True,0.12
SCEN_2023_LOW_P4_ngboost_student_t_S2393,2393,P4_ngboost_student_t,4200.0,0,0.0,20,20,0,True,0.11
SCEN_2023_LOW_P4_ngboost_student_t_S2394,2394,P4_ngboost_student_t,4200.0,0,0.0,20,20,0,True,0.11
SCEN_2023_LOW_P4_ngboost_student_t_S2395,2395,P4_ngboost_student_t,4200.0,0,0.0,20,20,0,True,0.12
SCEN_2023_LOW_P4_ngboost_student_t_S2396,2396,P4_ngboost_student_t,4200.0,0,0.0,20,20,0,True,0.12
SCEN_2023_LOW_P4_ngboost_student_t_S2397,2397,P4_ngboost_student_t,4200.0,0,0.0,20,20,0,True,0.12
SCEN_2023_LOW_P4_ngboost_student_t_S2398,2398,P4_ngboost_student_t,4200.0,0,0.0,20,20,0,True,0.12
SCEN_2023_LOW_P4_ngboost_student_t_S2399,2399,P4_ngboost_student_t,4200.0,0,0.0,20,20,0,True,0.12
SCEN_2023_LOW_P4_ngboost_student_t_S2400,2400,P4_ngboost_student_t,4200.0,0,0.0,20,20,0,True,0.12
SCEN_2023_LOW_P4_ngboost_student_t_S2401,2401,P4_ngboost_student_t,4200.0,0,0.0,20,20,0,True,0.11
SCEN_2023_LOW_P4_ngboost_student_t_S2402,2402,P4_ngboost_student_t,4200.0,0,0.0,20,20,0,True,0.12
SCEN_2023_LOW_P4_ngboost_student_t_S2403,2403,P4_ngboost_student_t,4200.0,0,0.0,20,20,0,True,0.12
SCEN_2023_LOW_P4_ngboost_student_t_S2404,2404,P4_ngboost_student_t,4200.0,0,0.0,20,20,0,True,0.11
SCEN_2023_LOW_P4_ngboost_student_t_S2405,2405,P4_ngboost_student_t,4200.0,0,0.0,20,20,0,True,0.12
SCEN_2023_LOW_P4_ngboost_student_t_S2406,2406,P4_ngboost_student_t,4200.0,0,0.0,20,20,0,True,0.11
SCEN_2023_LOW_P4_ngboost_student_t_S2407,2407,P4_ngboost_student_t,4200.0,0,0.0,20,20,0,True,0.12
SCEN_2023_LOW_P4_ngboost_student_t_S2408,2408,P4_ngboost_student_t,4200.0,0,0.0,20,20,0,True,0.12
SCEN_2023_LOW_P4_ngboost_student_t_S2409,2409,P4_ngboost_student_t,4200.0,0,0.0,20,20,0,True,0.13
SCEN_2023_LOW_P4_ngboost_student_t_S2410,2410,P4_ngboost_student_t,4200.0,0,0.0,20,20,0,True,0.11
SCEN_2023_LOW_P4_ngboost_student_t_S2411,2411,P4_ngboost_student_t,4200.0,0,0.0,20,20,0,True,0.11
SCEN_2023_LOW_P4_ngboost_student_t_S2412,2412,P4_ngboost_student_t,4200.0,0,0.0,20,20,0,True,0.11
SCEN_2023_LOW_P4_ngboost_student_t_S2413,2413,P4_ngboost_student_t,4200.0,0,0.0,20,20,0,True,0.12
SCEN_2023_LOW_P4_ngboost_student_t_S2414,2414,P4_ngboost_student_t,4200.0,0,0.0,20,20,0,True,0.15
SCEN_2023_LOW_P4_ngboost_student_t_S2415,2415,P4_ngboost_student_t,4200.0,0,0.0,20,20,0,True,0.12
SCEN_2023_LOW_P4_ngboost_student_t_S2416,2416,P4_ngboost_student_t,4200.0,0,0.0,20,20,0,True,0.12
SCEN_2023_LOW_P4_ngboost_student_t_S2417,2417,P4_ngboost_student_t,4200.0,0,0.0,20,20,0,True,0.11
SCEN_2023_LOW_P4_ngboost_student_t_S2418,2418,P4_ngboost_student_t,4200.0,0,0.0,20,20,0,True,0.12
SCEN_2023_LOW_P4_ngboost_student_t_S2419,2419,P4_ngboost_student_t,4200.0,0,0.0,20,20,0,True,0.11
SCEN_2023_LOW_P4_ngboost_student_t_S2420,2420,P4_ngboost_student_t,4200.0,0,0.0,20,20,0,True,0.12
SCEN_2023_LOW_P4_ngboost_student_t_S2421,2421,P4_ngboost_student_t,4200.0,0,0.0,20,20,0,True,0.11
SCEN_2023_LOW_P4_ngboost_student_t_S2422,2422,P4_ngboost_student_t,4200.0,0,0.0,20,20,0,True,0.11
SCEN_2023_LOW_P4_ngboost_student_t_S2423,2423,P4_ngboost_student_t,4200.0,0,0.0,20,20,0,True,0.11
SCEN_2023_LOW_P4_ngboost_student_t_S2424,2424,P4_ngboost_student_t,4200.0,0,0.0,20,20,0,True,0.14
SCEN_2023_LOW_P4_ngboost_student_t_S2425,2425,P4_ngboost_student_t,4200.0,0,0.0,20,20,0,True,0.16
SCEN_2023_LOW_P4_ngboost_student_t_S2426,2426,P4_ngboost_student_t,4200.0,0,0.0,20,20,0,True,0.11
SCEN_2023_LOW_P4_ngboost_student_t_S2427,2427,P4_ngboost_student_t,4200.0,0,0.0,20,20,0,True,0.11
SCEN_2023_LOW_P4_ngboost_student_t_S2428,2428,P4_ngboost_student_t,4200.0,0,0.0,20,20,0,True,0.11
SCEN_2023_LOW_P4_ngboost_student_t_S2429,2429,P4_ngboost_student_t,4200.0,0,0.0,20,20,0,True,0.11
SCEN_2023_LOW_P4_ngboost_student_t_S2430,2430,P4_ngboost_student_t,4200.0,0,0.0,20,20,0,True,0.12
SCEN_2023_LOW_P4_ngboost_student_t_S2431,2431,P4_ngboost_student_t,4200.0,0,0.0,20,20,0,True,0.11
SCEN_2023_LOW_P4_ngboost_student_t_S2432,2432,P4_ngboost_student_t,4200.0,0,0.0,20,20,0,True,0.11
SCEN_2023_LOW_P4_ngboost_student_t_S2433,2433,P4_ngboost_student_t,4200.0,0,0.0,20,20,0,True,0.11
SCEN_2023_LOW_P4_ngboost_student_t_S2434,2434,P4_ngboost_student_t,4200.0,0,0.0,20,20,0,True,0.11
SCEN_2023_LOW_P4_ngboost_student_t_S2435,2435,P4_ngboost_student_t,4200.0,0,0.0,20,20,0,True,0.12
SCEN_2023_LOW_P4_ngboost_student_t_S2436,2436,P4_ngboost_student_t,4200.0,0,0.0,20,20,0,True,0.12
SCEN_2023_LOW_P4_ngboost_student_t_S2437,2437,P4_ngboost_student_t,4200.0,0,0.0,20,20,0,True,0.11
SCEN_2023_LOW_P4_ngboost_student_t_S2438,2438,P4_ngboost_student_t,4200.0,0,0.0,20,20,0,True,0.11
SCEN_2023_LOW_P4_ngboost_student_t_S2439,2439,P4_ngboost_student_t,4200.0,0,0.0,20,20,0,True,0.11
SCEN_2023_LOW_P4_ngboost_student_t_S2440,2440,P4_ngboost_student_t,4200.0,0,0.0,20,20,0,True,0.11
SCEN_2023_LOW_P4_ngboost_student_t_S2441,2441,P4_ngboost_student_t,4200.0,0,0.0,20,20,0,True,0.11
SCEN_2023_LOW_P4_ngboost_student_t_S2442,2442,P4_ngboost_student_t,4200.0,0,0.0,20,20,0,True,0.11
SCEN_2023_LOW_P4_ngboost_student_t_S2443,2443,P4_ngboost_student_t,4200.0,0,0.0,20,20,0,True,0.11
SCEN_2023_LOW_P4_ngboost_student_t_S2444,2444,P4_ngboost_student_t,4200.0,0,0.0,20,20,0,True,0.11
SCEN_2023_LOW_P4_ngboost_student_t_S2445,2445,P4_ngboost_student_t,4200.0,0,0.0,20,20,0,True,0.11
SCEN_2023_LOW_P4_ngboost_student_t_S2446,2446,P4_ngboost_student_t,4200.0,0,0.0,20,20,0,True,0.11
SCEN_2023_LOW_P4_ngboost_student_t_S2447,2447,P4_ngboost_student_t,4200.0,0,0.0,20,20,0,True,0.11
SCEN_2023_LOW_P4_ngboost_student_t_S2448,2448,P4_ngboost_student_t,4200.0,0,0.0,20,20,0,True,0.12
SCEN_2023_LOW_P4_ngboost_student_t_S2449,2449,P4_ngboost_student_t,4200.0,0,0.0,20,20,0,True,0.11
SCEN_2023_LOW_P4_ngboost_student_t_S2450,2450,P4_ngboost_student_t,4200.0,0,0.0,20,20,0,True,0.11
SCEN_2023_LOW_P4_ngboost_student_t_S2451,2451,P4_ngboost_student_t,4200.0,0,0.0,20,20,0,True,0.11
SCEN_2023_LOW_P4_ngboost_student_t_S2452,2452,P4_ngboost_student_t,4200.0,0,0.0,20,20,0,True,0.16
SCEN_2023_LOW_P4_ngboost_student_t_S2453,2453,P4_ngboost_student_t,4200.0,0,0.0,20,20,0,True,0.11
SCEN_2023_LOW_P4_ngboost_student_t_S2454,2454,P4_ngboost_student_t,4200.0,0,0.0,20,20,0,True,0.11
SCEN_2023_LOW_P4_ngboost_student_t_S2455,2455,P4_ngboost_student_t,4200.0,0,0.0,20,20,0,True,0.11
SCEN_2023_LOW_P4_ngboost_student_t_S2456,2456,P4_ngboost_student_t,4200.0,0,0.0,20,20,0,True,0.11
SCEN_2023_LOW_P4_ngboost_student_t_S2457,2457,P4_ngboost_student_t,4200.0,0,0.0,20,20,0,True,0.11
SCEN_2023_LOW_P4_ngboost_student_t_S2458,2458,P4_ngboost_student_t,4200.0,0,0.0,20,20,0,True,0.12
SCEN_2023_LOW_P4_ngboost_student_t_S2459,2459,P4_ngboost_student_t,4200.0,0,0.0,20,20,0,True,0.11
SCEN_2023_LOW_P4_ngboost_student_t_S2460,2460,P4_ngboost_student_t,4200.0,0,0.0,20,20,0,True,0.11
SCEN_2023_LOW_P4_ngboost_student_t_S2461,2461,P4_ngboost_student_t,4200.0,0,0.0,20,20,0,True,0.11
SCEN_2023_LOW_P4_ngboost_student_t_S2462,2462,P4_ngboost_student_t,4200.0,0,0.0,20,20,0,True,0.11
SCEN_2023_LOW_P4_ngboost_student_t_S2463,2463,P4_ngboost_student_t,4200.0,0,0.0,20,20,0,True,0.11
SCEN_2023_LOW_P4_ngboost_student_t_S2464,2464,P4_ngboost_student_t,4200.0,0,0.0,20,20,0,True,0.11
SCEN_2023_LOW_P4_ngboost_student_t_S2465,2465,P4_ngboost_student_t,4200.0,0,0.0,20,20,0,True,0.11
SCEN_2023_LOW_P4_ngboost_student_t_S2466,2466,P4_ngboost_student_t,4200.0,0,0.0,20,20,0,True,0.11
SCEN_2023_LOW_P4_ngboost_student_t_S2467,2467,P4_ngboost_student_t,4200.0,0,0.0,20,20,0,True,0.11
SCEN_2023_LOW_P4_ngboost_student_t_S2468,2468,P4_ngboost_student_t,4200.0,0,0.0,20,20,0,True,0.11
SCEN_2023_LOW_P4_ngboost_student_t_S2469,2469,P4_ngboost_student_t,4200.0,0,0.0,20,20,0,True,0.11
SCEN_2023_LOW_P4_ngboost_student_t_S2470,2470,P4_ngboost_student_t,4200.0,0,0.0,20,20,0,True,0.11
SCEN_2023_LOW_P4_ngboost_student_t_S2471,2471,P4_ngboost_student_t,4200.0,0,0.0,20,20,0,True,0.11
SCEN_2023_LOW_P4_ngboost_student_t_S2472,2472,P4_ngboost_student_t,4200.0,0,0.0,20,20,0,True,0.11
SCEN_2023_LOW_P4_ngboost_student_t_S2473,2473,P4_ngboost_student_t,4200.0,0,0.0,20,20,0,True,0.11
SCEN_2023_LOW_P4_ngboost_student_t_S2474,2474,P4_ngboost_student_t,4200.0,0,0.0,20,20,0,True,0.11
SCEN_2023_LOW_P4_ngboost_student_t_S2475,2475,P4_ngboost_student_t,4200.0,0,0.0,20,20,0,True,0.11
SCEN_2023_LOW_P4_ngboost_student_t_S2476,2476,P4_ngboost_student_t,4200.0,0,0.0,20,20,0,True,0.11
SCEN_2023_LOW_P4_ngboost_student_t_S2477,2477,P4_ngboost_student_t,4200.0,0,0.0,20,20,0,True,0.11
SCEN_2023_LOW_P4_ngboost_student_t_S2478,2478,P4_ngboost_student_t,4200.0,0,0.0,20,20,0,True,0.11
SCEN_2023_LOW_P4_ngboost_student_t_S2479,2479,P4_ngboost_student_t,4200.0,0,0.0,20,20,0,True,0.11
SCEN_2023_LOW_P4_ngboost_student_t_S2480,2480,P4_ngboost_student_t,4200.0,0,0.0,20,20,0,True,0.11
SCEN_2023_LOW_P4_ngboost_student_t_S2481,2481,P4_ngboost_student_t,4200.0,0,0.0,20,20,0,True,0.13
SCEN_2023_LOW_P4_ngboost_student_t_S2482,2482,P4_ngboost_student_t,4200.0,0,0.0,20,20,0,True,0.11
SCEN_2023_LOW_P4_ngboost_student_t_S2483,2483,P4_ngboost_student_t,4200.0,0,0.0,20,20,0,True,0.11
SCEN_2023_LOW_P4_ngboost_student_t_S2484,2484,P4_ngboost_student_t,4200.0,0,0.0,20,20,0,True,0.11
SCEN_2023_LOW_P4_ngboost_student_t_S2485,2485,P4_ngboost_student_t,4200.0,0,0.0,20,20,0,True,0.11
SCEN_2023_LOW_P4_ngboost_student_t_S2486,2486,P4_ngboost_student_t,4200.0,0,0.0,20,20,0,True,0.11
SCEN_2023_LOW_P4_ngboost_student_t_S2487,2487,P4_ngboost_student_t,4200.0,0,0.0,20,20,0,True,0.12
SCEN_2023_LOW_P4_ngboost_student_t_S2488,2488,P4_ngboost_student_t,4200.0,0,0.0,20,20,0,True,0.11
SCEN_2023_LOW_P4_ngboost_student_t_S2489,2489,P4_ngboost_student_t,4200.0,0,0.0,20,20,0,True,0.11
SCEN_2023_LOW_P4_ngboost_student_t_S2490,2490,P4_ngboost_student_t,4200.0,0,0.0,20,20,0,True,0.11
SCEN_2023_LOW_P4_ngboost_student_t_S2491,2491,P4_ngboost_student_t,4200.0,0,0.0,20,20,0,True,0.11
SCEN_2023_LOW_P4_ngboost_student_t_S2492,2492,P4_ngboost_student_t,4200.0,0,0.0,20,20,0,True,0.11
SCEN_2023_LOW_P4_ngboost_student_t_S2493,2493,P4_ngboost_student_t,4200.0,0,0.0,20,20,0,True,0.11
SCEN_2023_LOW_P4_ngboost_student_t_S2494,2494,P4_ngboost_student_t,4200.0,0,0.0,20,20,0,True,0.11
SCEN_2023_LOW_P4_ngboost_student_t_S2495,2495,P4_ngboost_student_t,4200.0,0,0.0,20,20,0,True,0.11
SCEN_2023_LOW_P4_ngboost_student_t_S2496,2496,P4_ngboost_student_t,4200.0,0,0.0,20,20,0,True,0.11
SCEN_2023_LOW_P4_ngboost_student_t_S2497,2497,P4_ngboost_student_t,4200.0,0,0.0,20,20,0,True,0.11
SCEN_2023_LOW_P4_ngboost_student_t_S2498,2498,P4_ngboost_student_t,4200.0,0,0.0,20,20,0,True,0.18
SCEN_2023_LOW_P4_ngboost_student_t_S2499,2499,P4_ngboost_student_t,4200.0,0,0.0,20,20,0,True,0.11
SCEN_2023_LOW_schedule_only_S0000,0,schedule_only,4200.0,0,0.0,20,20,0,True,0.12
SCEN_2023_LOW_schedule_only_S0001,1,schedule_only,4200.0,0,0.0,20,20,0,True,0.12
SCEN_2023_LOW_schedule_only_S0002,2,schedule_only,4200.0,0,0.0,20,20,0,True,0.12
SCEN_2023_LOW_schedule_only_S0003,3,schedule_only,4200.0,0,0.0,20,20,0,True,0.11
SCEN_2023_LOW_schedule_only_S0004,4,schedule_only,4200.0,0,0.0,20,20,0,True,0.11
SCEN_2023_LOW_schedule_only_S0005,5,schedule_only,4200.0,0,0.0,20,20,0,True,0.11
SCEN_2023_LOW_schedule_only_S0006,6,schedule_only,4200.0,0,0.0,20,20,0,True,0.11
SCEN_2023_LOW_schedule_only_S0007,7,schedule_only,4200.0,0,0.0,20,20,0,True,0.11
SCEN_2023_LOW_schedule_only_S0008,8,schedule_only,4200.0,0,0.0,20,20,0,True,0.11
SCEN_2023_LOW_schedule_only_S0009,9,schedule_only,4200.0,0,0.0,20,20,0,True,0.11
SCEN_2023_LOW_schedule_only_S0010,10,schedule_only,4200.0,0,0.0,20,20,0,True,0.11
SCEN_2023_LOW_schedule_only_S0011,11,schedule_only,4200.0,0,0.0,20,20,0,True,0.11
SCEN_2023_LOW_schedule_only_S0012,12,schedule_only,4200.0,0,0.0,20,20,0,True,0.11
SCEN_2023_LOW_schedule_only_S0013,13,schedule_only,4200.0,0,0.0,20,20,0,True,0.11
SCEN_2023_LOW_schedule_only_S0014,14,schedule_only,4200.0,0,0.0,20,20,0,True,0.11
SCEN_2023_LOW_schedule_only_S0015,15,schedule_only,4200.0,0,0.0,20,20,0,True,0.11
SCEN_2023_LOW_schedule_only_S0016,16,schedule_only,4200.0,0,0.0,20,20,0,True,0.11
SCEN_2023_LOW_schedule_only_S0017,17,schedule_only,4200.0,0,0.0,20,20,0,True,0.13
SCEN_2023_LOW_schedule_only_S0018,18,schedule_only,4200.0,0,0.0,20,20,0,True,0.11
SCEN_2023_LOW_schedule_only_S0019,19,schedule_only,4200.0,0,0.0,20,20,0,True,0.11
SCEN_2023_LOW_schedule_only_S0020,20,schedule_only,4200.0,0,0.0,20,20,0,True,0.11
SCEN_2023_LOW_schedule_only_S0021,21,schedule_only,4200.0,0,0.0,20,20,0,True,0.11
SCEN_2023_LOW_schedule_only_S0022,22,schedule_only,4200.0,0,0.0,20,20,0,True,0.11
SCEN_2023_LOW_schedule_only_S0023,23,schedule_only,4200.0,0,0.0,20,20,0,True,0.11
SCEN_2023_LOW_schedule_only_S0024,24,schedule_only,4200.0,0,0.0,20,20,0,True,0.11
SCEN_2023_LOW_schedule_only_S0025,25,schedule_only,4200.0,0,0.0,20,20,0,True,0.11
SCEN_2023_LOW_schedule_only_S0026,26,schedule_only,4200.0,0,0.0,20,20,0,True,0.11
SCEN_2023_LOW_schedule_only_S0027,27,schedule_only,4200.0,0,0.0,20,20,0,True,0.11
SCEN_2023_LOW_schedule_only_S0028,28,schedule_only,4200.0,0,0.0,20,20,0,True,0.11
SCEN_2023_LOW_schedule_only_S0029,29,schedule_only,4200.0,0,0.0,20,20,0,True,0.11
SCEN_2023_LOW_schedule_only_S0030,30,schedule_only,4200.0,0,0.0,20,20,0,True,0.14
SCEN_2023_LOW_schedule_only_S0031,31,schedule_only,4200.0,0,0.0,20,20,0,True,0.11
SCEN_2023_LOW_schedule_only_S0032,32,schedule_only,4200.0,0,0.0,20,20,0,True,0.11
SCEN_2023_LOW_schedule_only_S0033,33,schedule_only,4200.0,0,0.0,20,20,0,True,0.11
SCEN_2023_LOW_schedule_only_S0034,34,schedule_only,4200.0,0,0.0,20,20,0,True,0.12
SCEN_2023_LOW_schedule_only_S0035,35,schedule_only,4200.0,0,0.0,20,20,0,True,0.12
SCEN_2023_LOW_schedule_only_S0036,36,schedule_only,4200.0,0,0.0,20,20,0,True,0.11
SCEN_2023_LOW_schedule_only_S0037,37,schedule_only,4200.0,0,0.0,20,20,0,True,0.11
SCEN_2023_LOW_schedule_only_S0038,38,schedule_only,4200.0,0,0.0,20,20,0,True,0.13
SCEN_2023_LOW_schedule_only_S0039,39,schedule_only,4200.0,0,0.0,20,20,0,True,0.11
SCEN_2023_LOW_schedule_only_S0040,40,schedule_only,4200.0,0,0.0,20,20,0,True,0.12
SCEN_2023_LOW_schedule_only_S0041,41,schedule_only,4200.0,0,0.0,20,20,0,True,0.12
SCEN_2023_LOW_schedule_only_S0042,42,schedule_only,4200.0,0,0.0,20,20,0,True,0.11
SCEN_2023_LOW_schedule_only_S0043,43,schedule_only,4200.0,0,0.0,20,20,0,True,0.15
SCEN_2023_LOW_schedule_only_S0044,44,schedule_only,4200.0,0,0.0,20,20,0,True,0.11
SCEN_2023_LOW_schedule_only_S0045,45,schedule_only,4200.0,0,0.0,20,20,0,True,0.11
SCEN_2023_LOW_schedule_only_S0046,46,schedule_only,4200.0,0,0.0,20,20,0,True,0.11
SCEN_2023_LOW_schedule_only_S0047,47,schedule_only,4200.0,0,0.0,20,20,0,True,0.11
SCEN_2023_LOW_schedule_only_S0048,48,schedule_only,4200.0,0,0.0,20,20,0,True,0.11
SCEN_2023_LOW_schedule_only_S0049,49,schedule_only,4200.0,0,0.0,20,20,0,True,0.11
SCEN_2023_LOW_schedule_only_S0050,50,schedule_only,4200.0,0,0.0,20,20,0,True,0.11
SCEN_2023_LOW_schedule_only_S0051,51,schedule_only,4200.0,0,0.0,20,20,0,True,0.11
SCEN_2023_LOW_schedule_only_S0052,52,schedule_only,4200.0,0,0.0,20,20,0,True,0.11
SCEN_2023_LOW_schedule_only_S0053,53,schedule_only,4200.0,0,0.0,20,20,0,True,0.11
SCEN_2023_LOW_schedule_only_S0054,54,schedule_only,4200.0,0,0.0,20,20,0,True,0.11
SCEN_2023_LOW_schedule_only_S0055,55,schedule_only,4200.0,0,0.0,20,20,0,True,0.11
SCEN_2023_LOW_schedule_only_S0056,56,schedule_only,4200.0,0,0.0,20,20,0,True,0.11
SCEN_2023_LOW_schedule_only_S0057,57,schedule_only,4200.0,0,0.0,20,20,0,True,0.11
SCEN_2023_LOW_schedule_only_S0058,58,schedule_only,4200.0,0,0.0,20,20,0,True,0.11
SCEN_2023_LOW_schedule_only_S0059,59,schedule_only,4200.0,0,0.0,20,20,0,True,0.12
SCEN_2023_LOW_schedule_only_S0060,60,schedule_only,4200.0,0,0.0,20,20,0,True,0.11
SCEN_2023_LOW_schedule_only_S0061,61,schedule_only,4200.0,0,0.0,20,20,0,True,0.11
SCEN_2023_LOW_schedule_only_S0062,62,schedule_only,4200.0,0,0.0,20,20,0,True,0.11
SCEN_2023_LOW_schedule_only_S0063,63,schedule_only,4200.0,0,0.0,20,20,0,True,0.11
SCEN_2023_LOW_schedule_only_S0064,64,schedule_only,4200.0,0,0.0,20,20,0,True,0.12
SCEN_2023_LOW_schedule_only_S0065,65,schedule_only,4200.0,0,0.0,20,20,0,True,0.11
SCEN_2023_LOW_schedule_only_S0066,66,schedule_only,4200.0,0,0.0,20,20,0,True,0.11
SCEN_2023_LOW_schedule_only_S0067,67,schedule_only,4200.0,0,0.0,20,20,0,True,0.11
SCEN_2023_LOW_schedule_only_S0068,68,schedule_only,4200.0,0,0.0,20,20,0,True,0.11
SCEN_2023_LOW_schedule_only_S0069,69,schedule_only,4200.0,0,0.0,20,20,0,True,0.11
SCEN_2023_LOW_schedule_only_S0070,70,schedule_only,4200.0,0,0.0,20,20,0,True,0.11
SCEN_2023_LOW_schedule_only_S0071,71,schedule_only,4200.0,0,0.0,20,20,0,True,0.11
SCEN_2023_LOW_schedule_only_S0072,72,schedule_only,4200.0,0,0.0,20,20,0,True,0.11
SCEN_2023_LOW_schedule_only_S0073,73,schedule_only,4200.0,0,0.0,20,20,0,True,0.11
SCEN_2023_LOW_schedule_only_S0074,74,schedule_only,4200.0,0,0.0,20,20,0,True,0.11
SCEN_2023_LOW_schedule_only_S0075,75,schedule_only,4200.0,0,0.0,20,20,0,True,0.11
SCEN_2023_LOW_schedule_only_S0076,76,schedule_only,4200.0,0,0.0,20,20,0,True,0.11
SCEN_2023_LOW_schedule_only_S0077,77,schedule_only,4200.0,0,0.0,20,20,0,True,0.15
SCEN_2023_LOW_schedule_only_S0078,78,schedule_only,4200.0,0,0.0,20,20,0,True,0.11
SCEN_2023_LOW_schedule_only_S0079,79,schedule_only,4200.0,0,0.0,20,20,0,True,0.11
SCEN_2023_LOW_schedule_only_S0080,80,schedule_only,4200.0,0,0.0,20,20,0,True,0.11
SCEN_2023_LOW_schedule_only_S0081,81,schedule_only,4200.0,0,0.0,20,20,0,True,0.13
SCEN_2023_LOW_schedule_only_S0082,82,schedule_only,4200.0,0,0.0,20,20,0,True,0.12
SCEN_2023_LOW_schedule_only_S0083,83,schedule_only,4200.0,0,0.0,20,20,0,True,0.13
SCEN_2023_LOW_schedule_only_S0084,84,schedule_only,4200.0,0,0.0,20,20,0,True,0.11
SCEN_2023_LOW_schedule_only_S0085,85,schedule_only,4200.0,0,0.0,20,20,0,True,0.13
SCEN_2023_LOW_schedule_only_S0086,86,schedule_only,4200.0,0,0.0,20,20,0,True,0.11
SCEN_2023_LOW_schedule_only_S0087,87,schedule_only,4200.0,0,0.0,20,20,0,True,0.11
SCEN_2023_LOW_schedule_only_S0088,88,schedule_only,4200.0,0,0.0,20,20,0,True,0.12
SCEN_2023_LOW_schedule_only_S0089,89,schedule_only,4200.0,0,0.0,20,20,0,True,0.14
SCEN_2023_LOW_schedule_only_S0090,90,schedule_only,4200.0,0,0.0,20,20,0,True,0.11
SCEN_2023_LOW_schedule_only_S0091,91,schedule_only,4200.0,0,0.0,20,20,0,True,0.11
SCEN_2023_LOW_schedule_only_S0092,92,schedule_only,4200.0,0,0.0,20,20,0,True,0.28
SCEN_2023_LOW_schedule_only_S0093,93,schedule_only,4200.0,0,0.0,20,20,0,True,0.15
SCEN_2023_LOW_schedule_only_S0094,94,schedule_only,4200.0,0,0.0,20,20,0,True,0.12
SCEN_2023_LOW_schedule_only_S0095,95,schedule_only,4200.0,0,0.0,20,20,0,True,0.11
SCEN_2023_LOW_schedule_only_S0096,96,schedule_only,4200.0,0,0.0,20,20,0,True,0.11
SCEN_2023_LOW_schedule_only_S0097,97,schedule_only,4200.0,0,0.0,20,20,0,True,0.11
SCEN_2023_LOW_schedule_only_S0098,98,schedule_only,4200.0,0,0.0,20,20,0,True,0.11
SCEN_2023_LOW_schedule_only_S0099,99,schedule_only,4200.0,0,0.0,20,20,0,True,0.13
SCEN_2023_LOW_schedule_only_S0100,100,schedule_only,4200.0,0,0.0,20,20,0,True,0.15
SCEN_2023_LOW_schedule_only_S0101,101,schedule_only,4200.0,0,0.0,20,20,0,True,0.12
SCEN_2023_LOW_schedule_only_S0102,102,schedule_only,4200.0,0,0.0,20,20,0,True,0.12
SCEN_2023_LOW_schedule_only_S0103,103,schedule_only,4200.0,0,0.0,20,20,0,True,0.13
SCEN_2023_LOW_schedule_only_S0104,104,schedule_only,4200.0,0,0.0,20,20,0,True,0.12
SCEN_2023_LOW_schedule_only_S0105,105,schedule_only,4200.0,0,0.0,20,20,0,True,0.12
SCEN_2023_LOW_schedule_only_S0106,106,schedule_only,4200.0,0,0.0,20,20,0,True,0.12
SCEN_2023_LOW_schedule_only_S0107,107,schedule_only,4200.0,0,0.0,20,20,0,True,0.12
SCEN_2023_LOW_schedule_only_S0108,108,schedule_only,4200.0,0,0.0,20,20,0,True,0.12
SCEN_2023_LOW_schedule_only_S0109,109,schedule_only,4200.0,0,0.0,20,20,0,True,0.12
SCEN_2023_LOW_schedule_only_S0110,110,schedule_only,4200.0,0,0.0,20,20,0,True,0.12
SCEN_2023_LOW_schedule_only_S0111,111,schedule_only,4200.0,0,0.0,20,20,0,True,0.12
SCEN_2023_LOW_schedule_only_S0112,112,schedule_only,4200.0,0,0.0,20,20,0,True,0.12
SCEN_2023_LOW_schedule_only_S0113,113,schedule_only,4200.0,0,0.0,20,20,0,True,0.12
SCEN_2023_LOW_schedule_only_S0114,114,schedule_only,4200.0,0,0.0,20,20,0,True,0.12
SCEN_2023_LOW_schedule_only_S0115,115,schedule_only,4200.0,0,0.0,20,20,0,True,0.12
SCEN_2023_LOW_schedule_only_S0116,116,schedule_only,4200.0,0,0.0,20,20,0,True,0.12
SCEN_2023_LOW_schedule_only_S0117,117,schedule_only,4200.0,0,0.0,20,20,0,True,0.12
SCEN_2023_LOW_schedule_only_S0118,118,schedule_only,4200.0,0,0.0,20,20,0,True,0.12
SCEN_2023_LOW_schedule_only_S0119,119,schedule_only,4200.0,0,0.0,20,20,0,True,0.12
SCEN_2023_LOW_schedule_only_S0120,120,schedule_only,4200.0,0,0.0,20,20,0,True,0.12
SCEN_2023_LOW_schedule_only_S0121,121,schedule_only,4200.0,0,0.0,20,20,0,True,0.12
SCEN_2023_LOW_schedule_only_S0122,122,schedule_only,4200.0,0,0.0,20,20,0,True,0.11
SCEN_2023_LOW_schedule_only_S0123,123,schedule_only,4200.0,0,0.0,20,20,0,True,0.12
SCEN_2023_LOW_schedule_only_S0124,124,schedule_only,4200.0,0,0.0,20,20,0,True,0.12
SCEN_2023_LOW_schedule_only_S0125,125,schedule_only,4200.0,0,0.0,20,20,0,True,0.14
SCEN_2023_LOW_schedule_only_S0126,126,schedule_only,4200.0,0,0.0,20,20,0,True,0.11
SCEN_2023_LOW_schedule_only_S0127,127,schedule_only,4200.0,0,0.0,20,20,0,True,0.11
SCEN_2023_LOW_schedule_only_S0128,128,schedule_only,4200.0,0,0.0,20,20,0,True,0.14
SCEN_2023_LOW_schedule_only_S0129,129,schedule_only,4200.0,0,0.0,20,20,0,True,0.12
SCEN_2023_LOW_schedule_only_S0130,130,schedule_only,4200.0,0,0.0,20,20,0,True,0.12
SCEN_2023_LOW_schedule_only_S0131,131,schedule_only,4200.0,0,0.0,20,20,0,True,0.12
SCEN_2023_LOW_schedule_only_S0132,132,schedule_only,4200.0,0,0.0,20,20,0,True,0.14
SCEN_2023_LOW_schedule_only_S0133,133,schedule_only,4200.0,0,0.0,20,20,0,True,0.12
SCEN_2023_LOW_schedule_only_S0134,134,schedule_only,4200.0,0,0.0,20,20,0,True,0.13
SCEN_2023_LOW_schedule_only_S0135,135,schedule_only,4200.0,0,0.0,20,20,0,True,0.12
SCEN_2023_LOW_schedule_only_S0136,136,schedule_only,4200.0,0,0.0,20,20,0,True,0.12
SCEN_2023_LOW_schedule_only_S0137,137,schedule_only,4200.0,0,0.0,20,20,0,True,0.12
SCEN_2023_LOW_schedule_only_S0138,138,schedule_only,4200.0,0,0.0,20,20,0,True,0.13
SCEN_2023_LOW_schedule_only_S0139,139,schedule_only,4200.0,0,0.0,20,20,0,True,0.12
SCEN_2023_LOW_schedule_only_S0140,140,schedule_only,4200.0,0,0.0,20,20,0,True,0.13
SCEN_2023_LOW_schedule_only_S0141,141,schedule_only,4200.0,0,0.0,20,20,0,True,0.12
SCEN_2023_LOW_schedule_only_S0142,142,schedule_only,4200.0,0,0.0,20,20,0,True,0.12
SCEN_2023_LOW_schedule_only_S0143,143,schedule_only,4200.0,0,0.0,20,20,0,True,0.12
SCEN_2023_LOW_schedule_only_S0144,144,schedule_only,4200.0,0,0.0,20,20,0,True,0.12
SCEN_2023_LOW_schedule_only_S0145,145,schedule_only,4200.0,0,0.0,20,20,0,True,0.16
SCEN_2023_LOW_schedule_only_S0146,146,schedule_only,4200.0,0,0.0,20,20,0,True,0.12
SCEN_2023_LOW_schedule_only_S0147,147,schedule_only,4200.0,0,0.0,20,20,0,True,0.12
SCEN_2023_LOW_schedule_only_S0148,148,schedule_only,4200.0,0,0.0,20,20,0,True,0.12
SCEN_2023_LOW_schedule_only_S0149,149,schedule_only,4200.0,0,0.0,20,20,0,True,0.12
SCEN_2023_LOW_schedule_only_S0150,150,schedule_only,4200.0,0,0.0,20,20,0,True,0.12
SCEN_2023_LOW_schedule_only_S0151,151,schedule_only,4200.0,0,0.0,20,20,0,True,0.12
SCEN_2023_LOW_schedule_only_S0152,152,schedule_only,4200.0,0,0.0,20,20,0,True,0.12
SCEN_2023_LOW_schedule_only_S0153,153,schedule_only,4200.0,0,0.0,20,20,0,True,0.12
SCEN_2023_LOW_schedule_only_S0154,154,schedule_only,4200.0,0,0.0,20,20,0,True,0.13
SCEN_2023_LOW_schedule_only_S0155,155,schedule_only,4200.0,0,0.0,20,20,0,True,0.12
SCEN_2023_LOW_schedule_only_S0156,156,schedule_only,4200.0,0,0.0,20,20,0,True,0.12
SCEN_2023_LOW_schedule_only_S0157,157,schedule_only,4200.0,0,0.0,20,20,0,True,0.12
SCEN_2023_LOW_schedule_only_S0158,158,schedule_only,4200.0,0,0.0,20,20,0,True,0.12
SCEN_2023_LOW_schedule_only_S0159,159,schedule_only,4200.0,0,0.0,20,20,0,True,0.12
SCEN_2023_LOW_schedule_only_S0160,160,schedule_only,4200.0,0,0.0,20,20,0,True,0.12
SCEN_2023_LOW_schedule_only_S0161,161,schedule_only,4200.0,0,0.0,20,20,0,True,0.12
SCEN_2023_LOW_schedule_only_S0162,162,schedule_only,4200.0,0,0.0,20,20,0,True,0.12
SCEN_2023_LOW_schedule_only_S0163,163,schedule_only,4200.0,0,0.0,20,20,0,True,0.12
SCEN_2023_LOW_schedule_only_S0164,164,schedule_only,4200.0,0,0.0,20,20,0,True,0.12
SCEN_2023_LOW_schedule_only_S0165,165,schedule_only,4200.0,0,0.0,20,20,0,True,0.12
SCEN_2023_LOW_schedule_only_S0166,166,schedule_only,4200.0,0,0.0,20,20,0,True,0.12
SCEN_2023_LOW_schedule_only_S0167,167,schedule_only,4200.0,0,0.0,20,20,0,True,0.12
SCEN_2023_LOW_schedule_only_S0168,168,schedule_only,4200.0,0,0.0,20,20,0,True,0.12
SCEN_2023_LOW_schedule_only_S0169,169,schedule_only,4200.0,0,0.0,20,20,0,True,0.12
SCEN_2023_LOW_schedule_only_S0170,170,schedule_only,4200.0,0,0.0,20,20,0,True,0.12
SCEN_2023_LOW_schedule_only_S0171,171,schedule_only,4200.0,0,0.0,20,20,0,True,0.12
SCEN_2023_LOW_schedule_only_S0172,172,schedule_only,4200.0,0,0.0,20,20,0,True,0.13
SCEN_2023_LOW_schedule_only_S0173,173,schedule_only,4200.0,0,0.0,20,20,0,True,0.16
SCEN_2023_LOW_schedule_only_S0174,174,schedule_only,4200.0,0,0.0,20,20,0,True,0.12
SCEN_2023_LOW_schedule_only_S0175,175,schedule_only,4200.0,0,0.0,20,20,0,True,0.12
SCEN_2023_LOW_schedule_only_S0176,176,schedule_only,4200.0,0,0.0,20,20,0,True,0.12
SCEN_2023_LOW_schedule_only_S0177,177,schedule_only,4200.0,0,0.0,20,20,0,True,0.12
SCEN_2023_LOW_schedule_only_S0178,178,schedule_only,4200.0,0,0.0,20,20,0,True,0.12
SCEN_2023_LOW_schedule_only_S0179,179,schedule_only,4200.0,0,0.0,20,20,0,True,0.12
SCEN_2023_LOW_schedule_only_S0180,180,schedule_only,4200.0,0,0.0,20,20,0,True,0.12
SCEN_2023_LOW_schedule_only_S0181,181,schedule_only,4200.0,0,0.0,20,20,0,True,0.12
SCEN_2023_LOW_schedule_only_S0182,182,schedule_only,4200.0,0,0.0,20,20,0,True,0.12
SCEN_2023_LOW_schedule_only_S0183,183,schedule_only,4200.0,0,0.0,20,20,0,True,0.12
SCEN_2023_LOW_schedule_only_S0184,184,schedule_only,4200.0,0,0.0,20,20,0,True,0.12
SCEN_2023_LOW_schedule_only_S0185,185,schedule_only,4200.0,0,0.0,20,20,0,True,0.12
SCEN_2023_LOW_schedule_only_S0186,186,schedule_only,4200.0,0,0.0,20,20,0,True,0.12
SCEN_2023_LOW_schedule_only_S0187,187,schedule_only,4200.0,0,0.0,20,20,0,True,0.12
SCEN_2023_LOW_schedule_only_S0188,188,schedule_only,4200.0,0,0.0,20,20,0,True,0.12
SCEN_2023_LOW_schedule_only_S0189,189,schedule_only,4200.0,0,0.0,20,20,0,True,0.12
SCEN_2023_LOW_schedule_only_S0190,190,schedule_only,4200.0,0,0.0,20,20,0,True,0.12
SCEN_2023_LOW_schedule_only_S0191,191,schedule_only,4200.0,0,0.0,20,20,0,True,0.12
SCEN_2023_LOW_schedule_only_S0192,192,schedule_only,4200.0,0,0.0,20,20,0,True,0.12
SCEN_2023_LOW_schedule_only_S0193,193,schedule_only,4200.0,0,0.0,20,20,0,True,0.11
SCEN_2023_LOW_schedule_only_S0194,194,schedule_only,4200.0,0,0.0,20,20,0,True,0.12
SCEN_2023_LOW_schedule_only_S0195,195,schedule_only,4200.0,0,0.0,20,20,0,True,0.13
SCEN_2023_LOW_schedule_only_S0196,196,schedule_only,4200.0,0,0.0,20,20,0,True,0.12
SCEN_2023_LOW_schedule_only_S0197,197,schedule_only,4200.0,0,0.0,20,20,0,True,0.11
SCEN_2023_LOW_schedule_only_S0198,198,schedule_only,4200.0,0,0.0,20,20,0,True,0.12
SCEN_2023_LOW_schedule_only_S0199,199,schedule_only,4200.0,0,0.0,20,20,0,True,0.12
SCEN_2023_LOW_schedule_only_S0200,200,schedule_only,4200.0,0,0.0,20,20,0,True,0.11
SCEN_2023_LOW_schedule_only_S0201,201,schedule_only,4200.0,0,0.0,20,20,0,True,0.12
SCEN_2023_LOW_schedule_only_S0202,202,schedule_only,4200.0,0,0.0,20,20,0,True,0.11
SCEN_2023_LOW_schedule_only_S0203,203,schedule_only,4200.0,0,0.0,20,20,0,True,0.12
SCEN_2023_LOW_schedule_only_S0204,204,schedule_only,4200.0,0,0.0,20,20,0,True,0.15
SCEN_2023_LOW_schedule_only_S0205,205,schedule_only,4200.0,0,0.0,20,20,0,True,0.11
SCEN_2023_LOW_schedule_only_S0206,206,schedule_only,4200.0,0,0.0,20,20,0,True,0.11
SCEN_2023_LOW_schedule_only_S0207,207,schedule_only,4200.0,0,0.0,20,20,0,True,0.13
SCEN_2023_LOW_schedule_only_S0208,208,schedule_only,4200.0,0,0.0,20,20,0,True,0.11
SCEN_2023_LOW_schedule_only_S0209,209,schedule_only,4200.0,0,0.0,20,20,0,True,0.12
SCEN_2023_LOW_schedule_only_S0210,210,schedule_only,4200.0,0,0.0,20,20,0,True,0.12
SCEN_2023_LOW_schedule_only_S0211,211,schedule_only,4200.0,0,0.0,20,20,0,True,0.15
SCEN_2023_LOW_schedule_only_S0212,212,schedule_only,4200.0,0,0.0,20,20,0,True,0.11
SCEN_2023_LOW_schedule_only_S0213,213,schedule_only,4200.0,0,0.0,20,20,0,True,0.11
SCEN_2023_LOW_schedule_only_S0214,214,schedule_only,4200.0,0,0.0,20,20,0,True,0.12
SCEN_2023_LOW_schedule_only_S0215,215,schedule_only,4200.0,0,0.0,20,20,0,True,0.12
SCEN_2023_LOW_schedule_only_S0216,216,schedule_only,4200.0,0,0.0,20,20,0,True,0.11
SCEN_2023_LOW_schedule_only_S0217,217,schedule_only,4200.0,0,0.0,20,20,0,True,0.11
SCEN_2023_LOW_schedule_only_S0218,218,schedule_only,4200.0,0,0.0,20,20,0,True,0.11
SCEN_2023_LOW_schedule_only_S0219,219,schedule_only,4200.0,0,0.0,20,20,0,True,0.12
SCEN_2023_LOW_schedule_only_S0220,220,schedule_only,4200.0,0,0.0,20,20,0,True,0.11
SCEN_2023_LOW_schedule_only_S0221,221,schedule_only,4200.0,0,0.0,20,20,0,True,0.12
SCEN_2023_LOW_schedule_only_S0222,222,schedule_only,4200.0,0,0.0,20,20,0,True,0.11
SCEN_2023_LOW_schedule_only_S0223,223,schedule_only,4200.0,0,0.0,20,20,0,True,0.15
SCEN_2023_LOW_schedule_only_S0224,224,schedule_only,4200.0,0,0.0,20,20,0,True,0.13
SCEN_2023_LOW_schedule_only_S0225,225,schedule_only,4200.0,0,0.0,20,20,0,True,0.11
SCEN_2023_LOW_schedule_only_S0226,226,schedule_only,4200.0,0,0.0,20,20,0,True,0.11
SCEN_2023_LOW_schedule_only_S0227,227,schedule_only,4200.0,0,0.0,20,20,0,True,0.13
SCEN_2023_LOW_schedule_only_S0228,228,schedule_only,4200.0,0,0.0,20,20,0,True,0.12
SCEN_2023_LOW_schedule_only_S0229,229,schedule_only,4200.0,0,0.0,20,20,0,True,0.11
SCEN_2023_LOW_schedule_only_S0230,230,schedule_only,4200.0,0,0.0,20,20,0,True,0.11
SCEN_2023_LOW_schedule_only_S0231,231,schedule_only,4200.0,0,0.0,20,20,0,True,0.2
SCEN_2023_LOW_schedule_only_S0232,232,schedule_only,4200.0,0,0.0,20,20,0,True,0.11
SCEN_2023_LOW_schedule_only_S0233,233,schedule_only,4200.0,0,0.0,20,20,0,True,0.11
SCEN_2023_LOW_schedule_only_S0234,234,schedule_only,4200.0,0,0.0,20,20,0,True,0.11
SCEN_2023_LOW_schedule_only_S0235,235,schedule_only,4200.0,0,0.0,20,20,0,True,0.14
SCEN_2023_LOW_schedule_only_S0236,236,schedule_only,4200.0,0,0.0,20,20,0,True,0.11
SCEN_2023_LOW_schedule_only_S0237,237,schedule_only,4200.0,0,0.0,20,20,0,True,0.11
SCEN_2023_LOW_schedule_only_S0238,238,schedule_only,4200.0,0,0.0,20,20,0,True,0.15
SCEN_2023_LOW_schedule_only_S0239,239,schedule_only,4200.0,0,0.0,20,20,0,True,0.14
SCEN_2023_LOW_schedule_only_S0240,240,schedule_only,4200.0,0,0.0,20,20,0,True,0.11
SCEN_2023_LOW_schedule_only_S0241,241,schedule_only,4200.0,0,0.0,20,20,0,True,0.11
SCEN_2023_LOW_schedule_only_S0242,242,schedule_only,4200.0,0,0.0,20,20,0,True,0.13
SCEN_2023_LOW_schedule_only_S0243,243,schedule_only,4200.0,0,0.0,20,20,0,True,0.17
SCEN_2023_LOW_schedule_only_S0244,244,schedule_only,4200.0,0,0.0,20,20,0,True,0.11
SCEN_2023_LOW_schedule_only_S0245,245,schedule_only,4200.0,0,0.0,20,20,0,True,0.12
SCEN_2023_LOW_schedule_only_S0246,246,schedule_only,4200.0,0,0.0,20,20,0,True,0.13
SCEN_2023_LOW_schedule_only_S0247,247,schedule_only,4200.0,0,0.0,20,20,0,True,0.14
SCEN_2023_LOW_schedule_only_S0248,248,schedule_only,4200.0,0,0.0,20,20,0,True,0.11
SCEN_2023_LOW_schedule_only_S0249,249,schedule_only,4200.0,0,0.0,20,20,0,True,0.12
SCEN_2023_LOW_schedule_only_S0250,250,schedule_only,4200.0,0,0.0,20,20,0,True,0.11
SCEN_2023_LOW_schedule_only_S0251,251,schedule_only,4200.0,0,0.0,20,20,0,True,0.12
SCEN_2023_LOW_schedule_only_S0252,252,schedule_only,4200.0,0,0.0,20,20,0,True,0.11
SCEN_2023_LOW_schedule_only_S0253,253,schedule_only,4200.0,0,0.0,20,20,0,True,0.11
SCEN_2023_LOW_schedule_only_S0254,254,schedule_only,4200.0,0,0.0,20,20,0,True,0.12
SCEN_2023_LOW_schedule_only_S0255,255,schedule_only,4200.0,0,0.0,20,20,0,True,0.16
SCEN_2023_LOW_schedule_only_S0256,256,schedule_only,4200.0,0,0.0,20,20,0,True,0.12
SCEN_2023_LOW_schedule_only_S0257,257,schedule_only,4200.0,0,0.0,20,20,0,True,0.11
SCEN_2023_LOW_schedule_only_S0258,258,schedule_only,4200.0,0,0.0,20,20,0,True,0.11
SCEN_2023_LOW_schedule_only_S0259,259,schedule_only,4200.0,0,0.0,20,20,0,True,0.19
SCEN_2023_LOW_schedule_only_S0260,260,schedule_only,4200.0,0,0.0,20,20,0,True,0.11
SCEN_2023_LOW_schedule_only_S0261,261,schedule_only,4200.0,0,0.0,20,20,0,True,0.11
SCEN_2023_LOW_schedule_only_S0262,262,schedule_only,4200.0,0,0.0,20,20,0,True,0.15
SCEN_2023_LOW_schedule_only_S0263,263,schedule_only,4200.0,0,0.0,20,20,0,True,0.14
SCEN_2023_LOW_schedule_only_S0264,264,schedule_only,4200.0,0,0.0,20,20,0,True,0.11
SCEN_2023_LOW_schedule_only_S0265,265,schedule_only,4200.0,0,0.0,20,20,0,True,0.11
SCEN_2023_LOW_schedule_only_S0266,266,schedule_only,4200.0,0,0.0,20,20,0,True,0.11
SCEN_2023_LOW_schedule_only_S0267,267,schedule_only,4200.0,0,0.0,20,20,0,True,0.16
SCEN_2023_LOW_schedule_only_S0268,268,schedule_only,4200.0,0,0.0,20,20,0,True,0.11
SCEN_2023_LOW_schedule_only_S0269,269,schedule_only,4200.0,0,0.0,20,20,0,True,0.16
SCEN_2023_LOW_schedule_only_S0270,270,schedule_only,4200.0,0,0.0,20,20,0,True,0.11
SCEN_2023_LOW_schedule_only_S0271,271,schedule_only,4200.0,0,0.0,20,20,0,True,0.11
SCEN_2023_LOW_schedule_only_S0272,272,schedule_only,4200.0,0,0.0,20,20,0,True,0.11
SCEN_2023_LOW_schedule_only_S0273,273,schedule_only,4200.0,0,0.0,20,20,0,True,0.12
SCEN_2023_LOW_schedule_only_S0274,274,schedule_only,4200.0,0,0.0,20,20,0,True,0.11
SCEN_2023_LOW_schedule_only_S0275,275,schedule_only,4200.0,0,0.0,20,20,0,True,0.13
SCEN_2023_LOW_schedule_only_S0276,276,schedule_only,4200.0,0,0.0,20,20,0,True,0.17
SCEN_2023_LOW_schedule_only_S0277,277,schedule_only,4200.0,0,0.0,20,20,0,True,0.11
SCEN_2023_LOW_schedule_only_S0278,278,schedule_only,4200.0,0,0.0,20,20,0,True,0.11
SCEN_2023_LOW_schedule_only_S0279,279,schedule_only,4200.0,0,0.0,20,20,0,True,0.12
SCEN_2023_LOW_schedule_only_S0280,280,schedule_only,4200.0,0,0.0,20,20,0,True,0.12
SCEN_2023_LOW_schedule_only_S0281,281,schedule_only,4200.0,0,0.0,20,20,0,True,0.11
SCEN_2023_LOW_schedule_only_S0282,282,schedule_only,4200.0,0,0.0,20,20,0,True,0.11
SCEN_2023_LOW_schedule_only_S0283,283,schedule_only,4200.0,0,0.0,20,20,0,True,0.15
SCEN_2023_LOW_schedule_only_S0284,284,schedule_only,4200.0,0,0.0,20,20,0,True,0.24
SCEN_2023_LOW_schedule_only_S0285,285,schedule_only,4200.0,0,0.0,20,20,0,True,0.15
SCEN_2023_LOW_schedule_only_S0286,286,schedule_only,4200.0,0,0.0,20,20,0,True,0.12
SCEN_2023_LOW_schedule_only_S0287,287,schedule_only,4200.0,0,0.0,20,20,0,True,0.11
SCEN_2023_LOW_schedule_only_S0288,288,schedule_only,4200.0,0,0.0,20,20,0,True,0.11
SCEN_2023_LOW_schedule_only_S0289,289,schedule_only,4200.0,0,0.0,20,20,0,True,0.11
SCEN_2023_LOW_schedule_only_S0290,290,schedule_only,4200.0,0,0.0,20,20,0,True,0.11
SCEN_2023_LOW_schedule_only_S0291,291,schedule_only,4200.0,0,0.0,20,20,0,True,0.11
SCEN_2023_LOW_schedule_only_S0292,292,schedule_only,4200.0,0,0.0,20,20,0,True,0.11
SCEN_2023_LOW_schedule_only_S0293,293,schedule_only,4200.0,0,0.0,20,20,0,True,0.14
SCEN_2023_LOW_schedule_only_S0294,294,schedule_only,4200.0,0,0.0,20,20,0,True,0.12
SCEN_2023_LOW_schedule_only_S0295,295,schedule_only,4200.0,0,0.0,20,20,0,True,0.11
SCEN_2023_LOW_schedule_only_S0296,296,schedule_only,4200.0,0,0.0,20,20,0,True,0.13
SCEN_2023_LOW_schedule_only_S0297,297,schedule_only,4200.0,0,0.0,20,20,0,True,0.11
SCEN_2023_LOW_schedule_only_S0298,298,schedule_only,4200.0,0,0.0,20,20,0,True,0.11
SCEN_2023_LOW_schedule_only_S0299,299,schedule_only,4200.0,0,0.0,20,20,0,True,0.11
SCEN_2023_LOW_schedule_only_S0300,300,schedule_only,4200.0,0,0.0,20,20,0,True,0.12
SCEN_2023_LOW_schedule_only_S0301,301,schedule_only,4200.0,0,0.0,20,20,0,True,0.11
SCEN_2023_LOW_schedule_only_S0302,302,schedule_only,4200.0,0,0.0,20,20,0,True,0.11
SCEN_2023_LOW_schedule_only_S0303,303,schedule_only,4200.0,0,0.0,20,20,0,True,0.12
SCEN_2023_LOW_schedule_only_S0304,304,schedule_only,4200.0,0,0.0,20,20,0,True,0.11
SCEN_2023_LOW_schedule_only_S0305,305,schedule_only,4200.0,0,0.0,20,20,0,True,0.11
SCEN_2023_LOW_schedule_only_S0306,306,schedule_only,4200.0,0,0.0,20,20,0,True,0.11
SCEN_2023_LOW_schedule_only_S0307,307,schedule_only,4200.0,0,0.0,20,20,0,True,0.12
SCEN_2023_LOW_schedule_only_S0308,308,schedule_only,4200.0,0,0.0,20,20,0,True,0.11
SCEN_2023_LOW_schedule_only_S0309,309,schedule_only,4200.0,0,0.0,20,20,0,True,0.11
SCEN_2023_LOW_schedule_only_S0310,310,schedule_only,4200.0,0,0.0,20,20,0,True,0.11
SCEN_2023_LOW_schedule_only_S0311,311,schedule_only,4200.0,0,0.0,20,20,0,True,0.11
SCEN_2023_LOW_schedule_only_S0312,312,schedule_only,4200.0,0,0.0,20,20,0,True,0.13
SCEN_2023_LOW_schedule_only_S0313,313,schedule_only,4200.0,0,0.0,20,20,0,True,0.12
SCEN_2023_LOW_schedule_only_S0314,314,schedule_only,4200.0,0,0.0,20,20,0,True,0.12
SCEN_2023_LOW_schedule_only_S0315,315,schedule_only,4200.0,0,0.0,20,20,0,True,0.11
SCEN_2023_LOW_schedule_only_S0316,316,schedule_only,4200.0,0,0.0,20,20,0,True,0.11
SCEN_2023_LOW_schedule_only_S0317,317,schedule_only,4200.0,0,0.0,20,20,0,True,0.11
SCEN_2023_LOW_schedule_only_S0318,318,schedule_only,4200.0,0,0.0,20,20,0,True,0.11
SCEN_2023_LOW_schedule_only_S0319,319,schedule_only,4200.0,0,0.0,20,20,0,True,0.11
SCEN_2023_LOW_schedule_only_S0320,320,schedule_only,4200.0,0,0.0,20,20,0,True,0.11
SCEN_2023_LOW_schedule_only_S0321,321,schedule_only,4200.0,0,0.0,20,20,0,True,0.11
SCEN_2023_LOW_schedule_only_S0322,322,schedule_only,4200.0,0,0.0,20,20,0,True,0.11
SCEN_2023_LOW_schedule_only_S0323,323,schedule_only,4200.0,0,0.0,20,20,0,True,0.11
SCEN_2023_LOW_schedule_only_S0324,324,schedule_only,4200.0,0,0.0,20,20,0,True,0.11
SCEN_2023_LOW_schedule_only_S0325,325,schedule_only,4200.0,0,0.0,20,20,0,True,0.11
SCEN_2023_LOW_schedule_only_S0326,326,schedule_only,4200.0,0,0.0,20,20,0,True,0.11
SCEN_2023_LOW_schedule_only_S0327,327,schedule_only,4200.0,0,0.0,20,20,0,True,0.11
SCEN_2023_LOW_schedule_only_S0328,328,schedule_only,4200.0,0,0.0,20,20,0,True,0.11
SCEN_2023_LOW_schedule_only_S0329,329,schedule_only,4200.0,0,0.0,20,20,0,True,0.11
SCEN_2023_LOW_schedule_only_S0330,330,schedule_only,4200.0,0,0.0,20,20,0,True,0.11
SCEN_2023_LOW_schedule_only_S0331,331,schedule_only,4200.0,0,0.0,20,20,0,True,0.13
SCEN_2023_LOW_schedule_only_S0332,332,schedule_only,4200.0,0,0.0,20,20,0,True,0.11
SCEN_2023_LOW_schedule_only_S0333,333,schedule_only,4200.0,0,0.0,20,20,0,True,0.11
SCEN_2023_LOW_schedule_only_S0334,334,schedule_only,4200.0,0,0.0,20,20,0,True,0.11
SCEN_2023_LOW_schedule_only_S0335,335,schedule_only,4200.0,0,0.0,20,20,0,True,0.12
SCEN_2023_LOW_schedule_only_S0336,336,schedule_only,4200.0,0,0.0,20,20,0,True,0.11
SCEN_2023_LOW_schedule_only_S0337,337,schedule_only,4200.0,0,0.0,20,20,0,True,0.11
SCEN_2023_LOW_schedule_only_S0338,338,schedule_only,4200.0,0,0.0,20,20,0,True,0.12
SCEN_2023_LOW_schedule_only_S0339,339,schedule_only,4200.0,0,0.0,20,20,0,True,0.13
SCEN_2023_LOW_schedule_only_S0340,340,schedule_only,4200.0,0,0.0,20,20,0,True,0.11
SCEN_2023_LOW_schedule_only_S0341,341,schedule_only,4200.0,0,0.0,20,20,0,True,0.11
SCEN_2023_LOW_schedule_only_S0342,342,schedule_only,4200.0,0,0.0,20,20,0,True,0.11
SCEN_2023_LOW_schedule_only_S0343,343,schedule_only,4200.0,0,0.0,20,20,0,True,0.13
SCEN_2023_LOW_schedule_only_S0344,344,schedule_only,4200.0,0,0.0,20,20,0,True,0.11
SCEN_2023_LOW_schedule_only_S0345,345,schedule_only,4200.0,0,0.0,20,20,0,True,0.11
SCEN_2023_LOW_schedule_only_S0346,346,schedule_only,4200.0,0,0.0,20,20,0,True,0.12
SCEN_2023_LOW_schedule_only_S0347,347,schedule_only,4200.0,0,0.0,20,20,0,True,0.13
SCEN_2023_LOW_schedule_only_S0348,348,schedule_only,4200.0,0,0.0,20,20,0,True,0.11
SCEN_2023_LOW_schedule_only_S0349,349,schedule_only,4200.0,0,0.0,20,20,0,True,0.13
SCEN_2023_LOW_schedule_only_S0350,350,schedule_only,4200.0,0,0.0,20,20,0,True,0.11
SCEN_2023_LOW_schedule_only_S0351,351,schedule_only,4200.0,0,0.0,20,20,0,True,0.11
SCEN_2023_LOW_schedule_only_S0352,352,schedule_only,4200.0,0,0.0,20,20,0,True,0.11
SCEN_2023_LOW_schedule_only_S0353,353,schedule_only,4200.0,0,0.0,20,20,0,True,0.11
SCEN_2023_LOW_schedule_only_S0354,354,schedule_only,4200.0,0,0.0,20,20,0,True,0.11
SCEN_2023_LOW_schedule_only_S0355,355,schedule_only,4200.0,0,0.0,20,20,0,True,0.11
SCEN_2023_LOW_schedule_only_S0356,356,schedule_only,4200.0,0,0.0,20,20,0,True,0.11
SCEN_2023_LOW_schedule_only_S0357,357,schedule_only,4200.0,0,0.0,20,20,0,True,0.11
SCEN_2023_LOW_schedule_only_S0358,358,schedule_only,4200.0,0,0.0,20,20,0,True,0.11
SCEN_2023_LOW_schedule_only_S0359,359,schedule_only,4200.0,0,0.0,20,20,0,True,0.11
SCEN_2023_LOW_schedule_only_S0360,360,schedule_only,4200.0,0,0.0,20,20,0,True,0.12
SCEN_2023_LOW_schedule_only_S0361,361,schedule_only,4200.0,0,0.0,20,20,0,True,0.11
SCEN_2023_LOW_schedule_only_S0362,362,schedule_only,4200.0,0,0.0,20,20,0,True,0.11
SCEN_2023_LOW_schedule_only_S0363,363,schedule_only,4200.0,0,0.0,20,20,0,True,0.11
SCEN_2023_LOW_schedule_only_S0364,364,schedule_only,4200.0,0,0.0,20,20,0,True,0.11
SCEN_2023_LOW_schedule_only_S0365,365,schedule_only,4200.0,0,0.0,20,20,0,True,0.15
SCEN_2023_LOW_schedule_only_S0366,366,schedule_only,4200.0,0,0.0,20,20,0,True,0.11
SCEN_2023_LOW_schedule_only_S0367,367,schedule_only,4200.0,0,0.0,20,20,0,True,0.11
SCEN_2023_LOW_schedule_only_S0368,368,schedule_only,4200.0,0,0.0,20,20,0,True,0.11
SCEN_2023_LOW_schedule_only_S0369,369,schedule_only,4200.0,0,0.0,20,20,0,True,0.11
SCEN_2023_LOW_schedule_only_S0370,370,schedule_only,4200.0,0,0.0,20,20,0,True,0.11
SCEN_2023_LOW_schedule_only_S0371,371,schedule_only,4200.0,0,0.0,20,20,0,True,0.12
SCEN_2023_LOW_schedule_only_S0372,372,schedule_only,4200.0,0,0.0,20,20,0,True,0.13
SCEN_2023_LOW_schedule_only_S0373,373,schedule_only,4200.0,0,0.0,20,20,0,True,0.11
SCEN_2023_LOW_schedule_only_S0374,374,schedule_only,4200.0,0,0.0,20,20,0,True,0.11
SCEN_2023_LOW_schedule_only_S0375,375,schedule_only,4200.0,0,0.0,20,20,0,True,0.11
SCEN_2023_LOW_schedule_only_S0376,376,schedule_only,4200.0,0,0.0,20,20,0,True,0.11
SCEN_2023_LOW_schedule_only_S0377,377,schedule_only,4200.0,0,0.0,20,20,0,True,0.11
SCEN_2023_LOW_schedule_only_S0378,378,schedule_only,4200.0,0,0.0,20,20,0,True,0.11
SCEN_2023_LOW_schedule_only_S0379,379,schedule_only,4200.0,0,0.0,20,20,0,True,0.11
SCEN_2023_LOW_schedule_only_S0380,380,schedule_only,4200.0,0,0.0,20,20,0,True,0.12
SCEN_2023_LOW_schedule_only_S0381,381,schedule_only,4200.0,0,0.0,20,20,0,True,0.12
SCEN_2023_LOW_schedule_only_S0382,382,schedule_only,4200.0,0,0.0,20,20,0,True,0.11
SCEN_2023_LOW_schedule_only_S0383,383,schedule_only,4200.0,0,0.0,20,20,0,True,0.11
SCEN_2023_LOW_schedule_only_S0384,384,schedule_only,4200.0,0,0.0,20,20,0,True,0.12
SCEN_2023_LOW_schedule_only_S0385,385,schedule_only,4200.0,0,0.0,20,20,0,True,0.13
SCEN_2023_LOW_schedule_only_S0386,386,schedule_only,4200.0,0,0.0,20,20,0,True,0.12
SCEN_2023_LOW_schedule_only_S0387,387,schedule_only,4200.0,0,0.0,20,20,0,True,0.11
SCEN_2023_LOW_schedule_only_S0388,388,schedule_only,4200.0,0,0.0,20,20,0,True,0.11
SCEN_2023_LOW_schedule_only_S0389,389,schedule_only,4200.0,0,0.0,20,20,0,True,0.14
SCEN_2023_LOW_schedule_only_S0390,390,schedule_only,4200.0,0,0.0,20,20,0,True,0.11
SCEN_2023_LOW_schedule_only_S0391,391,schedule_only,4200.0,0,0.0,20,20,0,True,0.12
SCEN_2023_LOW_schedule_only_S0392,392,schedule_only,4200.0,0,0.0,20,20,0,True,0.11
SCEN_2023_LOW_schedule_only_S0393,393,schedule_only,4200.0,0,0.0,20,20,0,True,0.11
SCEN_2023_LOW_schedule_only_S0394,394,schedule_only,4200.0,0,0.0,20,20,0,True,0.12
SCEN_2023_LOW_schedule_only_S0395,395,schedule_only,4200.0,0,0.0,20,20,0,True,0.11
SCEN_2023_LOW_schedule_only_S0396,396,schedule_only,4200.0,0,0.0,20,20,0,True,0.13
SCEN_2023_LOW_schedule_only_S0397,397,schedule_only,4200.0,0,0.0,20,20,0,True,0.12
SCEN_2023_LOW_schedule_only_S0398,398,schedule_only,4200.0,0,0.0,20,20,0,True,0.12
SCEN_2023_LOW_schedule_only_S0399,399,schedule_only,4200.0,0,0.0,20,20,0,True,0.15
SCEN_2023_LOW_schedule_only_S0400,400,schedule_only,4200.0,0,0.0,20,20,0,True,0.11
SCEN_2023_LOW_schedule_only_S0401,401,schedule_only,4200.0,0,0.0,20,20,0,True,0.11
SCEN_2023_LOW_schedule_only_S0402,402,schedule_only,4200.0,0,0.0,20,20,0,True,0.11
SCEN_2023_LOW_schedule_only_S0403,403,schedule_only,4200.0,0,0.0,20,20,0,True,0.11
SCEN_2023_LOW_schedule_only_S0404,404,schedule_only,4200.0,0,0.0,20,20,0,True,0.12
SCEN_2023_LOW_schedule_only_S0405,405,schedule_only,4200.0,0,0.0,20,20,0,True,0.11
SCEN_2023_LOW_schedule_only_S0406,406,schedule_only,4200.0,0,0.0,20,20,0,True,0.11
SCEN_2023_LOW_schedule_only_S0407,407,schedule_only,4200.0,0,0.0,20,20,0,True,0.12
SCEN_2023_LOW_schedule_only_S0408,408,schedule_only,4200.0,0,0.0,20,20,0,True,0.11
SCEN_2023_LOW_schedule_only_S0409,409,schedule_only,4200.0,0,0.0,20,20,0,True,0.12
SCEN_2023_LOW_schedule_only_S0410,410,schedule_only,4200.0,0,0.0,20,20,0,True,0.11
SCEN_2023_LOW_schedule_only_S0411,411,schedule_only,4200.0,0,0.0,20,20,0,True,0.11
SCEN_2023_LOW_schedule_only_S0412,412,schedule_only,4200.0,0,0.0,20,20,0,True,0.11
SCEN_2023_LOW_schedule_only_S0413,413,schedule_only,4200.0,0,0.0,20,20,0,True,0.11
SCEN_2023_LOW_schedule_only_S0414,414,schedule_only,4200.0,0,0.0,20,20,0,True,0.13
SCEN_2023_LOW_schedule_only_S0415,415,schedule_only,4200.0,0,0.0,20,20,0,True,0.11
SCEN_2023_LOW_schedule_only_S0416,416,schedule_only,4200.0,0,0.0,20,20,0,True,0.11
SCEN_2023_LOW_schedule_only_S0417,417,schedule_only,4200.0,0,0.0,20,20,0,True,0.11
SCEN_2023_LOW_schedule_only_S0418,418,schedule_only,4200.0,0,0.0,20,20,0,True,0.11
SCEN_2023_LOW_schedule_only_S0419,419,schedule_only,4200.0,0,0.0,20,20,0,True,0.11
SCEN_2023_LOW_schedule_only_S0420,420,schedule_only,4200.0,0,0.0,20,20,0,True,0.11
SCEN_2023_LOW_schedule_only_S0421,421,schedule_only,4200.0,0,0.0,20,20,0,True,0.11
SCEN_2023_LOW_schedule_only_S0422,422,schedule_only,4200.0,0,0.0,20,20,0,True,0.11
SCEN_2023_LOW_schedule_only_S0423,423,schedule_only,4200.0,0,0.0,20,20,0,True,0.11
SCEN_2023_LOW_schedule_only_S0424,424,schedule_only,4200.0,0,0.0,20,20,0,True,0.11
SCEN_2023_LOW_schedule_only_S0425,425,schedule_only,4200.0,0,0.0,20,20,0,True,0.11
SCEN_2023_LOW_schedule_only_S0426,426,schedule_only,4200.0,0,0.0,20,20,0,True,0.11
SCEN_2023_LOW_schedule_only_S0427,427,schedule_only,4200.0,0,0.0,20,20,0,True,0.11
SCEN_2023_LOW_schedule_only_S0428,428,schedule_only,4200.0,0,0.0,20,20,0,True,0.11
SCEN_2023_LOW_schedule_only_S0429,429,schedule_only,4200.0,0,0.0,20,20,0,True,0.11
SCEN_2023_LOW_schedule_only_S0430,430,schedule_only,4200.0,0,0.0,20,20,0,True,0.11
SCEN_2023_LOW_schedule_only_S0431,431,schedule_only,4200.0,0,0.0,20,20,0,True,0.11
SCEN_2023_LOW_schedule_only_S0432,432,schedule_only,4200.0,0,0.0,20,20,0,True,0.11
SCEN_2023_LOW_schedule_only_S0433,433,schedule_only,4200.0,0,0.0,20,20,0,True,0.11
SCEN_2023_LOW_schedule_only_S0434,434,schedule_only,4200.0,0,0.0,20,20,0,True,0.12
SCEN_2023_LOW_schedule_only_S0435,435,schedule_only,4200.0,0,0.0,20,20,0,True,0.11
SCEN_2023_LOW_schedule_only_S0436,436,schedule_only,4200.0,0,0.0,20,20,0,True,0.11
SCEN_2023_LOW_schedule_only_S0437,437,schedule_only,4200.0,0,0.0,20,20,0,True,0.11
SCEN_2023_LOW_schedule_only_S0438,438,schedule_only,4200.0,0,0.0,20,20,0,True,0.11
SCEN_2023_LOW_schedule_only_S0439,439,schedule_only,4200.0,0,0.0,20,20,0,True,0.11
SCEN_2023_LOW_schedule_only_S0440,440,schedule_only,4200.0,0,0.0,20,20,0,True,0.2
SCEN_2023_LOW_schedule_only_S0441,441,schedule_only,4200.0,0,0.0,20,20,0,True,0.12
SCEN_2023_LOW_schedule_only_S0442,442,schedule_only,4200.0,0,0.0,20,20,0,True,0.11
SCEN_2023_LOW_schedule_only_S0443,443,schedule_only,4200.0,0,0.0,20,20,0,True,0.11
SCEN_2023_LOW_schedule_only_S0444,444,schedule_only,4200.0,0,0.0,20,20,0,True,0.11
SCEN_2023_LOW_schedule_only_S0445,445,schedule_only,4200.0,0,0.0,20,20,0,True,0.11
SCEN_2023_LOW_schedule_only_S0446,446,schedule_only,4200.0,0,0.0,20,20,0,True,0.11
SCEN_2023_LOW_schedule_only_S0447,447,schedule_only,4200.0,0,0.0,20,20,0,True,0.11
SCEN_2023_LOW_schedule_only_S0448,448,schedule_only,4200.0,0,0.0,20,20,0,True,0.11
SCEN_2023_LOW_schedule_only_S0449,449,schedule_only,4200.0,0,0.0,20,20,0,True,0.11
SCEN_2023_LOW_schedule_only_S0450,450,schedule_only,4200.0,0,0.0,20,20,0,True,0.11
SCEN_2023_LOW_schedule_only_S0451,451,schedule_only,4200.0,0,0.0,20,20,0,True,0.11
SCEN_2023_LOW_schedule_only_S0452,452,schedule_only,4200.0,0,0.0,20,20,0,True,0.14
SCEN_2023_LOW_schedule_only_S0453,453,schedule_only,4200.0,0,0.0,20,20,0,True,0.11
SCEN_2023_LOW_schedule_only_S0454,454,schedule_only,4200.0,0,0.0,20,20,0,True,0.11
SCEN_2023_LOW_schedule_only_S0455,455,schedule_only,4200.0,0,0.0,20,20,0,True,0.11
SCEN_2023_LOW_schedule_only_S0456,456,schedule_only,4200.0,0,0.0,20,20,0,True,0.12
SCEN_2023_LOW_schedule_only_S0457,457,schedule_only,4200.0,0,0.0,20,20,0,True,0.11
SCEN_2023_LOW_schedule_only_S0458,458,schedule_only,4200.0,0,0.0,20,20,0,True,0.11
SCEN_2023_LOW_schedule_only_S0459,459,schedule_only,4200.0,0,0.0,20,20,0,True,0.11
SCEN_2023_LOW_schedule_only_S0460,460,schedule_only,4200.0,0,0.0,20,20,0,True,0.11
SCEN_2023_LOW_schedule_only_S0461,461,schedule_only,4200.0,0,0.0,20,20,0,True,0.11
SCEN_2023_LOW_schedule_only_S0462,462,schedule_only,4200.0,0,0.0,20,20,0,True,0.11
SCEN_2023_LOW_schedule_only_S0463,463,schedule_only,4200.0,0,0.0,20,20,0,True,0.11
SCEN_2023_LOW_schedule_only_S0464,464,schedule_only,4200.0,0,0.0,20,20,0,True,0.17
SCEN_2023_LOW_schedule_only_S0465,465,schedule_only,4200.0,0,0.0,20,20,0,True,0.11
SCEN_2023_LOW_schedule_only_S0466,466,schedule_only,4200.0,0,0.0,20,20,0,True,0.11
SCEN_2023_LOW_schedule_only_S0467,467,schedule_only,4200.0,0,0.0,20,20,0,True,0.12
SCEN_2023_LOW_schedule_only_S0468,468,schedule_only,4200.0,0,0.0,20,20,0,True,0.11
SCEN_2023_LOW_schedule_only_S0469,469,schedule_only,4200.0,0,0.0,20,20,0,True,0.11
SCEN_2023_LOW_schedule_only_S0470,470,schedule_only,4200.0,0,0.0,20,20,0,True,0.11
SCEN_2023_LOW_schedule_only_S0471,471,schedule_only,4200.0,0,0.0,20,20,0,True,0.11
SCEN_2023_LOW_schedule_only_S0472,472,schedule_only,4200.0,0,0.0,20,20,0,True,0.11
SCEN_2023_LOW_schedule_only_S0473,473,schedule_only,4200.0,0,0.0,20,20,0,True,0.11
SCEN_2023_LOW_schedule_only_S0474,474,schedule_only,4200.0,0,0.0,20,20,0,True,0.14
SCEN_2023_LOW_schedule_only_S0475,475,schedule_only,4200.0,0,0.0,20,20,0,True,0.11
SCEN_2023_LOW_schedule_only_S0476,476,schedule_only,4200.0,0,0.0,20,20,0,True,0.11
SCEN_2023_LOW_schedule_only_S0477,477,schedule_only,4200.0,0,0.0,20,20,0,True,0.11
SCEN_2023_LOW_schedule_only_S0478,478,schedule_only,4200.0,0,0.0,20,20,0,True,0.11
SCEN_2023_LOW_schedule_only_S0479,479,schedule_only,4200.0,0,0.0,20,20,0,True,0.11
SCEN_2023_LOW_schedule_only_S0480,480,schedule_only,4200.0,0,0.0,20,20,0,True,0.11
SCEN_2023_LOW_schedule_only_S0481,481,schedule_only,4200.0,0,0.0,20,20,0,True,0.11
SCEN_2023_LOW_schedule_only_S0482,482,schedule_only,4200.0,0,0.0,20,20,0,True,0.11
SCEN_2023_LOW_schedule_only_S0483,483,schedule_only,4200.0,0,0.0,20,20,0,True,0.11
SCEN_2023_LOW_schedule_only_S0484,484,schedule_only,4200.0,0,0.0,20,20,0,True,0.11
SCEN_2023_LOW_schedule_only_S0485,485,schedule_only,4200.0,0,0.0,20,20,0,True,0.11
SCEN_2023_LOW_schedule_only_S0486,486,schedule_only,4200.0,0,0.0,20,20,0,True,0.11
SCEN_2023_LOW_schedule_only_S0487,487,schedule_only,4200.0,0,0.0,20,20,0,True,0.11
SCEN_2023_LOW_schedule_only_S0488,488,schedule_only,4200.0,0,0.0,20,20,0,True,0.11
SCEN_2023_LOW_schedule_only_S0489,489,schedule_only,4200.0,0,0.0,20,20,0,True,0.11
SCEN_2023_LOW_schedule_only_S0490,490,schedule_only,4200.0,0,0.0,20,20,0,True,0.12
SCEN_2023_LOW_schedule_only_S0491,491,schedule_only,4200.0,0,0.0,20,20,0,True,0.11
SCEN_2023_LOW_schedule_only_S0492,492,schedule_only,4200.0,0,0.0,20,20,0,True,0.11
SCEN_2023_LOW_schedule_only_S0493,493,schedule_only,4200.0,0,0.0,20,20,0,True,0.11
SCEN_2023_LOW_schedule_only_S0494,494,schedule_only,4200.0,0,0.0,20,20,0,True,0.11
SCEN_2023_LOW_schedule_only_S0495,495,schedule_only,4200.0,0,0.0,20,20,0,True,0.11
SCEN_2023_LOW_schedule_only_S0496,496,schedule_only,4200.0,0,0.0,20,20,0,True,0.11
SCEN_2023_LOW_schedule_only_S0497,497,schedule_only,4200.0,0,0.0,20,20,0,True,0.11
SCEN_2023_LOW_schedule_only_S0498,498,schedule_only,4200.0,0,0.0,20,20,0,True,0.11
SCEN_2023_LOW_schedule_only_S0499,499,schedule_only,4200.0,0,0.0,20,20,0,True,0.11
SCEN_2023_LOW_schedule_only_S0500,500,schedule_only,4200.0,0,0.0,20,20,0,True,0.11
SCEN_2023_LOW_schedule_only_S0501,501,schedule_only,4200.0,0,0.0,20,20,0,True,0.11
SCEN_2023_LOW_schedule_only_S0502,502,schedule_only,4200.0,0,0.0,20,20,0,True,0.11
SCEN_2023_LOW_schedule_only_S0503,503,schedule_only,4200.0,0,0.0,20,20,0,True,0.11
SCEN_2023_LOW_schedule_only_S0504,504,schedule_only,4200.0,0,0.0,20,20,0,True,0.11
SCEN_2023_LOW_schedule_only_S0505,505,schedule_only,4200.0,0,0.0,20,20,0,True,0.11
SCEN_2023_LOW_schedule_only_S0506,506,schedule_only,4200.0,0,0.0,20,20,0,True,0.11
SCEN_2023_LOW_schedule_only_S0507,507,schedule_only,4200.0,0,0.0,20,20,0,True,0.14
SCEN_2023_LOW_schedule_only_S0508,508,schedule_only,4200.0,0,0.0,20,20,0,True,0.11
SCEN_2023_LOW_schedule_only_S0509,509,schedule_only,4200.0,0,0.0,20,20,0,True,0.18
SCEN_2023_LOW_schedule_only_S0510,510,schedule_only,4200.0,0,0.0,20,20,0,True,0.15
SCEN_2023_LOW_schedule_only_S0511,511,schedule_only,4200.0,0,0.0,20,20,0,True,0.24
SCEN_2023_LOW_schedule_only_S0512,512,schedule_only,4200.0,0,0.0,20,20,0,True,0.25
SCEN_2023_LOW_schedule_only_S0513,513,schedule_only,4200.0,0,0.0,20,20,0,True,0.22
SCEN_2023_LOW_schedule_only_S0514,514,schedule_only,4200.0,0,0.0,20,20,0,True,0.22
SCEN_2023_LOW_schedule_only_S0515,515,schedule_only,4200.0,0,0.0,20,20,0,True,0.27
SCEN_2023_LOW_schedule_only_S0516,516,schedule_only,4200.0,0,0.0,20,20,0,True,0.16
SCEN_2023_LOW_schedule_only_S0517,517,schedule_only,4200.0,0,0.0,20,20,0,True,0.13
SCEN_2023_LOW_schedule_only_S0518,518,schedule_only,4200.0,0,0.0,20,20,0,True,0.12
SCEN_2023_LOW_schedule_only_S0519,519,schedule_only,4200.0,0,0.0,20,20,0,True,0.12
SCEN_2023_LOW_schedule_only_S0520,520,schedule_only,4200.0,0,0.0,20,20,0,True,0.13
SCEN_2023_LOW_schedule_only_S0521,521,schedule_only,4200.0,0,0.0,20,20,0,True,0.12
SCEN_2023_LOW_schedule_only_S0522,522,schedule_only,4200.0,0,0.0,20,20,0,True,0.12
SCEN_2023_LOW_schedule_only_S0523,523,schedule_only,4200.0,0,0.0,20,20,0,True,0.12
SCEN_2023_LOW_schedule_only_S0524,524,schedule_only,4200.0,0,0.0,20,20,0,True,0.11
SCEN_2023_LOW_schedule_only_S0525,525,schedule_only,4200.0,0,0.0,20,20,0,True,0.11
SCEN_2023_LOW_schedule_only_S0526,526,schedule_only,4200.0,0,0.0,20,20,0,True,0.12
SCEN_2023_LOW_schedule_only_S0527,527,schedule_only,4200.0,0,0.0,20,20,0,True,0.11
SCEN_2023_LOW_schedule_only_S0528,528,schedule_only,4200.0,0,0.0,20,20,0,True,0.13
SCEN_2023_LOW_schedule_only_S0529,529,schedule_only,4200.0,0,0.0,20,20,0,True,0.11
SCEN_2023_LOW_schedule_only_S0530,530,schedule_only,4200.0,0,0.0,20,20,0,True,0.11
SCEN_2023_LOW_schedule_only_S0531,531,schedule_only,4200.0,0,0.0,20,20,0,True,0.11
SCEN_2023_LOW_schedule_only_S0532,532,schedule_only,4200.0,0,0.0,20,20,0,True,0.11
SCEN_2023_LOW_schedule_only_S0533,533,schedule_only,4200.0,0,0.0,20,20,0,True,0.11
SCEN_2023_LOW_schedule_only_S0534,534,schedule_only,4200.0,0,0.0,20,20,0,True,0.11
SCEN_2023_LOW_schedule_only_S0535,535,schedule_only,4200.0,0,0.0,20,20,0,True,0.11
SCEN_2023_LOW_schedule_only_S0536,536,schedule_only,4200.0,0,0.0,20,20,0,True,0.11
SCEN_2023_LOW_schedule_only_S0537,537,schedule_only,4200.0,0,0.0,20,20,0,True,0.12
SCEN_2023_LOW_schedule_only_S0538,538,schedule_only,4200.0,0,0.0,20,20,0,True,0.11
SCEN_2023_LOW_schedule_only_S0539,539,schedule_only,4200.0,0,0.0,20,20,0,True,0.11
SCEN_2023_LOW_schedule_only_S0540,540,schedule_only,4200.0,0,0.0,20,20,0,True,0.11
SCEN_2023_LOW_schedule_only_S0541,541,schedule_only,4200.0,0,0.0,20,20,0,True,0.11
SCEN_2023_LOW_schedule_only_S0542,542,schedule_only,4200.0,0,0.0,20,20,0,True,0.11
SCEN_2023_LOW_schedule_only_S0543,543,schedule_only,4200.0,0,0.0,20,20,0,True,0.11
SCEN_2023_LOW_schedule_only_S0544,544,schedule_only,4200.0,0,0.0,20,20,0,True,0.13
SCEN_2023_LOW_schedule_only_S0545,545,schedule_only,4200.0,0,0.0,20,20,0,True,0.11
SCEN_2023_LOW_schedule_only_S0546,546,schedule_only,4200.0,0,0.0,20,20,0,True,0.14
SCEN_2023_LOW_schedule_only_S0547,547,schedule_only,4200.0,0,0.0,20,20,0,True,0.11
SCEN_2023_LOW_schedule_only_S0548,548,schedule_only,4200.0,0,0.0,20,20,0,True,0.11
SCEN_2023_LOW_schedule_only_S0549,549,schedule_only,4200.0,0,0.0,20,20,0,True,0.13
SCEN_2023_LOW_schedule_only_S0550,550,schedule_only,4200.0,0,0.0,20,20,0,True,0.11
SCEN_2023_LOW_schedule_only_S0551,551,schedule_only,4200.0,0,0.0,20,20,0,True,0.14
SCEN_2023_LOW_schedule_only_S0552,552,schedule_only,4200.0,0,0.0,20,20,0,True,0.11
SCEN_2023_LOW_schedule_only_S0553,553,schedule_only,4200.0,0,0.0,20,20,0,True,0.11
SCEN_2023_LOW_schedule_only_S0554,554,schedule_only,4200.0,0,0.0,20,20,0,True,0.11
SCEN_2023_LOW_schedule_only_S0555,555,schedule_only,4200.0,0,0.0,20,20,0,True,0.11
SCEN_2023_LOW_schedule_only_S0556,556,schedule_only,4200.0,0,0.0,20,20,0,True,0.11
SCEN_2023_LOW_schedule_only_S0557,557,schedule_only,4200.0,0,0.0,20,20,0,True,0.11
SCEN_2023_LOW_schedule_only_S0558,558,schedule_only,4200.0,0,0.0,20,20,0,True,0.11
SCEN_2023_LOW_schedule_only_S0559,559,schedule_only,4200.0,0,0.0,20,20,0,True,0.11
SCEN_2023_LOW_schedule_only_S0560,560,schedule_only,4200.0,0,0.0,20,20,0,True,0.11
SCEN_2023_LOW_schedule_only_S0561,561,schedule_only,4200.0,0,0.0,20,20,0,True,0.12
SCEN_2023_LOW_schedule_only_S0562,562,schedule_only,4200.0,0,0.0,20,20,0,True,0.12
SCEN_2023_LOW_schedule_only_S0563,563,schedule_only,4200.0,0,0.0,20,20,0,True,0.19
SCEN_2023_LOW_schedule_only_S0564,564,schedule_only,4200.0,0,0.0,20,20,0,True,0.13
SCEN_2023_LOW_schedule_only_S0565,565,schedule_only,4200.0,0,0.0,20,20,0,True,0.12
SCEN_2023_LOW_schedule_only_S0566,566,schedule_only,4200.0,0,0.0,20,20,0,True,0.11
SCEN_2023_LOW_schedule_only_S0567,567,schedule_only,4200.0,0,0.0,20,20,0,True,0.11
SCEN_2023_LOW_schedule_only_S0568,568,schedule_only,4200.0,0,0.0,20,20,0,True,0.11
SCEN_2023_LOW_schedule_only_S0569,569,schedule_only,4200.0,0,0.0,20,20,0,True,0.11
SCEN_2023_LOW_schedule_only_S0570,570,schedule_only,4200.0,0,0.0,20,20,0,True,0.11
SCEN_2023_LOW_schedule_only_S0571,571,schedule_only,4200.0,0,0.0,20,20,0,True,0.11
SCEN_2023_LOW_schedule_only_S0572,572,schedule_only,4200.0,0,0.0,20,20,0,True,0.11
SCEN_2023_LOW_schedule_only_S0573,573,schedule_only,4200.0,0,0.0,20,20,0,True,0.11
SCEN_2023_LOW_schedule_only_S0574,574,schedule_only,4200.0,0,0.0,20,20,0,True,0.11
SCEN_2023_LOW_schedule_only_S0575,575,schedule_only,4200.0,0,0.0,20,20,0,True,0.19
SCEN_2023_LOW_schedule_only_S0576,576,schedule_only,4200.0,0,0.0,20,20,0,True,0.11
SCEN_2023_LOW_schedule_only_S0577,577,schedule_only,4200.0,0,0.0,20,20,0,True,0.11
SCEN_2023_LOW_schedule_only_S0578,578,schedule_only,4200.0,0,0.0,20,20,0,True,0.11
SCEN_2023_LOW_schedule_only_S0579,579,schedule_only,4200.0,0,0.0,20,20,0,True,0.11
SCEN_2023_LOW_schedule_only_S0580,580,schedule_only,4200.0,0,0.0,20,20,0,True,0.11
SCEN_2023_LOW_schedule_only_S0581,581,schedule_only,4200.0,0,0.0,20,20,0,True,0.11
SCEN_2023_LOW_schedule_only_S0582,582,schedule_only,4200.0,0,0.0,20,20,0,True,0.11
SCEN_2023_LOW_schedule_only_S0583,583,schedule_only,4200.0,0,0.0,20,20,0,True,0.11
SCEN_2023_LOW_schedule_only_S0584,584,schedule_only,4200.0,0,0.0,20,20,0,True,0.11
SCEN_2023_LOW_schedule_only_S0585,585,schedule_only,4200.0,0,0.0,20,20,0,True,0.11
SCEN_2023_LOW_schedule_only_S0586,586,schedule_only,4200.0,0,0.0,20,20,0,True,0.11
SCEN_2023_LOW_schedule_only_S0587,587,schedule_only,4200.0,0,0.0,20,20,0,True,0.11
SCEN_2023_LOW_schedule_only_S0588,588,schedule_only,4200.0,0,0.0,20,20,0,True,0.11
SCEN_2023_LOW_schedule_only_S0589,589,schedule_only,4200.0,0,0.0,20,20,0,True,0.12
SCEN_2023_LOW_schedule_only_S0590,590,schedule_only,4200.0,0,0.0,20,20,0,True,0.11
SCEN_2023_LOW_schedule_only_S0591,591,schedule_only,4200.0,0,0.0,20,20,0,True,0.12
SCEN_2023_LOW_schedule_only_S0592,592,schedule_only,4200.0,0,0.0,20,20,0,True,0.11
SCEN_2023_LOW_schedule_only_S0593,593,schedule_only,4200.0,0,0.0,20,20,0,True,0.11
SCEN_2023_LOW_schedule_only_S0594,594,schedule_only,4200.0,0,0.0,20,20,0,True,0.16
SCEN_2023_LOW_schedule_only_S0595,595,schedule_only,4200.0,0,0.0,20,20,0,True,0.22
SCEN_2023_LOW_schedule_only_S0596,596,schedule_only,4200.0,0,0.0,20,20,0,True,0.11
SCEN_2023_LOW_schedule_only_S0597,597,schedule_only,4200.0,0,0.0,20,20,0,True,0.13
SCEN_2023_LOW_schedule_only_S0598,598,schedule_only,4200.0,0,0.0,20,20,0,True,0.11
SCEN_2023_LOW_schedule_only_S0599,599,schedule_only,4200.0,0,0.0,20,20,0,True,0.11
SCEN_2023_LOW_schedule_only_S0600,600,schedule_only,4200.0,0,0.0,20,20,0,True,0.11
SCEN_2023_LOW_schedule_only_S0601,601,schedule_only,4200.0,0,0.0,20,20,0,True,0.13
SCEN_2023_LOW_schedule_only_S0602,602,schedule_only,4200.0,0,0.0,20,20,0,True,0.11
SCEN_2023_LOW_schedule_only_S0603,603,schedule_only,4200.0,0,0.0,20,20,0,True,0.11
SCEN_2023_LOW_schedule_only_S0604,604,schedule_only,4200.0,0,0.0,20,20,0,True,0.11
SCEN_2023_LOW_schedule_only_S0605,605,schedule_only,4200.0,0,0.0,20,20,0,True,0.11
SCEN_2023_LOW_schedule_only_S0606,606,schedule_only,4200.0,0,0.0,20,20,0,True,0.11
SCEN_2023_LOW_schedule_only_S0607,607,schedule_only,4200.0,0,0.0,20,20,0,True,0.11
SCEN_2023_LOW_schedule_only_S0608,608,schedule_only,4200.0,0,0.0,20,20,0,True,0.11
SCEN_2023_LOW_schedule_only_S0609,609,schedule_only,4200.0,0,0.0,20,20,0,True,0.12
SCEN_2023_LOW_schedule_only_S0610,610,schedule_only,4200.0,0,0.0,20,20,0,True,0.11
SCEN_2023_LOW_schedule_only_S0611,611,schedule_only,4200.0,0,0.0,20,20,0,True,0.11
SCEN_2023_LOW_schedule_only_S0612,612,schedule_only,4200.0,0,0.0,20,20,0,True,0.12
SCEN_2023_LOW_schedule_only_S0613,613,schedule_only,4200.0,0,0.0,20,20,0,True,0.11
SCEN_2023_LOW_schedule_only_S0614,614,schedule_only,4200.0,0,0.0,20,20,0,True,0.11
SCEN_2023_LOW_schedule_only_S0615,615,schedule_only,4200.0,0,0.0,20,20,0,True,0.11
SCEN_2023_LOW_schedule_only_S0616,616,schedule_only,4200.0,0,0.0,20,20,0,True,0.14
SCEN_2023_LOW_schedule_only_S0617,617,schedule_only,4200.0,0,0.0,20,20,0,True,0.11
SCEN_2023_LOW_schedule_only_S0618,618,schedule_only,4200.0,0,0.0,20,20,0,True,0.11
SCEN_2023_LOW_schedule_only_S0619,619,schedule_only,4200.0,0,0.0,20,20,0,True,0.11
SCEN_2023_LOW_schedule_only_S0620,620,schedule_only,4200.0,0,0.0,20,20,0,True,0.11
SCEN_2023_LOW_schedule_only_S0621,621,schedule_only,4200.0,0,0.0,20,20,0,True,0.11
SCEN_2023_LOW_schedule_only_S0622,622,schedule_only,4200.0,0,0.0,20,20,0,True,0.11
SCEN_2023_LOW_schedule_only_S0623,623,schedule_only,4200.0,0,0.0,20,20,0,True,0.12
SCEN_2023_LOW_schedule_only_S0624,624,schedule_only,4200.0,0,0.0,20,20,0,True,0.11
SCEN_2023_LOW_schedule_only_S0625,625,schedule_only,4200.0,0,0.0,20,20,0,True,0.11
SCEN_2023_LOW_schedule_only_S0626,626,schedule_only,4200.0,0,0.0,20,20,0,True,0.12
SCEN_2023_LOW_schedule_only_S0627,627,schedule_only,4200.0,0,0.0,20,20,0,True,0.12
SCEN_2023_LOW_schedule_only_S0628,628,schedule_only,4200.0,0,0.0,20,20,0,True,0.11
SCEN_2023_LOW_schedule_only_S0629,629,schedule_only,4200.0,0,0.0,20,20,0,True,0.11
SCEN_2023_LOW_schedule_only_S0630,630,schedule_only,4200.0,0,0.0,20,20,0,True,0.13
SCEN_2023_LOW_schedule_only_S0631,631,schedule_only,4200.0,0,0.0,20,20,0,True,0.12
SCEN_2023_LOW_schedule_only_S0632,632,schedule_only,4200.0,0,0.0,20,20,0,True,0.12
SCEN_2023_LOW_schedule_only_S0633,633,schedule_only,4200.0,0,0.0,20,20,0,True,0.12
SCEN_2023_LOW_schedule_only_S0634,634,schedule_only,4200.0,0,0.0,20,20,0,True,0.11
SCEN_2023_LOW_schedule_only_S0635,635,schedule_only,4200.0,0,0.0,20,20,0,True,0.11
SCEN_2023_LOW_schedule_only_S0636,636,schedule_only,4200.0,0,0.0,20,20,0,True,0.17
SCEN_2023_LOW_schedule_only_S0637,637,schedule_only,4200.0,0,0.0,20,20,0,True,0.12
SCEN_2023_LOW_schedule_only_S0638,638,schedule_only,4200.0,0,0.0,20,20,0,True,0.12
SCEN_2023_LOW_schedule_only_S0639,639,schedule_only,4200.0,0,0.0,20,20,0,True,0.26
SCEN_2023_LOW_schedule_only_S0640,640,schedule_only,4200.0,0,0.0,20,20,0,True,0.15
SCEN_2023_LOW_schedule_only_S0641,641,schedule_only,4200.0,0,0.0,20,20,0,True,0.14
SCEN_2023_LOW_schedule_only_S0642,642,schedule_only,4200.0,0,0.0,20,20,0,True,0.16
SCEN_2023_LOW_schedule_only_S0643,643,schedule_only,4200.0,0,0.0,20,20,0,True,0.12
SCEN_2023_LOW_schedule_only_S0644,644,schedule_only,4200.0,0,0.0,20,20,0,True,0.12
SCEN_2023_LOW_schedule_only_S0645,645,schedule_only,4200.0,0,0.0,20,20,0,True,0.15
SCEN_2023_LOW_schedule_only_S0646,646,schedule_only,4200.0,0,0.0,20,20,0,True,0.12
SCEN_2023_LOW_schedule_only_S0647,647,schedule_only,4200.0,0,0.0,20,20,0,True,0.12
SCEN_2023_LOW_schedule_only_S0648,648,schedule_only,4200.0,0,0.0,20,20,0,True,0.12
SCEN_2023_LOW_schedule_only_S0649,649,schedule_only,4200.0,0,0.0,20,20,0,True,0.13
SCEN_2023_LOW_schedule_only_S0650,650,schedule_only,4200.0,0,0.0,20,20,0,True,0.12
SCEN_2023_LOW_schedule_only_S0651,651,schedule_only,4200.0,0,0.0,20,20,0,True,0.11
SCEN_2023_LOW_schedule_only_S0652,652,schedule_only,4200.0,0,0.0,20,20,0,True,0.12
SCEN_2023_LOW_schedule_only_S0653,653,schedule_only,4200.0,0,0.0,20,20,0,True,0.12
SCEN_2023_LOW_schedule_only_S0654,654,schedule_only,4200.0,0,0.0,20,20,0,True,0.11
SCEN_2023_LOW_schedule_only_S0655,655,schedule_only,4200.0,0,0.0,20,20,0,True,0.12
SCEN_2023_LOW_schedule_only_S0656,656,schedule_only,4200.0,0,0.0,20,20,0,True,0.16
SCEN_2023_LOW_schedule_only_S0657,657,schedule_only,4200.0,0,0.0,20,20,0,True,0.13
SCEN_2023_LOW_schedule_only_S0658,658,schedule_only,4200.0,0,0.0,20,20,0,True,0.11
SCEN_2023_LOW_schedule_only_S0659,659,schedule_only,4200.0,0,0.0,20,20,0,True,0.14
SCEN_2023_LOW_schedule_only_S0660,660,schedule_only,4200.0,0,0.0,20,20,0,True,0.12
SCEN_2023_LOW_schedule_only_S0661,661,schedule_only,4200.0,0,0.0,20,20,0,True,0.13
SCEN_2023_LOW_schedule_only_S0662,662,schedule_only,4200.0,0,0.0,20,20,0,True,0.11
SCEN_2023_LOW_schedule_only_S0663,663,schedule_only,4200.0,0,0.0,20,20,0,True,0.12
SCEN_2023_LOW_schedule_only_S0664,664,schedule_only,4200.0,0,0.0,20,20,0,True,0.11
SCEN_2023_LOW_schedule_only_S0665,665,schedule_only,4200.0,0,0.0,20,20,0,True,0.11
SCEN_2023_LOW_schedule_only_S0666,666,schedule_only,4200.0,0,0.0,20,20,0,True,0.12
SCEN_2023_LOW_schedule_only_S0667,667,schedule_only,4200.0,0,0.0,20,20,0,True,0.11
SCEN_2023_LOW_schedule_only_S0668,668,schedule_only,4200.0,0,0.0,20,20,0,True,0.11
SCEN_2023_LOW_schedule_only_S0669,669,schedule_only,4200.0,0,0.0,20,20,0,True,0.12
SCEN_2023_LOW_schedule_only_S0670,670,schedule_only,4200.0,0,0.0,20,20,0,True,0.17
SCEN_2023_LOW_schedule_only_S0671,671,schedule_only,4200.0,0,0.0,20,20,0,True,0.11
SCEN_2023_LOW_schedule_only_S0672,672,schedule_only,4200.0,0,0.0,20,20,0,True,0.11
SCEN_2023_LOW_schedule_only_S0673,673,schedule_only,4200.0,0,0.0,20,20,0,True,0.12
SCEN_2023_LOW_schedule_only_S0674,674,schedule_only,4200.0,0,0.0,20,20,0,True,0.11
SCEN_2023_LOW_schedule_only_S0675,675,schedule_only,4200.0,0,0.0,20,20,0,True,0.11
SCEN_2023_LOW_schedule_only_S0676,676,schedule_only,4200.0,0,0.0,20,20,0,True,0.12
SCEN_2023_LOW_schedule_only_S0677,677,schedule_only,4200.0,0,0.0,20,20,0,True,0.12
SCEN_2023_LOW_schedule_only_S0678,678,schedule_only,4200.0,0,0.0,20,20,0,True,0.11
SCEN_2023_LOW_schedule_only_S0679,679,schedule_only,4200.0,0,0.0,20,20,0,True,0.11
SCEN_2023_LOW_schedule_only_S0680,680,schedule_only,4200.0,0,0.0,20,20,0,True,0.12
SCEN_2023_LOW_schedule_only_S0681,681,schedule_only,4200.0,0,0.0,20,20,0,True,0.12
SCEN_2023_LOW_schedule_only_S0682,682,schedule_only,4200.0,0,0.0,20,20,0,True,0.11
SCEN_2023_LOW_schedule_only_S0683,683,schedule_only,4200.0,0,0.0,20,20,0,True,0.11
SCEN_2023_LOW_schedule_only_S0684,684,schedule_only,4200.0,0,0.0,20,20,0,True,0.13
SCEN_2023_LOW_schedule_only_S0685,685,schedule_only,4200.0,0,0.0,20,20,0,True,0.12
SCEN_2023_LOW_schedule_only_S0686,686,schedule_only,4200.0,0,0.0,20,20,0,True,0.11
SCEN_2023_LOW_schedule_only_S0687,687,schedule_only,4200.0,0,0.0,20,20,0,True,0.17
SCEN_2023_LOW_schedule_only_S0688,688,schedule_only,4200.0,0,0.0,20,20,0,True,0.16
SCEN_2023_LOW_schedule_only_S0689,689,schedule_only,4200.0,0,0.0,20,20,0,True,0.11
SCEN_2023_LOW_schedule_only_S0690,690,schedule_only,4200.0,0,0.0,20,20,0,True,0.11
SCEN_2023_LOW_schedule_only_S0691,691,schedule_only,4200.0,0,0.0,20,20,0,True,0.11
SCEN_2023_LOW_schedule_only_S0692,692,schedule_only,4200.0,0,0.0,20,20,0,True,0.12
SCEN_2023_LOW_schedule_only_S0693,693,schedule_only,4200.0,0,0.0,20,20,0,True,0.11
SCEN_2023_LOW_schedule_only_S0694,694,schedule_only,4200.0,0,0.0,20,20,0,True,0.11
SCEN_2023_LOW_schedule_only_S0695,695,schedule_only,4200.0,0,0.0,20,20,0,True,0.11
SCEN_2023_LOW_schedule_only_S0696,696,schedule_only,4200.0,0,0.0,20,20,0,True,0.12
SCEN_2023_LOW_schedule_only_S0697,697,schedule_only,4200.0,0,0.0,20,20,0,True,0.11
SCEN_2023_LOW_schedule_only_S0698,698,schedule_only,4200.0,0,0.0,20,20,0,True,0.12
SCEN_2023_LOW_schedule_only_S0699,699,schedule_only,4200.0,0,0.0,20,20,0,True,0.11
SCEN_2023_LOW_schedule_only_S0700,700,schedule_only,4200.0,0,0.0,20,20,0,True,0.11
SCEN_2023_LOW_schedule_only_S0701,701,schedule_only,4200.0,0,0.0,20,20,0,True,0.15
SCEN_2023_LOW_schedule_only_S0702,702,schedule_only,4200.0,0,0.0,20,20,0,True,0.11
SCEN_2023_LOW_schedule_only_S0703,703,schedule_only,4200.0,0,0.0,20,20,0,True,0.11
SCEN_2023_LOW_schedule_only_S0704,704,schedule_only,4200.0,0,0.0,20,20,0,True,0.11
SCEN_2023_LOW_schedule_only_S0705,705,schedule_only,4200.0,0,0.0,20,20,0,True,0.12
SCEN_2023_LOW_schedule_only_S0706,706,schedule_only,4200.0,0,0.0,20,20,0,True,0.11
SCEN_2023_LOW_schedule_only_S0707,707,schedule_only,4200.0,0,0.0,20,20,0,True,0.11
SCEN_2023_LOW_schedule_only_S0708,708,schedule_only,4200.0,0,0.0,20,20,0,True,0.15
SCEN_2023_LOW_schedule_only_S0709,709,schedule_only,4200.0,0,0.0,20,20,0,True,0.11
SCEN_2023_LOW_schedule_only_S0710,710,schedule_only,4200.0,0,0.0,20,20,0,True,0.11
SCEN_2023_LOW_schedule_only_S0711,711,schedule_only,4200.0,0,0.0,20,20,0,True,0.11
SCEN_2023_LOW_schedule_only_S0712,712,schedule_only,4200.0,0,0.0,20,20,0,True,0.12
SCEN_2023_LOW_schedule_only_S0713,713,schedule_only,4200.0,0,0.0,20,20,0,True,0.11
SCEN_2023_LOW_schedule_only_S0714,714,schedule_only,4200.0,0,0.0,20,20,0,True,0.11
SCEN_2023_LOW_schedule_only_S0715,715,schedule_only,4200.0,0,0.0,20,20,0,True,0.12
SCEN_2023_LOW_schedule_only_S0716,716,schedule_only,4200.0,0,0.0,20,20,0,True,0.11
SCEN_2023_LOW_schedule_only_S0717,717,schedule_only,4200.0,0,0.0,20,20,0,True,0.11
SCEN_2023_LOW_schedule_only_S0718,718,schedule_only,4200.0,0,0.0,20,20,0,True,0.12
SCEN_2023_LOW_schedule_only_S0719,719,schedule_only,4200.0,0,0.0,20,20,0,True,0.11
SCEN_2023_LOW_schedule_only_S0720,720,schedule_only,4200.0,0,0.0,20,20,0,True,0.11
SCEN_2023_LOW_schedule_only_S0721,721,schedule_only,4200.0,0,0.0,20,20,0,True,0.11
SCEN_2023_LOW_schedule_only_S0722,722,schedule_only,4200.0,0,0.0,20,20,0,True,0.16
SCEN_2023_LOW_schedule_only_S0723,723,schedule_only,4200.0,0,0.0,20,20,0,True,0.11
SCEN_2023_LOW_schedule_only_S0724,724,schedule_only,4200.0,0,0.0,20,20,0,True,0.11
SCEN_2023_LOW_schedule_only_S0725,725,schedule_only,4200.0,0,0.0,20,20,0,True,0.11
SCEN_2023_LOW_schedule_only_S0726,726,schedule_only,4200.0,0,0.0,20,20,0,True,0.11
SCEN_2023_LOW_schedule_only_S0727,727,schedule_only,4200.0,0,0.0,20,20,0,True,0.11
SCEN_2023_LOW_schedule_only_S0728,728,schedule_only,4200.0,0,0.0,20,20,0,True,0.11
SCEN_2023_LOW_schedule_only_S0729,729,schedule_only,4200.0,0,0.0,20,20,0,True,0.11
SCEN_2023_LOW_schedule_only_S0730,730,schedule_only,4200.0,0,0.0,20,20,0,True,0.11
SCEN_2023_LOW_schedule_only_S0731,731,schedule_only,4200.0,0,0.0,20,20,0,True,0.11
SCEN_2023_LOW_schedule_only_S0732,732,schedule_only,4200.0,0,0.0,20,20,0,True,0.11
SCEN_2023_LOW_schedule_only_S0733,733,schedule_only,4200.0,0,0.0,20,20,0,True,0.11
SCEN_2023_LOW_schedule_only_S0734,734,schedule_only,4200.0,0,0.0,20,20,0,True,0.11
SCEN_2023_LOW_schedule_only_S0735,735,schedule_only,4200.0,0,0.0,20,20,0,True,0.11
SCEN_2023_LOW_schedule_only_S0736,736,schedule_only,4200.0,0,0.0,20,20,0,True,0.11
SCEN_2023_LOW_schedule_only_S0737,737,schedule_only,4200.0,0,0.0,20,20,0,True,0.11
SCEN_2023_LOW_schedule_only_S0738,738,schedule_only,4200.0,0,0.0,20,20,0,True,0.12
SCEN_2023_LOW_schedule_only_S0739,739,schedule_only,4200.0,0,0.0,20,20,0,True,0.11
SCEN_2023_LOW_schedule_only_S0740,740,schedule_only,4200.0,0,0.0,20,20,0,True,0.12
SCEN_2023_LOW_schedule_only_S0741,741,schedule_only,4200.0,0,0.0,20,20,0,True,0.11
SCEN_2023_LOW_schedule_only_S0742,742,schedule_only,4200.0,0,0.0,20,20,0,True,0.11
SCEN_2023_LOW_schedule_only_S0743,743,schedule_only,4200.0,0,0.0,20,20,0,True,0.11
SCEN_2023_LOW_schedule_only_S0744,744,schedule_only,4200.0,0,0.0,20,20,0,True,0.11
SCEN_2023_LOW_schedule_only_S0745,745,schedule_only,4200.0,0,0.0,20,20,0,True,0.11
SCEN_2023_LOW_schedule_only_S0746,746,schedule_only,4200.0,0,0.0,20,20,0,True,0.14
SCEN_2023_LOW_schedule_only_S0747,747,schedule_only,4200.0,0,0.0,20,20,0,True,0.11
SCEN_2023_LOW_schedule_only_S0748,748,schedule_only,4200.0,0,0.0,20,20,0,True,0.11
SCEN_2023_LOW_schedule_only_S0749,749,schedule_only,4200.0,0,0.0,20,20,0,True,0.11
SCEN_2023_LOW_schedule_only_S0750,750,schedule_only,4200.0,0,0.0,20,20,0,True,0.11
SCEN_2023_LOW_schedule_only_S0751,751,schedule_only,4200.0,0,0.0,20,20,0,True,0.12
SCEN_2023_LOW_schedule_only_S0752,752,schedule_only,4200.0,0,0.0,20,20,0,True,0.11
SCEN_2023_LOW_schedule_only_S0753,753,schedule_only,4200.0,0,0.0,20,20,0,True,0.11
SCEN_2023_LOW_schedule_only_S0754,754,schedule_only,4200.0,0,0.0,20,20,0,True,0.11
SCEN_2023_LOW_schedule_only_S0755,755,schedule_only,4200.0,0,0.0,20,20,0,True,0.11
SCEN_2023_LOW_schedule_only_S0756,756,schedule_only,4200.0,0,0.0,20,20,0,True,0.12
SCEN_2023_LOW_schedule_only_S0757,757,schedule_only,4200.0,0,0.0,20,20,0,True,0.11
SCEN_2023_LOW_schedule_only_S0758,758,schedule_only,4200.0,0,0.0,20,20,0,True,0.11
SCEN_2023_LOW_schedule_only_S0759,759,schedule_only,4200.0,0,0.0,20,20,0,True,0.12
SCEN_2023_LOW_schedule_only_S0760,760,schedule_only,4200.0,0,0.0,20,20,0,True,0.13
SCEN_2023_LOW_schedule_only_S0761,761,schedule_only,4200.0,0,0.0,20,20,0,True,0.14
SCEN_2023_LOW_schedule_only_S0762,762,schedule_only,4200.0,0,0.0,20,20,0,True,0.22
SCEN_2023_LOW_schedule_only_S0763,763,schedule_only,4200.0,0,0.0,20,20,0,True,0.12
SCEN_2023_LOW_schedule_only_S0764,764,schedule_only,4200.0,0,0.0,20,20,0,True,0.11
SCEN_2023_LOW_schedule_only_S0765,765,schedule_only,4200.0,0,0.0,20,20,0,True,0.11
SCEN_2023_LOW_schedule_only_S0766,766,schedule_only,4200.0,0,0.0,20,20,0,True,0.11
SCEN_2023_LOW_schedule_only_S0767,767,schedule_only,4200.0,0,0.0,20,20,0,True,0.13
SCEN_2023_LOW_schedule_only_S0768,768,schedule_only,4200.0,0,0.0,20,20,0,True,0.12
SCEN_2023_LOW_schedule_only_S0769,769,schedule_only,4200.0,0,0.0,20,20,0,True,0.11
SCEN_2023_LOW_schedule_only_S0770,770,schedule_only,4200.0,0,0.0,20,20,0,True,0.12
SCEN_2023_LOW_schedule_only_S0771,771,schedule_only,4200.0,0,0.0,20,20,0,True,0.11
SCEN_2023_LOW_schedule_only_S0772,772,schedule_only,4200.0,0,0.0,20,20,0,True,0.14
SCEN_2023_LOW_schedule_only_S0773,773,schedule_only,4200.0,0,0.0,20,20,0,True,0.14
SCEN_2023_LOW_schedule_only_S0774,774,schedule_only,4200.0,0,0.0,20,20,0,True,0.11
SCEN_2023_LOW_schedule_only_S0775,775,schedule_only,4200.0,0,0.0,20,20,0,True,0.11
SCEN_2023_LOW_schedule_only_S0776,776,schedule_only,4200.0,0,0.0,20,20,0,True,0.11
SCEN_2023_LOW_schedule_only_S0777,777,schedule_only,4200.0,0,0.0,20,20,0,True,0.12
SCEN_2023_LOW_schedule_only_S0778,778,schedule_only,4200.0,0,0.0,20,20,0,True,0.11
SCEN_2023_LOW_schedule_only_S0779,779,schedule_only,4200.0,0,0.0,20,20,0,True,0.11
SCEN_2023_LOW_schedule_only_S0780,780,schedule_only,4200.0,0,0.0,20,20,0,True,0.11
SCEN_2023_LOW_schedule_only_S0781,781,schedule_only,4200.0,0,0.0,20,20,0,True,0.11
SCEN_2023_LOW_schedule_only_S0782,782,schedule_only,4200.0,0,0.0,20,20,0,True,0.12
SCEN_2023_LOW_schedule_only_S0783,783,schedule_only,4200.0,0,0.0,20,20,0,True,0.11
SCEN_2023_LOW_schedule_only_S0784,784,schedule_only,4200.0,0,0.0,20,20,0,True,0.11
SCEN_2023_LOW_schedule_only_S0785,785,schedule_only,4200.0,0,0.0,20,20,0,True,0.11
SCEN_2023_LOW_schedule_only_S0786,786,schedule_only,4200.0,0,0.0,20,20,0,True,0.11
SCEN_2023_LOW_schedule_only_S0787,787,schedule_only,4200.0,0,0.0,20,20,0,True,0.11
SCEN_2023_LOW_schedule_only_S0788,788,schedule_only,4200.0,0,0.0,20,20,0,True,0.19
SCEN_2023_LOW_schedule_only_S0789,789,schedule_only,4200.0,0,0.0,20,20,0,True,0.12
SCEN_2023_LOW_schedule_only_S0790,790,schedule_only,4200.0,0,0.0,20,20,0,True,0.21
SCEN_2023_LOW_schedule_only_S0791,791,schedule_only,4200.0,0,0.0,20,20,0,True,0.11
SCEN_2023_LOW_schedule_only_S0792,792,schedule_only,4200.0,0,0.0,20,20,0,True,0.12
SCEN_2023_LOW_schedule_only_S0793,793,schedule_only,4200.0,0,0.0,20,20,0,True,0.12
SCEN_2023_LOW_schedule_only_S0794,794,schedule_only,4200.0,0,0.0,20,20,0,True,0.12
SCEN_2023_LOW_schedule_only_S0795,795,schedule_only,4200.0,0,0.0,20,20,0,True,0.11
SCEN_2023_LOW_schedule_only_S0796,796,schedule_only,4200.0,0,0.0,20,20,0,True,0.13
SCEN_2023_LOW_schedule_only_S0797,797,schedule_only,4200.0,0,0.0,20,20,0,True,0.12
SCEN_2023_LOW_schedule_only_S0798,798,schedule_only,4200.0,0,0.0,20,20,0,True,0.12
SCEN_2023_LOW_schedule_only_S0799,799,schedule_only,4200.0,0,0.0,20,20,0,True,0.12
SCEN_2023_LOW_schedule_only_S0800,800,schedule_only,4200.0,0,0.0,20,20,0,True,0.12
SCEN_2023_LOW_schedule_only_S0801,801,schedule_only,4200.0,0,0.0,20,20,0,True,0.12
SCEN_2023_LOW_schedule_only_S0802,802,schedule_only,4200.0,0,0.0,20,20,0,True,0.12
SCEN_2023_LOW_schedule_only_S0803,803,schedule_only,4200.0,0,0.0,20,20,0,True,0.12
SCEN_2023_LOW_schedule_only_S0804,804,schedule_only,4200.0,0,0.0,20,20,0,True,0.12
SCEN_2023_LOW_schedule_only_S0805,805,schedule_only,4200.0,0,0.0,20,20,0,True,0.12
SCEN_2023_LOW_schedule_only_S0806,806,schedule_only,4200.0,0,0.0,20,20,0,True,0.17
SCEN_2023_LOW_schedule_only_S0807,807,schedule_only,4200.0,0,0.0,20,20,0,True,0.12
SCEN_2023_LOW_schedule_only_S0808,808,schedule_only,4200.0,0,0.0,20,20,0,True,0.12
SCEN_2023_LOW_schedule_only_S0809,809,schedule_only,4200.0,0,0.0,20,20,0,True,0.12
SCEN_2023_LOW_schedule_only_S0810,810,schedule_only,4200.0,0,0.0,20,20,0,True,0.12
SCEN_2023_LOW_schedule_only_S0811,811,schedule_only,4200.0,0,0.0,20,20,0,True,0.12
SCEN_2023_LOW_schedule_only_S0812,812,schedule_only,4200.0,0,0.0,20,20,0,True,0.12
SCEN_2023_LOW_schedule_only_S0813,813,schedule_only,4200.0,0,0.0,20,20,0,True,0.14
SCEN_2023_LOW_schedule_only_S0814,814,schedule_only,4200.0,0,0.0,20,20,0,True,0.12
SCEN_2023_LOW_schedule_only_S0815,815,schedule_only,4200.0,0,0.0,20,20,0,True,0.12
SCEN_2023_LOW_schedule_only_S0816,816,schedule_only,4200.0,0,0.0,20,20,0,True,0.12
SCEN_2023_LOW_schedule_only_S0817,817,schedule_only,4200.0,0,0.0,20,20,0,True,0.12
SCEN_2023_LOW_schedule_only_S0818,818,schedule_only,4200.0,0,0.0,20,20,0,True,0.11
SCEN_2023_LOW_schedule_only_S0819,819,schedule_only,4200.0,0,0.0,20,20,0,True,0.12
SCEN_2023_LOW_schedule_only_S0820,820,schedule_only,4200.0,0,0.0,20,20,0,True,0.12
SCEN_2023_LOW_schedule_only_S0821,821,schedule_only,4200.0,0,0.0,20,20,0,True,0.12
SCEN_2023_LOW_schedule_only_S0822,822,schedule_only,4200.0,0,0.0,20,20,0,True,0.12
SCEN_2023_LOW_schedule_only_S0823,823,schedule_only,4200.0,0,0.0,20,20,0,True,0.22
SCEN_2023_LOW_schedule_only_S0824,824,schedule_only,4200.0,0,0.0,20,20,0,True,0.3
SCEN_2023_LOW_schedule_only_S0825,825,schedule_only,4200.0,0,0.0,20,20,0,True,0.24
SCEN_2023_LOW_schedule_only_S0826,826,schedule_only,4200.0,0,0.0,20,20,0,True,0.17
SCEN_2023_LOW_schedule_only_S0827,827,schedule_only,4200.0,0,0.0,20,20,0,True,0.14
SCEN_2023_LOW_schedule_only_S0828,828,schedule_only,4200.0,0,0.0,20,20,0,True,0.12
SCEN_2023_LOW_schedule_only_S0829,829,schedule_only,4200.0,0,0.0,20,20,0,True,0.14
SCEN_2023_LOW_schedule_only_S0830,830,schedule_only,4200.0,0,0.0,20,20,0,True,0.12
SCEN_2023_LOW_schedule_only_S0831,831,schedule_only,4200.0,0,0.0,20,20,0,True,0.12
SCEN_2023_LOW_schedule_only_S0832,832,schedule_only,4200.0,0,0.0,20,20,0,True,0.24
SCEN_2023_LOW_schedule_only_S0833,833,schedule_only,4200.0,0,0.0,20,20,0,True,0.12
SCEN_2023_LOW_schedule_only_S0834,834,schedule_only,4200.0,0,0.0,20,20,0,True,0.11
SCEN_2023_LOW_schedule_only_S0835,835,schedule_only,4200.0,0,0.0,20,20,0,True,0.17
SCEN_2023_LOW_schedule_only_S0836,836,schedule_only,4200.0,0,0.0,20,20,0,True,0.13
SCEN_2023_LOW_schedule_only_S0837,837,schedule_only,4200.0,0,0.0,20,20,0,True,0.12
SCEN_2023_LOW_schedule_only_S0838,838,schedule_only,4200.0,0,0.0,20,20,0,True,0.15
SCEN_2023_LOW_schedule_only_S0839,839,schedule_only,4200.0,0,0.0,20,20,0,True,0.12
SCEN_2023_LOW_schedule_only_S0840,840,schedule_only,4200.0,0,0.0,20,20,0,True,0.11
SCEN_2023_LOW_schedule_only_S0841,841,schedule_only,4200.0,0,0.0,20,20,0,True,0.11
SCEN_2023_LOW_schedule_only_S0842,842,schedule_only,4200.0,0,0.0,20,20,0,True,0.11
SCEN_2023_LOW_schedule_only_S0843,843,schedule_only,4200.0,0,0.0,20,20,0,True,0.13
SCEN_2023_LOW_schedule_only_S0844,844,schedule_only,4200.0,0,0.0,20,20,0,True,0.11
SCEN_2023_LOW_schedule_only_S0845,845,schedule_only,4200.0,0,0.0,20,20,0,True,0.12
SCEN_2023_LOW_schedule_only_S0846,846,schedule_only,4200.0,0,0.0,20,20,0,True,0.11
SCEN_2023_LOW_schedule_only_S0847,847,schedule_only,4200.0,0,0.0,20,20,0,True,0.14
SCEN_2023_LOW_schedule_only_S0848,848,schedule_only,4200.0,0,0.0,20,20,0,True,0.11
SCEN_2023_LOW_schedule_only_S0849,849,schedule_only,4200.0,0,0.0,20,20,0,True,0.11
SCEN_2023_LOW_schedule_only_S0850,850,schedule_only,4200.0,0,0.0,20,20,0,True,0.12
SCEN_2023_LOW_schedule_only_S0851,851,schedule_only,4200.0,0,0.0,20,20,0,True,0.12
SCEN_2023_LOW_schedule_only_S0852,852,schedule_only,4200.0,0,0.0,20,20,0,True,0.12
SCEN_2023_LOW_schedule_only_S0853,853,schedule_only,4200.0,0,0.0,20,20,0,True,0.11
SCEN_2023_LOW_schedule_only_S0854,854,schedule_only,4200.0,0,0.0,20,20,0,True,0.14
SCEN_2023_LOW_schedule_only_S0855,855,schedule_only,4200.0,0,0.0,20,20,0,True,0.12
SCEN_2023_LOW_schedule_only_S0856,856,schedule_only,4200.0,0,0.0,20,20,0,True,0.11
SCEN_2023_LOW_schedule_only_S0857,857,schedule_only,4200.0,0,0.0,20,20,0,True,0.11
SCEN_2023_LOW_schedule_only_S0858,858,schedule_only,4200.0,0,0.0,20,20,0,True,0.11
SCEN_2023_LOW_schedule_only_S0859,859,schedule_only,4200.0,0,0.0,20,20,0,True,0.16
SCEN_2023_LOW_schedule_only_S0860,860,schedule_only,4200.0,0,0.0,20,20,0,True,0.11
SCEN_2023_LOW_schedule_only_S0861,861,schedule_only,4200.0,0,0.0,20,20,0,True,0.11
SCEN_2023_LOW_schedule_only_S0862,862,schedule_only,4200.0,0,0.0,20,20,0,True,0.12
SCEN_2023_LOW_schedule_only_S0863,863,schedule_only,4200.0,0,0.0,20,20,0,True,0.11
SCEN_2023_LOW_schedule_only_S0864,864,schedule_only,4200.0,0,0.0,20,20,0,True,0.11
SCEN_2023_LOW_schedule_only_S0865,865,schedule_only,4200.0,0,0.0,20,20,0,True,0.12
SCEN_2023_LOW_schedule_only_S0866,866,schedule_only,4200.0,0,0.0,20,20,0,True,0.13
SCEN_2023_LOW_schedule_only_S0867,867,schedule_only,4200.0,0,0.0,20,20,0,True,0.12
SCEN_2023_LOW_schedule_only_S0868,868,schedule_only,4200.0,0,0.0,20,20,0,True,0.11
SCEN_2023_LOW_schedule_only_S0869,869,schedule_only,4200.0,0,0.0,20,20,0,True,0.14
SCEN_2023_LOW_schedule_only_S0870,870,schedule_only,4200.0,0,0.0,20,20,0,True,0.12
SCEN_2023_LOW_schedule_only_S0871,871,schedule_only,4200.0,0,0.0,20,20,0,True,0.11
SCEN_2023_LOW_schedule_only_S0872,872,schedule_only,4200.0,0,0.0,20,20,0,True,0.11
SCEN_2023_LOW_schedule_only_S0873,873,schedule_only,4200.0,0,0.0,20,20,0,True,0.12
SCEN_2023_LOW_schedule_only_S0874,874,schedule_only,4200.0,0,0.0,20,20,0,True,0.11
SCEN_2023_LOW_schedule_only_S0875,875,schedule_only,4200.0,0,0.0,20,20,0,True,0.11
SCEN_2023_LOW_schedule_only_S0876,876,schedule_only,4200.0,0,0.0,20,20,0,True,0.14
SCEN_2023_LOW_schedule_only_S0877,877,schedule_only,4200.0,0,0.0,20,20,0,True,0.11
SCEN_2023_LOW_schedule_only_S0878,878,schedule_only,4200.0,0,0.0,20,20,0,True,0.11
SCEN_2023_LOW_schedule_only_S0879,879,schedule_only,4200.0,0,0.0,20,20,0,True,0.14
SCEN_2023_LOW_schedule_only_S0880,880,schedule_only,4200.0,0,0.0,20,20,0,True,0.12
SCEN_2023_LOW_schedule_only_S0881,881,schedule_only,4200.0,0,0.0,20,20,0,True,0.14
SCEN_2023_LOW_schedule_only_S0882,882,schedule_only,4200.0,0,0.0,20,20,0,True,0.12
SCEN_2023_LOW_schedule_only_S0883,883,schedule_only,4200.0,0,0.0,20,20,0,True,0.15
SCEN_2023_LOW_schedule_only_S0884,884,schedule_only,4200.0,0,0.0,20,20,0,True,0.12
SCEN_2023_LOW_schedule_only_S0885,885,schedule_only,4200.0,0,0.0,20,20,0,True,0.11
SCEN_2023_LOW_schedule_only_S0886,886,schedule_only,4200.0,0,0.0,20,20,0,True,0.22
SCEN_2023_LOW_schedule_only_S0887,887,schedule_only,4200.0,0,0.0,20,20,0,True,0.12
SCEN_2023_LOW_schedule_only_S0888,888,schedule_only,4200.0,0,0.0,20,20,0,True,0.12
SCEN_2023_LOW_schedule_only_S0889,889,schedule_only,4200.0,0,0.0,20,20,0,True,0.12
SCEN_2023_LOW_schedule_only_S0890,890,schedule_only,4200.0,0,0.0,20,20,0,True,0.14
SCEN_2023_LOW_schedule_only_S0891,891,schedule_only,4200.0,0,0.0,20,20,0,True,0.12
SCEN_2023_LOW_schedule_only_S0892,892,schedule_only,4200.0,0,0.0,20,20,0,True,0.12
SCEN_2023_LOW_schedule_only_S0893,893,schedule_only,4200.0,0,0.0,20,20,0,True,0.12
SCEN_2023_LOW_schedule_only_S0894,894,schedule_only,4200.0,0,0.0,20,20,0,True,0.12
SCEN_2023_LOW_schedule_only_S0895,895,schedule_only,4200.0,0,0.0,20,20,0,True,0.12
SCEN_2023_LOW_schedule_only_S0896,896,schedule_only,4200.0,0,0.0,20,20,0,True,0.13
SCEN_2023_LOW_schedule_only_S0897,897,schedule_only,4200.0,0,0.0,20,20,0,True,0.11
SCEN_2023_LOW_schedule_only_S0898,898,schedule_only,4200.0,0,0.0,20,20,0,True,0.13
SCEN_2023_LOW_schedule_only_S0899,899,schedule_only,4200.0,0,0.0,20,20,0,True,0.12
SCEN_2023_LOW_schedule_only_S0900,900,schedule_only,4200.0,0,0.0,20,20,0,True,0.12
SCEN_2023_LOW_schedule_only_S0901,901,schedule_only,4200.0,0,0.0,20,20,0,True,0.15
SCEN_2023_LOW_schedule_only_S0902,902,schedule_only,4200.0,0,0.0,20,20,0,True,0.17
SCEN_2023_LOW_schedule_only_S0903,903,schedule_only,4200.0,0,0.0,20,20,0,True,0.12
SCEN_2023_LOW_schedule_only_S0904,904,schedule_only,4200.0,0,0.0,20,20,0,True,0.12
SCEN_2023_LOW_schedule_only_S0905,905,schedule_only,4200.0,0,0.0,20,20,0,True,0.12
SCEN_2023_LOW_schedule_only_S0906,906,schedule_only,4200.0,0,0.0,20,20,0,True,0.12
SCEN_2023_LOW_schedule_only_S0907,907,schedule_only,4200.0,0,0.0,20,20,0,True,0.12
SCEN_2023_LOW_schedule_only_S0908,908,schedule_only,4200.0,0,0.0,20,20,0,True,0.11
SCEN_2023_LOW_schedule_only_S0909,909,schedule_only,4200.0,0,0.0,20,20,0,True,0.13
SCEN_2023_LOW_schedule_only_S0910,910,schedule_only,4200.0,0,0.0,20,20,0,True,0.11
SCEN_2023_LOW_schedule_only_S0911,911,schedule_only,4200.0,0,0.0,20,20,0,True,0.12
SCEN_2023_LOW_schedule_only_S0912,912,schedule_only,4200.0,0,0.0,20,20,0,True,0.12
SCEN_2023_LOW_schedule_only_S0913,913,schedule_only,4200.0,0,0.0,20,20,0,True,0.12
SCEN_2023_LOW_schedule_only_S0914,914,schedule_only,4200.0,0,0.0,20,20,0,True,0.12
SCEN_2023_LOW_schedule_only_S0915,915,schedule_only,4200.0,0,0.0,20,20,0,True,0.12
SCEN_2023_LOW_schedule_only_S0916,916,schedule_only,4200.0,0,0.0,20,20,0,True,0.15
SCEN_2023_LOW_schedule_only_S0917,917,schedule_only,4200.0,0,0.0,20,20,0,True,0.12
SCEN_2023_LOW_schedule_only_S0918,918,schedule_only,4200.0,0,0.0,20,20,0,True,0.11
SCEN_2023_LOW_schedule_only_S0919,919,schedule_only,4200.0,0,0.0,20,20,0,True,0.14
SCEN_2023_LOW_schedule_only_S0920,920,schedule_only,4200.0,0,0.0,20,20,0,True,0.11
SCEN_2023_LOW_schedule_only_S0921,921,schedule_only,4200.0,0,0.0,20,20,0,True,0.12
SCEN_2023_LOW_schedule_only_S0922,922,schedule_only,4200.0,0,0.0,20,20,0,True,0.11
SCEN_2023_LOW_schedule_only_S0923,923,schedule_only,4200.0,0,0.0,20,20,0,True,0.11
SCEN_2023_LOW_schedule_only_S0924,924,schedule_only,4200.0,0,0.0,20,20,0,True,0.11
SCEN_2023_LOW_schedule_only_S0925,925,schedule_only,4200.0,0,0.0,20,20,0,True,0.11
SCEN_2023_LOW_schedule_only_S0926,926,schedule_only,4200.0,0,0.0,20,20,0,True,0.11
SCEN_2023_LOW_schedule_only_S0927,927,schedule_only,4200.0,0,0.0,20,20,0,True,0.11
SCEN_2023_LOW_schedule_only_S0928,928,schedule_only,4200.0,0,0.0,20,20,0,True,0.12
SCEN_2023_LOW_schedule_only_S0929,929,schedule_only,4200.0,0,0.0,20,20,0,True,0.12
SCEN_2023_LOW_schedule_only_S0930,930,schedule_only,4200.0,0,0.0,20,20,0,True,0.11
SCEN_2023_LOW_schedule_only_S0931,931,schedule_only,4200.0,0,0.0,20,20,0,True,0.11
SCEN_2023_LOW_schedule_only_S0932,932,schedule_only,4200.0,0,0.0,20,20,0,True,0.12
SCEN_2023_LOW_schedule_only_S0933,933,schedule_only,4200.0,0,0.0,20,20,0,True,0.12
SCEN_2023_LOW_schedule_only_S0934,934,schedule_only,4200.0,0,0.0,20,20,0,True,0.12
SCEN_2023_LOW_schedule_only_S0935,935,schedule_only,4200.0,0,0.0,20,20,0,True,0.11
SCEN_2023_LOW_schedule_only_S0936,936,schedule_only,4200.0,0,0.0,20,20,0,True,0.11
SCEN_2023_LOW_schedule_only_S0937,937,schedule_only,4200.0,0,0.0,20,20,0,True,0.14
SCEN_2023_LOW_schedule_only_S0938,938,schedule_only,4200.0,0,0.0,20,20,0,True,0.11
SCEN_2023_LOW_schedule_only_S0939,939,schedule_only,4200.0,0,0.0,20,20,0,True,0.11
SCEN_2023_LOW_schedule_only_S0940,940,schedule_only,4200.0,0,0.0,20,20,0,True,0.16
SCEN_2023_LOW_schedule_only_S0941,941,schedule_only,4200.0,0,0.0,20,20,0,True,0.11
SCEN_2023_LOW_schedule_only_S0942,942,schedule_only,4200.0,0,0.0,20,20,0,True,0.12
SCEN_2023_LOW_schedule_only_S0943,943,schedule_only,4200.0,0,0.0,20,20,0,True,0.11
SCEN_2023_LOW_schedule_only_S0944,944,schedule_only,4200.0,0,0.0,20,20,0,True,0.14
SCEN_2023_LOW_schedule_only_S0945,945,schedule_only,4200.0,0,0.0,20,20,0,True,0.11
SCEN_2023_LOW_schedule_only_S0946,946,schedule_only,4200.0,0,0.0,20,20,0,True,0.11
SCEN_2023_LOW_schedule_only_S0947,947,schedule_only,4200.0,0,0.0,20,20,0,True,0.12
SCEN_2023_LOW_schedule_only_S0948,948,schedule_only,4200.0,0,0.0,20,20,0,True,0.17
SCEN_2023_LOW_schedule_only_S0949,949,schedule_only,4200.0,0,0.0,20,20,0,True,0.11
SCEN_2023_LOW_schedule_only_S0950,950,schedule_only,4200.0,0,0.0,20,20,0,True,0.11
SCEN_2023_LOW_schedule_only_S0951,951,schedule_only,4200.0,0,0.0,20,20,0,True,0.11
SCEN_2023_LOW_schedule_only_S0952,952,schedule_only,4200.0,0,0.0,20,20,0,True,0.13
SCEN_2023_LOW_schedule_only_S0953,953,schedule_only,4200.0,0,0.0,20,20,0,True,0.13
SCEN_2023_LOW_schedule_only_S0954,954,schedule_only,4200.0,0,0.0,20,20,0,True,0.11
SCEN_2023_LOW_schedule_only_S0955,955,schedule_only,4200.0,0,0.0,20,20,0,True,0.11
SCEN_2023_LOW_schedule_only_S0956,956,schedule_only,4200.0,0,0.0,20,20,0,True,0.11
SCEN_2023_LOW_schedule_only_S0957,957,schedule_only,4200.0,0,0.0,20,20,0,True,0.12
SCEN_2023_LOW_schedule_only_S0958,958,schedule_only,4200.0,0,0.0,20,20,0,True,0.11
SCEN_2023_LOW_schedule_only_S0959,959,schedule_only,4200.0,0,0.0,20,20,0,True,0.11
SCEN_2023_LOW_schedule_only_S0960,960,schedule_only,4200.0,0,0.0,20,20,0,True,0.11
SCEN_2023_LOW_schedule_only_S0961,961,schedule_only,4200.0,0,0.0,20,20,0,True,0.11
SCEN_2023_LOW_schedule_only_S0962,962,schedule_only,4200.0,0,0.0,20,20,0,True,0.11
SCEN_2023_LOW_schedule_only_S0963,963,schedule_only,4200.0,0,0.0,20,20,0,True,0.11
SCEN_2023_LOW_schedule_only_S0964,964,schedule_only,4200.0,0,0.0,20,20,0,True,0.13
SCEN_2023_LOW_schedule_only_S0965,965,schedule_only,4200.0,0,0.0,20,20,0,True,0.11
SCEN_2023_LOW_schedule_only_S0966,966,schedule_only,4200.0,0,0.0,20,20,0,True,0.11
SCEN_2023_LOW_schedule_only_S0967,967,schedule_only,4200.0,0,0.0,20,20,0,True,0.11
SCEN_2023_LOW_schedule_only_S0968,968,schedule_only,4200.0,0,0.0,20,20,0,True,0.11
SCEN_2023_LOW_schedule_only_S0969,969,schedule_only,4200.0,0,0.0,20,20,0,True,0.11
SCEN_2023_LOW_schedule_only_S0970,970,schedule_only,4200.0,0,0.0,20,20,0,True,0.11
SCEN_2023_LOW_schedule_only_S0971,971,schedule_only,4200.0,0,0.0,20,20,0,True,0.11
SCEN_2023_LOW_schedule_only_S0972,972,schedule_only,4200.0,0,0.0,20,20,0,True,0.14
SCEN_2023_LOW_schedule_only_S0973,973,schedule_only,4200.0,0,0.0,20,20,0,True,0.11
SCEN_2023_LOW_schedule_only_S0974,974,schedule_only,4200.0,0,0.0,20,20,0,True,0.11
SCEN_2023_LOW_schedule_only_S0975,975,schedule_only,4200.0,0,0.0,20,20,0,True,0.14
SCEN_2023_LOW_schedule_only_S0976,976,schedule_only,4200.0,0,0.0,20,20,0,True,0.11
SCEN_2023_LOW_schedule_only_S0977,977,schedule_only,4200.0,0,0.0,20,20,0,True,0.12
SCEN_2023_LOW_schedule_only_S0978,978,schedule_only,4200.0,0,0.0,20,20,0,True,0.11
SCEN_2023_LOW_schedule_only_S0979,979,schedule_only,4200.0,0,0.0,20,20,0,True,0.11
SCEN_2023_LOW_schedule_only_S0980,980,schedule_only,4200.0,0,0.0,20,20,0,True,0.12
SCEN_2023_LOW_schedule_only_S0981,981,schedule_only,4200.0,0,0.0,20,20,0,True,0.12
SCEN_2023_LOW_schedule_only_S0982,982,schedule_only,4200.0,0,0.0,20,20,0,True,0.12
SCEN_2023_LOW_schedule_only_S0983,983,schedule_only,4200.0,0,0.0,20,20,0,True,0.11
SCEN_2023_LOW_schedule_only_S0984,984,schedule_only,4200.0,0,0.0,20,20,0,True,0.11
SCEN_2023_LOW_schedule_only_S0985,985,schedule_only,4200.0,0,0.0,20,20,0,True,0.11
SCEN_2023_LOW_schedule_only_S0986,986,schedule_only,4200.0,0,0.0,20,20,0,True,0.11
SCEN_2023_LOW_schedule_only_S0987,987,schedule_only,4200.0,0,0.0,20,20,0,True,0.11
SCEN_2023_LOW_schedule_only_S0988,988,schedule_only,4200.0,0,0.0,20,20,0,True,0.11
SCEN_2023_LOW_schedule_only_S0989,989,schedule_only,4200.0,0,0.0,20,20,0,True,0.11
SCEN_2023_LOW_schedule_only_S0990,990,schedule_only,4200.0,0,0.0,20,20,0,True,0.12
SCEN_2023_LOW_schedule_only_S0991,991,schedule_only,4200.0,0,0.0,20,20,0,True,0.11
SCEN_2023_LOW_schedule_only_S0992,992,schedule_only,4200.0,0,0.0,20,20,0,True,0.11
SCEN_2023_LOW_schedule_only_S0993,993,schedule_only,4200.0,0,0.0,20,20,0,True,0.11
SCEN_2023_LOW_schedule_only_S0994,994,schedule_only,4200.0,0,0.0,20,20,0,True,0.11
SCEN_2023_LOW_schedule_only_S0995,995,schedule_only,4200.0,0,0.0,20,20,0,True,0.11
SCEN_2023_LOW_schedule_only_S0996,996,schedule_only,4200.0,0,0.0,20,20,0,True,0.14
SCEN_2023_LOW_schedule_only_S0997,997,schedule_only,4200.0,0,0.0,20,20,0,True,0.12
SCEN_2023_LOW_schedule_only_S0998,998,schedule_only,4200.0,0,0.0,20,20,0,True,0.11
SCEN_2023_LOW_schedule_only_S0999,999,schedule_only,4200.0,0,0.0,20,20,0,True,0.11
SCEN_2023_LOW_schedule_only_S1000,1000,schedule_only,4200.0,0,0.0,20,20,0,True,0.11
SCEN_2023_LOW_schedule_only_S1001,1001,schedule_only,4200.0,0,0.0,20,20,0,True,0.16
SCEN_2023_LOW_schedule_only_S1002,1002,schedule_only,4200.0,0,0.0,20,20,0,True,0.11
SCEN_2023_LOW_schedule_only_S1003,1003,schedule_only,4200.0,0,0.0,20,20,0,True,0.11
SCEN_2023_LOW_schedule_only_S1004,1004,schedule_only,4200.0,0,0.0,20,20,0,True,0.11
SCEN_2023_LOW_schedule_only_S1005,1005,schedule_only,4200.0,0,0.0,20,20,0,True,0.14
SCEN_2023_LOW_schedule_only_S1006,1006,schedule_only,4200.0,0,0.0,20,20,0,True,0.12
SCEN_2023_LOW_schedule_only_S1007,1007,schedule_only,4200.0,0,0.0,20,20,0,True,0.16
SCEN_2023_LOW_schedule_only_S1008,1008,schedule_only,4200.0,0,0.0,20,20,0,True,0.11
SCEN_2023_LOW_schedule_only_S1009,1009,schedule_only,4200.0,0,0.0,20,20,0,True,0.13
SCEN_2023_LOW_schedule_only_S1010,1010,schedule_only,4200.0,0,0.0,20,20,0,True,0.13
SCEN_2023_LOW_schedule_only_S1011,1011,schedule_only,4200.0,0,0.0,20,20,0,True,0.11
SCEN_2023_LOW_schedule_only_S1012,1012,schedule_only,4200.0,0,0.0,20,20,0,True,0.11
SCEN_2023_LOW_schedule_only_S1013,1013,schedule_only,4200.0,0,0.0,20,20,0,True,0.17
SCEN_2023_LOW_schedule_only_S1014,1014,schedule_only,4200.0,0,0.0,20,20,0,True,0.11
SCEN_2023_LOW_schedule_only_S1015,1015,schedule_only,4200.0,0,0.0,20,20,0,True,0.11
SCEN_2023_LOW_schedule_only_S1016,1016,schedule_only,4200.0,0,0.0,20,20,0,True,0.11
SCEN_2023_LOW_schedule_only_S1017,1017,schedule_only,4200.0,0,0.0,20,20,0,True,0.13
SCEN_2023_LOW_schedule_only_S1018,1018,schedule_only,4200.0,0,0.0,20,20,0,True,0.13
SCEN_2023_LOW_schedule_only_S1019,1019,schedule_only,4200.0,0,0.0,20,20,0,True,0.11
SCEN_2023_LOW_schedule_only_S1020,1020,schedule_only,4200.0,0,0.0,20,20,0,True,0.17
SCEN_2023_LOW_schedule_only_S1021,1021,schedule_only,4200.0,0,0.0,20,20,0,True,0.12
SCEN_2023_LOW_schedule_only_S1022,1022,schedule_only,4200.0,0,0.0,20,20,0,True,0.11
SCEN_2023_LOW_schedule_only_S1023,1023,schedule_only,4200.0,0,0.0,20,20,0,True,0.11
SCEN_2023_LOW_schedule_only_S1024,1024,schedule_only,4200.0,0,0.0,20,20,0,True,0.11
SCEN_2023_LOW_schedule_only_S1025,1025,schedule_only,4200.0,0,0.0,20,20,0,True,0.12
SCEN_2023_LOW_schedule_only_S1026,1026,schedule_only,4200.0,0,0.0,20,20,0,True,0.11
SCEN_2023_LOW_schedule_only_S1027,1027,schedule_only,4200.0,0,0.0,20,20,0,True,0.12
SCEN_2023_LOW_schedule_only_S1028,1028,schedule_only,4200.0,0,0.0,20,20,0,True,0.11
SCEN_2023_LOW_schedule_only_S1029,1029,schedule_only,4200.0,0,0.0,20,20,0,True,0.11
SCEN_2023_LOW_schedule_only_S1030,1030,schedule_only,4200.0,0,0.0,20,20,0,True,0.11
SCEN_2023_LOW_schedule_only_S1031,1031,schedule_only,4200.0,0,0.0,20,20,0,True,0.2
SCEN_2023_LOW_schedule_only_S1032,1032,schedule_only,4200.0,0,0.0,20,20,0,True,0.11
SCEN_2023_LOW_schedule_only_S1033,1033,schedule_only,4200.0,0,0.0,20,20,0,True,0.12
SCEN_2023_LOW_schedule_only_S1034,1034,schedule_only,4200.0,0,0.0,20,20,0,True,0.11
SCEN_2023_LOW_schedule_only_S1035,1035,schedule_only,4200.0,0,0.0,20,20,0,True,0.11
SCEN_2023_LOW_schedule_only_S1036,1036,schedule_only,4200.0,0,0.0,20,20,0,True,0.11
SCEN_2023_LOW_schedule_only_S1037,1037,schedule_only,4200.0,0,0.0,20,20,0,True,0.15
SCEN_2023_LOW_schedule_only_S1038,1038,schedule_only,4200.0,0,0.0,20,20,0,True,0.11
SCEN_2023_LOW_schedule_only_S1039,1039,schedule_only,4200.0,0,0.0,20,20,0,True,0.11
SCEN_2023_LOW_schedule_only_S1040,1040,schedule_only,4200.0,0,0.0,20,20,0,True,0.22
SCEN_2023_LOW_schedule_only_S1041,1041,schedule_only,4200.0,0,0.0,20,20,0,True,0.19
SCEN_2023_LOW_schedule_only_S1042,1042,schedule_only,4200.0,0,0.0,20,20,0,True,0.2
SCEN_2023_LOW_schedule_only_S1043,1043,schedule_only,4200.0,0,0.0,20,20,0,True,0.16
SCEN_2023_LOW_schedule_only_S1044,1044,schedule_only,4200.0,0,0.0,20,20,0,True,0.2
SCEN_2023_LOW_schedule_only_S1045,1045,schedule_only,4200.0,0,0.0,20,20,0,True,0.2
SCEN_2023_LOW_schedule_only_S1046,1046,schedule_only,4200.0,0,0.0,20,20,0,True,0.21
SCEN_2023_LOW_schedule_only_S1047,1047,schedule_only,4200.0,0,0.0,20,20,0,True,0.21
SCEN_2023_LOW_schedule_only_S1048,1048,schedule_only,4200.0,0,0.0,20,20,0,True,0.2
SCEN_2023_LOW_schedule_only_S1049,1049,schedule_only,4200.0,0,0.0,20,20,0,True,0.2
SCEN_2023_LOW_schedule_only_S1050,1050,schedule_only,4200.0,0,0.0,20,20,0,True,0.2
SCEN_2023_LOW_schedule_only_S1051,1051,schedule_only,4200.0,0,0.0,20,20,0,True,0.2
SCEN_2023_LOW_schedule_only_S1052,1052,schedule_only,4200.0,0,0.0,20,20,0,True,0.2
SCEN_2023_LOW_schedule_only_S1053,1053,schedule_only,4200.0,0,0.0,20,20,0,True,0.21
SCEN_2023_LOW_schedule_only_S1054,1054,schedule_only,4200.0,0,0.0,20,20,0,True,0.2
SCEN_2023_LOW_schedule_only_S1055,1055,schedule_only,4200.0,0,0.0,20,20,0,True,0.2
SCEN_2023_LOW_schedule_only_S1056,1056,schedule_only,4200.0,0,0.0,20,20,0,True,0.2
SCEN_2023_LOW_schedule_only_S1057,1057,schedule_only,4200.0,0,0.0,20,20,0,True,0.28
SCEN_2023_LOW_schedule_only_S1058,1058,schedule_only,4200.0,0,0.0,20,20,0,True,0.24
SCEN_2023_LOW_schedule_only_S1059,1059,schedule_only,4200.0,0,0.0,20,20,0,True,0.18
SCEN_2023_LOW_schedule_only_S1060,1060,schedule_only,4200.0,0,0.0,20,20,0,True,0.19
SCEN_2023_LOW_schedule_only_S1061,1061,schedule_only,4200.0,0,0.0,20,20,0,True,0.17
SCEN_2023_LOW_schedule_only_S1062,1062,schedule_only,4200.0,0,0.0,20,20,0,True,0.17
SCEN_2023_LOW_schedule_only_S1063,1063,schedule_only,4200.0,0,0.0,20,20,0,True,0.16
SCEN_2023_LOW_schedule_only_S1064,1064,schedule_only,4200.0,0,0.0,20,20,0,True,0.17
SCEN_2023_LOW_schedule_only_S1065,1065,schedule_only,4200.0,0,0.0,20,20,0,True,0.16
SCEN_2023_LOW_schedule_only_S1066,1066,schedule_only,4200.0,0,0.0,20,20,0,True,0.16
SCEN_2023_LOW_schedule_only_S1067,1067,schedule_only,4200.0,0,0.0,20,20,0,True,0.15
SCEN_2023_LOW_schedule_only_S1068,1068,schedule_only,4200.0,0,0.0,20,20,0,True,0.12
SCEN_2023_LOW_schedule_only_S1069,1069,schedule_only,4200.0,0,0.0,20,20,0,True,0.2
SCEN_2023_LOW_schedule_only_S1070,1070,schedule_only,4200.0,0,0.0,20,20,0,True,0.2
SCEN_2023_LOW_schedule_only_S1071,1071,schedule_only,4200.0,0,0.0,20,20,0,True,0.2
SCEN_2023_LOW_schedule_only_S1072,1072,schedule_only,4200.0,0,0.0,20,20,0,True,0.2
SCEN_2023_LOW_schedule_only_S1073,1073,schedule_only,4200.0,0,0.0,20,20,0,True,0.2
SCEN_2023_LOW_schedule_only_S1074,1074,schedule_only,4200.0,0,0.0,20,20,0,True,0.21
SCEN_2023_LOW_schedule_only_S1075,1075,schedule_only,4200.0,0,0.0,20,20,0,True,0.2
SCEN_2023_LOW_schedule_only_S1076,1076,schedule_only,4200.0,0,0.0,20,20,0,True,0.2
SCEN_2023_LOW_schedule_only_S1077,1077,schedule_only,4200.0,0,0.0,20,20,0,True,0.2
SCEN_2023_LOW_schedule_only_S1078,1078,schedule_only,4200.0,0,0.0,20,20,0,True,0.2
SCEN_2023_LOW_schedule_only_S1079,1079,schedule_only,4200.0,0,0.0,20,20,0,True,0.21
SCEN_2023_LOW_schedule_only_S1080,1080,schedule_only,4200.0,0,0.0,20,20,0,True,0.21
SCEN_2023_LOW_schedule_only_S1081,1081,schedule_only,4200.0,0,0.0,20,20,0,True,0.19
SCEN_2023_LOW_schedule_only_S1082,1082,schedule_only,4200.0,0,0.0,20,20,0,True,0.2
SCEN_2023_LOW_schedule_only_S1083,1083,schedule_only,4200.0,0,0.0,20,20,0,True,0.2
SCEN_2023_LOW_schedule_only_S1084,1084,schedule_only,4200.0,0,0.0,20,20,0,True,0.2
SCEN_2023_LOW_schedule_only_S1085,1085,schedule_only,4200.0,0,0.0,20,20,0,True,0.16
SCEN_2023_LOW_schedule_only_S1086,1086,schedule_only,4200.0,0,0.0,20,20,0,True,0.15
SCEN_2023_LOW_schedule_only_S1087,1087,schedule_only,4200.0,0,0.0,20,20,0,True,0.17
SCEN_2023_LOW_schedule_only_S1088,1088,schedule_only,4200.0,0,0.0,20,20,0,True,0.16
SCEN_2023_LOW_schedule_only_S1089,1089,schedule_only,4200.0,0,0.0,20,20,0,True,0.12
SCEN_2023_LOW_schedule_only_S1090,1090,schedule_only,4200.0,0,0.0,20,20,0,True,0.12
SCEN_2023_LOW_schedule_only_S1091,1091,schedule_only,4200.0,0,0.0,20,20,0,True,0.11
SCEN_2023_LOW_schedule_only_S1092,1092,schedule_only,4200.0,0,0.0,20,20,0,True,0.2
SCEN_2023_LOW_schedule_only_S1093,1093,schedule_only,4200.0,0,0.0,20,20,0,True,0.12
SCEN_2023_LOW_schedule_only_S1094,1094,schedule_only,4200.0,0,0.0,20,20,0,True,0.12
SCEN_2023_LOW_schedule_only_S1095,1095,schedule_only,4200.0,0,0.0,20,20,0,True,0.12
SCEN_2023_LOW_schedule_only_S1096,1096,schedule_only,4200.0,0,0.0,20,20,0,True,0.11
SCEN_2023_LOW_schedule_only_S1097,1097,schedule_only,4200.0,0,0.0,20,20,0,True,0.16
SCEN_2023_LOW_schedule_only_S1098,1098,schedule_only,4200.0,0,0.0,20,20,0,True,0.11
SCEN_2023_LOW_schedule_only_S1099,1099,schedule_only,4200.0,0,0.0,20,20,0,True,0.12
SCEN_2023_LOW_schedule_only_S1100,1100,schedule_only,4200.0,0,0.0,20,20,0,True,0.11
SCEN_2023_LOW_schedule_only_S1101,1101,schedule_only,4200.0,0,0.0,20,20,0,True,0.11
SCEN_2023_LOW_schedule_only_S1102,1102,schedule_only,4200.0,0,0.0,20,20,0,True,0.12
SCEN_2023_LOW_schedule_only_S1103,1103,schedule_only,4200.0,0,0.0,20,20,0,True,0.11
SCEN_2023_LOW_schedule_only_S1104,1104,schedule_only,4200.0,0,0.0,20,20,0,True,0.11
SCEN_2023_LOW_schedule_only_S1105,1105,schedule_only,4200.0,0,0.0,20,20,0,True,0.11
SCEN_2023_LOW_schedule_only_S1106,1106,schedule_only,4200.0,0,0.0,20,20,0,True,0.11
SCEN_2023_LOW_schedule_only_S1107,1107,schedule_only,4200.0,0,0.0,20,20,0,True,0.11
SCEN_2023_LOW_schedule_only_S1108,1108,schedule_only,4200.0,0,0.0,20,20,0,True,0.11
SCEN_2023_LOW_schedule_only_S1109,1109,schedule_only,4200.0,0,0.0,20,20,0,True,0.11
SCEN_2023_LOW_schedule_only_S1110,1110,schedule_only,4200.0,0,0.0,20,20,0,True,0.12
SCEN_2023_LOW_schedule_only_S1111,1111,schedule_only,4200.0,0,0.0,20,20,0,True,0.11
SCEN_2023_LOW_schedule_only_S1112,1112,schedule_only,4200.0,0,0.0,20,20,0,True,0.11
SCEN_2023_LOW_schedule_only_S1113,1113,schedule_only,4200.0,0,0.0,20,20,0,True,0.11
SCEN_2023_LOW_schedule_only_S1114,1114,schedule_only,4200.0,0,0.0,20,20,0,True,0.11
SCEN_2023_LOW_schedule_only_S1115,1115,schedule_only,4200.0,0,0.0,20,20,0,True,0.11
SCEN_2023_LOW_schedule_only_S1116,1116,schedule_only,4200.0,0,0.0,20,20,0,True,0.11
SCEN_2023_LOW_schedule_only_S1117,1117,schedule_only,4200.0,0,0.0,20,20,0,True,0.11
SCEN_2023_LOW_schedule_only_S1118,1118,schedule_only,4200.0,0,0.0,20,20,0,True,0.11
SCEN_2023_LOW_schedule_only_S1119,1119,schedule_only,4200.0,0,0.0,20,20,0,True,0.14
SCEN_2023_LOW_schedule_only_S1120,1120,schedule_only,4200.0,0,0.0,20,20,0,True,0.11
SCEN_2023_LOW_schedule_only_S1121,1121,schedule_only,4200.0,0,0.0,20,20,0,True,0.11
SCEN_2023_LOW_schedule_only_S1122,1122,schedule_only,4200.0,0,0.0,20,20,0,True,0.11
SCEN_2023_LOW_schedule_only_S1123,1123,schedule_only,4200.0,0,0.0,20,20,0,True,0.11
SCEN_2023_LOW_schedule_only_S1124,1124,schedule_only,4200.0,0,0.0,20,20,0,True,0.11
SCEN_2023_LOW_schedule_only_S1125,1125,schedule_only,4200.0,0,0.0,20,20,0,True,0.13
SCEN_2023_LOW_schedule_only_S1126,1126,schedule_only,4200.0,0,0.0,20,20,0,True,0.11
SCEN_2023_LOW_schedule_only_S1127,1127,schedule_only,4200.0,0,0.0,20,20,0,True,0.11
SCEN_2023_LOW_schedule_only_S1128,1128,schedule_only,4200.0,0,0.0,20,20,0,True,0.11
SCEN_2023_LOW_schedule_only_S1129,1129,schedule_only,4200.0,0,0.0,20,20,0,True,0.11
SCEN_2023_LOW_schedule_only_S1130,1130,schedule_only,4200.0,0,0.0,20,20,0,True,0.11
SCEN_2023_LOW_schedule_only_S1131,1131,schedule_only,4200.0,0,0.0,20,20,0,True,0.15
SCEN_2023_LOW_schedule_only_S1132,1132,schedule_only,4200.0,0,0.0,20,20,0,True,0.11
SCEN_2023_LOW_schedule_only_S1133,1133,schedule_only,4200.0,0,0.0,20,20,0,True,0.11
SCEN_2023_LOW_schedule_only_S1134,1134,schedule_only,4200.0,0,0.0,20,20,0,True,0.11
SCEN_2023_LOW_schedule_only_S1135,1135,schedule_only,4200.0,0,0.0,20,20,0,True,0.11
SCEN_2023_LOW_schedule_only_S1136,1136,schedule_only,4200.0,0,0.0,20,20,0,True,0.11
SCEN_2023_LOW_schedule_only_S1137,1137,schedule_only,4200.0,0,0.0,20,20,0,True,0.12
SCEN_2023_LOW_schedule_only_S1138,1138,schedule_only,4200.0,0,0.0,20,20,0,True,0.11
SCEN_2023_LOW_schedule_only_S1139,1139,schedule_only,4200.0,0,0.0,20,20,0,True,0.13
SCEN_2023_LOW_schedule_only_S1140,1140,schedule_only,4200.0,0,0.0,20,20,0,True,0.12
SCEN_2023_LOW_schedule_only_S1141,1141,schedule_only,4200.0,0,0.0,20,20,0,True,0.12
SCEN_2023_LOW_schedule_only_S1142,1142,schedule_only,4200.0,0,0.0,20,20,0,True,0.11
SCEN_2023_LOW_schedule_only_S1143,1143,schedule_only,4200.0,0,0.0,20,20,0,True,0.11
SCEN_2023_LOW_schedule_only_S1144,1144,schedule_only,4200.0,0,0.0,20,20,0,True,0.13
SCEN_2023_LOW_schedule_only_S1145,1145,schedule_only,4200.0,0,0.0,20,20,0,True,0.11
SCEN_2023_LOW_schedule_only_S1146,1146,schedule_only,4200.0,0,0.0,20,20,0,True,0.12
SCEN_2023_LOW_schedule_only_S1147,1147,schedule_only,4200.0,0,0.0,20,20,0,True,0.11
SCEN_2023_LOW_schedule_only_S1148,1148,schedule_only,4200.0,0,0.0,20,20,0,True,0.11
SCEN_2023_LOW_schedule_only_S1149,1149,schedule_only,4200.0,0,0.0,20,20,0,True,0.11
SCEN_2023_LOW_schedule_only_S1150,1150,schedule_only,4200.0,0,0.0,20,20,0,True,0.11
SCEN_2023_LOW_schedule_only_S1151,1151,schedule_only,4200.0,0,0.0,20,20,0,True,0.12
SCEN_2023_LOW_schedule_only_S1152,1152,schedule_only,4200.0,0,0.0,20,20,0,True,0.11
SCEN_2023_LOW_schedule_only_S1153,1153,schedule_only,4200.0,0,0.0,20,20,0,True,0.11
SCEN_2023_LOW_schedule_only_S1154,1154,schedule_only,4200.0,0,0.0,20,20,0,True,0.11
SCEN_2023_LOW_schedule_only_S1155,1155,schedule_only,4200.0,0,0.0,20,20,0,True,0.11
SCEN_2023_LOW_schedule_only_S1156,1156,schedule_only,4200.0,0,0.0,20,20,0,True,0.11
SCEN_2023_LOW_schedule_only_S1157,1157,schedule_only,4200.0,0,0.0,20,20,0,True,0.11
SCEN_2023_LOW_schedule_only_S1158,1158,schedule_only,4200.0,0,0.0,20,20,0,True,0.11
SCEN_2023_LOW_schedule_only_S1159,1159,schedule_only,4200.0,0,0.0,20,20,0,True,0.11
SCEN_2023_LOW_schedule_only_S1160,1160,schedule_only,4200.0,0,0.0,20,20,0,True,0.11
SCEN_2023_LOW_schedule_only_S1161,1161,schedule_only,4200.0,0,0.0,20,20,0,True,0.11
SCEN_2023_LOW_schedule_only_S1162,1162,schedule_only,4200.0,0,0.0,20,20,0,True,0.11
SCEN_2023_LOW_schedule_only_S1163,1163,schedule_only,4200.0,0,0.0,20,20,0,True,0.11
SCEN_2023_LOW_schedule_only_S1164,1164,schedule_only,4200.0,0,0.0,20,20,0,True,0.11
SCEN_2023_LOW_schedule_only_S1165,1165,schedule_only,4200.0,0,0.0,20,20,0,True,0.11
SCEN_2023_LOW_schedule_only_S1166,1166,schedule_only,4200.0,0,0.0,20,20,0,True,0.11
SCEN_2023_LOW_schedule_only_S1167,1167,schedule_only,4200.0,0,0.0,20,20,0,True,0.11
SCEN_2023_LOW_schedule_only_S1168,1168,schedule_only,4200.0,0,0.0,20,20,0,True,0.11
SCEN_2023_LOW_schedule_only_S1169,1169,schedule_only,4200.0,0,0.0,20,20,0,True,0.11
SCEN_2023_LOW_schedule_only_S1170,1170,schedule_only,4200.0,0,0.0,20,20,0,True,0.11
SCEN_2023_LOW_schedule_only_S1171,1171,schedule_only,4200.0,0,0.0,20,20,0,True,0.12
SCEN_2023_LOW_schedule_only_S1172,1172,schedule_only,4200.0,0,0.0,20,20,0,True,0.11
SCEN_2023_LOW_schedule_only_S1173,1173,schedule_only,4200.0,0,0.0,20,20,0,True,0.11
SCEN_2023_LOW_schedule_only_S1174,1174,schedule_only,4200.0,0,0.0,20,20,0,True,0.11
SCEN_2023_LOW_schedule_only_S1175,1175,schedule_only,4200.0,0,0.0,20,20,0,True,0.11
SCEN_2023_LOW_schedule_only_S1176,1176,schedule_only,4200.0,0,0.0,20,20,0,True,0.11
SCEN_2023_LOW_schedule_only_S1177,1177,schedule_only,4200.0,0,0.0,20,20,0,True,0.11
SCEN_2023_LOW_schedule_only_S1178,1178,schedule_only,4200.0,0,0.0,20,20,0,True,0.11
SCEN_2023_LOW_schedule_only_S1179,1179,schedule_only,4200.0,0,0.0,20,20,0,True,0.11
SCEN_2023_LOW_schedule_only_S1180,1180,schedule_only,4200.0,0,0.0,20,20,0,True,0.15
SCEN_2023_LOW_schedule_only_S1181,1181,schedule_only,4200.0,0,0.0,20,20,0,True,0.12
SCEN_2023_LOW_schedule_only_S1182,1182,schedule_only,4200.0,0,0.0,20,20,0,True,0.14
SCEN_2023_LOW_schedule_only_S1183,1183,schedule_only,4200.0,0,0.0,20,20,0,True,0.16
SCEN_2023_LOW_schedule_only_S1184,1184,schedule_only,4200.0,0,0.0,20,20,0,True,0.15
SCEN_2023_LOW_schedule_only_S1185,1185,schedule_only,4200.0,0,0.0,20,20,0,True,0.17
SCEN_2023_LOW_schedule_only_S1186,1186,schedule_only,4200.0,0,0.0,20,20,0,True,0.15
SCEN_2023_LOW_schedule_only_S1187,1187,schedule_only,4200.0,0,0.0,20,20,0,True,0.15
SCEN_2023_LOW_schedule_only_S1188,1188,schedule_only,4200.0,0,0.0,20,20,0,True,0.15
SCEN_2023_LOW_schedule_only_S1189,1189,schedule_only,4200.0,0,0.0,20,20,0,True,0.12
SCEN_2023_LOW_schedule_only_S1190,1190,schedule_only,4200.0,0,0.0,20,20,0,True,0.15
SCEN_2023_LOW_schedule_only_S1191,1191,schedule_only,4200.0,0,0.0,20,20,0,True,0.15
SCEN_2023_LOW_schedule_only_S1192,1192,schedule_only,4200.0,0,0.0,20,20,0,True,0.21
SCEN_2023_LOW_schedule_only_S1193,1193,schedule_only,4200.0,0,0.0,20,20,0,True,0.19
SCEN_2023_LOW_schedule_only_S1194,1194,schedule_only,4200.0,0,0.0,20,20,0,True,0.19
SCEN_2023_LOW_schedule_only_S1195,1195,schedule_only,4200.0,0,0.0,20,20,0,True,0.2
SCEN_2023_LOW_schedule_only_S1196,1196,schedule_only,4200.0,0,0.0,20,20,0,True,0.2
SCEN_2023_LOW_schedule_only_S1197,1197,schedule_only,4200.0,0,0.0,20,20,0,True,0.19
SCEN_2023_LOW_schedule_only_S1198,1198,schedule_only,4200.0,0,0.0,20,20,0,True,0.2
SCEN_2023_LOW_schedule_only_S1199,1199,schedule_only,4200.0,0,0.0,20,20,0,True,0.19
SCEN_2023_LOW_schedule_only_S1200,1200,schedule_only,4200.0,0,0.0,20,20,0,True,0.21
SCEN_2023_LOW_schedule_only_S1201,1201,schedule_only,4200.0,0,0.0,20,20,0,True,0.2
SCEN_2023_LOW_schedule_only_S1202,1202,schedule_only,4200.0,0,0.0,20,20,0,True,0.19
SCEN_2023_LOW_schedule_only_S1203,1203,schedule_only,4200.0,0,0.0,20,20,0,True,0.21
SCEN_2023_LOW_schedule_only_S1204,1204,schedule_only,4200.0,0,0.0,20,20,0,True,0.2
SCEN_2023_LOW_schedule_only_S1205,1205,schedule_only,4200.0,0,0.0,20,20,0,True,0.2
SCEN_2023_LOW_schedule_only_S1206,1206,schedule_only,4200.0,0,0.0,20,20,0,True,0.2
SCEN_2023_LOW_schedule_only_S1207,1207,schedule_only,4200.0,0,0.0,20,20,0,True,0.21
SCEN_2023_LOW_schedule_only_S1208,1208,schedule_only,4200.0,0,0.0,20,20,0,True,0.19
SCEN_2023_LOW_schedule_only_S1209,1209,schedule_only,4200.0,0,0.0,20,20,0,True,0.19
SCEN_2023_LOW_schedule_only_S1210,1210,schedule_only,4200.0,0,0.0,20,20,0,True,0.19
SCEN_2023_LOW_schedule_only_S1211,1211,schedule_only,4200.0,0,0.0,20,20,0,True,0.19
SCEN_2023_LOW_schedule_only_S1212,1212,schedule_only,4200.0,0,0.0,20,20,0,True,0.19
SCEN_2023_LOW_schedule_only_S1213,1213,schedule_only,4200.0,0,0.0,20,20,0,True,0.21
SCEN_2023_LOW_schedule_only_S1214,1214,schedule_only,4200.0,0,0.0,20,20,0,True,0.2
SCEN_2023_LOW_schedule_only_S1215,1215,schedule_only,4200.0,0,0.0,20,20,0,True,0.2
SCEN_2023_LOW_schedule_only_S1216,1216,schedule_only,4200.0,0,0.0,20,20,0,True,0.21
SCEN_2023_LOW_schedule_only_S1217,1217,schedule_only,4200.0,0,0.0,20,20,0,True,0.2
SCEN_2023_LOW_schedule_only_S1218,1218,schedule_only,4200.0,0,0.0,20,20,0,True,0.2
SCEN_2023_LOW_schedule_only_S1219,1219,schedule_only,4200.0,0,0.0,20,20,0,True,0.2
SCEN_2023_LOW_schedule_only_S1220,1220,schedule_only,4200.0,0,0.0,20,20,0,True,0.2
SCEN_2023_LOW_schedule_only_S1221,1221,schedule_only,4200.0,0,0.0,20,20,0,True,0.19
SCEN_2023_LOW_schedule_only_S1222,1222,schedule_only,4200.0,0,0.0,20,20,0,True,0.2
SCEN_2023_LOW_schedule_only_S1223,1223,schedule_only,4200.0,0,0.0,20,20,0,True,0.19
SCEN_2023_LOW_schedule_only_S1224,1224,schedule_only,4200.0,0,0.0,20,20,0,True,0.21
SCEN_2023_LOW_schedule_only_S1225,1225,schedule_only,4200.0,0,0.0,20,20,0,True,0.21
SCEN_2023_LOW_schedule_only_S1226,1226,schedule_only,4200.0,0,0.0,20,20,0,True,0.2
SCEN_2023_LOW_schedule_only_S1227,1227,schedule_only,4200.0,0,0.0,20,20,0,True,0.23
SCEN_2023_LOW_schedule_only_S1228,1228,schedule_only,4200.0,0,0.0,20,20,0,True,0.2
SCEN_2023_LOW_schedule_only_S1229,1229,schedule_only,4200.0,0,0.0,20,20,0,True,0.19
SCEN_2023_LOW_schedule_only_S1230,1230,schedule_only,4200.0,0,0.0,20,20,0,True,0.19
SCEN_2023_LOW_schedule_only_S1231,1231,schedule_only,4200.0,0,0.0,20,20,0,True,0.19
SCEN_2023_LOW_schedule_only_S1232,1232,schedule_only,4200.0,0,0.0,20,20,0,True,0.2
SCEN_2023_LOW_schedule_only_S1233,1233,schedule_only,4200.0,0,0.0,20,20,0,True,0.12
SCEN_2023_LOW_schedule_only_S1234,1234,schedule_only,4200.0,0,0.0,20,20,0,True,0.15
SCEN_2023_LOW_schedule_only_S1235,1235,schedule_only,4200.0,0,0.0,20,20,0,True,0.12
SCEN_2023_LOW_schedule_only_S1236,1236,schedule_only,4200.0,0,0.0,20,20,0,True,0.12
SCEN_2023_LOW_schedule_only_S1237,1237,schedule_only,4200.0,0,0.0,20,20,0,True,0.12
SCEN_2023_LOW_schedule_only_S1238,1238,schedule_only,4200.0,0,0.0,20,20,0,True,0.13
SCEN_2023_LOW_schedule_only_S1239,1239,schedule_only,4200.0,0,0.0,20,20,0,True,0.12
SCEN_2023_LOW_schedule_only_S1240,1240,schedule_only,4200.0,0,0.0,20,20,0,True,0.12
SCEN_2023_LOW_schedule_only_S1241,1241,schedule_only,4200.0,0,0.0,20,20,0,True,0.12
SCEN_2023_LOW_schedule_only_S1242,1242,schedule_only,4200.0,0,0.0,20,20,0,True,0.14
SCEN_2023_LOW_schedule_only_S1243,1243,schedule_only,4200.0,0,0.0,20,20,0,True,0.11
SCEN_2023_LOW_schedule_only_S1244,1244,schedule_only,4200.0,0,0.0,20,20,0,True,0.11
SCEN_2023_LOW_schedule_only_S1245,1245,schedule_only,4200.0,0,0.0,20,20,0,True,0.11
SCEN_2023_LOW_schedule_only_S1246,1246,schedule_only,4200.0,0,0.0,20,20,0,True,0.11
SCEN_2023_LOW_schedule_only_S1247,1247,schedule_only,4200.0,0,0.0,20,20,0,True,0.11
SCEN_2023_LOW_schedule_only_S1248,1248,schedule_only,4200.0,0,0.0,20,20,0,True,0.13
SCEN_2023_LOW_schedule_only_S1249,1249,schedule_only,4200.0,0,0.0,20,20,0,True,0.14
SCEN_2023_LOW_schedule_only_S1250,1250,schedule_only,4200.0,0,0.0,20,20,0,True,0.11
SCEN_2023_LOW_schedule_only_S1251,1251,schedule_only,4200.0,0,0.0,20,20,0,True,0.11
SCEN_2023_LOW_schedule_only_S1252,1252,schedule_only,4200.0,0,0.0,20,20,0,True,0.11
SCEN_2023_LOW_schedule_only_S1253,1253,schedule_only,4200.0,0,0.0,20,20,0,True,0.12
SCEN_2023_LOW_schedule_only_S1254,1254,schedule_only,4200.0,0,0.0,20,20,0,True,0.11
SCEN_2023_LOW_schedule_only_S1255,1255,schedule_only,4200.0,0,0.0,20,20,0,True,0.12
SCEN_2023_LOW_schedule_only_S1256,1256,schedule_only,4200.0,0,0.0,20,20,0,True,0.12
SCEN_2023_LOW_schedule_only_S1257,1257,schedule_only,4200.0,0,0.0,20,20,0,True,0.11
SCEN_2023_LOW_schedule_only_S1258,1258,schedule_only,4200.0,0,0.0,20,20,0,True,0.11
SCEN_2023_LOW_schedule_only_S1259,1259,schedule_only,4200.0,0,0.0,20,20,0,True,0.11
SCEN_2023_LOW_schedule_only_S1260,1260,schedule_only,4200.0,0,0.0,20,20,0,True,0.11
SCEN_2023_LOW_schedule_only_S1261,1261,schedule_only,4200.0,0,0.0,20,20,0,True,0.11
SCEN_2023_LOW_schedule_only_S1262,1262,schedule_only,4200.0,0,0.0,20,20,0,True,0.11
SCEN_2023_LOW_schedule_only_S1263,1263,schedule_only,4200.0,0,0.0,20,20,0,True,0.22
SCEN_2023_LOW_schedule_only_S1264,1264,schedule_only,4200.0,0,0.0,20,20,0,True,0.11
SCEN_2023_LOW_schedule_only_S1265,1265,schedule_only,4200.0,0,0.0,20,20,0,True,0.11
SCEN_2023_LOW_schedule_only_S1266,1266,schedule_only,4200.0,0,0.0,20,20,0,True,0.11
SCEN_2023_LOW_schedule_only_S1267,1267,schedule_only,4200.0,0,0.0,20,20,0,True,0.11
SCEN_2023_LOW_schedule_only_S1268,1268,schedule_only,4200.0,0,0.0,20,20,0,True,0.11
SCEN_2023_LOW_schedule_only_S1269,1269,schedule_only,4200.0,0,0.0,20,20,0,True,0.11
SCEN_2023_LOW_schedule_only_S1270,1270,schedule_only,4200.0,0,0.0,20,20,0,True,0.12
SCEN_2023_LOW_schedule_only_S1271,1271,schedule_only,4200.0,0,0.0,20,20,0,True,0.11
SCEN_2023_LOW_schedule_only_S1272,1272,schedule_only,4200.0,0,0.0,20,20,0,True,0.11
SCEN_2023_LOW_schedule_only_S1273,1273,schedule_only,4200.0,0,0.0,20,20,0,True,0.18
SCEN_2023_LOW_schedule_only_S1274,1274,schedule_only,4200.0,0,0.0,20,20,0,True,0.11
SCEN_2023_LOW_schedule_only_S1275,1275,schedule_only,4200.0,0,0.0,20,20,0,True,0.11
SCEN_2023_LOW_schedule_only_S1276,1276,schedule_only,4200.0,0,0.0,20,20,0,True,0.12
SCEN_2023_LOW_schedule_only_S1277,1277,schedule_only,4200.0,0,0.0,20,20,0,True,0.11
SCEN_2023_LOW_schedule_only_S1278,1278,schedule_only,4200.0,0,0.0,20,20,0,True,0.18
SCEN_2023_LOW_schedule_only_S1279,1279,schedule_only,4200.0,0,0.0,20,20,0,True,0.11
SCEN_2023_LOW_schedule_only_S1280,1280,schedule_only,4200.0,0,0.0,20,20,0,True,0.14
SCEN_2023_LOW_schedule_only_S1281,1281,schedule_only,4200.0,0,0.0,20,20,0,True,0.11
SCEN_2023_LOW_schedule_only_S1282,1282,schedule_only,4200.0,0,0.0,20,20,0,True,0.12
SCEN_2023_LOW_schedule_only_S1283,1283,schedule_only,4200.0,0,0.0,20,20,0,True,0.11
SCEN_2023_LOW_schedule_only_S1284,1284,schedule_only,4200.0,0,0.0,20,20,0,True,0.11
SCEN_2023_LOW_schedule_only_S1285,1285,schedule_only,4200.0,0,0.0,20,20,0,True,0.11
SCEN_2023_LOW_schedule_only_S1286,1286,schedule_only,4200.0,0,0.0,20,20,0,True,0.11
SCEN_2023_LOW_schedule_only_S1287,1287,schedule_only,4200.0,0,0.0,20,20,0,True,0.11
SCEN_2023_LOW_schedule_only_S1288,1288,schedule_only,4200.0,0,0.0,20,20,0,True,0.11
SCEN_2023_LOW_schedule_only_S1289,1289,schedule_only,4200.0,0,0.0,20,20,0,True,0.11
SCEN_2023_LOW_schedule_only_S1290,1290,schedule_only,4200.0,0,0.0,20,20,0,True,0.11
SCEN_2023_LOW_schedule_only_S1291,1291,schedule_only,4200.0,0,0.0,20,20,0,True,0.11
SCEN_2023_LOW_schedule_only_S1292,1292,schedule_only,4200.0,0,0.0,20,20,0,True,0.11
SCEN_2023_LOW_schedule_only_S1293,1293,schedule_only,4200.0,0,0.0,20,20,0,True,0.11
SCEN_2023_LOW_schedule_only_S1294,1294,schedule_only,4200.0,0,0.0,20,20,0,True,0.11
SCEN_2023_LOW_schedule_only_S1295,1295,schedule_only,4200.0,0,0.0,20,20,0,True,0.11
SCEN_2023_LOW_schedule_only_S1296,1296,schedule_only,4200.0,0,0.0,20,20,0,True,0.11
SCEN_2023_LOW_schedule_only_S1297,1297,schedule_only,4200.0,0,0.0,20,20,0,True,0.11
SCEN_2023_LOW_schedule_only_S1298,1298,schedule_only,4200.0,0,0.0,20,20,0,True,0.11
SCEN_2023_LOW_schedule_only_S1299,1299,schedule_only,4200.0,0,0.0,20,20,0,True,0.19
SCEN_2023_LOW_schedule_only_S1300,1300,schedule_only,4200.0,0,0.0,20,20,0,True,0.11
SCEN_2023_LOW_schedule_only_S1301,1301,schedule_only,4200.0,0,0.0,20,20,0,True,0.11
SCEN_2023_LOW_schedule_only_S1302,1302,schedule_only,4200.0,0,0.0,20,20,0,True,0.11
SCEN_2023_LOW_schedule_only_S1303,1303,schedule_only,4200.0,0,0.0,20,20,0,True,0.11
SCEN_2023_LOW_schedule_only_S1304,1304,schedule_only,4200.0,0,0.0,20,20,0,True,0.11
SCEN_2023_LOW_schedule_only_S1305,1305,schedule_only,4200.0,0,0.0,20,20,0,True,0.11
SCEN_2023_LOW_schedule_only_S1306,1306,schedule_only,4200.0,0,0.0,20,20,0,True,0.11
SCEN_2023_LOW_schedule_only_S1307,1307,schedule_only,4200.0,0,0.0,20,20,0,True,0.11
SCEN_2023_LOW_schedule_only_S1308,1308,schedule_only,4200.0,0,0.0,20,20,0,True,0.11
SCEN_2023_LOW_schedule_only_S1309,1309,schedule_only,4200.0,0,0.0,20,20,0,True,0.11
SCEN_2023_LOW_schedule_only_S1310,1310,schedule_only,4200.0,0,0.0,20,20,0,True,0.11
SCEN_2023_LOW_schedule_only_S1311,1311,schedule_only,4200.0,0,0.0,20,20,0,True,0.11
SCEN_2023_LOW_schedule_only_S1312,1312,schedule_only,4200.0,0,0.0,20,20,0,True,0.11
SCEN_2023_LOW_schedule_only_S1313,1313,schedule_only,4200.0,0,0.0,20,20,0,True,0.14
SCEN_2023_LOW_schedule_only_S1314,1314,schedule_only,4200.0,0,0.0,20,20,0,True,0.11
SCEN_2023_LOW_schedule_only_S1315,1315,schedule_only,4200.0,0,0.0,20,20,0,True,0.11
SCEN_2023_LOW_schedule_only_S1316,1316,schedule_only,4200.0,0,0.0,20,20,0,True,0.11
SCEN_2023_LOW_schedule_only_S1317,1317,schedule_only,4200.0,0,0.0,20,20,0,True,0.12
SCEN_2023_LOW_schedule_only_S1318,1318,schedule_only,4200.0,0,0.0,20,20,0,True,0.11
SCEN_2023_LOW_schedule_only_S1319,1319,schedule_only,4200.0,0,0.0,20,20,0,True,0.11
SCEN_2023_LOW_schedule_only_S1320,1320,schedule_only,4200.0,0,0.0,20,20,0,True,0.11
SCEN_2023_LOW_schedule_only_S1321,1321,schedule_only,4200.0,0,0.0,20,20,0,True,0.11
SCEN_2023_LOW_schedule_only_S1322,1322,schedule_only,4200.0,0,0.0,20,20,0,True,0.11
SCEN_2023_LOW_schedule_only_S1323,1323,schedule_only,4200.0,0,0.0,20,20,0,True,0.12
SCEN_2023_LOW_schedule_only_S1324,1324,schedule_only,4200.0,0,0.0,20,20,0,True,0.11
SCEN_2023_LOW_schedule_only_S1325,1325,schedule_only,4200.0,0,0.0,20,20,0,True,0.11
SCEN_2023_LOW_schedule_only_S1326,1326,schedule_only,4200.0,0,0.0,20,20,0,True,0.11
SCEN_2023_LOW_schedule_only_S1327,1327,schedule_only,4200.0,0,0.0,20,20,0,True,0.12
SCEN_2023_LOW_schedule_only_S1328,1328,schedule_only,4200.0,0,0.0,20,20,0,True,0.11
SCEN_2023_LOW_schedule_only_S1329,1329,schedule_only,4200.0,0,0.0,20,20,0,True,0.11
SCEN_2023_LOW_schedule_only_S1330,1330,schedule_only,4200.0,0,0.0,20,20,0,True,0.11
SCEN_2023_LOW_schedule_only_S1331,1331,schedule_only,4200.0,0,0.0,20,20,0,True,0.11
SCEN_2023_LOW_schedule_only_S1332,1332,schedule_only,4200.0,0,0.0,20,20,0,True,0.15
SCEN_2023_LOW_schedule_only_S1333,1333,schedule_only,4200.0,0,0.0,20,20,0,True,0.11
SCEN_2023_LOW_schedule_only_S1334,1334,schedule_only,4200.0,0,0.0,20,20,0,True,0.11
SCEN_2023_LOW_schedule_only_S1335,1335,schedule_only,4200.0,0,0.0,20,20,0,True,0.15
SCEN_2023_LOW_schedule_only_S1336,1336,schedule_only,4200.0,0,0.0,20,20,0,True,0.11
SCEN_2023_LOW_schedule_only_S1337,1337,schedule_only,4200.0,0,0.0,20,20,0,True,0.14
SCEN_2023_LOW_schedule_only_S1338,1338,schedule_only,4200.0,0,0.0,20,20,0,True,0.11
SCEN_2023_LOW_schedule_only_S1339,1339,schedule_only,4200.0,0,0.0,20,20,0,True,0.11
SCEN_2023_LOW_schedule_only_S1340,1340,schedule_only,4200.0,0,0.0,20,20,0,True,0.11
SCEN_2023_LOW_schedule_only_S1341,1341,schedule_only,4200.0,0,0.0,20,20,0,True,0.12
SCEN_2023_LOW_schedule_only_S1342,1342,schedule_only,4200.0,0,0.0,20,20,0,True,0.14
SCEN_2023_LOW_schedule_only_S1343,1343,schedule_only,4200.0,0,0.0,20,20,0,True,0.11
SCEN_2023_LOW_schedule_only_S1344,1344,schedule_only,4200.0,0,0.0,20,20,0,True,0.11
SCEN_2023_LOW_schedule_only_S1345,1345,schedule_only,4200.0,0,0.0,20,20,0,True,0.12
SCEN_2023_LOW_schedule_only_S1346,1346,schedule_only,4200.0,0,0.0,20,20,0,True,0.11
SCEN_2023_LOW_schedule_only_S1347,1347,schedule_only,4200.0,0,0.0,20,20,0,True,0.11
SCEN_2023_LOW_schedule_only_S1348,1348,schedule_only,4200.0,0,0.0,20,20,0,True,0.11
SCEN_2023_LOW_schedule_only_S1349,1349,schedule_only,4200.0,0,0.0,20,20,0,True,0.15
SCEN_2023_LOW_schedule_only_S1350,1350,schedule_only,4200.0,0,0.0,20,20,0,True,0.11
SCEN_2023_LOW_schedule_only_S1351,1351,schedule_only,4200.0,0,0.0,20,20,0,True,0.12
SCEN_2023_LOW_schedule_only_S1352,1352,schedule_only,4200.0,0,0.0,20,20,0,True,0.11
SCEN_2023_LOW_schedule_only_S1353,1353,schedule_only,4200.0,0,0.0,20,20,0,True,0.12
SCEN_2023_LOW_schedule_only_S1354,1354,schedule_only,4200.0,0,0.0,20,20,0,True,0.11
SCEN_2023_LOW_schedule_only_S1355,1355,schedule_only,4200.0,0,0.0,20,20,0,True,0.11
SCEN_2023_LOW_schedule_only_S1356,1356,schedule_only,4200.0,0,0.0,20,20,0,True,0.11
SCEN_2023_LOW_schedule_only_S1357,1357,schedule_only,4200.0,0,0.0,20,20,0,True,0.15
SCEN_2023_LOW_schedule_only_S1358,1358,schedule_only,4200.0,0,0.0,20,20,0,True,0.11
SCEN_2023_LOW_schedule_only_S1359,1359,schedule_only,4200.0,0,0.0,20,20,0,True,0.11
SCEN_2023_LOW_schedule_only_S1360,1360,schedule_only,4200.0,0,0.0,20,20,0,True,0.11
SCEN_2023_LOW_schedule_only_S1361,1361,schedule_only,4200.0,0,0.0,20,20,0,True,0.15
SCEN_2023_LOW_schedule_only_S1362,1362,schedule_only,4200.0,0,0.0,20,20,0,True,0.12
SCEN_2023_LOW_schedule_only_S1363,1363,schedule_only,4200.0,0,0.0,20,20,0,True,0.12
SCEN_2023_LOW_schedule_only_S1364,1364,schedule_only,4200.0,0,0.0,20,20,0,True,0.11
SCEN_2023_LOW_schedule_only_S1365,1365,schedule_only,4200.0,0,0.0,20,20,0,True,0.12
SCEN_2023_LOW_schedule_only_S1366,1366,schedule_only,4200.0,0,0.0,20,20,0,True,0.11
SCEN_2023_LOW_schedule_only_S1367,1367,schedule_only,4200.0,0,0.0,20,20,0,True,0.16
SCEN_2023_LOW_schedule_only_S1368,1368,schedule_only,4200.0,0,0.0,20,20,0,True,0.12
SCEN_2023_LOW_schedule_only_S1369,1369,schedule_only,4200.0,0,0.0,20,20,0,True,0.12
SCEN_2023_LOW_schedule_only_S1370,1370,schedule_only,4200.0,0,0.0,20,20,0,True,0.12
SCEN_2023_LOW_schedule_only_S1371,1371,schedule_only,4200.0,0,0.0,20,20,0,True,0.11
SCEN_2023_LOW_schedule_only_S1372,1372,schedule_only,4200.0,0,0.0,20,20,0,True,0.12
SCEN_2023_LOW_schedule_only_S1373,1373,schedule_only,4200.0,0,0.0,20,20,0,True,0.11
SCEN_2023_LOW_schedule_only_S1374,1374,schedule_only,4200.0,0,0.0,20,20,0,True,0.13
SCEN_2023_LOW_schedule_only_S1375,1375,schedule_only,4200.0,0,0.0,20,20,0,True,0.12
SCEN_2023_LOW_schedule_only_S1376,1376,schedule_only,4200.0,0,0.0,20,20,0,True,0.12
SCEN_2023_LOW_schedule_only_S1377,1377,schedule_only,4200.0,0,0.0,20,20,0,True,0.12
SCEN_2023_LOW_schedule_only_S1378,1378,schedule_only,4200.0,0,0.0,20,20,0,True,0.11
SCEN_2023_LOW_schedule_only_S1379,1379,schedule_only,4200.0,0,0.0,20,20,0,True,0.11
SCEN_2023_LOW_schedule_only_S1380,1380,schedule_only,4200.0,0,0.0,20,20,0,True,0.12
SCEN_2023_LOW_schedule_only_S1381,1381,schedule_only,4200.0,0,0.0,20,20,0,True,0.12
SCEN_2023_LOW_schedule_only_S1382,1382,schedule_only,4200.0,0,0.0,20,20,0,True,0.11
SCEN_2023_LOW_schedule_only_S1383,1383,schedule_only,4200.0,0,0.0,20,20,0,True,0.11
SCEN_2023_LOW_schedule_only_S1384,1384,schedule_only,4200.0,0,0.0,20,20,0,True,0.11
SCEN_2023_LOW_schedule_only_S1385,1385,schedule_only,4200.0,0,0.0,20,20,0,True,0.13
SCEN_2023_LOW_schedule_only_S1386,1386,schedule_only,4200.0,0,0.0,20,20,0,True,0.11
SCEN_2023_LOW_schedule_only_S1387,1387,schedule_only,4200.0,0,0.0,20,20,0,True,0.11
SCEN_2023_LOW_schedule_only_S1388,1388,schedule_only,4200.0,0,0.0,20,20,0,True,0.11
SCEN_2023_LOW_schedule_only_S1389,1389,schedule_only,4200.0,0,0.0,20,20,0,True,0.12
SCEN_2023_LOW_schedule_only_S1390,1390,schedule_only,4200.0,0,0.0,20,20,0,True,0.11
SCEN_2023_LOW_schedule_only_S1391,1391,schedule_only,4200.0,0,0.0,20,20,0,True,0.11
SCEN_2023_LOW_schedule_only_S1392,1392,schedule_only,4200.0,0,0.0,20,20,0,True,0.11
SCEN_2023_LOW_schedule_only_S1393,1393,schedule_only,4200.0,0,0.0,20,20,0,True,0.11
SCEN_2023_LOW_schedule_only_S1394,1394,schedule_only,4200.0,0,0.0,20,20,0,True,0.11
SCEN_2023_LOW_schedule_only_S1395,1395,schedule_only,4200.0,0,0.0,20,20,0,True,0.11
SCEN_2023_LOW_schedule_only_S1396,1396,schedule_only,4200.0,0,0.0,20,20,0,True,0.12
SCEN_2023_LOW_schedule_only_S1397,1397,schedule_only,4200.0,0,0.0,20,20,0,True,0.11
SCEN_2023_LOW_schedule_only_S1398,1398,schedule_only,4200.0,0,0.0,20,20,0,True,0.12
SCEN_2023_LOW_schedule_only_S1399,1399,schedule_only,4200.0,0,0.0,20,20,0,True,0.11
SCEN_2023_LOW_schedule_only_S1400,1400,schedule_only,4200.0,0,0.0,20,20,0,True,0.11
SCEN_2023_LOW_schedule_only_S1401,1401,schedule_only,4200.0,0,0.0,20,20,0,True,0.11
SCEN_2023_LOW_schedule_only_S1402,1402,schedule_only,4200.0,0,0.0,20,20,0,True,0.11
SCEN_2023_LOW_schedule_only_S1403,1403,schedule_only,4200.0,0,0.0,20,20,0,True,0.11
SCEN_2023_LOW_schedule_only_S1404,1404,schedule_only,4200.0,0,0.0,20,20,0,True,0.11
SCEN_2023_LOW_schedule_only_S1405,1405,schedule_only,4200.0,0,0.0,20,20,0,True,0.11
SCEN_2023_LOW_schedule_only_S1406,1406,schedule_only,4200.0,0,0.0,20,20,0,True,0.11
SCEN_2023_LOW_schedule_only_S1407,1407,schedule_only,4200.0,0,0.0,20,20,0,True,0.19
SCEN_2023_LOW_schedule_only_S1408,1408,schedule_only,4200.0,0,0.0,20,20,0,True,0.17
SCEN_2023_LOW_schedule_only_S1409,1409,schedule_only,4200.0,0,0.0,20,20,0,True,0.16
SCEN_2023_LOW_schedule_only_S1410,1410,schedule_only,4200.0,0,0.0,20,20,0,True,0.16
SCEN_2023_LOW_schedule_only_S1411,1411,schedule_only,4200.0,0,0.0,20,20,0,True,0.14
SCEN_2023_LOW_schedule_only_S1412,1412,schedule_only,4200.0,0,0.0,20,20,0,True,0.15
SCEN_2023_LOW_schedule_only_S1413,1413,schedule_only,4200.0,0,0.0,20,20,0,True,0.16
SCEN_2023_LOW_schedule_only_S1414,1414,schedule_only,4200.0,0,0.0,20,20,0,True,0.16
SCEN_2023_LOW_schedule_only_S1415,1415,schedule_only,4200.0,0,0.0,20,20,0,True,0.15
SCEN_2023_LOW_schedule_only_S1416,1416,schedule_only,4200.0,0,0.0,20,20,0,True,0.14
SCEN_2023_LOW_schedule_only_S1417,1417,schedule_only,4200.0,0,0.0,20,20,0,True,0.15
SCEN_2023_LOW_schedule_only_S1418,1418,schedule_only,4200.0,0,0.0,20,20,0,True,0.2
SCEN_2023_LOW_schedule_only_S1419,1419,schedule_only,4200.0,0,0.0,20,20,0,True,0.16
SCEN_2023_LOW_schedule_only_S1420,1420,schedule_only,4200.0,0,0.0,20,20,0,True,0.16
SCEN_2023_LOW_schedule_only_S1421,1421,schedule_only,4200.0,0,0.0,20,20,0,True,0.16
SCEN_2023_LOW_schedule_only_S1422,1422,schedule_only,4200.0,0,0.0,20,20,0,True,0.15
SCEN_2023_LOW_schedule_only_S1423,1423,schedule_only,4200.0,0,0.0,20,20,0,True,0.12
SCEN_2023_LOW_schedule_only_S1424,1424,schedule_only,4200.0,0,0.0,20,20,0,True,0.16
SCEN_2023_LOW_schedule_only_S1425,1425,schedule_only,4200.0,0,0.0,20,20,0,True,0.16
SCEN_2023_LOW_schedule_only_S1426,1426,schedule_only,4200.0,0,0.0,20,20,0,True,0.15
SCEN_2023_LOW_schedule_only_S1427,1427,schedule_only,4200.0,0,0.0,20,20,0,True,0.15
SCEN_2023_LOW_schedule_only_S1428,1428,schedule_only,4200.0,0,0.0,20,20,0,True,0.15
SCEN_2023_LOW_schedule_only_S1429,1429,schedule_only,4200.0,0,0.0,20,20,0,True,0.12
SCEN_2023_LOW_schedule_only_S1430,1430,schedule_only,4200.0,0,0.0,20,20,0,True,0.16
SCEN_2023_LOW_schedule_only_S1431,1431,schedule_only,4200.0,0,0.0,20,20,0,True,0.14
SCEN_2023_LOW_schedule_only_S1432,1432,schedule_only,4200.0,0,0.0,20,20,0,True,0.15
SCEN_2023_LOW_schedule_only_S1433,1433,schedule_only,4200.0,0,0.0,20,20,0,True,0.15
SCEN_2023_LOW_schedule_only_S1434,1434,schedule_only,4200.0,0,0.0,20,20,0,True,0.16
SCEN_2023_LOW_schedule_only_S1435,1435,schedule_only,4200.0,0,0.0,20,20,0,True,0.14
SCEN_2023_LOW_schedule_only_S1436,1436,schedule_only,4200.0,0,0.0,20,20,0,True,0.22
SCEN_2023_LOW_schedule_only_S1437,1437,schedule_only,4200.0,0,0.0,20,20,0,True,0.21
SCEN_2023_LOW_schedule_only_S1438,1438,schedule_only,4200.0,0,0.0,20,20,0,True,0.15
SCEN_2023_LOW_schedule_only_S1439,1439,schedule_only,4200.0,0,0.0,20,20,0,True,0.15
SCEN_2023_LOW_schedule_only_S1440,1440,schedule_only,4200.0,0,0.0,20,20,0,True,0.16
SCEN_2023_LOW_schedule_only_S1441,1441,schedule_only,4200.0,0,0.0,20,20,0,True,0.15
SCEN_2023_LOW_schedule_only_S1442,1442,schedule_only,4200.0,0,0.0,20,20,0,True,0.12
SCEN_2023_LOW_schedule_only_S1443,1443,schedule_only,4200.0,0,0.0,20,20,0,True,0.19
SCEN_2023_LOW_schedule_only_S1444,1444,schedule_only,4200.0,0,0.0,20,20,0,True,0.15
SCEN_2023_LOW_schedule_only_S1445,1445,schedule_only,4200.0,0,0.0,20,20,0,True,0.16
SCEN_2023_LOW_schedule_only_S1446,1446,schedule_only,4200.0,0,0.0,20,20,0,True,0.16
SCEN_2023_LOW_schedule_only_S1447,1447,schedule_only,4200.0,0,0.0,20,20,0,True,0.16
SCEN_2023_LOW_schedule_only_S1448,1448,schedule_only,4200.0,0,0.0,20,20,0,True,0.14
SCEN_2023_LOW_schedule_only_S1449,1449,schedule_only,4200.0,0,0.0,20,20,0,True,0.16
SCEN_2023_LOW_schedule_only_S1450,1450,schedule_only,4200.0,0,0.0,20,20,0,True,0.16
SCEN_2023_LOW_schedule_only_S1451,1451,schedule_only,4200.0,0,0.0,20,20,0,True,0.16
SCEN_2023_LOW_schedule_only_S1452,1452,schedule_only,4200.0,0,0.0,20,20,0,True,0.16
SCEN_2023_LOW_schedule_only_S1453,1453,schedule_only,4200.0,0,0.0,20,20,0,True,0.17
SCEN_2023_LOW_schedule_only_S1454,1454,schedule_only,4200.0,0,0.0,20,20,0,True,0.15
SCEN_2023_LOW_schedule_only_S1455,1455,schedule_only,4200.0,0,0.0,20,20,0,True,0.14
SCEN_2023_LOW_schedule_only_S1456,1456,schedule_only,4200.0,0,0.0,20,20,0,True,0.16
SCEN_2023_LOW_schedule_only_S1457,1457,schedule_only,4200.0,0,0.0,20,20,0,True,0.16
SCEN_2023_LOW_schedule_only_S1458,1458,schedule_only,4200.0,0,0.0,20,20,0,True,0.15
SCEN_2023_LOW_schedule_only_S1459,1459,schedule_only,4200.0,0,0.0,20,20,0,True,0.16
SCEN_2023_LOW_schedule_only_S1460,1460,schedule_only,4200.0,0,0.0,20,20,0,True,0.16
SCEN_2023_LOW_schedule_only_S1461,1461,schedule_only,4200.0,0,0.0,20,20,0,True,0.16
SCEN_2023_LOW_schedule_only_S1462,1462,schedule_only,4200.0,0,0.0,20,20,0,True,0.13
SCEN_2023_LOW_schedule_only_S1463,1463,schedule_only,4200.0,0,0.0,20,20,0,True,0.16
SCEN_2023_LOW_schedule_only_S1464,1464,schedule_only,4200.0,0,0.0,20,20,0,True,0.16
SCEN_2023_LOW_schedule_only_S1465,1465,schedule_only,4200.0,0,0.0,20,20,0,True,0.15
SCEN_2023_LOW_schedule_only_S1466,1466,schedule_only,4200.0,0,0.0,20,20,0,True,0.13
SCEN_2023_LOW_schedule_only_S1467,1467,schedule_only,4200.0,0,0.0,20,20,0,True,0.12
SCEN_2023_LOW_schedule_only_S1468,1468,schedule_only,4200.0,0,0.0,20,20,0,True,0.12
SCEN_2023_LOW_schedule_only_S1469,1469,schedule_only,4200.0,0,0.0,20,20,0,True,0.13
SCEN_2023_LOW_schedule_only_S1470,1470,schedule_only,4200.0,0,0.0,20,20,0,True,0.12
SCEN_2023_LOW_schedule_only_S1471,1471,schedule_only,4200.0,0,0.0,20,20,0,True,0.12
SCEN_2023_LOW_schedule_only_S1472,1472,schedule_only,4200.0,0,0.0,20,20,0,True,0.15
SCEN_2023_LOW_schedule_only_S1473,1473,schedule_only,4200.0,0,0.0,20,20,0,True,0.13
SCEN_2023_LOW_schedule_only_S1474,1474,schedule_only,4200.0,0,0.0,20,20,0,True,0.11
SCEN_2023_LOW_schedule_only_S1475,1475,schedule_only,4200.0,0,0.0,20,20,0,True,0.11
SCEN_2023_LOW_schedule_only_S1476,1476,schedule_only,4200.0,0,0.0,20,20,0,True,0.12
SCEN_2023_LOW_schedule_only_S1477,1477,schedule_only,4200.0,0,0.0,20,20,0,True,0.11
SCEN_2023_LOW_schedule_only_S1478,1478,schedule_only,4200.0,0,0.0,20,20,0,True,0.11
SCEN_2023_LOW_schedule_only_S1479,1479,schedule_only,4200.0,0,0.0,20,20,0,True,0.19
SCEN_2023_LOW_schedule_only_S1480,1480,schedule_only,4200.0,0,0.0,20,20,0,True,0.11
SCEN_2023_LOW_schedule_only_S1481,1481,schedule_only,4200.0,0,0.0,20,20,0,True,0.12
SCEN_2023_LOW_schedule_only_S1482,1482,schedule_only,4200.0,0,0.0,20,20,0,True,0.12
SCEN_2023_LOW_schedule_only_S1483,1483,schedule_only,4200.0,0,0.0,20,20,0,True,0.12
SCEN_2023_LOW_schedule_only_S1484,1484,schedule_only,4200.0,0,0.0,20,20,0,True,0.11
SCEN_2023_LOW_schedule_only_S1485,1485,schedule_only,4200.0,0,0.0,20,20,0,True,0.11
SCEN_2023_LOW_schedule_only_S1486,1486,schedule_only,4200.0,0,0.0,20,20,0,True,0.12
SCEN_2023_LOW_schedule_only_S1487,1487,schedule_only,4200.0,0,0.0,20,20,0,True,0.11
SCEN_2023_LOW_schedule_only_S1488,1488,schedule_only,4200.0,0,0.0,20,20,0,True,0.11
SCEN_2023_LOW_schedule_only_S1489,1489,schedule_only,4200.0,0,0.0,20,20,0,True,0.11
SCEN_2023_LOW_schedule_only_S1490,1490,schedule_only,4200.0,0,0.0,20,20,0,True,0.11
SCEN_2023_LOW_schedule_only_S1491,1491,schedule_only,4200.0,0,0.0,20,20,0,True,0.11
SCEN_2023_LOW_schedule_only_S1492,1492,schedule_only,4200.0,0,0.0,20,20,0,True,0.11
SCEN_2023_LOW_schedule_only_S1493,1493,schedule_only,4200.0,0,0.0,20,20,0,True,0.11
SCEN_2023_LOW_schedule_only_S1494,1494,schedule_only,4200.0,0,0.0,20,20,0,True,0.11
SCEN_2023_LOW_schedule_only_S1495,1495,schedule_only,4200.0,0,0.0,20,20,0,True,0.11
SCEN_2023_LOW_schedule_only_S1496,1496,schedule_only,4200.0,0,0.0,20,20,0,True,0.11
SCEN_2023_LOW_schedule_only_S1497,1497,schedule_only,4200.0,0,0.0,20,20,0,True,0.14
SCEN_2023_LOW_schedule_only_S1498,1498,schedule_only,4200.0,0,0.0,20,20,0,True,0.11
SCEN_2023_LOW_schedule_only_S1499,1499,schedule_only,4200.0,0,0.0,20,20,0,True,0.12
SCEN_2023_LOW_schedule_only_S1500,1500,schedule_only,4200.0,0,0.0,20,20,0,True,0.11
SCEN_2023_LOW_schedule_only_S1501,1501,schedule_only,4200.0,0,0.0,20,20,0,True,0.11
SCEN_2023_LOW_schedule_only_S1502,1502,schedule_only,4200.0,0,0.0,20,20,0,True,0.11
SCEN_2023_LOW_schedule_only_S1503,1503,schedule_only,4200.0,0,0.0,20,20,0,True,0.14
SCEN_2023_LOW_schedule_only_S1504,1504,schedule_only,4200.0,0,0.0,20,20,0,True,0.11
SCEN_2023_LOW_schedule_only_S1505,1505,schedule_only,4200.0,0,0.0,20,20,0,True,0.11
SCEN_2023_LOW_schedule_only_S1506,1506,schedule_only,4200.0,0,0.0,20,20,0,True,0.11
SCEN_2023_LOW_schedule_only_S1507,1507,schedule_only,4200.0,0,0.0,20,20,0,True,0.14
SCEN_2023_LOW_schedule_only_S1508,1508,schedule_only,4200.0,0,0.0,20,20,0,True,0.12
SCEN_2023_LOW_schedule_only_S1509,1509,schedule_only,4200.0,0,0.0,20,20,0,True,0.11
SCEN_2023_LOW_schedule_only_S1510,1510,schedule_only,4200.0,0,0.0,20,20,0,True,0.11
SCEN_2023_LOW_schedule_only_S1511,1511,schedule_only,4200.0,0,0.0,20,20,0,True,0.11
SCEN_2023_LOW_schedule_only_S1512,1512,schedule_only,4200.0,0,0.0,20,20,0,True,0.11
SCEN_2023_LOW_schedule_only_S1513,1513,schedule_only,4200.0,0,0.0,20,20,0,True,0.11
SCEN_2023_LOW_schedule_only_S1514,1514,schedule_only,4200.0,0,0.0,20,20,0,True,0.11
SCEN_2023_LOW_schedule_only_S1515,1515,schedule_only,4200.0,0,0.0,20,20,0,True,0.11
SCEN_2023_LOW_schedule_only_S1516,1516,schedule_only,4200.0,0,0.0,20,20,0,True,0.11
SCEN_2023_LOW_schedule_only_S1517,1517,schedule_only,4200.0,0,0.0,20,20,0,True,0.11
SCEN_2023_LOW_schedule_only_S1518,1518,schedule_only,4200.0,0,0.0,20,20,0,True,0.11
SCEN_2023_LOW_schedule_only_S1519,1519,schedule_only,4200.0,0,0.0,20,20,0,True,0.11
SCEN_2023_LOW_schedule_only_S1520,1520,schedule_only,4200.0,0,0.0,20,20,0,True,0.11
SCEN_2023_LOW_schedule_only_S1521,1521,schedule_only,4200.0,0,0.0,20,20,0,True,0.11
SCEN_2023_LOW_schedule_only_S1522,1522,schedule_only,4200.0,0,0.0,20,20,0,True,0.11
SCEN_2023_LOW_schedule_only_S1523,1523,schedule_only,4200.0,0,0.0,20,20,0,True,0.11
SCEN_2023_LOW_schedule_only_S1524,1524,schedule_only,4200.0,0,0.0,20,20,0,True,0.11
SCEN_2023_LOW_schedule_only_S1525,1525,schedule_only,4200.0,0,0.0,20,20,0,True,0.11
SCEN_2023_LOW_schedule_only_S1526,1526,schedule_only,4200.0,0,0.0,20,20,0,True,0.11
SCEN_2023_LOW_schedule_only_S1527,1527,schedule_only,4200.0,0,0.0,20,20,0,True,0.11
SCEN_2023_LOW_schedule_only_S1528,1528,schedule_only,4200.0,0,0.0,20,20,0,True,0.11
SCEN_2023_LOW_schedule_only_S1529,1529,schedule_only,4200.0,0,0.0,20,20,0,True,0.11
SCEN_2023_LOW_schedule_only_S1530,1530,schedule_only,4200.0,0,0.0,20,20,0,True,0.11
SCEN_2023_LOW_schedule_only_S1531,1531,schedule_only,4200.0,0,0.0,20,20,0,True,0.11
SCEN_2023_LOW_schedule_only_S1532,1532,schedule_only,4200.0,0,0.0,20,20,0,True,0.11
SCEN_2023_LOW_schedule_only_S1533,1533,schedule_only,4200.0,0,0.0,20,20,0,True,0.11
SCEN_2023_LOW_schedule_only_S1534,1534,schedule_only,4200.0,0,0.0,20,20,0,True,0.11
SCEN_2023_LOW_schedule_only_S1535,1535,schedule_only,4200.0,0,0.0,20,20,0,True,0.11
SCEN_2023_LOW_schedule_only_S1536,1536,schedule_only,4200.0,0,0.0,20,20,0,True,0.12
SCEN_2023_LOW_schedule_only_S1537,1537,schedule_only,4200.0,0,0.0,20,20,0,True,0.11
SCEN_2023_LOW_schedule_only_S1538,1538,schedule_only,4200.0,0,0.0,20,20,0,True,0.11
SCEN_2023_LOW_schedule_only_S1539,1539,schedule_only,4200.0,0,0.0,20,20,0,True,0.11
SCEN_2023_LOW_schedule_only_S1540,1540,schedule_only,4200.0,0,0.0,20,20,0,True,0.11
SCEN_2023_LOW_schedule_only_S1541,1541,schedule_only,4200.0,0,0.0,20,20,0,True,0.11
SCEN_2023_LOW_schedule_only_S1542,1542,schedule_only,4200.0,0,0.0,20,20,0,True,0.11
SCEN_2023_LOW_schedule_only_S1543,1543,schedule_only,4200.0,0,0.0,20,20,0,True,0.11
SCEN_2023_LOW_schedule_only_S1544,1544,schedule_only,4200.0,0,0.0,20,20,0,True,0.11
SCEN_2023_LOW_schedule_only_S1545,1545,schedule_only,4200.0,0,0.0,20,20,0,True,0.11
SCEN_2023_LOW_schedule_only_S1546,1546,schedule_only,4200.0,0,0.0,20,20,0,True,0.11
SCEN_2023_LOW_schedule_only_S1547,1547,schedule_only,4200.0,0,0.0,20,20,0,True,0.19
SCEN_2023_LOW_schedule_only_S1548,1548,schedule_only,4200.0,0,0.0,20,20,0,True,0.11
SCEN_2023_LOW_schedule_only_S1549,1549,schedule_only,4200.0,0,0.0,20,20,0,True,0.11
SCEN_2023_LOW_schedule_only_S1550,1550,schedule_only,4200.0,0,0.0,20,20,0,True,0.11
SCEN_2023_LOW_schedule_only_S1551,1551,schedule_only,4200.0,0,0.0,20,20,0,True,0.11
SCEN_2023_LOW_schedule_only_S1552,1552,schedule_only,4200.0,0,0.0,20,20,0,True,0.13
SCEN_2023_LOW_schedule_only_S1553,1553,schedule_only,4200.0,0,0.0,20,20,0,True,0.11
SCEN_2023_LOW_schedule_only_S1554,1554,schedule_only,4200.0,0,0.0,20,20,0,True,0.11
SCEN_2023_LOW_schedule_only_S1555,1555,schedule_only,4200.0,0,0.0,20,20,0,True,0.11
SCEN_2023_LOW_schedule_only_S1556,1556,schedule_only,4200.0,0,0.0,20,20,0,True,0.11
SCEN_2023_LOW_schedule_only_S1557,1557,schedule_only,4200.0,0,0.0,20,20,0,True,0.11
SCEN_2023_LOW_schedule_only_S1558,1558,schedule_only,4200.0,0,0.0,20,20,0,True,0.12
SCEN_2023_LOW_schedule_only_S1559,1559,schedule_only,4200.0,0,0.0,20,20,0,True,0.11
SCEN_2023_LOW_schedule_only_S1560,1560,schedule_only,4200.0,0,0.0,20,20,0,True,0.12
SCEN_2023_LOW_schedule_only_S1561,1561,schedule_only,4200.0,0,0.0,20,20,0,True,0.11
SCEN_2023_LOW_schedule_only_S1562,1562,schedule_only,4200.0,0,0.0,20,20,0,True,0.11
SCEN_2023_LOW_schedule_only_S1563,1563,schedule_only,4200.0,0,0.0,20,20,0,True,0.13
SCEN_2023_LOW_schedule_only_S1564,1564,schedule_only,4200.0,0,0.0,20,20,0,True,0.12
SCEN_2023_LOW_schedule_only_S1565,1565,schedule_only,4200.0,0,0.0,20,20,0,True,0.11
SCEN_2023_LOW_schedule_only_S1566,1566,schedule_only,4200.0,0,0.0,20,20,0,True,0.13
SCEN_2023_LOW_schedule_only_S1567,1567,schedule_only,4200.0,0,0.0,20,20,0,True,0.11
SCEN_2023_LOW_schedule_only_S1568,1568,schedule_only,4200.0,0,0.0,20,20,0,True,0.11
SCEN_2023_LOW_schedule_only_S1569,1569,schedule_only,4200.0,0,0.0,20,20,0,True,0.11
SCEN_2023_LOW_schedule_only_S1570,1570,schedule_only,4200.0,0,0.0,20,20,0,True,0.11
SCEN_2023_LOW_schedule_only_S1571,1571,schedule_only,4200.0,0,0.0,20,20,0,True,0.11
SCEN_2023_LOW_schedule_only_S1572,1572,schedule_only,4200.0,0,0.0,20,20,0,True,0.12
SCEN_2023_LOW_schedule_only_S1573,1573,schedule_only,4200.0,0,0.0,20,20,0,True,0.11
SCEN_2023_LOW_schedule_only_S1574,1574,schedule_only,4200.0,0,0.0,20,20,0,True,0.11
SCEN_2023_LOW_schedule_only_S1575,1575,schedule_only,4200.0,0,0.0,20,20,0,True,0.11
SCEN_2023_LOW_schedule_only_S1576,1576,schedule_only,4200.0,0,0.0,20,20,0,True,0.11
SCEN_2023_LOW_schedule_only_S1577,1577,schedule_only,4200.0,0,0.0,20,20,0,True,0.11
SCEN_2023_LOW_schedule_only_S1578,1578,schedule_only,4200.0,0,0.0,20,20,0,True,0.11
SCEN_2023_LOW_schedule_only_S1579,1579,schedule_only,4200.0,0,0.0,20,20,0,True,0.11
SCEN_2023_LOW_schedule_only_S1580,1580,schedule_only,4200.0,0,0.0,20,20,0,True,0.11
SCEN_2023_LOW_schedule_only_S1581,1581,schedule_only,4200.0,0,0.0,20,20,0,True,0.11
SCEN_2023_LOW_schedule_only_S1582,1582,schedule_only,4200.0,0,0.0,20,20,0,True,0.13
SCEN_2023_LOW_schedule_only_S1583,1583,schedule_only,4200.0,0,0.0,20,20,0,True,0.11
SCEN_2023_LOW_schedule_only_S1584,1584,schedule_only,4200.0,0,0.0,20,20,0,True,0.11
SCEN_2023_LOW_schedule_only_S1585,1585,schedule_only,4200.0,0,0.0,20,20,0,True,0.11
SCEN_2023_LOW_schedule_only_S1586,1586,schedule_only,4200.0,0,0.0,20,20,0,True,0.11
SCEN_2023_LOW_schedule_only_S1587,1587,schedule_only,4200.0,0,0.0,20,20,0,True,0.11
SCEN_2023_LOW_schedule_only_S1588,1588,schedule_only,4200.0,0,0.0,20,20,0,True,0.11
SCEN_2023_LOW_schedule_only_S1589,1589,schedule_only,4200.0,0,0.0,20,20,0,True,0.11
SCEN_2023_LOW_schedule_only_S1590,1590,schedule_only,4200.0,0,0.0,20,20,0,True,0.11
SCEN_2023_LOW_schedule_only_S1591,1591,schedule_only,4200.0,0,0.0,20,20,0,True,0.11
SCEN_2023_LOW_schedule_only_S1592,1592,schedule_only,4200.0,0,0.0,20,20,0,True,0.11
SCEN_2023_LOW_schedule_only_S1593,1593,schedule_only,4200.0,0,0.0,20,20,0,True,0.11
SCEN_2023_LOW_schedule_only_S1594,1594,schedule_only,4200.0,0,0.0,20,20,0,True,0.11
SCEN_2023_LOW_schedule_only_S1595,1595,schedule_only,4200.0,0,0.0,20,20,0,True,0.11
SCEN_2023_LOW_schedule_only_S1596,1596,schedule_only,4200.0,0,0.0,20,20,0,True,0.11
SCEN_2023_LOW_schedule_only_S1597,1597,schedule_only,4200.0,0,0.0,20,20,0,True,0.16
SCEN_2023_LOW_schedule_only_S1598,1598,schedule_only,4200.0,0,0.0,20,20,0,True,0.16
SCEN_2023_LOW_schedule_only_S1599,1599,schedule_only,4200.0,0,0.0,20,20,0,True,0.12
SCEN_2023_LOW_schedule_only_S1600,1600,schedule_only,4200.0,0,0.0,20,20,0,True,0.15
SCEN_2023_LOW_schedule_only_S1601,1601,schedule_only,4200.0,0,0.0,20,20,0,True,0.15
SCEN_2023_LOW_schedule_only_S1602,1602,schedule_only,4200.0,0,0.0,20,20,0,True,0.16
SCEN_2023_LOW_schedule_only_S1603,1603,schedule_only,4200.0,0,0.0,20,20,0,True,0.16
SCEN_2023_LOW_schedule_only_S1604,1604,schedule_only,4200.0,0,0.0,20,20,0,True,0.15
SCEN_2023_LOW_schedule_only_S1605,1605,schedule_only,4200.0,0,0.0,20,20,0,True,0.16
SCEN_2023_LOW_schedule_only_S1606,1606,schedule_only,4200.0,0,0.0,20,20,0,True,0.12
SCEN_2023_LOW_schedule_only_S1607,1607,schedule_only,4200.0,0,0.0,20,20,0,True,0.14
SCEN_2023_LOW_schedule_only_S1608,1608,schedule_only,4200.0,0,0.0,20,20,0,True,0.16
SCEN_2023_LOW_schedule_only_S1609,1609,schedule_only,4200.0,0,0.0,20,20,0,True,0.16
SCEN_2023_LOW_schedule_only_S1610,1610,schedule_only,4200.0,0,0.0,20,20,0,True,0.15
SCEN_2023_LOW_schedule_only_S1611,1611,schedule_only,4200.0,0,0.0,20,20,0,True,0.15
SCEN_2023_LOW_schedule_only_S1612,1612,schedule_only,4200.0,0,0.0,20,20,0,True,0.12
SCEN_2023_LOW_schedule_only_S1613,1613,schedule_only,4200.0,0,0.0,20,20,0,True,0.16
SCEN_2023_LOW_schedule_only_S1614,1614,schedule_only,4200.0,0,0.0,20,20,0,True,0.15
SCEN_2023_LOW_schedule_only_S1615,1615,schedule_only,4200.0,0,0.0,20,20,0,True,0.15
SCEN_2023_LOW_schedule_only_S1616,1616,schedule_only,4200.0,0,0.0,20,20,0,True,0.2
SCEN_2023_LOW_schedule_only_S1617,1617,schedule_only,4200.0,0,0.0,20,20,0,True,0.2
SCEN_2023_LOW_schedule_only_S1618,1618,schedule_only,4200.0,0,0.0,20,20,0,True,0.2
SCEN_2023_LOW_schedule_only_S1619,1619,schedule_only,4200.0,0,0.0,20,20,0,True,0.2
SCEN_2023_LOW_schedule_only_S1620,1620,schedule_only,4200.0,0,0.0,20,20,0,True,0.2
SCEN_2023_LOW_schedule_only_S1621,1621,schedule_only,4200.0,0,0.0,20,20,0,True,0.2
SCEN_2023_LOW_schedule_only_S1622,1622,schedule_only,4200.0,0,0.0,20,20,0,True,0.19
SCEN_2023_LOW_schedule_only_S1623,1623,schedule_only,4200.0,0,0.0,20,20,0,True,0.21
SCEN_2023_LOW_schedule_only_S1624,1624,schedule_only,4200.0,0,0.0,20,20,0,True,0.2
SCEN_2023_LOW_schedule_only_S1625,1625,schedule_only,4200.0,0,0.0,20,20,0,True,0.2
SCEN_2023_LOW_schedule_only_S1626,1626,schedule_only,4200.0,0,0.0,20,20,0,True,0.2
SCEN_2023_LOW_schedule_only_S1627,1627,schedule_only,4200.0,0,0.0,20,20,0,True,0.19
SCEN_2023_LOW_schedule_only_S1628,1628,schedule_only,4200.0,0,0.0,20,20,0,True,0.19
SCEN_2023_LOW_schedule_only_S1629,1629,schedule_only,4200.0,0,0.0,20,20,0,True,0.19
SCEN_2023_LOW_schedule_only_S1630,1630,schedule_only,4200.0,0,0.0,20,20,0,True,0.19
SCEN_2023_LOW_schedule_only_S1631,1631,schedule_only,4200.0,0,0.0,20,20,0,True,0.19
SCEN_2023_LOW_schedule_only_S1632,1632,schedule_only,4200.0,0,0.0,20,20,0,True,0.19
SCEN_2023_LOW_schedule_only_S1633,1633,schedule_only,4200.0,0,0.0,20,20,0,True,0.2
SCEN_2023_LOW_schedule_only_S1634,1634,schedule_only,4200.0,0,0.0,20,20,0,True,0.19
SCEN_2023_LOW_schedule_only_S1635,1635,schedule_only,4200.0,0,0.0,20,20,0,True,0.2
SCEN_2023_LOW_schedule_only_S1636,1636,schedule_only,4200.0,0,0.0,20,20,0,True,0.19
SCEN_2023_LOW_schedule_only_S1637,1637,schedule_only,4200.0,0,0.0,20,20,0,True,0.2
SCEN_2023_LOW_schedule_only_S1638,1638,schedule_only,4200.0,0,0.0,20,20,0,True,0.21
SCEN_2023_LOW_schedule_only_S1639,1639,schedule_only,4200.0,0,0.0,20,20,0,True,0.2
SCEN_2023_LOW_schedule_only_S1640,1640,schedule_only,4200.0,0,0.0,20,20,0,True,0.19
SCEN_2023_LOW_schedule_only_S1641,1641,schedule_only,4200.0,0,0.0,20,20,0,True,0.21
SCEN_2023_LOW_schedule_only_S1642,1642,schedule_only,4200.0,0,0.0,20,20,0,True,0.2
SCEN_2023_LOW_schedule_only_S1643,1643,schedule_only,4200.0,0,0.0,20,20,0,True,0.2
SCEN_2023_LOW_schedule_only_S1644,1644,schedule_only,4200.0,0,0.0,20,20,0,True,0.2
SCEN_2023_LOW_schedule_only_S1645,1645,schedule_only,4200.0,0,0.0,20,20,0,True,0.16
SCEN_2023_LOW_schedule_only_S1646,1646,schedule_only,4200.0,0,0.0,20,20,0,True,0.15
SCEN_2023_LOW_schedule_only_S1647,1647,schedule_only,4200.0,0,0.0,20,20,0,True,0.16
SCEN_2023_LOW_schedule_only_S1648,1648,schedule_only,4200.0,0,0.0,20,20,0,True,0.15
SCEN_2023_LOW_schedule_only_S1649,1649,schedule_only,4200.0,0,0.0,20,20,0,True,0.12
SCEN_2023_LOW_schedule_only_S1650,1650,schedule_only,4200.0,0,0.0,20,20,0,True,0.15
SCEN_2023_LOW_schedule_only_S1651,1651,schedule_only,4200.0,0,0.0,20,20,0,True,0.15
SCEN_2023_LOW_schedule_only_S1652,1652,schedule_only,4200.0,0,0.0,20,20,0,True,0.16
SCEN_2023_LOW_schedule_only_S1653,1653,schedule_only,4200.0,0,0.0,20,20,0,True,0.15
SCEN_2023_LOW_schedule_only_S1654,1654,schedule_only,4200.0,0,0.0,20,20,0,True,0.15
SCEN_2023_LOW_schedule_only_S1655,1655,schedule_only,4200.0,0,0.0,20,20,0,True,0.15
SCEN_2023_LOW_schedule_only_S1656,1656,schedule_only,4200.0,0,0.0,20,20,0,True,0.12
SCEN_2023_LOW_schedule_only_S1657,1657,schedule_only,4200.0,0,0.0,20,20,0,True,0.12
SCEN_2023_LOW_schedule_only_S1658,1658,schedule_only,4200.0,0,0.0,20,20,0,True,0.12
SCEN_2023_LOW_schedule_only_S1659,1659,schedule_only,4200.0,0,0.0,20,20,0,True,0.12
SCEN_2023_LOW_schedule_only_S1660,1660,schedule_only,4200.0,0,0.0,20,20,0,True,0.12
SCEN_2023_LOW_schedule_only_S1661,1661,schedule_only,4200.0,0,0.0,20,20,0,True,0.12
SCEN_2023_LOW_schedule_only_S1662,1662,schedule_only,4200.0,0,0.0,20,20,0,True,0.12
SCEN_2023_LOW_schedule_only_S1663,1663,schedule_only,4200.0,0,0.0,20,20,0,True,0.14
SCEN_2023_LOW_schedule_only_S1664,1664,schedule_only,4200.0,0,0.0,20,20,0,True,0.13
SCEN_2023_LOW_schedule_only_S1665,1665,schedule_only,4200.0,0,0.0,20,20,0,True,0.12
SCEN_2023_LOW_schedule_only_S1666,1666,schedule_only,4200.0,0,0.0,20,20,0,True,0.12
SCEN_2023_LOW_schedule_only_S1667,1667,schedule_only,4200.0,0,0.0,20,20,0,True,0.11
SCEN_2023_LOW_schedule_only_S1668,1668,schedule_only,4200.0,0,0.0,20,20,0,True,0.12
SCEN_2023_LOW_schedule_only_S1669,1669,schedule_only,4200.0,0,0.0,20,20,0,True,0.11
SCEN_2023_LOW_schedule_only_S1670,1670,schedule_only,4200.0,0,0.0,20,20,0,True,0.11
SCEN_2023_LOW_schedule_only_S1671,1671,schedule_only,4200.0,0,0.0,20,20,0,True,0.11
SCEN_2023_LOW_schedule_only_S1672,1672,schedule_only,4200.0,0,0.0,20,20,0,True,0.12
SCEN_2023_LOW_schedule_only_S1673,1673,schedule_only,4200.0,0,0.0,20,20,0,True,0.11
SCEN_2023_LOW_schedule_only_S1674,1674,schedule_only,4200.0,0,0.0,20,20,0,True,0.11
SCEN_2023_LOW_schedule_only_S1675,1675,schedule_only,4200.0,0,0.0,20,20,0,True,0.13
SCEN_2023_LOW_schedule_only_S1676,1676,schedule_only,4200.0,0,0.0,20,20,0,True,0.11
SCEN_2023_LOW_schedule_only_S1677,1677,schedule_only,4200.0,0,0.0,20,20,0,True,0.12
SCEN_2023_LOW_schedule_only_S1678,1678,schedule_only,4200.0,0,0.0,20,20,0,True,0.11
SCEN_2023_LOW_schedule_only_S1679,1679,schedule_only,4200.0,0,0.0,20,20,0,True,0.11
SCEN_2023_LOW_schedule_only_S1680,1680,schedule_only,4200.0,0,0.0,20,20,0,True,0.11
SCEN_2023_LOW_schedule_only_S1681,1681,schedule_only,4200.0,0,0.0,20,20,0,True,0.11
SCEN_2023_LOW_schedule_only_S1682,1682,schedule_only,4200.0,0,0.0,20,20,0,True,0.21
SCEN_2023_LOW_schedule_only_S1683,1683,schedule_only,4200.0,0,0.0,20,20,0,True,0.12
SCEN_2023_LOW_schedule_only_S1684,1684,schedule_only,4200.0,0,0.0,20,20,0,True,0.12
SCEN_2023_LOW_schedule_only_S1685,1685,schedule_only,4200.0,0,0.0,20,20,0,True,0.12
SCEN_2023_LOW_schedule_only_S1686,1686,schedule_only,4200.0,0,0.0,20,20,0,True,0.17
SCEN_2023_LOW_schedule_only_S1687,1687,schedule_only,4200.0,0,0.0,20,20,0,True,0.11
SCEN_2023_LOW_schedule_only_S1688,1688,schedule_only,4200.0,0,0.0,20,20,0,True,0.11
SCEN_2023_LOW_schedule_only_S1689,1689,schedule_only,4200.0,0,0.0,20,20,0,True,0.11
SCEN_2023_LOW_schedule_only_S1690,1690,schedule_only,4200.0,0,0.0,20,20,0,True,0.14
SCEN_2023_LOW_schedule_only_S1691,1691,schedule_only,4200.0,0,0.0,20,20,0,True,0.12
SCEN_2023_LOW_schedule_only_S1692,1692,schedule_only,4200.0,0,0.0,20,20,0,True,0.12
SCEN_2023_LOW_schedule_only_S1693,1693,schedule_only,4200.0,0,0.0,20,20,0,True,0.11
SCEN_2023_LOW_schedule_only_S1694,1694,schedule_only,4200.0,0,0.0,20,20,0,True,0.11
SCEN_2023_LOW_schedule_only_S1695,1695,schedule_only,4200.0,0,0.0,20,20,0,True,0.11
SCEN_2023_LOW_schedule_only_S1696,1696,schedule_only,4200.0,0,0.0,20,20,0,True,0.12
SCEN_2023_LOW_schedule_only_S1697,1697,schedule_only,4200.0,0,0.0,20,20,0,True,0.11
SCEN_2023_LOW_schedule_only_S1698,1698,schedule_only,4200.0,0,0.0,20,20,0,True,0.11
SCEN_2023_LOW_schedule_only_S1699,1699,schedule_only,4200.0,0,0.0,20,20,0,True,0.11
SCEN_2023_LOW_schedule_only_S1700,1700,schedule_only,4200.0,0,0.0,20,20,0,True,0.11
SCEN_2023_LOW_schedule_only_S1701,1701,schedule_only,4200.0,0,0.0,20,20,0,True,0.11
SCEN_2023_LOW_schedule_only_S1702,1702,schedule_only,4200.0,0,0.0,20,20,0,True,0.11
SCEN_2023_LOW_schedule_only_S1703,1703,schedule_only,4200.0,0,0.0,20,20,0,True,0.11
SCEN_2023_LOW_schedule_only_S1704,1704,schedule_only,4200.0,0,0.0,20,20,0,True,0.11
SCEN_2023_LOW_schedule_only_S1705,1705,schedule_only,4200.0,0,0.0,20,20,0,True,0.11
SCEN_2023_LOW_schedule_only_S1706,1706,schedule_only,4200.0,0,0.0,20,20,0,True,0.11
SCEN_2023_LOW_schedule_only_S1707,1707,schedule_only,4200.0,0,0.0,20,20,0,True,0.11
SCEN_2023_LOW_schedule_only_S1708,1708,schedule_only,4200.0,0,0.0,20,20,0,True,0.11
SCEN_2023_LOW_schedule_only_S1709,1709,schedule_only,4200.0,0,0.0,20,20,0,True,0.11
SCEN_2023_LOW_schedule_only_S1710,1710,schedule_only,4200.0,0,0.0,20,20,0,True,0.11
SCEN_2023_LOW_schedule_only_S1711,1711,schedule_only,4200.0,0,0.0,20,20,0,True,0.11
SCEN_2023_LOW_schedule_only_S1712,1712,schedule_only,4200.0,0,0.0,20,20,0,True,0.11
SCEN_2023_LOW_schedule_only_S1713,1713,schedule_only,4200.0,0,0.0,20,20,0,True,0.11
SCEN_2023_LOW_schedule_only_S1714,1714,schedule_only,4200.0,0,0.0,20,20,0,True,0.11
SCEN_2023_LOW_schedule_only_S1715,1715,schedule_only,4200.0,0,0.0,20,20,0,True,0.11
SCEN_2023_LOW_schedule_only_S1716,1716,schedule_only,4200.0,0,0.0,20,20,0,True,0.15
SCEN_2023_LOW_schedule_only_S1717,1717,schedule_only,4200.0,0,0.0,20,20,0,True,0.11
SCEN_2023_LOW_schedule_only_S1718,1718,schedule_only,4200.0,0,0.0,20,20,0,True,0.12
SCEN_2023_LOW_schedule_only_S1719,1719,schedule_only,4200.0,0,0.0,20,20,0,True,0.11
SCEN_2023_LOW_schedule_only_S1720,1720,schedule_only,4200.0,0,0.0,20,20,0,True,0.11
SCEN_2023_LOW_schedule_only_S1721,1721,schedule_only,4200.0,0,0.0,20,20,0,True,0.11
SCEN_2023_LOW_schedule_only_S1722,1722,schedule_only,4200.0,0,0.0,20,20,0,True,0.11
SCEN_2023_LOW_schedule_only_S1723,1723,schedule_only,4200.0,0,0.0,20,20,0,True,0.11
SCEN_2023_LOW_schedule_only_S1724,1724,schedule_only,4200.0,0,0.0,20,20,0,True,0.11
SCEN_2023_LOW_schedule_only_S1725,1725,schedule_only,4200.0,0,0.0,20,20,0,True,0.11
SCEN_2023_LOW_schedule_only_S1726,1726,schedule_only,4200.0,0,0.0,20,20,0,True,0.11
SCEN_2023_LOW_schedule_only_S1727,1727,schedule_only,4200.0,0,0.0,20,20,0,True,0.11
SCEN_2023_LOW_schedule_only_S1728,1728,schedule_only,4200.0,0,0.0,20,20,0,True,0.11
SCEN_2023_LOW_schedule_only_S1729,1729,schedule_only,4200.0,0,0.0,20,20,0,True,0.13
SCEN_2023_LOW_schedule_only_S1730,1730,schedule_only,4200.0,0,0.0,20,20,0,True,0.11
SCEN_2023_LOW_schedule_only_S1731,1731,schedule_only,4200.0,0,0.0,20,20,0,True,0.11
SCEN_2023_LOW_schedule_only_S1732,1732,schedule_only,4200.0,0,0.0,20,20,0,True,0.17
SCEN_2023_LOW_schedule_only_S1733,1733,schedule_only,4200.0,0,0.0,20,20,0,True,0.2
SCEN_2023_LOW_schedule_only_S1734,1734,schedule_only,4200.0,0,0.0,20,20,0,True,0.18
SCEN_2023_LOW_schedule_only_S1735,1735,schedule_only,4200.0,0,0.0,20,20,0,True,0.21
SCEN_2023_LOW_schedule_only_S1736,1736,schedule_only,4200.0,0,0.0,20,20,0,True,0.12
SCEN_2023_LOW_schedule_only_S1737,1737,schedule_only,4200.0,0,0.0,20,20,0,True,0.11
SCEN_2023_LOW_schedule_only_S1738,1738,schedule_only,4200.0,0,0.0,20,20,0,True,0.11
SCEN_2023_LOW_schedule_only_S1739,1739,schedule_only,4200.0,0,0.0,20,20,0,True,0.11
SCEN_2023_LOW_schedule_only_S1740,1740,schedule_only,4200.0,0,0.0,20,20,0,True,0.11
SCEN_2023_LOW_schedule_only_S1741,1741,schedule_only,4200.0,0,0.0,20,20,0,True,0.11
SCEN_2023_LOW_schedule_only_S1742,1742,schedule_only,4200.0,0,0.0,20,20,0,True,0.11
SCEN_2023_LOW_schedule_only_S1743,1743,schedule_only,4200.0,0,0.0,20,20,0,True,0.11
SCEN_2023_LOW_schedule_only_S1744,1744,schedule_only,4200.0,0,0.0,20,20,0,True,0.11
SCEN_2023_LOW_schedule_only_S1745,1745,schedule_only,4200.0,0,0.0,20,20,0,True,0.12
SCEN_2023_LOW_schedule_only_S1746,1746,schedule_only,4200.0,0,0.0,20,20,0,True,0.11
SCEN_2023_LOW_schedule_only_S1747,1747,schedule_only,4200.0,0,0.0,20,20,0,True,0.11
SCEN_2023_LOW_schedule_only_S1748,1748,schedule_only,4200.0,0,0.0,20,20,0,True,0.11
SCEN_2023_LOW_schedule_only_S1749,1749,schedule_only,4200.0,0,0.0,20,20,0,True,0.11
SCEN_2023_LOW_schedule_only_S1750,1750,schedule_only,4200.0,0,0.0,20,20,0,True,0.11
SCEN_2023_LOW_schedule_only_S1751,1751,schedule_only,4200.0,0,0.0,20,20,0,True,0.11
SCEN_2023_LOW_schedule_only_S1752,1752,schedule_only,4200.0,0,0.0,20,20,0,True,0.11
SCEN_2023_LOW_schedule_only_S1753,1753,schedule_only,4200.0,0,0.0,20,20,0,True,0.11
SCEN_2023_LOW_schedule_only_S1754,1754,schedule_only,4200.0,0,0.0,20,20,0,True,0.11
SCEN_2023_LOW_schedule_only_S1755,1755,schedule_only,4200.0,0,0.0,20,20,0,True,0.12
SCEN_2023_LOW_schedule_only_S1756,1756,schedule_only,4200.0,0,0.0,20,20,0,True,0.12
SCEN_2023_LOW_schedule_only_S1757,1757,schedule_only,4200.0,0,0.0,20,20,0,True,0.11
SCEN_2023_LOW_schedule_only_S1758,1758,schedule_only,4200.0,0,0.0,20,20,0,True,0.11
SCEN_2023_LOW_schedule_only_S1759,1759,schedule_only,4200.0,0,0.0,20,20,0,True,0.11
SCEN_2023_LOW_schedule_only_S1760,1760,schedule_only,4200.0,0,0.0,20,20,0,True,0.11
SCEN_2023_LOW_schedule_only_S1761,1761,schedule_only,4200.0,0,0.0,20,20,0,True,0.11
SCEN_2023_LOW_schedule_only_S1762,1762,schedule_only,4200.0,0,0.0,20,20,0,True,0.11
SCEN_2023_LOW_schedule_only_S1763,1763,schedule_only,4200.0,0,0.0,20,20,0,True,0.11
SCEN_2023_LOW_schedule_only_S1764,1764,schedule_only,4200.0,0,0.0,20,20,0,True,0.11
SCEN_2023_LOW_schedule_only_S1765,1765,schedule_only,4200.0,0,0.0,20,20,0,True,0.11
SCEN_2023_LOW_schedule_only_S1766,1766,schedule_only,4200.0,0,0.0,20,20,0,True,0.12
SCEN_2023_LOW_schedule_only_S1767,1767,schedule_only,4200.0,0,0.0,20,20,0,True,0.11
SCEN_2023_LOW_schedule_only_S1768,1768,schedule_only,4200.0,0,0.0,20,20,0,True,0.11
SCEN_2023_LOW_schedule_only_S1769,1769,schedule_only,4200.0,0,0.0,20,20,0,True,0.11
SCEN_2023_LOW_schedule_only_S1770,1770,schedule_only,4200.0,0,0.0,20,20,0,True,0.11
SCEN_2023_LOW_schedule_only_S1771,1771,schedule_only,4200.0,0,0.0,20,20,0,True,0.12
SCEN_2023_LOW_schedule_only_S1772,1772,schedule_only,4200.0,0,0.0,20,20,0,True,0.11
SCEN_2023_LOW_schedule_only_S1773,1773,schedule_only,4200.0,0,0.0,20,20,0,True,0.11
SCEN_2023_LOW_schedule_only_S1774,1774,schedule_only,4200.0,0,0.0,20,20,0,True,0.11
SCEN_2023_LOW_schedule_only_S1775,1775,schedule_only,4200.0,0,0.0,20,20,0,True,0.11
SCEN_2023_LOW_schedule_only_S1776,1776,schedule_only,4200.0,0,0.0,20,20,0,True,0.2
SCEN_2023_LOW_schedule_only_S1777,1777,schedule_only,4200.0,0,0.0,20,20,0,True,0.11
SCEN_2023_LOW_schedule_only_S1778,1778,schedule_only,4200.0,0,0.0,20,20,0,True,0.11
SCEN_2023_LOW_schedule_only_S1779,1779,schedule_only,4200.0,0,0.0,20,20,0,True,0.12
SCEN_2023_LOW_schedule_only_S1780,1780,schedule_only,4200.0,0,0.0,20,20,0,True,0.11
SCEN_2023_LOW_schedule_only_S1781,1781,schedule_only,4200.0,0,0.0,20,20,0,True,0.12
SCEN_2023_LOW_schedule_only_S1782,1782,schedule_only,4200.0,0,0.0,20,20,0,True,0.11
SCEN_2023_LOW_schedule_only_S1783,1783,schedule_only,4200.0,0,0.0,20,20,0,True,0.11
SCEN_2023_LOW_schedule_only_S1784,1784,schedule_only,4200.0,0,0.0,20,20,0,True,0.12
SCEN_2023_LOW_schedule_only_S1785,1785,schedule_only,4200.0,0,0.0,20,20,0,True,0.11
SCEN_2023_LOW_schedule_only_S1786,1786,schedule_only,4200.0,0,0.0,20,20,0,True,0.11
SCEN_2023_LOW_schedule_only_S1787,1787,schedule_only,4200.0,0,0.0,20,20,0,True,0.11
SCEN_2023_LOW_schedule_only_S1788,1788,schedule_only,4200.0,0,0.0,20,20,0,True,0.11
SCEN_2023_LOW_schedule_only_S1789,1789,schedule_only,4200.0,0,0.0,20,20,0,True,0.11
SCEN_2023_LOW_schedule_only_S1790,1790,schedule_only,4200.0,0,0.0,20,20,0,True,0.11
SCEN_2023_LOW_schedule_only_S1791,1791,schedule_only,4200.0,0,0.0,20,20,0,True,0.13
SCEN_2023_LOW_schedule_only_S1792,1792,schedule_only,4200.0,0,0.0,20,20,0,True,0.12
SCEN_2023_LOW_schedule_only_S1793,1793,schedule_only,4200.0,0,0.0,20,20,0,True,0.11
SCEN_2023_LOW_schedule_only_S1794,1794,schedule_only,4200.0,0,0.0,20,20,0,True,0.12
SCEN_2023_LOW_schedule_only_S1795,1795,schedule_only,4200.0,0,0.0,20,20,0,True,0.11
SCEN_2023_LOW_schedule_only_S1796,1796,schedule_only,4200.0,0,0.0,20,20,0,True,0.11
SCEN_2023_LOW_schedule_only_S1797,1797,schedule_only,4200.0,0,0.0,20,20,0,True,0.11
SCEN_2023_LOW_schedule_only_S1798,1798,schedule_only,4200.0,0,0.0,20,20,0,True,0.11
SCEN_2023_LOW_schedule_only_S1799,1799,schedule_only,4200.0,0,0.0,20,20,0,True,0.11
SCEN_2023_LOW_schedule_only_S1800,1800,schedule_only,4200.0,0,0.0,20,20,0,True,0.11
SCEN_2023_LOW_schedule_only_S1801,1801,schedule_only,4200.0,0,0.0,20,20,0,True,0.11
SCEN_2023_LOW_schedule_only_S1802,1802,schedule_only,4200.0,0,0.0,20,20,0,True,0.11
SCEN_2023_LOW_schedule_only_S1803,1803,schedule_only,4200.0,0,0.0,20,20,0,True,0.11
SCEN_2023_LOW_schedule_only_S1804,1804,schedule_only,4200.0,0,0.0,20,20,0,True,0.11
SCEN_2023_LOW_schedule_only_S1805,1805,schedule_only,4200.0,0,0.0,20,20,0,True,0.11
SCEN_2023_LOW_schedule_only_S1806,1806,schedule_only,4200.0,0,0.0,20,20,0,True,0.11
SCEN_2023_LOW_schedule_only_S1807,1807,schedule_only,4200.0,0,0.0,20,20,0,True,0.11
SCEN_2023_LOW_schedule_only_S1808,1808,schedule_only,4200.0,0,0.0,20,20,0,True,0.12
SCEN_2023_LOW_schedule_only_S1809,1809,schedule_only,4200.0,0,0.0,20,20,0,True,0.11
SCEN_2023_LOW_schedule_only_S1810,1810,schedule_only,4200.0,0,0.0,20,20,0,True,0.11
SCEN_2023_LOW_schedule_only_S1811,1811,schedule_only,4200.0,0,0.0,20,20,0,True,0.11
SCEN_2023_LOW_schedule_only_S1812,1812,schedule_only,4200.0,0,0.0,20,20,0,True,0.11
SCEN_2023_LOW_schedule_only_S1813,1813,schedule_only,4200.0,0,0.0,20,20,0,True,0.14
SCEN_2023_LOW_schedule_only_S1814,1814,schedule_only,4200.0,0,0.0,20,20,0,True,0.11
SCEN_2023_LOW_schedule_only_S1815,1815,schedule_only,4200.0,0,0.0,20,20,0,True,0.11
SCEN_2023_LOW_schedule_only_S1816,1816,schedule_only,4200.0,0,0.0,20,20,0,True,0.11
SCEN_2023_LOW_schedule_only_S1817,1817,schedule_only,4200.0,0,0.0,20,20,0,True,0.11
SCEN_2023_LOW_schedule_only_S1818,1818,schedule_only,4200.0,0,0.0,20,20,0,True,0.11
SCEN_2023_LOW_schedule_only_S1819,1819,schedule_only,4200.0,0,0.0,20,20,0,True,0.11
SCEN_2023_LOW_schedule_only_S1820,1820,schedule_only,4200.0,0,0.0,20,20,0,True,0.11
SCEN_2023_LOW_schedule_only_S1821,1821,schedule_only,4200.0,0,0.0,20,20,0,True,0.11
SCEN_2023_LOW_schedule_only_S1822,1822,schedule_only,4200.0,0,0.0,20,20,0,True,0.11
SCEN_2023_LOW_schedule_only_S1823,1823,schedule_only,4200.0,0,0.0,20,20,0,True,0.12
SCEN_2023_LOW_schedule_only_S1824,1824,schedule_only,4200.0,0,0.0,20,20,0,True,0.12
SCEN_2023_LOW_schedule_only_S1825,1825,schedule_only,4200.0,0,0.0,20,20,0,True,0.11
SCEN_2023_LOW_schedule_only_S1826,1826,schedule_only,4200.0,0,0.0,20,20,0,True,0.12
SCEN_2023_LOW_schedule_only_S1827,1827,schedule_only,4200.0,0,0.0,20,20,0,True,0.11
SCEN_2023_LOW_schedule_only_S1828,1828,schedule_only,4200.0,0,0.0,20,20,0,True,0.11
SCEN_2023_LOW_schedule_only_S1829,1829,schedule_only,4200.0,0,0.0,20,20,0,True,0.11
SCEN_2023_LOW_schedule_only_S1830,1830,schedule_only,4200.0,0,0.0,20,20,0,True,0.12
SCEN_2023_LOW_schedule_only_S1831,1831,schedule_only,4200.0,0,0.0,20,20,0,True,0.12
SCEN_2023_LOW_schedule_only_S1832,1832,schedule_only,4200.0,0,0.0,20,20,0,True,0.11
SCEN_2023_LOW_schedule_only_S1833,1833,schedule_only,4200.0,0,0.0,20,20,0,True,0.11
SCEN_2023_LOW_schedule_only_S1834,1834,schedule_only,4200.0,0,0.0,20,20,0,True,0.12
SCEN_2023_LOW_schedule_only_S1835,1835,schedule_only,4200.0,0,0.0,20,20,0,True,0.11
SCEN_2023_LOW_schedule_only_S1836,1836,schedule_only,4200.0,0,0.0,20,20,0,True,0.11
SCEN_2023_LOW_schedule_only_S1837,1837,schedule_only,4200.0,0,0.0,20,20,0,True,0.11
SCEN_2023_LOW_schedule_only_S1838,1838,schedule_only,4200.0,0,0.0,20,20,0,True,0.12
SCEN_2023_LOW_schedule_only_S1839,1839,schedule_only,4200.0,0,0.0,20,20,0,True,0.11
SCEN_2023_LOW_schedule_only_S1840,1840,schedule_only,4200.0,0,0.0,20,20,0,True,0.11
SCEN_2023_LOW_schedule_only_S1841,1841,schedule_only,4200.0,0,0.0,20,20,0,True,0.13
SCEN_2023_LOW_schedule_only_S1842,1842,schedule_only,4200.0,0,0.0,20,20,0,True,0.12
SCEN_2023_LOW_schedule_only_S1843,1843,schedule_only,4200.0,0,0.0,20,20,0,True,0.11
SCEN_2023_LOW_schedule_only_S1844,1844,schedule_only,4200.0,0,0.0,20,20,0,True,0.11
SCEN_2023_LOW_schedule_only_S1845,1845,schedule_only,4200.0,0,0.0,20,20,0,True,0.11
SCEN_2023_LOW_schedule_only_S1846,1846,schedule_only,4200.0,0,0.0,20,20,0,True,0.11
SCEN_2023_LOW_schedule_only_S1847,1847,schedule_only,4200.0,0,0.0,20,20,0,True,0.11
SCEN_2023_LOW_schedule_only_S1848,1848,schedule_only,4200.0,0,0.0,20,20,0,True,0.11
SCEN_2023_LOW_schedule_only_S1849,1849,schedule_only,4200.0,0,0.0,20,20,0,True,0.11
SCEN_2023_LOW_schedule_only_S1850,1850,schedule_only,4200.0,0,0.0,20,20,0,True,0.11
SCEN_2023_LOW_schedule_only_S1851,1851,schedule_only,4200.0,0,0.0,20,20,0,True,0.11
SCEN_2023_LOW_schedule_only_S1852,1852,schedule_only,4200.0,0,0.0,20,20,0,True,0.11
SCEN_2023_LOW_schedule_only_S1853,1853,schedule_only,4200.0,0,0.0,20,20,0,True,0.11
SCEN_2023_LOW_schedule_only_S1854,1854,schedule_only,4200.0,0,0.0,20,20,0,True,0.11
SCEN_2023_LOW_schedule_only_S1855,1855,schedule_only,4200.0,0,0.0,20,20,0,True,0.11
SCEN_2023_LOW_schedule_only_S1856,1856,schedule_only,4200.0,0,0.0,20,20,0,True,0.11
SCEN_2023_LOW_schedule_only_S1857,1857,schedule_only,4200.0,0,0.0,20,20,0,True,0.11
SCEN_2023_LOW_schedule_only_S1858,1858,schedule_only,4200.0,0,0.0,20,20,0,True,0.11
SCEN_2023_LOW_schedule_only_S1859,1859,schedule_only,4200.0,0,0.0,20,20,0,True,0.11
SCEN_2023_LOW_schedule_only_S1860,1860,schedule_only,4200.0,0,0.0,20,20,0,True,0.11
SCEN_2023_LOW_schedule_only_S1861,1861,schedule_only,4200.0,0,0.0,20,20,0,True,0.11
SCEN_2023_LOW_schedule_only_S1862,1862,schedule_only,4200.0,0,0.0,20,20,0,True,0.11
SCEN_2023_LOW_schedule_only_S1863,1863,schedule_only,4200.0,0,0.0,20,20,0,True,0.12
SCEN_2023_LOW_schedule_only_S1864,1864,schedule_only,4200.0,0,0.0,20,20,0,True,0.11
SCEN_2023_LOW_schedule_only_S1865,1865,schedule_only,4200.0,0,0.0,20,20,0,True,0.11
SCEN_2023_LOW_schedule_only_S1866,1866,schedule_only,4200.0,0,0.0,20,20,0,True,0.12
SCEN_2023_LOW_schedule_only_S1867,1867,schedule_only,4200.0,0,0.0,20,20,0,True,0.2
SCEN_2023_LOW_schedule_only_S1868,1868,schedule_only,4200.0,0,0.0,20,20,0,True,0.22
SCEN_2023_LOW_schedule_only_S1869,1869,schedule_only,4200.0,0,0.0,20,20,0,True,0.21
SCEN_2023_LOW_schedule_only_S1870,1870,schedule_only,4200.0,0,0.0,20,20,0,True,0.19
SCEN_2023_LOW_schedule_only_S1871,1871,schedule_only,4200.0,0,0.0,20,20,0,True,0.2
SCEN_2023_LOW_schedule_only_S1872,1872,schedule_only,4200.0,0,0.0,20,20,0,True,0.2
SCEN_2023_LOW_schedule_only_S1873,1873,schedule_only,4200.0,0,0.0,20,20,0,True,0.2
SCEN_2023_LOW_schedule_only_S1874,1874,schedule_only,4200.0,0,0.0,20,20,0,True,0.19
SCEN_2023_LOW_schedule_only_S1875,1875,schedule_only,4200.0,0,0.0,20,20,0,True,0.2
SCEN_2023_LOW_schedule_only_S1876,1876,schedule_only,4200.0,0,0.0,20,20,0,True,0.19
SCEN_2023_LOW_schedule_only_S1877,1877,schedule_only,4200.0,0,0.0,20,20,0,True,0.2
SCEN_2023_LOW_schedule_only_S1878,1878,schedule_only,4200.0,0,0.0,20,20,0,True,0.19
SCEN_2023_LOW_schedule_only_S1879,1879,schedule_only,4200.0,0,0.0,20,20,0,True,0.2
SCEN_2023_LOW_schedule_only_S1880,1880,schedule_only,4200.0,0,0.0,20,20,0,True,0.21
SCEN_2023_LOW_schedule_only_S1881,1881,schedule_only,4200.0,0,0.0,20,20,0,True,0.19
SCEN_2023_LOW_schedule_only_S1882,1882,schedule_only,4200.0,0,0.0,20,20,0,True,0.19
SCEN_2023_LOW_schedule_only_S1883,1883,schedule_only,4200.0,0,0.0,20,20,0,True,0.2
SCEN_2023_LOW_schedule_only_S1884,1884,schedule_only,4200.0,0,0.0,20,20,0,True,0.19
SCEN_2023_LOW_schedule_only_S1885,1885,schedule_only,4200.0,0,0.0,20,20,0,True,0.19
SCEN_2023_LOW_schedule_only_S1886,1886,schedule_only,4200.0,0,0.0,20,20,0,True,0.2
SCEN_2023_LOW_schedule_only_S1887,1887,schedule_only,4200.0,0,0.0,20,20,0,True,0.16
SCEN_2023_LOW_schedule_only_S1888,1888,schedule_only,4200.0,0,0.0,20,20,0,True,0.16
SCEN_2023_LOW_schedule_only_S1889,1889,schedule_only,4200.0,0,0.0,20,20,0,True,0.12
SCEN_2023_LOW_schedule_only_S1890,1890,schedule_only,4200.0,0,0.0,20,20,0,True,0.17
SCEN_2023_LOW_schedule_only_S1891,1891,schedule_only,4200.0,0,0.0,20,20,0,True,0.16
SCEN_2023_LOW_schedule_only_S1892,1892,schedule_only,4200.0,0,0.0,20,20,0,True,0.15
SCEN_2023_LOW_schedule_only_S1893,1893,schedule_only,4200.0,0,0.0,20,20,0,True,0.15
SCEN_2023_LOW_schedule_only_S1894,1894,schedule_only,4200.0,0,0.0,20,20,0,True,0.14
SCEN_2023_LOW_schedule_only_S1895,1895,schedule_only,4200.0,0,0.0,20,20,0,True,0.15
SCEN_2023_LOW_schedule_only_S1896,1896,schedule_only,4200.0,0,0.0,20,20,0,True,0.15
SCEN_2023_LOW_schedule_only_S1897,1897,schedule_only,4200.0,0,0.0,20,20,0,True,0.16
SCEN_2023_LOW_schedule_only_S1898,1898,schedule_only,4200.0,0,0.0,20,20,0,True,0.16
SCEN_2023_LOW_schedule_only_S1899,1899,schedule_only,4200.0,0,0.0,20,20,0,True,0.15
SCEN_2023_LOW_schedule_only_S1900,1900,schedule_only,4200.0,0,0.0,20,20,0,True,0.12
SCEN_2023_LOW_schedule_only_S1901,1901,schedule_only,4200.0,0,0.0,20,20,0,True,0.21
SCEN_2023_LOW_schedule_only_S1902,1902,schedule_only,4200.0,0,0.0,20,20,0,True,0.16
SCEN_2023_LOW_schedule_only_S1903,1903,schedule_only,4200.0,0,0.0,20,20,0,True,0.16
SCEN_2023_LOW_schedule_only_S1904,1904,schedule_only,4200.0,0,0.0,20,20,0,True,0.17
SCEN_2023_LOW_schedule_only_S1905,1905,schedule_only,4200.0,0,0.0,20,20,0,True,0.15
SCEN_2023_LOW_schedule_only_S1906,1906,schedule_only,4200.0,0,0.0,20,20,0,True,0.14
SCEN_2023_LOW_schedule_only_S1907,1907,schedule_only,4200.0,0,0.0,20,20,0,True,0.15
SCEN_2023_LOW_schedule_only_S1908,1908,schedule_only,4200.0,0,0.0,20,20,0,True,0.15
SCEN_2023_LOW_schedule_only_S1909,1909,schedule_only,4200.0,0,0.0,20,20,0,True,0.16
SCEN_2023_LOW_schedule_only_S1910,1910,schedule_only,4200.0,0,0.0,20,20,0,True,0.16
SCEN_2023_LOW_schedule_only_S1911,1911,schedule_only,4200.0,0,0.0,20,20,0,True,0.14
SCEN_2023_LOW_schedule_only_S1912,1912,schedule_only,4200.0,0,0.0,20,20,0,True,0.15
SCEN_2023_LOW_schedule_only_S1913,1913,schedule_only,4200.0,0,0.0,20,20,0,True,0.15
SCEN_2023_LOW_schedule_only_S1914,1914,schedule_only,4200.0,0,0.0,20,20,0,True,0.15
SCEN_2023_LOW_schedule_only_S1915,1915,schedule_only,4200.0,0,0.0,20,20,0,True,0.15
SCEN_2023_LOW_schedule_only_S1916,1916,schedule_only,4200.0,0,0.0,20,20,0,True,0.14
SCEN_2023_LOW_schedule_only_S1917,1917,schedule_only,4200.0,0,0.0,20,20,0,True,0.12
SCEN_2023_LOW_schedule_only_S1918,1918,schedule_only,4200.0,0,0.0,20,20,0,True,0.15
SCEN_2023_LOW_schedule_only_S1919,1919,schedule_only,4200.0,0,0.0,20,20,0,True,0.15
SCEN_2023_LOW_schedule_only_S1920,1920,schedule_only,4200.0,0,0.0,20,20,0,True,0.16
SCEN_2023_LOW_schedule_only_S1921,1921,schedule_only,4200.0,0,0.0,20,20,0,True,0.16
SCEN_2023_LOW_schedule_only_S1922,1922,schedule_only,4200.0,0,0.0,20,20,0,True,0.17
SCEN_2023_LOW_schedule_only_S1923,1923,schedule_only,4200.0,0,0.0,20,20,0,True,0.12
SCEN_2023_LOW_schedule_only_S1924,1924,schedule_only,4200.0,0,0.0,20,20,0,True,0.13
SCEN_2023_LOW_schedule_only_S1925,1925,schedule_only,4200.0,0,0.0,20,20,0,True,0.11
SCEN_2023_LOW_schedule_only_S1926,1926,schedule_only,4200.0,0,0.0,20,20,0,True,0.12
SCEN_2023_LOW_schedule_only_S1927,1927,schedule_only,4200.0,0,0.0,20,20,0,True,0.12
SCEN_2023_LOW_schedule_only_S1928,1928,schedule_only,4200.0,0,0.0,20,20,0,True,0.11
SCEN_2023_LOW_schedule_only_S1929,1929,schedule_only,4200.0,0,0.0,20,20,0,True,0.11
SCEN_2023_LOW_schedule_only_S1930,1930,schedule_only,4200.0,0,0.0,20,20,0,True,0.11
SCEN_2023_LOW_schedule_only_S1931,1931,schedule_only,4200.0,0,0.0,20,20,0,True,0.11
SCEN_2023_LOW_schedule_only_S1932,1932,schedule_only,4200.0,0,0.0,20,20,0,True,0.12
SCEN_2023_LOW_schedule_only_S1933,1933,schedule_only,4200.0,0,0.0,20,20,0,True,0.11
SCEN_2023_LOW_schedule_only_S1934,1934,schedule_only,4200.0,0,0.0,20,20,0,True,0.12
SCEN_2023_LOW_schedule_only_S1935,1935,schedule_only,4200.0,0,0.0,20,20,0,True,0.12
SCEN_2023_LOW_schedule_only_S1936,1936,schedule_only,4200.0,0,0.0,20,20,0,True,0.13
SCEN_2023_LOW_schedule_only_S1937,1937,schedule_only,4200.0,0,0.0,20,20,0,True,0.11
SCEN_2023_LOW_schedule_only_S1938,1938,schedule_only,4200.0,0,0.0,20,20,0,True,0.11
SCEN_2023_LOW_schedule_only_S1939,1939,schedule_only,4200.0,0,0.0,20,20,0,True,0.11
SCEN_2023_LOW_schedule_only_S1940,1940,schedule_only,4200.0,0,0.0,20,20,0,True,0.11
SCEN_2023_LOW_schedule_only_S1941,1941,schedule_only,4200.0,0,0.0,20,20,0,True,0.11
SCEN_2023_LOW_schedule_only_S1942,1942,schedule_only,4200.0,0,0.0,20,20,0,True,0.11
SCEN_2023_LOW_schedule_only_S1943,1943,schedule_only,4200.0,0,0.0,20,20,0,True,0.14
SCEN_2023_LOW_schedule_only_S1944,1944,schedule_only,4200.0,0,0.0,20,20,0,True,0.11
SCEN_2023_LOW_schedule_only_S1945,1945,schedule_only,4200.0,0,0.0,20,20,0,True,0.11
SCEN_2023_LOW_schedule_only_S1946,1946,schedule_only,4200.0,0,0.0,20,20,0,True,0.11
SCEN_2023_LOW_schedule_only_S1947,1947,schedule_only,4200.0,0,0.0,20,20,0,True,0.12
SCEN_2023_LOW_schedule_only_S1948,1948,schedule_only,4200.0,0,0.0,20,20,0,True,0.11
SCEN_2023_LOW_schedule_only_S1949,1949,schedule_only,4200.0,0,0.0,20,20,0,True,0.11
SCEN_2023_LOW_schedule_only_S1950,1950,schedule_only,4200.0,0,0.0,20,20,0,True,0.12
SCEN_2023_LOW_schedule_only_S1951,1951,schedule_only,4200.0,0,0.0,20,20,0,True,0.11
SCEN_2023_LOW_schedule_only_S1952,1952,schedule_only,4200.0,0,0.0,20,20,0,True,0.11
SCEN_2023_LOW_schedule_only_S1953,1953,schedule_only,4200.0,0,0.0,20,20,0,True,0.11
SCEN_2023_LOW_schedule_only_S1954,1954,schedule_only,4200.0,0,0.0,20,20,0,True,0.11
SCEN_2023_LOW_schedule_only_S1955,1955,schedule_only,4200.0,0,0.0,20,20,0,True,0.13
SCEN_2023_LOW_schedule_only_S1956,1956,schedule_only,4200.0,0,0.0,20,20,0,True,0.11
SCEN_2023_LOW_schedule_only_S1957,1957,schedule_only,4200.0,0,0.0,20,20,0,True,0.13
SCEN_2023_LOW_schedule_only_S1958,1958,schedule_only,4200.0,0,0.0,20,20,0,True,0.13
SCEN_2023_LOW_schedule_only_S1959,1959,schedule_only,4200.0,0,0.0,20,20,0,True,0.14
SCEN_2023_LOW_schedule_only_S1960,1960,schedule_only,4200.0,0,0.0,20,20,0,True,0.11
SCEN_2023_LOW_schedule_only_S1961,1961,schedule_only,4200.0,0,0.0,20,20,0,True,0.11
SCEN_2023_LOW_schedule_only_S1962,1962,schedule_only,4200.0,0,0.0,20,20,0,True,0.11
SCEN_2023_LOW_schedule_only_S1963,1963,schedule_only,4200.0,0,0.0,20,20,0,True,0.27
SCEN_2023_LOW_schedule_only_S1964,1964,schedule_only,4200.0,0,0.0,20,20,0,True,0.12
SCEN_2023_LOW_schedule_only_S1965,1965,schedule_only,4200.0,0,0.0,20,20,0,True,0.11
SCEN_2023_LOW_schedule_only_S1966,1966,schedule_only,4200.0,0,0.0,20,20,0,True,0.11
SCEN_2023_LOW_schedule_only_S1967,1967,schedule_only,4200.0,0,0.0,20,20,0,True,0.11
SCEN_2023_LOW_schedule_only_S1968,1968,schedule_only,4200.0,0,0.0,20,20,0,True,0.11
SCEN_2023_LOW_schedule_only_S1969,1969,schedule_only,4200.0,0,0.0,20,20,0,True,0.11
SCEN_2023_LOW_schedule_only_S1970,1970,schedule_only,4200.0,0,0.0,20,20,0,True,0.13
SCEN_2023_LOW_schedule_only_S1971,1971,schedule_only,4200.0,0,0.0,20,20,0,True,0.11
SCEN_2023_LOW_schedule_only_S1972,1972,schedule_only,4200.0,0,0.0,20,20,0,True,0.11
SCEN_2023_LOW_schedule_only_S1973,1973,schedule_only,4200.0,0,0.0,20,20,0,True,0.11
SCEN_2023_LOW_schedule_only_S1974,1974,schedule_only,4200.0,0,0.0,20,20,0,True,0.12
SCEN_2023_LOW_schedule_only_S1975,1975,schedule_only,4200.0,0,0.0,20,20,0,True,0.11
SCEN_2023_LOW_schedule_only_S1976,1976,schedule_only,4200.0,0,0.0,20,20,0,True,0.11
SCEN_2023_LOW_schedule_only_S1977,1977,schedule_only,4200.0,0,0.0,20,20,0,True,0.11
SCEN_2023_LOW_schedule_only_S1978,1978,schedule_only,4200.0,0,0.0,20,20,0,True,0.12
SCEN_2023_LOW_schedule_only_S1979,1979,schedule_only,4200.0,0,0.0,20,20,0,True,0.12
SCEN_2023_LOW_schedule_only_S1980,1980,schedule_only,4200.0,0,0.0,20,20,0,True,0.11
SCEN_2023_LOW_schedule_only_S1981,1981,schedule_only,4200.0,0,0.0,20,20,0,True,0.12
SCEN_2023_LOW_schedule_only_S1982,1982,schedule_only,4200.0,0,0.0,20,20,0,True,0.11
SCEN_2023_LOW_schedule_only_S1983,1983,schedule_only,4200.0,0,0.0,20,20,0,True,0.11
SCEN_2023_LOW_schedule_only_S1984,1984,schedule_only,4200.0,0,0.0,20,20,0,True,0.11
SCEN_2023_LOW_schedule_only_S1985,1985,schedule_only,4200.0,0,0.0,20,20,0,True,0.11
SCEN_2023_LOW_schedule_only_S1986,1986,schedule_only,4200.0,0,0.0,20,20,0,True,0.11
SCEN_2023_LOW_schedule_only_S1987,1987,schedule_only,4200.0,0,0.0,20,20,0,True,0.11
SCEN_2023_LOW_schedule_only_S1988,1988,schedule_only,4200.0,0,0.0,20,20,0,True,0.11
SCEN_2023_LOW_schedule_only_S1989,1989,schedule_only,4200.0,0,0.0,20,20,0,True,0.11
SCEN_2023_LOW_schedule_only_S1990,1990,schedule_only,4200.0,0,0.0,20,20,0,True,0.11
SCEN_2023_LOW_schedule_only_S1991,1991,schedule_only,4200.0,0,0.0,20,20,0,True,0.11
SCEN_2023_LOW_schedule_only_S1992,1992,schedule_only,4200.0,0,0.0,20,20,0,True,0.11
SCEN_2023_LOW_schedule_only_S1993,1993,schedule_only,4200.0,0,0.0,20,20,0,True,0.11
SCEN_2023_LOW_schedule_only_S1994,1994,schedule_only,4200.0,0,0.0,20,20,0,True,0.11
SCEN_2023_LOW_schedule_only_S1995,1995,schedule_only,4200.0,0,0.0,20,20,0,True,0.11
SCEN_2023_LOW_schedule_only_S1996,1996,schedule_only,4200.0,0,0.0,20,20,0,True,0.11
SCEN_2023_LOW_schedule_only_S1997,1997,schedule_only,4200.0,0,0.0,20,20,0,True,0.11
SCEN_2023_LOW_schedule_only_S1998,1998,schedule_only,4200.0,0,0.0,20,20,0,True,0.11
SCEN_2023_LOW_schedule_only_S1999,1999,schedule_only,4200.0,0,0.0,20,20,0,True,0.13
SCEN_2023_LOW_schedule_only_S2000,2000,schedule_only,4200.0,0,0.0,20,20,0,True,0.12
SCEN_2023_LOW_schedule_only_S2001,2001,schedule_only,4200.0,0,0.0,20,20,0,True,0.11
SCEN_2023_LOW_schedule_only_S2002,2002,schedule_only,4200.0,0,0.0,20,20,0,True,0.11
SCEN_2023_LOW_schedule_only_S2003,2003,schedule_only,4200.0,0,0.0,20,20,0,True,0.14
SCEN_2023_LOW_schedule_only_S2004,2004,schedule_only,4200.0,0,0.0,20,20,0,True,0.11
SCEN_2023_LOW_schedule_only_S2005,2005,schedule_only,4200.0,0,0.0,20,20,0,True,0.11
SCEN_2023_LOW_schedule_only_S2006,2006,schedule_only,4200.0,0,0.0,20,20,0,True,0.12
SCEN_2023_LOW_schedule_only_S2007,2007,schedule_only,4200.0,0,0.0,20,20,0,True,0.11
SCEN_2023_LOW_schedule_only_S2008,2008,schedule_only,4200.0,0,0.0,20,20,0,True,0.11
SCEN_2023_LOW_schedule_only_S2009,2009,schedule_only,4200.0,0,0.0,20,20,0,True,0.11
SCEN_2023_LOW_schedule_only_S2010,2010,schedule_only,4200.0,0,0.0,20,20,0,True,0.11
SCEN_2023_LOW_schedule_only_S2011,2011,schedule_only,4200.0,0,0.0,20,20,0,True,0.12
SCEN_2023_LOW_schedule_only_S2012,2012,schedule_only,4200.0,0,0.0,20,20,0,True,0.11
SCEN_2023_LOW_schedule_only_S2013,2013,schedule_only,4200.0,0,0.0,20,20,0,True,0.11
SCEN_2023_LOW_schedule_only_S2014,2014,schedule_only,4200.0,0,0.0,20,20,0,True,0.12
SCEN_2023_LOW_schedule_only_S2015,2015,schedule_only,4200.0,0,0.0,20,20,0,True,0.13
SCEN_2023_LOW_schedule_only_S2016,2016,schedule_only,4200.0,0,0.0,20,20,0,True,0.11
SCEN_2023_LOW_schedule_only_S2017,2017,schedule_only,4200.0,0,0.0,20,20,0,True,0.11
SCEN_2023_LOW_schedule_only_S2018,2018,schedule_only,4200.0,0,0.0,20,20,0,True,0.12
SCEN_2023_LOW_schedule_only_S2019,2019,schedule_only,4200.0,0,0.0,20,20,0,True,0.14
SCEN_2023_LOW_schedule_only_S2020,2020,schedule_only,4200.0,0,0.0,20,20,0,True,0.17
SCEN_2023_LOW_schedule_only_S2021,2021,schedule_only,4200.0,0,0.0,20,20,0,True,0.11
SCEN_2023_LOW_schedule_only_S2022,2022,schedule_only,4200.0,0,0.0,20,20,0,True,0.12
SCEN_2023_LOW_schedule_only_S2023,2023,schedule_only,4200.0,0,0.0,20,20,0,True,0.17
SCEN_2023_LOW_schedule_only_S2024,2024,schedule_only,4200.0,0,0.0,20,20,0,True,0.12
SCEN_2023_LOW_schedule_only_S2025,2025,schedule_only,4200.0,0,0.0,20,20,0,True,0.12
SCEN_2023_LOW_schedule_only_S2026,2026,schedule_only,4200.0,0,0.0,20,20,0,True,0.11
SCEN_2023_LOW_schedule_only_S2027,2027,schedule_only,4200.0,0,0.0,20,20,0,True,0.15
SCEN_2023_LOW_schedule_only_S2028,2028,schedule_only,4200.0,0,0.0,20,20,0,True,0.11
SCEN_2023_LOW_schedule_only_S2029,2029,schedule_only,4200.0,0,0.0,20,20,0,True,0.11
SCEN_2023_LOW_schedule_only_S2030,2030,schedule_only,4200.0,0,0.0,20,20,0,True,0.11
SCEN_2023_LOW_schedule_only_S2031,2031,schedule_only,4200.0,0,0.0,20,20,0,True,0.13
SCEN_2023_LOW_schedule_only_S2032,2032,schedule_only,4200.0,0,0.0,20,20,0,True,0.11
SCEN_2023_LOW_schedule_only_S2033,2033,schedule_only,4200.0,0,0.0,20,20,0,True,0.11
SCEN_2023_LOW_schedule_only_S2034,2034,schedule_only,4200.0,0,0.0,20,20,0,True,0.11
SCEN_2023_LOW_schedule_only_S2035,2035,schedule_only,4200.0,0,0.0,20,20,0,True,0.13
SCEN_2023_LOW_schedule_only_S2036,2036,schedule_only,4200.0,0,0.0,20,20,0,True,0.11
SCEN_2023_LOW_schedule_only_S2037,2037,schedule_only,4200.0,0,0.0,20,20,0,True,0.11
SCEN_2023_LOW_schedule_only_S2038,2038,schedule_only,4200.0,0,0.0,20,20,0,True,0.12
SCEN_2023_LOW_schedule_only_S2039,2039,schedule_only,4200.0,0,0.0,20,20,0,True,0.13
SCEN_2023_LOW_schedule_only_S2040,2040,schedule_only,4200.0,0,0.0,20,20,0,True,0.11
SCEN_2023_LOW_schedule_only_S2041,2041,schedule_only,4200.0,0,0.0,20,20,0,True,0.11
SCEN_2023_LOW_schedule_only_S2042,2042,schedule_only,4200.0,0,0.0,20,20,0,True,0.18
SCEN_2023_LOW_schedule_only_S2043,2043,schedule_only,4200.0,0,0.0,20,20,0,True,0.23
SCEN_2023_LOW_schedule_only_S2044,2044,schedule_only,4200.0,0,0.0,20,20,0,True,0.2
SCEN_2023_LOW_schedule_only_S2045,2045,schedule_only,4200.0,0,0.0,20,20,0,True,0.22
SCEN_2023_LOW_schedule_only_S2046,2046,schedule_only,4200.0,0,0.0,20,20,0,True,0.21
SCEN_2023_LOW_schedule_only_S2047,2047,schedule_only,4200.0,0,0.0,20,20,0,True,0.22
SCEN_2023_LOW_schedule_only_S2048,2048,schedule_only,4200.0,0,0.0,20,20,0,True,0.12
SCEN_2023_LOW_schedule_only_S2049,2049,schedule_only,4200.0,0,0.0,20,20,0,True,0.13
SCEN_2023_LOW_schedule_only_S2050,2050,schedule_only,4200.0,0,0.0,20,20,0,True,0.13
SCEN_2023_LOW_schedule_only_S2051,2051,schedule_only,4200.0,0,0.0,20,20,0,True,0.14
SCEN_2023_LOW_schedule_only_S2052,2052,schedule_only,4200.0,0,0.0,20,20,0,True,0.12
SCEN_2023_LOW_schedule_only_S2053,2053,schedule_only,4200.0,0,0.0,20,20,0,True,0.23
SCEN_2023_LOW_schedule_only_S2054,2054,schedule_only,4200.0,0,0.0,20,20,0,True,0.25
SCEN_2023_LOW_schedule_only_S2055,2055,schedule_only,4200.0,0,0.0,20,20,0,True,0.12
SCEN_2023_LOW_schedule_only_S2056,2056,schedule_only,4200.0,0,0.0,20,20,0,True,0.27
SCEN_2023_LOW_schedule_only_S2057,2057,schedule_only,4200.0,0,0.0,20,20,0,True,0.21
SCEN_2023_LOW_schedule_only_S2058,2058,schedule_only,4200.0,0,0.0,20,20,0,True,0.21
SCEN_2023_LOW_schedule_only_S2059,2059,schedule_only,4200.0,0,0.0,20,20,0,True,0.12
SCEN_2023_LOW_schedule_only_S2060,2060,schedule_only,4200.0,0,0.0,20,20,0,True,0.11
SCEN_2023_LOW_schedule_only_S2061,2061,schedule_only,4200.0,0,0.0,20,20,0,True,0.11
SCEN_2023_LOW_schedule_only_S2062,2062,schedule_only,4200.0,0,0.0,20,20,0,True,0.11
SCEN_2023_LOW_schedule_only_S2063,2063,schedule_only,4200.0,0,0.0,20,20,0,True,0.11
SCEN_2023_LOW_schedule_only_S2064,2064,schedule_only,4200.0,0,0.0,20,20,0,True,0.11
SCEN_2023_LOW_schedule_only_S2065,2065,schedule_only,4200.0,0,0.0,20,20,0,True,0.11
SCEN_2023_LOW_schedule_only_S2066,2066,schedule_only,4200.0,0,0.0,20,20,0,True,0.11
SCEN_2023_LOW_schedule_only_S2067,2067,schedule_only,4200.0,0,0.0,20,20,0,True,0.11
SCEN_2023_LOW_schedule_only_S2068,2068,schedule_only,4200.0,0,0.0,20,20,0,True,0.13
SCEN_2023_LOW_schedule_only_S2069,2069,schedule_only,4200.0,0,0.0,20,20,0,True,0.11
SCEN_2023_LOW_schedule_only_S2070,2070,schedule_only,4200.0,0,0.0,20,20,0,True,0.11
SCEN_2023_LOW_schedule_only_S2071,2071,schedule_only,4200.0,0,0.0,20,20,0,True,0.11
SCEN_2023_LOW_schedule_only_S2072,2072,schedule_only,4200.0,0,0.0,20,20,0,True,0.11
SCEN_2023_LOW_schedule_only_S2073,2073,schedule_only,4200.0,0,0.0,20,20,0,True,0.11
SCEN_2023_LOW_schedule_only_S2074,2074,schedule_only,4200.0,0,0.0,20,20,0,True,0.11
SCEN_2023_LOW_schedule_only_S2075,2075,schedule_only,4200.0,0,0.0,20,20,0,True,0.11
SCEN_2023_LOW_schedule_only_S2076,2076,schedule_only,4200.0,0,0.0,20,20,0,True,0.13
SCEN_2023_LOW_schedule_only_S2077,2077,schedule_only,4200.0,0,0.0,20,20,0,True,0.11
SCEN_2023_LOW_schedule_only_S2078,2078,schedule_only,4200.0,0,0.0,20,20,0,True,0.11
SCEN_2023_LOW_schedule_only_S2079,2079,schedule_only,4200.0,0,0.0,20,20,0,True,0.11
SCEN_2023_LOW_schedule_only_S2080,2080,schedule_only,4200.0,0,0.0,20,20,0,True,0.11
SCEN_2023_LOW_schedule_only_S2081,2081,schedule_only,4200.0,0,0.0,20,20,0,True,0.11
SCEN_2023_LOW_schedule_only_S2082,2082,schedule_only,4200.0,0,0.0,20,20,0,True,0.11
SCEN_2023_LOW_schedule_only_S2083,2083,schedule_only,4200.0,0,0.0,20,20,0,True,0.11
SCEN_2023_LOW_schedule_only_S2084,2084,schedule_only,4200.0,0,0.0,20,20,0,True,0.11
SCEN_2023_LOW_schedule_only_S2085,2085,schedule_only,4200.0,0,0.0,20,20,0,True,0.11
SCEN_2023_LOW_schedule_only_S2086,2086,schedule_only,4200.0,0,0.0,20,20,0,True,0.11
SCEN_2023_LOW_schedule_only_S2087,2087,schedule_only,4200.0,0,0.0,20,20,0,True,0.13
SCEN_2023_LOW_schedule_only_S2088,2088,schedule_only,4200.0,0,0.0,20,20,0,True,0.11
SCEN_2023_LOW_schedule_only_S2089,2089,schedule_only,4200.0,0,0.0,20,20,0,True,0.11
SCEN_2023_LOW_schedule_only_S2090,2090,schedule_only,4200.0,0,0.0,20,20,0,True,0.11
SCEN_2023_LOW_schedule_only_S2091,2091,schedule_only,4200.0,0,0.0,20,20,0,True,0.12
SCEN_2023_LOW_schedule_only_S2092,2092,schedule_only,4200.0,0,0.0,20,20,0,True,0.11
SCEN_2023_LOW_schedule_only_S2093,2093,schedule_only,4200.0,0,0.0,20,20,0,True,0.11
SCEN_2023_LOW_schedule_only_S2094,2094,schedule_only,4200.0,0,0.0,20,20,0,True,0.11
SCEN_2023_LOW_schedule_only_S2095,2095,schedule_only,4200.0,0,0.0,20,20,0,True,0.11
SCEN_2023_LOW_schedule_only_S2096,2096,schedule_only,4200.0,0,0.0,20,20,0,True,0.11
SCEN_2023_LOW_schedule_only_S2097,2097,schedule_only,4200.0,0,0.0,20,20,0,True,0.11
SCEN_2023_LOW_schedule_only_S2098,2098,schedule_only,4200.0,0,0.0,20,20,0,True,0.11
SCEN_2023_LOW_schedule_only_S2099,2099,schedule_only,4200.0,0,0.0,20,20,0,True,0.11
SCEN_2023_LOW_schedule_only_S2100,2100,schedule_only,4200.0,0,0.0,20,20,0,True,0.11
SCEN_2023_LOW_schedule_only_S2101,2101,schedule_only,4200.0,0,0.0,20,20,0,True,0.12
SCEN_2023_LOW_schedule_only_S2102,2102,schedule_only,4200.0,0,0.0,20,20,0,True,0.11
SCEN_2023_LOW_schedule_only_S2103,2103,schedule_only,4200.0,0,0.0,20,20,0,True,0.11
SCEN_2023_LOW_schedule_only_S2104,2104,schedule_only,4200.0,0,0.0,20,20,0,True,0.11
SCEN_2023_LOW_schedule_only_S2105,2105,schedule_only,4200.0,0,0.0,20,20,0,True,0.11
SCEN_2023_LOW_schedule_only_S2106,2106,schedule_only,4200.0,0,0.0,20,20,0,True,0.11
SCEN_2023_LOW_schedule_only_S2107,2107,schedule_only,4200.0,0,0.0,20,20,0,True,0.11
SCEN_2023_LOW_schedule_only_S2108,2108,schedule_only,4200.0,0,0.0,20,20,0,True,0.11
SCEN_2023_LOW_schedule_only_S2109,2109,schedule_only,4200.0,0,0.0,20,20,0,True,0.17
SCEN_2023_LOW_schedule_only_S2110,2110,schedule_only,4200.0,0,0.0,20,20,0,True,0.11
SCEN_2023_LOW_schedule_only_S2111,2111,schedule_only,4200.0,0,0.0,20,20,0,True,0.11
SCEN_2023_LOW_schedule_only_S2112,2112,schedule_only,4200.0,0,0.0,20,20,0,True,0.12
SCEN_2023_LOW_schedule_only_S2113,2113,schedule_only,4200.0,0,0.0,20,20,0,True,0.11
SCEN_2023_LOW_schedule_only_S2114,2114,schedule_only,4200.0,0,0.0,20,20,0,True,0.11
SCEN_2023_LOW_schedule_only_S2115,2115,schedule_only,4200.0,0,0.0,20,20,0,True,0.11
SCEN_2023_LOW_schedule_only_S2116,2116,schedule_only,4200.0,0,0.0,20,20,0,True,0.11
SCEN_2023_LOW_schedule_only_S2117,2117,schedule_only,4200.0,0,0.0,20,20,0,True,0.11
SCEN_2023_LOW_schedule_only_S2118,2118,schedule_only,4200.0,0,0.0,20,20,0,True,0.11
SCEN_2023_LOW_schedule_only_S2119,2119,schedule_only,4200.0,0,0.0,20,20,0,True,0.11
SCEN_2023_LOW_schedule_only_S2120,2120,schedule_only,4200.0,0,0.0,20,20,0,True,0.12
SCEN_2023_LOW_schedule_only_S2121,2121,schedule_only,4200.0,0,0.0,20,20,0,True,0.11
SCEN_2023_LOW_schedule_only_S2122,2122,schedule_only,4200.0,0,0.0,20,20,0,True,0.11
SCEN_2023_LOW_schedule_only_S2123,2123,schedule_only,4200.0,0,0.0,20,20,0,True,0.11
SCEN_2023_LOW_schedule_only_S2124,2124,schedule_only,4200.0,0,0.0,20,20,0,True,0.11
SCEN_2023_LOW_schedule_only_S2125,2125,schedule_only,4200.0,0,0.0,20,20,0,True,0.11
SCEN_2023_LOW_schedule_only_S2126,2126,schedule_only,4200.0,0,0.0,20,20,0,True,0.11
SCEN_2023_LOW_schedule_only_S2127,2127,schedule_only,4200.0,0,0.0,20,20,0,True,0.12
SCEN_2023_LOW_schedule_only_S2128,2128,schedule_only,4200.0,0,0.0,20,20,0,True,0.11
SCEN_2023_LOW_schedule_only_S2129,2129,schedule_only,4200.0,0,0.0,20,20,0,True,0.12
SCEN_2023_LOW_schedule_only_S2130,2130,schedule_only,4200.0,0,0.0,20,20,0,True,0.11
SCEN_2023_LOW_schedule_only_S2131,2131,schedule_only,4200.0,0,0.0,20,20,0,True,0.11
SCEN_2023_LOW_schedule_only_S2132,2132,schedule_only,4200.0,0,0.0,20,20,0,True,0.11
SCEN_2023_LOW_schedule_only_S2133,2133,schedule_only,4200.0,0,0.0,20,20,0,True,0.11
SCEN_2023_LOW_schedule_only_S2134,2134,schedule_only,4200.0,0,0.0,20,20,0,True,0.11
SCEN_2023_LOW_schedule_only_S2135,2135,schedule_only,4200.0,0,0.0,20,20,0,True,0.12
SCEN_2023_LOW_schedule_only_S2136,2136,schedule_only,4200.0,0,0.0,20,20,0,True,0.11
SCEN_2023_LOW_schedule_only_S2137,2137,schedule_only,4200.0,0,0.0,20,20,0,True,0.11
SCEN_2023_LOW_schedule_only_S2138,2138,schedule_only,4200.0,0,0.0,20,20,0,True,0.13
SCEN_2023_LOW_schedule_only_S2139,2139,schedule_only,4200.0,0,0.0,20,20,0,True,0.11
SCEN_2023_LOW_schedule_only_S2140,2140,schedule_only,4200.0,0,0.0,20,20,0,True,0.11
SCEN_2023_LOW_schedule_only_S2141,2141,schedule_only,4200.0,0,0.0,20,20,0,True,0.12
SCEN_2023_LOW_schedule_only_S2142,2142,schedule_only,4200.0,0,0.0,20,20,0,True,0.12
SCEN_2023_LOW_schedule_only_S2143,2143,schedule_only,4200.0,0,0.0,20,20,0,True,0.11
SCEN_2023_LOW_schedule_only_S2144,2144,schedule_only,4200.0,0,0.0,20,20,0,True,0.11
SCEN_2023_LOW_schedule_only_S2145,2145,schedule_only,4200.0,0,0.0,20,20,0,True,0.11
SCEN_2023_LOW_schedule_only_S2146,2146,schedule_only,4200.0,0,0.0,20,20,0,True,0.13
SCEN_2023_LOW_schedule_only_S2147,2147,schedule_only,4200.0,0,0.0,20,20,0,True,0.12
SCEN_2023_LOW_schedule_only_S2148,2148,schedule_only,4200.0,0,0.0,20,20,0,True,0.11
SCEN_2023_LOW_schedule_only_S2149,2149,schedule_only,4200.0,0,0.0,20,20,0,True,0.12
SCEN_2023_LOW_schedule_only_S2150,2150,schedule_only,4200.0,0,0.0,20,20,0,True,0.11
SCEN_2023_LOW_schedule_only_S2151,2151,schedule_only,4200.0,0,0.0,20,20,0,True,0.11
SCEN_2023_LOW_schedule_only_S2152,2152,schedule_only,4200.0,0,0.0,20,20,0,True,0.12
SCEN_2023_LOW_schedule_only_S2153,2153,schedule_only,4200.0,0,0.0,20,20,0,True,0.11
SCEN_2023_LOW_schedule_only_S2154,2154,schedule_only,4200.0,0,0.0,20,20,0,True,0.11
SCEN_2023_LOW_schedule_only_S2155,2155,schedule_only,4200.0,0,0.0,20,20,0,True,0.11
SCEN_2023_LOW_schedule_only_S2156,2156,schedule_only,4200.0,0,0.0,20,20,0,True,0.12
SCEN_2023_LOW_schedule_only_S2157,2157,schedule_only,4200.0,0,0.0,20,20,0,True,0.11
SCEN_2023_LOW_schedule_only_S2158,2158,schedule_only,4200.0,0,0.0,20,20,0,True,0.18
SCEN_2023_LOW_schedule_only_S2159,2159,schedule_only,4200.0,0,0.0,20,20,0,True,0.12
SCEN_2023_LOW_schedule_only_S2160,2160,schedule_only,4200.0,0,0.0,20,20,0,True,0.11
SCEN_2023_LOW_schedule_only_S2161,2161,schedule_only,4200.0,0,0.0,20,20,0,True,0.12
SCEN_2023_LOW_schedule_only_S2162,2162,schedule_only,4200.0,0,0.0,20,20,0,True,0.11
SCEN_2023_LOW_schedule_only_S2163,2163,schedule_only,4200.0,0,0.0,20,20,0,True,0.11
SCEN_2023_LOW_schedule_only_S2164,2164,schedule_only,4200.0,0,0.0,20,20,0,True,0.11
SCEN_2023_LOW_schedule_only_S2165,2165,schedule_only,4200.0,0,0.0,20,20,0,True,0.11
SCEN_2023_LOW_schedule_only_S2166,2166,schedule_only,4200.0,0,0.0,20,20,0,True,0.12
SCEN_2023_LOW_schedule_only_S2167,2167,schedule_only,4200.0,0,0.0,20,20,0,True,0.2
SCEN_2023_LOW_schedule_only_S2168,2168,schedule_only,4200.0,0,0.0,20,20,0,True,0.2
SCEN_2023_LOW_schedule_only_S2169,2169,schedule_only,4200.0,0,0.0,20,20,0,True,0.2
SCEN_2023_LOW_schedule_only_S2170,2170,schedule_only,4200.0,0,0.0,20,20,0,True,0.2
SCEN_2023_LOW_schedule_only_S2171,2171,schedule_only,4200.0,0,0.0,20,20,0,True,0.2
SCEN_2023_LOW_schedule_only_S2172,2172,schedule_only,4200.0,0,0.0,20,20,0,True,0.2
SCEN_2023_LOW_schedule_only_S2173,2173,schedule_only,4200.0,0,0.0,20,20,0,True,0.2
SCEN_2023_LOW_schedule_only_S2174,2174,schedule_only,4200.0,0,0.0,20,20,0,True,0.2
SCEN_2023_LOW_schedule_only_S2175,2175,schedule_only,4200.0,0,0.0,20,20,0,True,0.2
SCEN_2023_LOW_schedule_only_S2176,2176,schedule_only,4200.0,0,0.0,20,20,0,True,0.2
SCEN_2023_LOW_schedule_only_S2177,2177,schedule_only,4200.0,0,0.0,20,20,0,True,0.2
SCEN_2023_LOW_schedule_only_S2178,2178,schedule_only,4200.0,0,0.0,20,20,0,True,0.2
SCEN_2023_LOW_schedule_only_S2179,2179,schedule_only,4200.0,0,0.0,20,20,0,True,0.2
SCEN_2023_LOW_schedule_only_S2180,2180,schedule_only,4200.0,0,0.0,20,20,0,True,0.21
SCEN_2023_LOW_schedule_only_S2181,2181,schedule_only,4200.0,0,0.0,20,20,0,True,0.21
SCEN_2023_LOW_schedule_only_S2182,2182,schedule_only,4200.0,0,0.0,20,20,0,True,0.2
SCEN_2023_LOW_schedule_only_S2183,2183,schedule_only,4200.0,0,0.0,20,20,0,True,0.19
SCEN_2023_LOW_schedule_only_S2184,2184,schedule_only,4200.0,0,0.0,20,20,0,True,0.19
SCEN_2023_LOW_schedule_only_S2185,2185,schedule_only,4200.0,0,0.0,20,20,0,True,0.19
SCEN_2023_LOW_schedule_only_S2186,2186,schedule_only,4200.0,0,0.0,20,20,0,True,0.19
SCEN_2023_LOW_schedule_only_S2187,2187,schedule_only,4200.0,0,0.0,20,20,0,True,0.19
SCEN_2023_LOW_schedule_only_S2188,2188,schedule_only,4200.0,0,0.0,20,20,0,True,0.2
SCEN_2023_LOW_schedule_only_S2189,2189,schedule_only,4200.0,0,0.0,20,20,0,True,0.19
SCEN_2023_LOW_schedule_only_S2190,2190,schedule_only,4200.0,0,0.0,20,20,0,True,0.2
SCEN_2023_LOW_schedule_only_S2191,2191,schedule_only,4200.0,0,0.0,20,20,0,True,0.19
SCEN_2023_LOW_schedule_only_S2192,2192,schedule_only,4200.0,0,0.0,20,20,0,True,0.12
SCEN_2023_LOW_schedule_only_S2193,2193,schedule_only,4200.0,0,0.0,20,20,0,True,0.12
SCEN_2023_LOW_schedule_only_S2194,2194,schedule_only,4200.0,0,0.0,20,20,0,True,0.15
SCEN_2023_LOW_schedule_only_S2195,2195,schedule_only,4200.0,0,0.0,20,20,0,True,0.15
SCEN_2023_LOW_schedule_only_S2196,2196,schedule_only,4200.0,0,0.0,20,20,0,True,0.15
SCEN_2023_LOW_schedule_only_S2197,2197,schedule_only,4200.0,0,0.0,20,20,0,True,0.15
SCEN_2023_LOW_schedule_only_S2198,2198,schedule_only,4200.0,0,0.0,20,20,0,True,0.15
SCEN_2023_LOW_schedule_only_S2199,2199,schedule_only,4200.0,0,0.0,20,20,0,True,0.16
SCEN_2023_LOW_schedule_only_S2200,2200,schedule_only,4200.0,0,0.0,20,20,0,True,0.15
SCEN_2023_LOW_schedule_only_S2201,2201,schedule_only,4200.0,0,0.0,20,20,0,True,0.13
SCEN_2023_LOW_schedule_only_S2202,2202,schedule_only,4200.0,0,0.0,20,20,0,True,0.16
SCEN_2023_LOW_schedule_only_S2203,2203,schedule_only,4200.0,0,0.0,20,20,0,True,0.15
SCEN_2023_LOW_schedule_only_S2204,2204,schedule_only,4200.0,0,0.0,20,20,0,True,0.15
SCEN_2023_LOW_schedule_only_S2205,2205,schedule_only,4200.0,0,0.0,20,20,0,True,0.15
SCEN_2023_LOW_schedule_only_S2206,2206,schedule_only,4200.0,0,0.0,20,20,0,True,0.15
SCEN_2023_LOW_schedule_only_S2207,2207,schedule_only,4200.0,0,0.0,20,20,0,True,0.15
SCEN_2023_LOW_schedule_only_S2208,2208,schedule_only,4200.0,0,0.0,20,20,0,True,0.12
SCEN_2023_LOW_schedule_only_S2209,2209,schedule_only,4200.0,0,0.0,20,20,0,True,0.15
SCEN_2023_LOW_schedule_only_S2210,2210,schedule_only,4200.0,0,0.0,20,20,0,True,0.15
SCEN_2023_LOW_schedule_only_S2211,2211,schedule_only,4200.0,0,0.0,20,20,0,True,0.16
SCEN_2023_LOW_schedule_only_S2212,2212,schedule_only,4200.0,0,0.0,20,20,0,True,0.15
SCEN_2023_LOW_schedule_only_S2213,2213,schedule_only,4200.0,0,0.0,20,20,0,True,0.16
SCEN_2023_LOW_schedule_only_S2214,2214,schedule_only,4200.0,0,0.0,20,20,0,True,0.13
SCEN_2023_LOW_schedule_only_S2215,2215,schedule_only,4200.0,0,0.0,20,20,0,True,0.17
SCEN_2023_LOW_schedule_only_S2216,2216,schedule_only,4200.0,0,0.0,20,20,0,True,0.16
SCEN_2023_LOW_schedule_only_S2217,2217,schedule_only,4200.0,0,0.0,20,20,0,True,0.16
SCEN_2023_LOW_schedule_only_S2218,2218,schedule_only,4200.0,0,0.0,20,20,0,True,0.14
SCEN_2023_LOW_schedule_only_S2219,2219,schedule_only,4200.0,0,0.0,20,20,0,True,0.16
SCEN_2023_LOW_schedule_only_S2220,2220,schedule_only,4200.0,0,0.0,20,20,0,True,0.16
SCEN_2023_LOW_schedule_only_S2221,2221,schedule_only,4200.0,0,0.0,20,20,0,True,0.12
SCEN_2023_LOW_schedule_only_S2222,2222,schedule_only,4200.0,0,0.0,20,20,0,True,0.14
SCEN_2023_LOW_schedule_only_S2223,2223,schedule_only,4200.0,0,0.0,20,20,0,True,0.11
SCEN_2023_LOW_schedule_only_S2224,2224,schedule_only,4200.0,0,0.0,20,20,0,True,0.12
SCEN_2023_LOW_schedule_only_S2225,2225,schedule_only,4200.0,0,0.0,20,20,0,True,0.12
SCEN_2023_LOW_schedule_only_S2226,2226,schedule_only,4200.0,0,0.0,20,20,0,True,0.13
SCEN_2023_LOW_schedule_only_S2227,2227,schedule_only,4200.0,0,0.0,20,20,0,True,0.12
SCEN_2023_LOW_schedule_only_S2228,2228,schedule_only,4200.0,0,0.0,20,20,0,True,0.13
SCEN_2023_LOW_schedule_only_S2229,2229,schedule_only,4200.0,0,0.0,20,20,0,True,0.13
SCEN_2023_LOW_schedule_only_S2230,2230,schedule_only,4200.0,0,0.0,20,20,0,True,0.14
SCEN_2023_LOW_schedule_only_S2231,2231,schedule_only,4200.0,0,0.0,20,20,0,True,0.12
SCEN_2023_LOW_schedule_only_S2232,2232,schedule_only,4200.0,0,0.0,20,20,0,True,0.11
SCEN_2023_LOW_schedule_only_S2233,2233,schedule_only,4200.0,0,0.0,20,20,0,True,0.12
SCEN_2023_LOW_schedule_only_S2234,2234,schedule_only,4200.0,0,0.0,20,20,0,True,0.12
SCEN_2023_LOW_schedule_only_S2235,2235,schedule_only,4200.0,0,0.0,20,20,0,True,0.11
SCEN_2023_LOW_schedule_only_S2236,2236,schedule_only,4200.0,0,0.0,20,20,0,True,0.11
SCEN_2023_LOW_schedule_only_S2237,2237,schedule_only,4200.0,0,0.0,20,20,0,True,0.12
SCEN_2023_LOW_schedule_only_S2238,2238,schedule_only,4200.0,0,0.0,20,20,0,True,0.11
SCEN_2023_LOW_schedule_only_S2239,2239,schedule_only,4200.0,0,0.0,20,20,0,True,0.12
SCEN_2023_LOW_schedule_only_S2240,2240,schedule_only,4200.0,0,0.0,20,20,0,True,0.12
SCEN_2023_LOW_schedule_only_S2241,2241,schedule_only,4200.0,0,0.0,20,20,0,True,0.15
SCEN_2023_LOW_schedule_only_S2242,2242,schedule_only,4200.0,0,0.0,20,20,0,True,0.15
SCEN_2023_LOW_schedule_only_S2243,2243,schedule_only,4200.0,0,0.0,20,20,0,True,0.13
SCEN_2023_LOW_schedule_only_S2244,2244,schedule_only,4200.0,0,0.0,20,20,0,True,0.12
SCEN_2023_LOW_schedule_only_S2245,2245,schedule_only,4200.0,0,0.0,20,20,0,True,0.13
SCEN_2023_LOW_schedule_only_S2246,2246,schedule_only,4200.0,0,0.0,20,20,0,True,0.12
SCEN_2023_LOW_schedule_only_S2247,2247,schedule_only,4200.0,0,0.0,20,20,0,True,0.12
SCEN_2023_LOW_schedule_only_S2248,2248,schedule_only,4200.0,0,0.0,20,20,0,True,0.12
SCEN_2023_LOW_schedule_only_S2249,2249,schedule_only,4200.0,0,0.0,20,20,0,True,0.12
SCEN_2023_LOW_schedule_only_S2250,2250,schedule_only,4200.0,0,0.0,20,20,0,True,0.12
SCEN_2023_LOW_schedule_only_S2251,2251,schedule_only,4200.0,0,0.0,20,20,0,True,0.13
SCEN_2023_LOW_schedule_only_S2252,2252,schedule_only,4200.0,0,0.0,20,20,0,True,0.11
SCEN_2023_LOW_schedule_only_S2253,2253,schedule_only,4200.0,0,0.0,20,20,0,True,0.11
SCEN_2023_LOW_schedule_only_S2254,2254,schedule_only,4200.0,0,0.0,20,20,0,True,0.11
SCEN_2023_LOW_schedule_only_S2255,2255,schedule_only,4200.0,0,0.0,20,20,0,True,0.11
SCEN_2023_LOW_schedule_only_S2256,2256,schedule_only,4200.0,0,0.0,20,20,0,True,0.11
SCEN_2023_LOW_schedule_only_S2257,2257,schedule_only,4200.0,0,0.0,20,20,0,True,0.12
SCEN_2023_LOW_schedule_only_S2258,2258,schedule_only,4200.0,0,0.0,20,20,0,True,0.11
SCEN_2023_LOW_schedule_only_S2259,2259,schedule_only,4200.0,0,0.0,20,20,0,True,0.12
SCEN_2023_LOW_schedule_only_S2260,2260,schedule_only,4200.0,0,0.0,20,20,0,True,0.11
SCEN_2023_LOW_schedule_only_S2261,2261,schedule_only,4200.0,0,0.0,20,20,0,True,0.11
SCEN_2023_LOW_schedule_only_S2262,2262,schedule_only,4200.0,0,0.0,20,20,0,True,0.11
SCEN_2023_LOW_schedule_only_S2263,2263,schedule_only,4200.0,0,0.0,20,20,0,True,0.11
SCEN_2023_LOW_schedule_only_S2264,2264,schedule_only,4200.0,0,0.0,20,20,0,True,0.11
SCEN_2023_LOW_schedule_only_S2265,2265,schedule_only,4200.0,0,0.0,20,20,0,True,0.11
SCEN_2023_LOW_schedule_only_S2266,2266,schedule_only,4200.0,0,0.0,20,20,0,True,0.11
SCEN_2023_LOW_schedule_only_S2267,2267,schedule_only,4200.0,0,0.0,20,20,0,True,0.2
SCEN_2023_LOW_schedule_only_S2268,2268,schedule_only,4200.0,0,0.0,20,20,0,True,0.11
SCEN_2023_LOW_schedule_only_S2269,2269,schedule_only,4200.0,0,0.0,20,20,0,True,0.11
SCEN_2023_LOW_schedule_only_S2270,2270,schedule_only,4200.0,0,0.0,20,20,0,True,0.11
SCEN_2023_LOW_schedule_only_S2271,2271,schedule_only,4200.0,0,0.0,20,20,0,True,0.12
SCEN_2023_LOW_schedule_only_S2272,2272,schedule_only,4200.0,0,0.0,20,20,0,True,0.11
SCEN_2023_LOW_schedule_only_S2273,2273,schedule_only,4200.0,0,0.0,20,20,0,True,0.11
SCEN_2023_LOW_schedule_only_S2274,2274,schedule_only,4200.0,0,0.0,20,20,0,True,0.11
SCEN_2023_LOW_schedule_only_S2275,2275,schedule_only,4200.0,0,0.0,20,20,0,True,0.17
SCEN_2023_LOW_schedule_only_S2276,2276,schedule_only,4200.0,0,0.0,20,20,0,True,0.11
SCEN_2023_LOW_schedule_only_S2277,2277,schedule_only,4200.0,0,0.0,20,20,0,True,0.11
SCEN_2023_LOW_schedule_only_S2278,2278,schedule_only,4200.0,0,0.0,20,20,0,True,0.11
SCEN_2023_LOW_schedule_only_S2279,2279,schedule_only,4200.0,0,0.0,20,20,0,True,0.11
SCEN_2023_LOW_schedule_only_S2280,2280,schedule_only,4200.0,0,0.0,20,20,0,True,0.11
SCEN_2023_LOW_schedule_only_S2281,2281,schedule_only,4200.0,0,0.0,20,20,0,True,0.11
SCEN_2023_LOW_schedule_only_S2282,2282,schedule_only,4200.0,0,0.0,20,20,0,True,0.15
SCEN_2023_LOW_schedule_only_S2283,2283,schedule_only,4200.0,0,0.0,20,20,0,True,0.18
SCEN_2023_LOW_schedule_only_S2284,2284,schedule_only,4200.0,0,0.0,20,20,0,True,0.12
SCEN_2023_LOW_schedule_only_S2285,2285,schedule_only,4200.0,0,0.0,20,20,0,True,0.11
SCEN_2023_LOW_schedule_only_S2286,2286,schedule_only,4200.0,0,0.0,20,20,0,True,0.11
SCEN_2023_LOW_schedule_only_S2287,2287,schedule_only,4200.0,0,0.0,20,20,0,True,0.18
SCEN_2023_LOW_schedule_only_S2288,2288,schedule_only,4200.0,0,0.0,20,20,0,True,0.11
SCEN_2023_LOW_schedule_only_S2289,2289,schedule_only,4200.0,0,0.0,20,20,0,True,0.11
SCEN_2023_LOW_schedule_only_S2290,2290,schedule_only,4200.0,0,0.0,20,20,0,True,0.11
SCEN_2023_LOW_schedule_only_S2291,2291,schedule_only,4200.0,0,0.0,20,20,0,True,0.11
SCEN_2023_LOW_schedule_only_S2292,2292,schedule_only,4200.0,0,0.0,20,20,0,True,0.11
SCEN_2023_LOW_schedule_only_S2293,2293,schedule_only,4200.0,0,0.0,20,20,0,True,0.11
SCEN_2023_LOW_schedule_only_S2294,2294,schedule_only,4200.0,0,0.0,20,20,0,True,0.11
SCEN_2023_LOW_schedule_only_S2295,2295,schedule_only,4200.0,0,0.0,20,20,0,True,0.12
SCEN_2023_LOW_schedule_only_S2296,2296,schedule_only,4200.0,0,0.0,20,20,0,True,0.11
SCEN_2023_LOW_schedule_only_S2297,2297,schedule_only,4200.0,0,0.0,20,20,0,True,0.11
SCEN_2023_LOW_schedule_only_S2298,2298,schedule_only,4200.0,0,0.0,20,20,0,True,0.11
SCEN_2023_LOW_schedule_only_S2299,2299,schedule_only,4200.0,0,0.0,20,20,0,True,0.11
SCEN_2023_LOW_schedule_only_S2300,2300,schedule_only,4200.0,0,0.0,20,20,0,True,0.11
SCEN_2023_LOW_schedule_only_S2301,2301,schedule_only,4200.0,0,0.0,20,20,0,True,0.13
SCEN_2023_LOW_schedule_only_S2302,2302,schedule_only,4200.0,0,0.0,20,20,0,True,0.11
SCEN_2023_LOW_schedule_only_S2303,2303,schedule_only,4200.0,0,0.0,20,20,0,True,0.11
SCEN_2023_LOW_schedule_only_S2304,2304,schedule_only,4200.0,0,0.0,20,20,0,True,0.11
SCEN_2023_LOW_schedule_only_S2305,2305,schedule_only,4200.0,0,0.0,20,20,0,True,0.11
SCEN_2023_LOW_schedule_only_S2306,2306,schedule_only,4200.0,0,0.0,20,20,0,True,0.11
SCEN_2023_LOW_schedule_only_S2307,2307,schedule_only,4200.0,0,0.0,20,20,0,True,0.11
SCEN_2023_LOW_schedule_only_S2308,2308,schedule_only,4200.0,0,0.0,20,20,0,True,0.11
SCEN_2023_LOW_schedule_only_S2309,2309,schedule_only,4200.0,0,0.0,20,20,0,True,0.11
SCEN_2023_LOW_schedule_only_S2310,2310,schedule_only,4200.0,0,0.0,20,20,0,True,0.13
SCEN_2023_LOW_schedule_only_S2311,2311,schedule_only,4200.0,0,0.0,20,20,0,True,0.11
SCEN_2023_LOW_schedule_only_S2312,2312,schedule_only,4200.0,0,0.0,20,20,0,True,0.11
SCEN_2023_LOW_schedule_only_S2313,2313,schedule_only,4200.0,0,0.0,20,20,0,True,0.11
SCEN_2023_LOW_schedule_only_S2314,2314,schedule_only,4200.0,0,0.0,20,20,0,True,0.11
SCEN_2023_LOW_schedule_only_S2315,2315,schedule_only,4200.0,0,0.0,20,20,0,True,0.11
SCEN_2023_LOW_schedule_only_S2316,2316,schedule_only,4200.0,0,0.0,20,20,0,True,0.11
SCEN_2023_LOW_schedule_only_S2317,2317,schedule_only,4200.0,0,0.0,20,20,0,True,0.11
SCEN_2023_LOW_schedule_only_S2318,2318,schedule_only,4200.0,0,0.0,20,20,0,True,0.13
SCEN_2023_LOW_schedule_only_S2319,2319,schedule_only,4200.0,0,0.0,20,20,0,True,0.11
SCEN_2023_LOW_schedule_only_S2320,2320,schedule_only,4200.0,0,0.0,20,20,0,True,0.11
SCEN_2023_LOW_schedule_only_S2321,2321,schedule_only,4200.0,0,0.0,20,20,0,True,0.11
SCEN_2023_LOW_schedule_only_S2322,2322,schedule_only,4200.0,0,0.0,20,20,0,True,0.11
SCEN_2023_LOW_schedule_only_S2323,2323,schedule_only,4200.0,0,0.0,20,20,0,True,0.11
SCEN_2023_LOW_schedule_only_S2324,2324,schedule_only,4200.0,0,0.0,20,20,0,True,0.11
SCEN_2023_LOW_schedule_only_S2325,2325,schedule_only,4200.0,0,0.0,20,20,0,True,0.11
SCEN_2023_LOW_schedule_only_S2326,2326,schedule_only,4200.0,0,0.0,20,20,0,True,0.11
SCEN_2023_LOW_schedule_only_S2327,2327,schedule_only,4200.0,0,0.0,20,20,0,True,0.12
SCEN_2023_LOW_schedule_only_S2328,2328,schedule_only,4200.0,0,0.0,20,20,0,True,0.11
SCEN_2023_LOW_schedule_only_S2329,2329,schedule_only,4200.0,0,0.0,20,20,0,True,0.11
SCEN_2023_LOW_schedule_only_S2330,2330,schedule_only,4200.0,0,0.0,20,20,0,True,0.12
SCEN_2023_LOW_schedule_only_S2331,2331,schedule_only,4200.0,0,0.0,20,20,0,True,0.12
SCEN_2023_LOW_schedule_only_S2332,2332,schedule_only,4200.0,0,0.0,20,20,0,True,0.11
SCEN_2023_LOW_schedule_only_S2333,2333,schedule_only,4200.0,0,0.0,20,20,0,True,0.11
SCEN_2023_LOW_schedule_only_S2334,2334,schedule_only,4200.0,0,0.0,20,20,0,True,0.14
SCEN_2023_LOW_schedule_only_S2335,2335,schedule_only,4200.0,0,0.0,20,20,0,True,0.19
SCEN_2023_LOW_schedule_only_S2336,2336,schedule_only,4200.0,0,0.0,20,20,0,True,0.18
SCEN_2023_LOW_schedule_only_S2337,2337,schedule_only,4200.0,0,0.0,20,20,0,True,0.15
SCEN_2023_LOW_schedule_only_S2338,2338,schedule_only,4200.0,0,0.0,20,20,0,True,0.2
SCEN_2023_LOW_schedule_only_S2339,2339,schedule_only,4200.0,0,0.0,20,20,0,True,0.13
SCEN_2023_LOW_schedule_only_S2340,2340,schedule_only,4200.0,0,0.0,20,20,0,True,0.15
SCEN_2023_LOW_schedule_only_S2341,2341,schedule_only,4200.0,0,0.0,20,20,0,True,0.13
SCEN_2023_LOW_schedule_only_S2342,2342,schedule_only,4200.0,0,0.0,20,20,0,True,0.15
SCEN_2023_LOW_schedule_only_S2343,2343,schedule_only,4200.0,0,0.0,20,20,0,True,0.18
SCEN_2023_LOW_schedule_only_S2344,2344,schedule_only,4200.0,0,0.0,20,20,0,True,0.16
SCEN_2023_LOW_schedule_only_S2345,2345,schedule_only,4200.0,0,0.0,20,20,0,True,0.13
SCEN_2023_LOW_schedule_only_S2346,2346,schedule_only,4200.0,0,0.0,20,20,0,True,0.12
SCEN_2023_LOW_schedule_only_S2347,2347,schedule_only,4200.0,0,0.0,20,20,0,True,0.22
SCEN_2023_LOW_schedule_only_S2348,2348,schedule_only,4200.0,0,0.0,20,20,0,True,0.16
SCEN_2023_LOW_schedule_only_S2349,2349,schedule_only,4200.0,0,0.0,20,20,0,True,0.17
SCEN_2023_LOW_schedule_only_S2350,2350,schedule_only,4200.0,0,0.0,20,20,0,True,0.19
SCEN_2023_LOW_schedule_only_S2351,2351,schedule_only,4200.0,0,0.0,20,20,0,True,0.12
SCEN_2023_LOW_schedule_only_S2352,2352,schedule_only,4200.0,0,0.0,20,20,0,True,0.22
SCEN_2023_LOW_schedule_only_S2353,2353,schedule_only,4200.0,0,0.0,20,20,0,True,0.28
SCEN_2023_LOW_schedule_only_S2354,2354,schedule_only,4200.0,0,0.0,20,20,0,True,0.15
SCEN_2023_LOW_schedule_only_S2355,2355,schedule_only,4200.0,0,0.0,20,20,0,True,0.26
SCEN_2023_LOW_schedule_only_S2356,2356,schedule_only,4200.0,0,0.0,20,20,0,True,0.19
SCEN_2023_LOW_schedule_only_S2357,2357,schedule_only,4200.0,0,0.0,20,20,0,True,0.15
SCEN_2023_LOW_schedule_only_S2358,2358,schedule_only,4200.0,0,0.0,20,20,0,True,0.12
SCEN_2023_LOW_schedule_only_S2359,2359,schedule_only,4200.0,0,0.0,20,20,0,True,0.12
SCEN_2023_LOW_schedule_only_S2360,2360,schedule_only,4200.0,0,0.0,20,20,0,True,0.15
SCEN_2023_LOW_schedule_only_S2361,2361,schedule_only,4200.0,0,0.0,20,20,0,True,0.16
SCEN_2023_LOW_schedule_only_S2362,2362,schedule_only,4200.0,0,0.0,20,20,0,True,0.11
SCEN_2023_LOW_schedule_only_S2363,2363,schedule_only,4200.0,0,0.0,20,20,0,True,0.12
SCEN_2023_LOW_schedule_only_S2364,2364,schedule_only,4200.0,0,0.0,20,20,0,True,0.11
SCEN_2023_LOW_schedule_only_S2365,2365,schedule_only,4200.0,0,0.0,20,20,0,True,0.12
SCEN_2023_LOW_schedule_only_S2366,2366,schedule_only,4200.0,0,0.0,20,20,0,True,0.11
SCEN_2023_LOW_schedule_only_S2367,2367,schedule_only,4200.0,0,0.0,20,20,0,True,0.12
SCEN_2023_LOW_schedule_only_S2368,2368,schedule_only,4200.0,0,0.0,20,20,0,True,0.11
SCEN_2023_LOW_schedule_only_S2369,2369,schedule_only,4200.0,0,0.0,20,20,0,True,0.12
SCEN_2023_LOW_schedule_only_S2370,2370,schedule_only,4200.0,0,0.0,20,20,0,True,0.11
SCEN_2023_LOW_schedule_only_S2371,2371,schedule_only,4200.0,0,0.0,20,20,0,True,0.11
SCEN_2023_LOW_schedule_only_S2372,2372,schedule_only,4200.0,0,0.0,20,20,0,True,0.11
SCEN_2023_LOW_schedule_only_S2373,2373,schedule_only,4200.0,0,0.0,20,20,0,True,0.11
SCEN_2023_LOW_schedule_only_S2374,2374,schedule_only,4200.0,0,0.0,20,20,0,True,0.11
SCEN_2023_LOW_schedule_only_S2375,2375,schedule_only,4200.0,0,0.0,20,20,0,True,0.17
SCEN_2023_LOW_schedule_only_S2376,2376,schedule_only,4200.0,0,0.0,20,20,0,True,0.17
SCEN_2023_LOW_schedule_only_S2377,2377,schedule_only,4200.0,0,0.0,20,20,0,True,0.19
SCEN_2023_LOW_schedule_only_S2378,2378,schedule_only,4200.0,0,0.0,20,20,0,True,0.21
SCEN_2023_LOW_schedule_only_S2379,2379,schedule_only,4200.0,0,0.0,20,20,0,True,0.21
SCEN_2023_LOW_schedule_only_S2380,2380,schedule_only,4200.0,0,0.0,20,20,0,True,0.19
SCEN_2023_LOW_schedule_only_S2381,2381,schedule_only,4200.0,0,0.0,20,20,0,True,0.19
SCEN_2023_LOW_schedule_only_S2382,2382,schedule_only,4200.0,0,0.0,20,20,0,True,0.19
SCEN_2023_LOW_schedule_only_S2383,2383,schedule_only,4200.0,0,0.0,20,20,0,True,0.2
SCEN_2023_LOW_schedule_only_S2384,2384,schedule_only,4200.0,0,0.0,20,20,0,True,0.19
SCEN_2023_LOW_schedule_only_S2385,2385,schedule_only,4200.0,0,0.0,20,20,0,True,0.2
SCEN_2023_LOW_schedule_only_S2386,2386,schedule_only,4200.0,0,0.0,20,20,0,True,0.21
SCEN_2023_LOW_schedule_only_S2387,2387,schedule_only,4200.0,0,0.0,20,20,0,True,0.2
SCEN_2023_LOW_schedule_only_S2388,2388,schedule_only,4200.0,0,0.0,20,20,0,True,0.24
SCEN_2023_LOW_schedule_only_S2389,2389,schedule_only,4200.0,0,0.0,20,20,0,True,0.19
SCEN_2023_LOW_schedule_only_S2390,2390,schedule_only,4200.0,0,0.0,20,20,0,True,0.2
SCEN_2023_LOW_schedule_only_S2391,2391,schedule_only,4200.0,0,0.0,20,20,0,True,0.21
SCEN_2023_LOW_schedule_only_S2392,2392,schedule_only,4200.0,0,0.0,20,20,0,True,0.18
SCEN_2023_LOW_schedule_only_S2393,2393,schedule_only,4200.0,0,0.0,20,20,0,True,0.18
SCEN_2023_LOW_schedule_only_S2394,2394,schedule_only,4200.0,0,0.0,20,20,0,True,0.2
SCEN_2023_LOW_schedule_only_S2395,2395,schedule_only,4200.0,0,0.0,20,20,0,True,0.24
SCEN_2023_LOW_schedule_only_S2396,2396,schedule_only,4200.0,0,0.0,20,20,0,True,0.2
SCEN_2023_LOW_schedule_only_S2397,2397,schedule_only,4200.0,0,0.0,20,20,0,True,0.22
SCEN_2023_LOW_schedule_only_S2398,2398,schedule_only,4200.0,0,0.0,20,20,0,True,0.2
SCEN_2023_LOW_schedule_only_S2399,2399,schedule_only,4200.0,0,0.0,20,20,0,True,0.23
SCEN_2023_LOW_schedule_only_S2400,2400,schedule_only,4200.0,0,0.0,20,20,0,True,0.2
SCEN_2023_LOW_schedule_only_S2401,2401,schedule_only,4200.0,0,0.0,20,20,0,True,0.21
SCEN_2023_LOW_schedule_only_S2402,2402,schedule_only,4200.0,0,0.0,20,20,0,True,0.22
SCEN_2023_LOW_schedule_only_S2403,2403,schedule_only,4200.0,0,0.0,20,20,0,True,0.2
SCEN_2023_LOW_schedule_only_S2404,2404,schedule_only,4200.0,0,0.0,20,20,0,True,0.24
SCEN_2023_LOW_schedule_only_S2405,2405,schedule_only,4200.0,0,0.0,20,20,0,True,0.22
SCEN_2023_LOW_schedule_only_S2406,2406,schedule_only,4200.0,0,0.0,20,20,0,True,0.2
SCEN_2023_LOW_schedule_only_S2407,2407,schedule_only,4200.0,0,0.0,20,20,0,True,0.19
SCEN_2023_LOW_schedule_only_S2408,2408,schedule_only,4200.0,0,0.0,20,20,0,True,0.2
SCEN_2023_LOW_schedule_only_S2409,2409,schedule_only,4200.0,0,0.0,20,20,0,True,0.13
SCEN_2023_LOW_schedule_only_S2410,2410,schedule_only,4200.0,0,0.0,20,20,0,True,0.13
SCEN_2023_LOW_schedule_only_S2411,2411,schedule_only,4200.0,0,0.0,20,20,0,True,0.11
SCEN_2023_LOW_schedule_only_S2412,2412,schedule_only,4200.0,0,0.0,20,20,0,True,0.11
SCEN_2023_LOW_schedule_only_S2413,2413,schedule_only,4200.0,0,0.0,20,20,0,True,0.12
SCEN_2023_LOW_schedule_only_S2414,2414,schedule_only,4200.0,0,0.0,20,20,0,True,0.11
SCEN_2023_LOW_schedule_only_S2415,2415,schedule_only,4200.0,0,0.0,20,20,0,True,0.11
SCEN_2023_LOW_schedule_only_S2416,2416,schedule_only,4200.0,0,0.0,20,20,0,True,0.11
SCEN_2023_LOW_schedule_only_S2417,2417,schedule_only,4200.0,0,0.0,20,20,0,True,0.11
SCEN_2023_LOW_schedule_only_S2418,2418,schedule_only,4200.0,0,0.0,20,20,0,True,0.12
SCEN_2023_LOW_schedule_only_S2419,2419,schedule_only,4200.0,0,0.0,20,20,0,True,0.11
SCEN_2023_LOW_schedule_only_S2420,2420,schedule_only,4200.0,0,0.0,20,20,0,True,0.11
SCEN_2023_LOW_schedule_only_S2421,2421,schedule_only,4200.0,0,0.0,20,20,0,True,0.18
SCEN_2023_LOW_schedule_only_S2422,2422,schedule_only,4200.0,0,0.0,20,20,0,True,0.11
SCEN_2023_LOW_schedule_only_S2423,2423,schedule_only,4200.0,0,0.0,20,20,0,True,0.11
SCEN_2023_LOW_schedule_only_S2424,2424,schedule_only,4200.0,0,0.0,20,20,0,True,0.11
SCEN_2023_LOW_schedule_only_S2425,2425,schedule_only,4200.0,0,0.0,20,20,0,True,0.11
SCEN_2023_LOW_schedule_only_S2426,2426,schedule_only,4200.0,0,0.0,20,20,0,True,0.11
SCEN_2023_LOW_schedule_only_S2427,2427,schedule_only,4200.0,0,0.0,20,20,0,True,0.11
SCEN_2023_LOW_schedule_only_S2428,2428,schedule_only,4200.0,0,0.0,20,20,0,True,0.11
SCEN_2023_LOW_schedule_only_S2429,2429,schedule_only,4200.0,0,0.0,20,20,0,True,0.11
SCEN_2023_LOW_schedule_only_S2430,2430,schedule_only,4200.0,0,0.0,20,20,0,True,0.11
SCEN_2023_LOW_schedule_only_S2431,2431,schedule_only,4200.0,0,0.0,20,20,0,True,0.11
SCEN_2023_LOW_schedule_only_S2432,2432,schedule_only,4200.0,0,0.0,20,20,0,True,0.11
SCEN_2023_LOW_schedule_only_S2433,2433,schedule_only,4200.0,0,0.0,20,20,0,True,0.11
SCEN_2023_LOW_schedule_only_S2434,2434,schedule_only,4200.0,0,0.0,20,20,0,True,0.11
SCEN_2023_LOW_schedule_only_S2435,2435,schedule_only,4200.0,0,0.0,20,20,0,True,0.11
SCEN_2023_LOW_schedule_only_S2436,2436,schedule_only,4200.0,0,0.0,20,20,0,True,0.11
SCEN_2023_LOW_schedule_only_S2437,2437,schedule_only,4200.0,0,0.0,20,20,0,True,0.11
SCEN_2023_LOW_schedule_only_S2438,2438,schedule_only,4200.0,0,0.0,20,20,0,True,0.11
SCEN_2023_LOW_schedule_only_S2439,2439,schedule_only,4200.0,0,0.0,20,20,0,True,0.11
SCEN_2023_LOW_schedule_only_S2440,2440,schedule_only,4200.0,0,0.0,20,20,0,True,0.11
SCEN_2023_LOW_schedule_only_S2441,2441,schedule_only,4200.0,0,0.0,20,20,0,True,0.13
SCEN_2023_LOW_schedule_only_S2442,2442,schedule_only,4200.0,0,0.0,20,20,0,True,0.11
SCEN_2023_LOW_schedule_only_S2443,2443,schedule_only,4200.0,0,0.0,20,20,0,True,0.11
SCEN_2023_LOW_schedule_only_S2444,2444,schedule_only,4200.0,0,0.0,20,20,0,True,0.11
SCEN_2023_LOW_schedule_only_S2445,2445,schedule_only,4200.0,0,0.0,20,20,0,True,0.11
SCEN_2023_LOW_schedule_only_S2446,2446,schedule_only,4200.0,0,0.0,20,20,0,True,0.11
SCEN_2023_LOW_schedule_only_S2447,2447,schedule_only,4200.0,0,0.0,20,20,0,True,0.11
SCEN_2023_LOW_schedule_only_S2448,2448,schedule_only,4200.0,0,0.0,20,20,0,True,0.11
SCEN_2023_LOW_schedule_only_S2449,2449,schedule_only,4200.0,0,0.0,20,20,0,True,0.11
SCEN_2023_LOW_schedule_only_S2450,2450,schedule_only,4200.0,0,0.0,20,20,0,True,0.11
SCEN_2023_LOW_schedule_only_S2451,2451,schedule_only,4200.0,0,0.0,20,20,0,True,0.11
SCEN_2023_LOW_schedule_only_S2452,2452,schedule_only,4200.0,0,0.0,20,20,0,True,0.11
SCEN_2023_LOW_schedule_only_S2453,2453,schedule_only,4200.0,0,0.0,20,20,0,True,0.11
SCEN_2023_LOW_schedule_only_S2454,2454,schedule_only,4200.0,0,0.0,20,20,0,True,0.11
SCEN_2023_LOW_schedule_only_S2455,2455,schedule_only,4200.0,0,0.0,20,20,0,True,0.12
SCEN_2023_LOW_schedule_only_S2456,2456,schedule_only,4200.0,0,0.0,20,20,0,True,0.11
SCEN_2023_LOW_schedule_only_S2457,2457,schedule_only,4200.0,0,0.0,20,20,0,True,0.11
SCEN_2023_LOW_schedule_only_S2458,2458,schedule_only,4200.0,0,0.0,20,20,0,True,0.11
SCEN_2023_LOW_schedule_only_S2459,2459,schedule_only,4200.0,0,0.0,20,20,0,True,0.11
SCEN_2023_LOW_schedule_only_S2460,2460,schedule_only,4200.0,0,0.0,20,20,0,True,0.11
SCEN_2023_LOW_schedule_only_S2461,2461,schedule_only,4200.0,0,0.0,20,20,0,True,0.11
SCEN_2023_LOW_schedule_only_S2462,2462,schedule_only,4200.0,0,0.0,20,20,0,True,0.11
SCEN_2023_LOW_schedule_only_S2463,2463,schedule_only,4200.0,0,0.0,20,20,0,True,0.11
SCEN_2023_LOW_schedule_only_S2464,2464,schedule_only,4200.0,0,0.0,20,20,0,True,0.11
SCEN_2023_LOW_schedule_only_S2465,2465,schedule_only,4200.0,0,0.0,20,20,0,True,0.11
SCEN_2023_LOW_schedule_only_S2466,2466,schedule_only,4200.0,0,0.0,20,20,0,True,0.19
SCEN_2023_LOW_schedule_only_S2467,2467,schedule_only,4200.0,0,0.0,20,20,0,True,0.2
SCEN_2023_LOW_schedule_only_S2468,2468,schedule_only,4200.0,0,0.0,20,20,0,True,0.2
SCEN_2023_LOW_schedule_only_S2469,2469,schedule_only,4200.0,0,0.0,20,20,0,True,0.19
SCEN_2023_LOW_schedule_only_S2470,2470,schedule_only,4200.0,0,0.0,20,20,0,True,0.19
SCEN_2023_LOW_schedule_only_S2471,2471,schedule_only,4200.0,0,0.0,20,20,0,True,0.19
SCEN_2023_LOW_schedule_only_S2472,2472,schedule_only,4200.0,0,0.0,20,20,0,True,0.19
SCEN_2023_LOW_schedule_only_S2473,2473,schedule_only,4200.0,0,0.0,20,20,0,True,0.19
SCEN_2023_LOW_schedule_only_S2474,2474,schedule_only,4200.0,0,0.0,20,20,0,True,0.17
SCEN_2023_LOW_schedule_only_S2475,2475,schedule_only,4200.0,0,0.0,20,20,0,True,0.19
SCEN_2023_LOW_schedule_only_S2476,2476,schedule_only,4200.0,0,0.0,20,20,0,True,0.18
SCEN_2023_LOW_schedule_only_S2477,2477,schedule_only,4200.0,0,0.0,20,20,0,True,0.19
SCEN_2023_LOW_schedule_only_S2478,2478,schedule_only,4200.0,0,0.0,20,20,0,True,0.19
SCEN_2023_LOW_schedule_only_S2479,2479,schedule_only,4200.0,0,0.0,20,20,0,True,0.19
SCEN_2023_LOW_schedule_only_S2480,2480,schedule_only,4200.0,0,0.0,20,20,0,True,0.19
SCEN_2023_LOW_schedule_only_S2481,2481,schedule_only,4200.0,0,0.0,20,20,0,True,0.24
SCEN_2023_LOW_schedule_only_S2482,2482,schedule_only,4200.0,0,0.0,20,20,0,True,0.2
SCEN_2023_LOW_schedule_only_S2483,2483,schedule_only,4200.0,0,0.0,20,20,0,True,0.19
SCEN_2023_LOW_schedule_only_S2484,2484,schedule_only,4200.0,0,0.0,20,20,0,True,0.2
SCEN_2023_LOW_schedule_only_S2485,2485,schedule_only,4200.0,0,0.0,20,20,0,True,0.2
SCEN_2023_LOW_schedule_only_S2486,2486,schedule_only,4200.0,0,0.0,20,20,0,True,0.18
SCEN_2023_LOW_schedule_only_S2487,2487,schedule_only,4200.0,0,0.0,20,20,0,True,0.19
SCEN_2023_LOW_schedule_only_S2488,2488,schedule_only,4200.0,0,0.0,20,20,0,True,0.19
SCEN_2023_LOW_schedule_only_S2489,2489,schedule_only,4200.0,0,0.0,20,20,0,True,0.19
SCEN_2023_LOW_schedule_only_S2490,2490,schedule_only,4200.0,0,0.0,20,20,0,True,0.18
SCEN_2023_LOW_schedule_only_S2491,2491,schedule_only,4200.0,0,0.0,20,20,0,True,0.19
SCEN_2023_LOW_schedule_only_S2492,2492,schedule_only,4200.0,0,0.0,20,20,0,True,0.12
SCEN_2023_LOW_schedule_only_S2493,2493,schedule_only,4200.0,0,0.0,20,20,0,True,0.12
SCEN_2023_LOW_schedule_only_S2494,2494,schedule_only,4200.0,0,0.0,20,20,0,True,0.11
SCEN_2023_LOW_schedule_only_S2495,2495,schedule_only,4200.0,0,0.0,20,20,0,True,0.11
SCEN_2023_LOW_schedule_only_S2496,2496,schedule_only,4200.0,0,0.0,20,20,0,True,0.11
SCEN_2023_LOW_schedule_only_S2497,2497,schedule_only,4200.0,0,0.0,20,20,0,True,0.12
SCEN_2023_LOW_schedule_only_S2498,2498,schedule_only,4200.0,0,0.0,20,20,0,True,0.11
SCEN_2023_LOW_schedule_only_S2499,2499,schedule_only,4200.0,0,0.0,20,20,0,True,0.11
SCEN_2023_LOW_arrival_linear_baseline_v1_S0000,0,arrival_linear_baseline_v1,4210.0,0,0.0,21,20,0,True,0.13
SCEN_2023_LOW_arrival_linear_baseline_v1_S0001,1,arrival_linear_baseline_v1,4210.0,0,0.0,21,20,0,True,0.12
SCEN_2023_LOW_arrival_linear_baseline_v1_S0002,2,arrival_linear_baseline_v1,4210.0,0,0.0,21,20,0,True,0.11
SCEN_2023_LOW_arrival_linear_baseline_v1_S0003,3,arrival_linear_baseline_v1,4210.0,0,0.0,21,20,0,True,0.11
SCEN_2023_LOW_arrival_linear_baseline_v1_S0004,4,arrival_linear_baseline_v1,4210.0,0,0.0,21,20,0,True,0.11
SCEN_2023_LOW_arrival_linear_baseline_v1_S0005,5,arrival_linear_baseline_v1,4210.0,0,0.0,21,20,0,True,0.21
SCEN_2023_LOW_arrival_linear_baseline_v1_S0006,6,arrival_linear_baseline_v1,4210.0,0,0.0,21,20,0,True,0.18
SCEN_2023_LOW_arrival_linear_baseline_v1_S0007,7,arrival_linear_baseline_v1,4210.0,0,0.0,21,20,0,True,0.18
SCEN_2023_LOW_arrival_linear_baseline_v1_S0008,8,arrival_linear_baseline_v1,4210.0,0,0.0,21,20,0,True,0.19
SCEN_2023_LOW_arrival_linear_baseline_v1_S0009,9,arrival_linear_baseline_v1,4210.0,0,0.0,21,20,0,True,0.18
SCEN_2023_LOW_arrival_linear_baseline_v1_S0010,10,arrival_linear_baseline_v1,4210.0,0,0.0,21,20,0,True,0.2
SCEN_2023_LOW_arrival_linear_baseline_v1_S0011,11,arrival_linear_baseline_v1,4210.0,0,0.0,21,20,0,True,0.2
SCEN_2023_LOW_arrival_linear_baseline_v1_S0012,12,arrival_linear_baseline_v1,4210.0,0,0.0,21,20,0,True,0.21
SCEN_2023_LOW_arrival_linear_baseline_v1_S0013,13,arrival_linear_baseline_v1,4210.0,0,0.0,21,20,0,True,0.2
SCEN_2023_LOW_arrival_linear_baseline_v1_S0014,14,arrival_linear_baseline_v1,4210.0,0,0.0,21,20,0,True,0.2
SCEN_2023_LOW_arrival_linear_baseline_v1_S0015,15,arrival_linear_baseline_v1,4210.0,0,0.0,21,20,0,True,0.2
SCEN_2023_LOW_arrival_linear_baseline_v1_S0016,16,arrival_linear_baseline_v1,4210.0,0,0.0,21,20,0,True,0.19
SCEN_2023_LOW_arrival_linear_baseline_v1_S0017,17,arrival_linear_baseline_v1,4210.0,0,0.0,21,20,0,True,0.2
SCEN_2023_LOW_arrival_linear_baseline_v1_S0018,18,arrival_linear_baseline_v1,4210.0,0,0.0,21,20,0,True,0.2
SCEN_2023_LOW_arrival_linear_baseline_v1_S0019,19,arrival_linear_baseline_v1,4210.0,0,0.0,21,20,0,True,0.2
SCEN_2023_LOW_arrival_linear_baseline_v1_S0020,20,arrival_linear_baseline_v1,4210.0,0,0.0,21,20,0,True,0.2
SCEN_2023_LOW_arrival_linear_baseline_v1_S0021,21,arrival_linear_baseline_v1,4210.0,0,0.0,21,20,0,True,0.21
SCEN_2023_LOW_arrival_linear_baseline_v1_S0022,22,arrival_linear_baseline_v1,4210.0,0,0.0,21,20,0,True,0.21
SCEN_2023_LOW_arrival_linear_baseline_v1_S0023,23,arrival_linear_baseline_v1,4210.0,0,0.0,21,20,0,True,0.22
SCEN_2023_LOW_arrival_linear_baseline_v1_S0024,24,arrival_linear_baseline_v1,4210.0,0,0.0,21,20,0,True,0.21
SCEN_2023_LOW_arrival_linear_baseline_v1_S0025,25,arrival_linear_baseline_v1,4210.0,0,0.0,21,20,0,True,0.2
SCEN_2023_LOW_arrival_linear_baseline_v1_S0026,26,arrival_linear_baseline_v1,4210.0,0,0.0,21,20,0,True,0.2
SCEN_2023_LOW_arrival_linear_baseline_v1_S0027,27,arrival_linear_baseline_v1,4210.0,0,0.0,21,20,0,True,0.2
SCEN_2023_LOW_arrival_linear_baseline_v1_S0028,28,arrival_linear_baseline_v1,4210.0,0,0.0,21,20,0,True,0.2
SCEN_2023_LOW_arrival_linear_baseline_v1_S0029,29,arrival_linear_baseline_v1,4210.0,0,0.0,21,20,0,True,0.15
SCEN_2023_LOW_arrival_linear_baseline_v1_S0030,30,arrival_linear_baseline_v1,4210.0,0,0.0,21,20,0,True,0.14
SCEN_2023_LOW_arrival_linear_baseline_v1_S0031,31,arrival_linear_baseline_v1,4210.0,0,0.0,21,20,0,True,0.15
SCEN_2023_LOW_arrival_linear_baseline_v1_S0032,32,arrival_linear_baseline_v1,4210.0,0,0.0,21,20,0,True,0.15
SCEN_2023_LOW_arrival_linear_baseline_v1_S0033,33,arrival_linear_baseline_v1,4210.0,0,0.0,21,20,0,True,0.21
SCEN_2023_LOW_arrival_linear_baseline_v1_S0034,34,arrival_linear_baseline_v1,4210.0,0,0.0,21,20,0,True,0.2
SCEN_2023_LOW_arrival_linear_baseline_v1_S0035,35,arrival_linear_baseline_v1,4210.0,0,0.0,21,20,0,True,0.2
SCEN_2023_LOW_arrival_linear_baseline_v1_S0036,36,arrival_linear_baseline_v1,4210.0,0,0.0,21,20,0,True,0.2
SCEN_2023_LOW_arrival_linear_baseline_v1_S0037,37,arrival_linear_baseline_v1,4210.0,0,0.0,21,20,0,True,0.2
SCEN_2023_LOW_arrival_linear_baseline_v1_S0038,38,arrival_linear_baseline_v1,4210.0,0,0.0,21,20,0,True,0.2
SCEN_2023_LOW_arrival_linear_baseline_v1_S0039,39,arrival_linear_baseline_v1,4210.0,0,0.0,21,20,0,True,0.14
SCEN_2023_LOW_arrival_linear_baseline_v1_S0040,40,arrival_linear_baseline_v1,4210.0,0,0.0,21,20,0,True,0.13
SCEN_2023_LOW_arrival_linear_baseline_v1_S0041,41,arrival_linear_baseline_v1,4210.0,0,0.0,21,20,0,True,0.14
SCEN_2023_LOW_arrival_linear_baseline_v1_S0042,42,arrival_linear_baseline_v1,4210.0,0,0.0,21,20,0,True,0.15
SCEN_2023_LOW_arrival_linear_baseline_v1_S0043,43,arrival_linear_baseline_v1,4210.0,0,0.0,21,20,0,True,0.15
SCEN_2023_LOW_arrival_linear_baseline_v1_S0044,44,arrival_linear_baseline_v1,4210.0,0,0.0,21,20,0,True,0.15
SCEN_2023_LOW_arrival_linear_baseline_v1_S0045,45,arrival_linear_baseline_v1,4210.0,0,0.0,21,20,0,True,0.15
SCEN_2023_LOW_arrival_linear_baseline_v1_S0046,46,arrival_linear_baseline_v1,4210.0,0,0.0,21,20,0,True,0.13
SCEN_2023_LOW_arrival_linear_baseline_v1_S0047,47,arrival_linear_baseline_v1,4210.0,0,0.0,21,20,0,True,0.12
SCEN_2023_LOW_arrival_linear_baseline_v1_S0048,48,arrival_linear_baseline_v1,4210.0,0,0.0,21,20,0,True,0.16
SCEN_2023_LOW_arrival_linear_baseline_v1_S0049,49,arrival_linear_baseline_v1,4210.0,0,0.0,21,20,0,True,0.16
SCEN_2023_LOW_arrival_linear_baseline_v1_S0050,50,arrival_linear_baseline_v1,4210.0,0,0.0,21,20,0,True,0.17
SCEN_2023_LOW_arrival_linear_baseline_v1_S0051,51,arrival_linear_baseline_v1,4210.0,0,0.0,21,20,0,True,0.17
SCEN_2023_LOW_arrival_linear_baseline_v1_S0052,52,arrival_linear_baseline_v1,4210.0,0,0.0,21,20,0,True,0.16
SCEN_2023_LOW_arrival_linear_baseline_v1_S0053,53,arrival_linear_baseline_v1,4210.0,0,0.0,21,20,0,True,0.12
SCEN_2023_LOW_arrival_linear_baseline_v1_S0054,54,arrival_linear_baseline_v1,4210.0,0,0.0,21,20,0,True,0.16
SCEN_2023_LOW_arrival_linear_baseline_v1_S0055,55,arrival_linear_baseline_v1,4210.0,0,0.0,21,20,0,True,0.2
SCEN_2023_LOW_arrival_linear_baseline_v1_S0056,56,arrival_linear_baseline_v1,4210.0,0,0.0,21,20,0,True,0.2
SCEN_2023_LOW_arrival_linear_baseline_v1_S0057,57,arrival_linear_baseline_v1,4210.0,0,0.0,21,20,0,True,0.2
SCEN_2023_LOW_arrival_linear_baseline_v1_S0058,58,arrival_linear_baseline_v1,4210.0,0,0.0,21,20,0,True,0.19
SCEN_2023_LOW_arrival_linear_baseline_v1_S0059,59,arrival_linear_baseline_v1,4210.0,0,0.0,21,20,0,True,0.2
SCEN_2023_LOW_arrival_linear_baseline_v1_S0060,60,arrival_linear_baseline_v1,4210.0,0,0.0,21,20,0,True,0.24
SCEN_2023_LOW_arrival_linear_baseline_v1_S0061,61,arrival_linear_baseline_v1,4210.0,0,0.0,21,20,0,True,0.12
SCEN_2023_LOW_arrival_linear_baseline_v1_S0062,62,arrival_linear_baseline_v1,4210.0,0,0.0,21,20,0,True,0.12
SCEN_2023_LOW_arrival_linear_baseline_v1_S0063,63,arrival_linear_baseline_v1,4210.0,0,0.0,21,20,0,True,0.12
SCEN_2023_LOW_arrival_linear_baseline_v1_S0064,64,arrival_linear_baseline_v1,4210.0,0,0.0,21,20,0,True,0.12
SCEN_2023_LOW_arrival_linear_baseline_v1_S0065,65,arrival_linear_baseline_v1,4210.0,0,0.0,21,20,0,True,0.12
SCEN_2023_LOW_arrival_linear_baseline_v1_S0066,66,arrival_linear_baseline_v1,4210.0,0,0.0,21,20,0,True,0.12
SCEN_2023_LOW_arrival_linear_baseline_v1_S0067,67,arrival_linear_baseline_v1,4210.0,0,0.0,21,20,0,True,0.11
SCEN_2023_LOW_arrival_linear_baseline_v1_S0068,68,arrival_linear_baseline_v1,4210.0,0,0.0,21,20,0,True,0.12
SCEN_2023_LOW_arrival_linear_baseline_v1_S0069,69,arrival_linear_baseline_v1,4210.0,0,0.0,21,20,0,True,0.19
SCEN_2023_LOW_arrival_linear_baseline_v1_S0070,70,arrival_linear_baseline_v1,4210.0,0,0.0,21,20,0,True,0.11
SCEN_2023_LOW_arrival_linear_baseline_v1_S0071,71,arrival_linear_baseline_v1,4210.0,0,0.0,21,20,0,True,0.14
SCEN_2023_LOW_arrival_linear_baseline_v1_S0072,72,arrival_linear_baseline_v1,4210.0,0,0.0,21,20,0,True,0.11
SCEN_2023_LOW_arrival_linear_baseline_v1_S0073,73,arrival_linear_baseline_v1,4210.0,0,0.0,21,20,0,True,0.11
SCEN_2023_LOW_arrival_linear_baseline_v1_S0074,74,arrival_linear_baseline_v1,4210.0,0,0.0,21,20,0,True,0.11
SCEN_2023_LOW_arrival_linear_baseline_v1_S0075,75,arrival_linear_baseline_v1,4210.0,0,0.0,21,20,0,True,0.11
SCEN_2023_LOW_arrival_linear_baseline_v1_S0076,76,arrival_linear_baseline_v1,4210.0,0,0.0,21,20,0,True,0.14
SCEN_2023_LOW_arrival_linear_baseline_v1_S0077,77,arrival_linear_baseline_v1,4210.0,0,0.0,21,20,0,True,0.11
SCEN_2023_LOW_arrival_linear_baseline_v1_S0078,78,arrival_linear_baseline_v1,4210.0,0,0.0,21,20,0,True,0.11
SCEN_2023_LOW_arrival_linear_baseline_v1_S0079,79,arrival_linear_baseline_v1,4210.0,0,0.0,21,20,0,True,0.11
SCEN_2023_LOW_arrival_linear_baseline_v1_S0080,80,arrival_linear_baseline_v1,4210.0,0,0.0,21,20,0,True,0.11
SCEN_2023_LOW_arrival_linear_baseline_v1_S0081,81,arrival_linear_baseline_v1,4210.0,0,0.0,21,20,0,True,0.11
SCEN_2023_LOW_arrival_linear_baseline_v1_S0082,82,arrival_linear_baseline_v1,4210.0,0,0.0,21,20,0,True,0.12
SCEN_2023_LOW_arrival_linear_baseline_v1_S0083,83,arrival_linear_baseline_v1,4210.0,0,0.0,21,20,0,True,0.11
SCEN_2023_LOW_arrival_linear_baseline_v1_S0084,84,arrival_linear_baseline_v1,4210.0,0,0.0,21,20,0,True,0.13
SCEN_2023_LOW_arrival_linear_baseline_v1_S0085,85,arrival_linear_baseline_v1,4210.0,0,0.0,21,20,0,True,0.11
SCEN_2023_LOW_arrival_linear_baseline_v1_S0086,86,arrival_linear_baseline_v1,4210.0,0,0.0,21,20,0,True,0.11
SCEN_2023_LOW_arrival_linear_baseline_v1_S0087,87,arrival_linear_baseline_v1,4210.0,0,0.0,21,20,0,True,0.11
SCEN_2023_LOW_arrival_linear_baseline_v1_S0088,88,arrival_linear_baseline_v1,4210.0,0,0.0,21,20,0,True,0.11
SCEN_2023_LOW_arrival_linear_baseline_v1_S0089,89,arrival_linear_baseline_v1,4210.0,0,0.0,21,20,0,True,0.11
SCEN_2023_LOW_arrival_linear_baseline_v1_S0090,90,arrival_linear_baseline_v1,4210.0,0,0.0,21,20,0,True,0.11
SCEN_2023_LOW_arrival_linear_baseline_v1_S0091,91,arrival_linear_baseline_v1,4210.0,0,0.0,21,20,0,True,0.11
SCEN_2023_LOW_arrival_linear_baseline_v1_S0092,92,arrival_linear_baseline_v1,4210.0,0,0.0,21,20,0,True,0.11
SCEN_2023_LOW_arrival_linear_baseline_v1_S0093,93,arrival_linear_baseline_v1,4210.0,0,0.0,21,20,0,True,0.11
SCEN_2023_LOW_arrival_linear_baseline_v1_S0094,94,arrival_linear_baseline_v1,4210.0,0,0.0,21,20,0,True,0.11
SCEN_2023_LOW_arrival_linear_baseline_v1_S0095,95,arrival_linear_baseline_v1,4210.0,0,0.0,21,20,0,True,0.11
SCEN_2023_LOW_arrival_linear_baseline_v1_S0096,96,arrival_linear_baseline_v1,4210.0,0,0.0,21,20,0,True,0.11
SCEN_2023_LOW_arrival_linear_baseline_v1_S0097,97,arrival_linear_baseline_v1,4210.0,0,0.0,21,20,0,True,0.12
SCEN_2023_LOW_arrival_linear_baseline_v1_S0098,98,arrival_linear_baseline_v1,4210.0,0,0.0,21,20,0,True,0.11
SCEN_2023_LOW_arrival_linear_baseline_v1_S0099,99,arrival_linear_baseline_v1,4210.0,0,0.0,21,20,0,True,0.11
SCEN_2023_LOW_arrival_linear_baseline_v1_S0100,100,arrival_linear_baseline_v1,4210.0,0,0.0,21,20,0,True,0.11
SCEN_2023_LOW_arrival_linear_baseline_v1_S0101,101,arrival_linear_baseline_v1,4210.0,0,0.0,21,20,0,True,0.11
SCEN_2023_LOW_arrival_linear_baseline_v1_S0102,102,arrival_linear_baseline_v1,4210.0,0,0.0,21,20,0,True,0.11
SCEN_2023_LOW_arrival_linear_baseline_v1_S0103,103,arrival_linear_baseline_v1,4210.0,0,0.0,21,20,0,True,0.11
SCEN_2023_LOW_arrival_linear_baseline_v1_S0104,104,arrival_linear_baseline_v1,4210.0,0,0.0,21,20,0,True,0.11
SCEN_2023_LOW_arrival_linear_baseline_v1_S0105,105,arrival_linear_baseline_v1,4210.0,0,0.0,21,20,0,True,0.11
SCEN_2023_LOW_arrival_linear_baseline_v1_S0106,106,arrival_linear_baseline_v1,4210.0,0,0.0,21,20,0,True,0.11
SCEN_2023_LOW_arrival_linear_baseline_v1_S0107,107,arrival_linear_baseline_v1,4210.0,0,0.0,21,20,0,True,0.11
SCEN_2023_LOW_arrival_linear_baseline_v1_S0108,108,arrival_linear_baseline_v1,4210.0,0,0.0,21,20,0,True,0.12
SCEN_2023_LOW_arrival_linear_baseline_v1_S0109,109,arrival_linear_baseline_v1,4210.0,0,0.0,21,20,0,True,0.12
SCEN_2023_LOW_arrival_linear_baseline_v1_S0110,110,arrival_linear_baseline_v1,4210.0,0,0.0,21,20,0,True,0.11
SCEN_2023_LOW_arrival_linear_baseline_v1_S0111,111,arrival_linear_baseline_v1,4210.0,0,0.0,21,20,0,True,0.11
SCEN_2023_LOW_arrival_linear_baseline_v1_S0112,112,arrival_linear_baseline_v1,4210.0,0,0.0,21,20,0,True,0.11
SCEN_2023_LOW_arrival_linear_baseline_v1_S0113,113,arrival_linear_baseline_v1,4210.0,0,0.0,21,20,0,True,0.11
SCEN_2023_LOW_arrival_linear_baseline_v1_S0114,114,arrival_linear_baseline_v1,4210.0,0,0.0,21,20,0,True,0.11
SCEN_2023_LOW_arrival_linear_baseline_v1_S0115,115,arrival_linear_baseline_v1,4210.0,0,0.0,21,20,0,True,0.11
SCEN_2023_LOW_arrival_linear_baseline_v1_S0116,116,arrival_linear_baseline_v1,4210.0,0,0.0,21,20,0,True,0.12
SCEN_2023_LOW_arrival_linear_baseline_v1_S0117,117,arrival_linear_baseline_v1,4210.0,0,0.0,21,20,0,True,0.11
SCEN_2023_LOW_arrival_linear_baseline_v1_S0118,118,arrival_linear_baseline_v1,4210.0,0,0.0,21,20,0,True,0.14
SCEN_2023_LOW_arrival_linear_baseline_v1_S0119,119,arrival_linear_baseline_v1,4210.0,0,0.0,21,20,0,True,0.11
SCEN_2023_LOW_arrival_linear_baseline_v1_S0120,120,arrival_linear_baseline_v1,4210.0,0,0.0,21,20,0,True,0.11
SCEN_2023_LOW_arrival_linear_baseline_v1_S0121,121,arrival_linear_baseline_v1,4210.0,0,0.0,21,20,0,True,0.11
SCEN_2023_LOW_arrival_linear_baseline_v1_S0122,122,arrival_linear_baseline_v1,4210.0,0,0.0,21,20,0,True,0.11
SCEN_2023_LOW_arrival_linear_baseline_v1_S0123,123,arrival_linear_baseline_v1,4210.0,0,0.0,21,20,0,True,0.11
SCEN_2023_LOW_arrival_linear_baseline_v1_S0124,124,arrival_linear_baseline_v1,4210.0,0,0.0,21,20,0,True,0.11
SCEN_2023_LOW_arrival_linear_baseline_v1_S0125,125,arrival_linear_baseline_v1,4210.0,0,0.0,21,20,0,True,0.11
SCEN_2023_LOW_arrival_linear_baseline_v1_S0126,126,arrival_linear_baseline_v1,4210.0,0,0.0,21,20,0,True,0.11
SCEN_2023_LOW_arrival_linear_baseline_v1_S0127,127,arrival_linear_baseline_v1,4210.0,0,0.0,21,20,0,True,0.11
SCEN_2023_LOW_arrival_linear_baseline_v1_S0128,128,arrival_linear_baseline_v1,4210.0,0,0.0,21,20,0,True,0.12
SCEN_2023_LOW_arrival_linear_baseline_v1_S0129,129,arrival_linear_baseline_v1,4210.0,0,0.0,21,20,0,True,0.11
SCEN_2023_LOW_arrival_linear_baseline_v1_S0130,130,arrival_linear_baseline_v1,4210.0,0,0.0,21,20,0,True,0.11
SCEN_2023_LOW_arrival_linear_baseline_v1_S0131,131,arrival_linear_baseline_v1,4210.0,0,0.0,21,20,0,True,0.11
SCEN_2023_LOW_arrival_linear_baseline_v1_S0132,132,arrival_linear_baseline_v1,4210.0,0,0.0,21,20,0,True,0.11
SCEN_2023_LOW_arrival_linear_baseline_v1_S0133,133,arrival_linear_baseline_v1,4210.0,0,0.0,21,20,0,True,0.11
SCEN_2023_LOW_arrival_linear_baseline_v1_S0134,134,arrival_linear_baseline_v1,4210.0,0,0.0,21,20,0,True,0.11
SCEN_2023_LOW_arrival_linear_baseline_v1_S0135,135,arrival_linear_baseline_v1,4210.0,0,0.0,21,20,0,True,0.11
SCEN_2023_LOW_arrival_linear_baseline_v1_S0136,136,arrival_linear_baseline_v1,4210.0,0,0.0,21,20,0,True,0.11
SCEN_2023_LOW_arrival_linear_baseline_v1_S0137,137,arrival_linear_baseline_v1,4210.0,0,0.0,21,20,0,True,0.12
SCEN_2023_LOW_arrival_linear_baseline_v1_S0138,138,arrival_linear_baseline_v1,4210.0,0,0.0,21,20,0,True,0.11
SCEN_2023_LOW_arrival_linear_baseline_v1_S0139,139,arrival_linear_baseline_v1,4210.0,0,0.0,21,20,0,True,0.11
SCEN_2023_LOW_arrival_linear_baseline_v1_S0140,140,arrival_linear_baseline_v1,4210.0,0,0.0,21,20,0,True,0.11
SCEN_2023_LOW_arrival_linear_baseline_v1_S0141,141,arrival_linear_baseline_v1,4210.0,0,0.0,21,20,0,True,0.11
SCEN_2023_LOW_arrival_linear_baseline_v1_S0142,142,arrival_linear_baseline_v1,4210.0,0,0.0,21,20,0,True,0.11
SCEN_2023_LOW_arrival_linear_baseline_v1_S0143,143,arrival_linear_baseline_v1,4210.0,0,0.0,21,20,0,True,0.11
SCEN_2023_LOW_arrival_linear_baseline_v1_S0144,144,arrival_linear_baseline_v1,4210.0,0,0.0,21,20,0,True,0.11
SCEN_2023_LOW_arrival_linear_baseline_v1_S0145,145,arrival_linear_baseline_v1,4210.0,0,0.0,21,20,0,True,0.11
SCEN_2023_LOW_arrival_linear_baseline_v1_S0146,146,arrival_linear_baseline_v1,4210.0,0,0.0,21,20,0,True,0.11
SCEN_2023_LOW_arrival_linear_baseline_v1_S0147,147,arrival_linear_baseline_v1,4210.0,0,0.0,21,20,0,True,0.11
SCEN_2023_LOW_arrival_linear_baseline_v1_S0148,148,arrival_linear_baseline_v1,4210.0,0,0.0,21,20,0,True,0.11
SCEN_2023_LOW_arrival_linear_baseline_v1_S0149,149,arrival_linear_baseline_v1,4210.0,0,0.0,21,20,0,True,0.11
SCEN_2023_LOW_arrival_linear_baseline_v1_S0150,150,arrival_linear_baseline_v1,4210.0,0,0.0,21,20,0,True,0.11
SCEN_2023_LOW_arrival_linear_baseline_v1_S0151,151,arrival_linear_baseline_v1,4210.0,0,0.0,21,20,0,True,0.11
SCEN_2023_LOW_arrival_linear_baseline_v1_S0152,152,arrival_linear_baseline_v1,4210.0,0,0.0,21,20,0,True,0.11
SCEN_2023_LOW_arrival_linear_baseline_v1_S0153,153,arrival_linear_baseline_v1,4210.0,0,0.0,21,20,0,True,0.11
SCEN_2023_LOW_arrival_linear_baseline_v1_S0154,154,arrival_linear_baseline_v1,4210.0,0,0.0,21,20,0,True,0.11
SCEN_2023_LOW_arrival_linear_baseline_v1_S0155,155,arrival_linear_baseline_v1,4210.0,0,0.0,21,20,0,True,0.11
SCEN_2023_LOW_arrival_linear_baseline_v1_S0156,156,arrival_linear_baseline_v1,4210.0,0,0.0,21,20,0,True,0.11
SCEN_2023_LOW_arrival_linear_baseline_v1_S0157,157,arrival_linear_baseline_v1,4210.0,0,0.0,21,20,0,True,0.11
SCEN_2023_LOW_arrival_linear_baseline_v1_S0158,158,arrival_linear_baseline_v1,4210.0,0,0.0,21,20,0,True,0.12
SCEN_2023_LOW_arrival_linear_baseline_v1_S0159,159,arrival_linear_baseline_v1,4210.0,0,0.0,21,20,0,True,0.11
SCEN_2023_LOW_arrival_linear_baseline_v1_S0160,160,arrival_linear_baseline_v1,4210.0,0,0.0,21,20,0,True,0.11
SCEN_2023_LOW_arrival_linear_baseline_v1_S0161,161,arrival_linear_baseline_v1,4210.0,0,0.0,21,20,0,True,0.21
SCEN_2023_LOW_arrival_linear_baseline_v1_S0162,162,arrival_linear_baseline_v1,4210.0,0,0.0,21,20,0,True,0.12
SCEN_2023_LOW_arrival_linear_baseline_v1_S0163,163,arrival_linear_baseline_v1,4210.0,0,0.0,21,20,0,True,0.11
SCEN_2023_LOW_arrival_linear_baseline_v1_S0164,164,arrival_linear_baseline_v1,4210.0,0,0.0,21,20,0,True,0.11
SCEN_2023_LOW_arrival_linear_baseline_v1_S0165,165,arrival_linear_baseline_v1,4210.0,0,0.0,21,20,0,True,0.11
SCEN_2023_LOW_arrival_linear_baseline_v1_S0166,166,arrival_linear_baseline_v1,4210.0,0,0.0,21,20,0,True,0.11
SCEN_2023_LOW_arrival_linear_baseline_v1_S0167,167,arrival_linear_baseline_v1,4210.0,0,0.0,21,20,0,True,0.11
SCEN_2023_LOW_arrival_linear_baseline_v1_S0168,168,arrival_linear_baseline_v1,4210.0,0,0.0,21,20,0,True,0.17
SCEN_2023_LOW_arrival_linear_baseline_v1_S0169,169,arrival_linear_baseline_v1,4210.0,0,0.0,21,20,0,True,0.11
SCEN_2023_LOW_arrival_linear_baseline_v1_S0170,170,arrival_linear_baseline_v1,4210.0,0,0.0,21,20,0,True,0.11
SCEN_2023_LOW_arrival_linear_baseline_v1_S0171,171,arrival_linear_baseline_v1,4210.0,0,0.0,21,20,0,True,0.11
SCEN_2023_LOW_arrival_linear_baseline_v1_S0172,172,arrival_linear_baseline_v1,4210.0,0,0.0,21,20,0,True,0.11
SCEN_2023_LOW_arrival_linear_baseline_v1_S0173,173,arrival_linear_baseline_v1,4210.0,0,0.0,21,20,0,True,0.11
SCEN_2023_LOW_arrival_linear_baseline_v1_S0174,174,arrival_linear_baseline_v1,4210.0,0,0.0,21,20,0,True,0.13
SCEN_2023_LOW_arrival_linear_baseline_v1_S0175,175,arrival_linear_baseline_v1,4210.0,0,0.0,21,20,0,True,0.11
SCEN_2023_LOW_arrival_linear_baseline_v1_S0176,176,arrival_linear_baseline_v1,4210.0,0,0.0,21,20,0,True,0.12
SCEN_2023_LOW_arrival_linear_baseline_v1_S0177,177,arrival_linear_baseline_v1,4210.0,0,0.0,21,20,0,True,0.11
SCEN_2023_LOW_arrival_linear_baseline_v1_S0178,178,arrival_linear_baseline_v1,4210.0,0,0.0,21,20,0,True,0.11
SCEN_2023_LOW_arrival_linear_baseline_v1_S0179,179,arrival_linear_baseline_v1,4210.0,0,0.0,21,20,0,True,0.12
SCEN_2023_LOW_arrival_linear_baseline_v1_S0180,180,arrival_linear_baseline_v1,4210.0,0,0.0,21,20,0,True,0.11
SCEN_2023_LOW_arrival_linear_baseline_v1_S0181,181,arrival_linear_baseline_v1,4210.0,0,0.0,21,20,0,True,0.11
SCEN_2023_LOW_arrival_linear_baseline_v1_S0182,182,arrival_linear_baseline_v1,4210.0,0,0.0,21,20,0,True,0.11
SCEN_2023_LOW_arrival_linear_baseline_v1_S0183,183,arrival_linear_baseline_v1,4210.0,0,0.0,21,20,0,True,0.11
SCEN_2023_LOW_arrival_linear_baseline_v1_S0184,184,arrival_linear_baseline_v1,4210.0,0,0.0,21,20,0,True,0.19
SCEN_2023_LOW_arrival_linear_baseline_v1_S0185,185,arrival_linear_baseline_v1,4210.0,0,0.0,21,20,0,True,0.19
SCEN_2023_LOW_arrival_linear_baseline_v1_S0186,186,arrival_linear_baseline_v1,4210.0,0,0.0,21,20,0,True,0.12
SCEN_2023_LOW_arrival_linear_baseline_v1_S0187,187,arrival_linear_baseline_v1,4210.0,0,0.0,21,20,0,True,0.11
SCEN_2023_LOW_arrival_linear_baseline_v1_S0188,188,arrival_linear_baseline_v1,4210.0,0,0.0,21,20,0,True,0.11
SCEN_2023_LOW_arrival_linear_baseline_v1_S0189,189,arrival_linear_baseline_v1,4210.0,0,0.0,21,20,0,True,0.11
SCEN_2023_LOW_arrival_linear_baseline_v1_S0190,190,arrival_linear_baseline_v1,4210.0,0,0.0,21,20,0,True,0.11
SCEN_2023_LOW_arrival_linear_baseline_v1_S0191,191,arrival_linear_baseline_v1,4210.0,0,0.0,21,20,0,True,0.11
SCEN_2023_LOW_arrival_linear_baseline_v1_S0192,192,arrival_linear_baseline_v1,4210.0,0,0.0,21,20,0,True,0.11
SCEN_2023_LOW_arrival_linear_baseline_v1_S0193,193,arrival_linear_baseline_v1,4210.0,0,0.0,21,20,0,True,0.11
SCEN_2023_LOW_arrival_linear_baseline_v1_S0194,194,arrival_linear_baseline_v1,4210.0,0,0.0,21,20,0,True,0.11
SCEN_2023_LOW_arrival_linear_baseline_v1_S0195,195,arrival_linear_baseline_v1,4210.0,0,0.0,21,20,0,True,0.11
SCEN_2023_LOW_arrival_linear_baseline_v1_S0196,196,arrival_linear_baseline_v1,4210.0,0,0.0,21,20,0,True,0.11
SCEN_2023_LOW_arrival_linear_baseline_v1_S0197,197,arrival_linear_baseline_v1,4210.0,0,0.0,21,20,0,True,0.11
SCEN_2023_LOW_arrival_linear_baseline_v1_S0198,198,arrival_linear_baseline_v1,4210.0,0,0.0,21,20,0,True,0.14
SCEN_2023_LOW_arrival_linear_baseline_v1_S0199,199,arrival_linear_baseline_v1,4210.0,0,0.0,21,20,0,True,0.11
SCEN_2023_LOW_arrival_linear_baseline_v1_S0200,200,arrival_linear_baseline_v1,4210.0,0,0.0,21,20,0,True,0.11
SCEN_2023_LOW_arrival_linear_baseline_v1_S0201,201,arrival_linear_baseline_v1,4210.0,0,0.0,21,20,0,True,0.11
SCEN_2023_LOW_arrival_linear_baseline_v1_S0202,202,arrival_linear_baseline_v1,4210.0,0,0.0,21,20,0,True,0.11
SCEN_2023_LOW_arrival_linear_baseline_v1_S0203,203,arrival_linear_baseline_v1,4210.0,0,0.0,21,20,0,True,0.2
SCEN_2023_LOW_arrival_linear_baseline_v1_S0204,204,arrival_linear_baseline_v1,4210.0,0,0.0,21,20,0,True,0.11
SCEN_2023_LOW_arrival_linear_baseline_v1_S0205,205,arrival_linear_baseline_v1,4210.0,0,0.0,21,20,0,True,0.11
SCEN_2023_LOW_arrival_linear_baseline_v1_S0206,206,arrival_linear_baseline_v1,4210.0,0,0.0,21,20,0,True,0.11
SCEN_2023_LOW_arrival_linear_baseline_v1_S0207,207,arrival_linear_baseline_v1,4210.0,0,0.0,21,20,0,True,0.11
SCEN_2023_LOW_arrival_linear_baseline_v1_S0208,208,arrival_linear_baseline_v1,4210.0,0,0.0,21,20,0,True,0.11
SCEN_2023_LOW_arrival_linear_baseline_v1_S0209,209,arrival_linear_baseline_v1,4210.0,0,0.0,21,20,0,True,0.11
SCEN_2023_LOW_arrival_linear_baseline_v1_S0210,210,arrival_linear_baseline_v1,4210.0,0,0.0,21,20,0,True,0.11
SCEN_2023_LOW_arrival_linear_baseline_v1_S0211,211,arrival_linear_baseline_v1,4210.0,0,0.0,21,20,0,True,0.18
SCEN_2023_LOW_arrival_linear_baseline_v1_S0212,212,arrival_linear_baseline_v1,4210.0,0,0.0,21,20,0,True,0.12
SCEN_2023_LOW_arrival_linear_baseline_v1_S0213,213,arrival_linear_baseline_v1,4210.0,0,0.0,21,20,0,True,0.11
SCEN_2023_LOW_arrival_linear_baseline_v1_S0214,214,arrival_linear_baseline_v1,4210.0,0,0.0,21,20,0,True,0.12
SCEN_2023_LOW_arrival_linear_baseline_v1_S0215,215,arrival_linear_baseline_v1,4210.0,0,0.0,21,20,0,True,0.11
SCEN_2023_LOW_arrival_linear_baseline_v1_S0216,216,arrival_linear_baseline_v1,4210.0,0,0.0,21,20,0,True,0.11
SCEN_2023_LOW_arrival_linear_baseline_v1_S0217,217,arrival_linear_baseline_v1,4210.0,0,0.0,21,20,0,True,0.11
SCEN_2023_LOW_arrival_linear_baseline_v1_S0218,218,arrival_linear_baseline_v1,4210.0,0,0.0,21,20,0,True,0.11
SCEN_2023_LOW_arrival_linear_baseline_v1_S0219,219,arrival_linear_baseline_v1,4210.0,0,0.0,21,20,0,True,0.12
SCEN_2023_LOW_arrival_linear_baseline_v1_S0220,220,arrival_linear_baseline_v1,4210.0,0,0.0,21,20,0,True,0.12
SCEN_2023_LOW_arrival_linear_baseline_v1_S0221,221,arrival_linear_baseline_v1,4210.0,0,0.0,21,20,0,True,0.11
SCEN_2023_LOW_arrival_linear_baseline_v1_S0222,222,arrival_linear_baseline_v1,4210.0,0,0.0,21,20,0,True,0.11
SCEN_2023_LOW_arrival_linear_baseline_v1_S0223,223,arrival_linear_baseline_v1,4210.0,0,0.0,21,20,0,True,0.11
SCEN_2023_LOW_arrival_linear_baseline_v1_S0224,224,arrival_linear_baseline_v1,4210.0,0,0.0,21,20,0,True,0.11
SCEN_2023_LOW_arrival_linear_baseline_v1_S0225,225,arrival_linear_baseline_v1,4210.0,0,0.0,21,20,0,True,0.11
SCEN_2023_LOW_arrival_linear_baseline_v1_S0226,226,arrival_linear_baseline_v1,4210.0,0,0.0,21,20,0,True,0.11
SCEN_2023_LOW_arrival_linear_baseline_v1_S0227,227,arrival_linear_baseline_v1,4210.0,0,0.0,21,20,0,True,0.11
SCEN_2023_LOW_arrival_linear_baseline_v1_S0228,228,arrival_linear_baseline_v1,4210.0,0,0.0,21,20,0,True,0.11
SCEN_2023_LOW_arrival_linear_baseline_v1_S0229,229,arrival_linear_baseline_v1,4210.0,0,0.0,21,20,0,True,0.11
SCEN_2023_LOW_arrival_linear_baseline_v1_S0230,230,arrival_linear_baseline_v1,4210.0,0,0.0,21,20,0,True,0.11
SCEN_2023_LOW_arrival_linear_baseline_v1_S0231,231,arrival_linear_baseline_v1,4210.0,0,0.0,21,20,0,True,0.11
SCEN_2023_LOW_arrival_linear_baseline_v1_S0232,232,arrival_linear_baseline_v1,4210.0,0,0.0,21,20,0,True,0.11
SCEN_2023_LOW_arrival_linear_baseline_v1_S0233,233,arrival_linear_baseline_v1,4210.0,0,0.0,21,20,0,True,0.11
SCEN_2023_LOW_arrival_linear_baseline_v1_S0234,234,arrival_linear_baseline_v1,4210.0,0,0.0,21,20,0,True,0.11
SCEN_2023_LOW_arrival_linear_baseline_v1_S0235,235,arrival_linear_baseline_v1,4210.0,0,0.0,21,20,0,True,0.11
SCEN_2023_LOW_arrival_linear_baseline_v1_S0236,236,arrival_linear_baseline_v1,4210.0,0,0.0,21,20,0,True,0.11
SCEN_2023_LOW_arrival_linear_baseline_v1_S0237,237,arrival_linear_baseline_v1,4210.0,0,0.0,21,20,0,True,0.11
SCEN_2023_LOW_arrival_linear_baseline_v1_S0238,238,arrival_linear_baseline_v1,4210.0,0,0.0,21,20,0,True,0.11
SCEN_2023_LOW_arrival_linear_baseline_v1_S0239,239,arrival_linear_baseline_v1,4210.0,0,0.0,21,20,0,True,0.11
SCEN_2023_LOW_arrival_linear_baseline_v1_S0240,240,arrival_linear_baseline_v1,4210.0,0,0.0,21,20,0,True,0.11
SCEN_2023_LOW_arrival_linear_baseline_v1_S0241,241,arrival_linear_baseline_v1,4210.0,0,0.0,21,20,0,True,0.11
SCEN_2023_LOW_arrival_linear_baseline_v1_S0242,242,arrival_linear_baseline_v1,4210.0,0,0.0,21,20,0,True,0.11
SCEN_2023_LOW_arrival_linear_baseline_v1_S0243,243,arrival_linear_baseline_v1,4210.0,0,0.0,21,20,0,True,0.11
SCEN_2023_LOW_arrival_linear_baseline_v1_S0244,244,arrival_linear_baseline_v1,4210.0,0,0.0,21,20,0,True,0.11
SCEN_2023_LOW_arrival_linear_baseline_v1_S0245,245,arrival_linear_baseline_v1,4210.0,0,0.0,21,20,0,True,0.11
SCEN_2023_LOW_arrival_linear_baseline_v1_S0246,246,arrival_linear_baseline_v1,4210.0,0,0.0,21,20,0,True,0.11
SCEN_2023_LOW_arrival_linear_baseline_v1_S0247,247,arrival_linear_baseline_v1,4210.0,0,0.0,21,20,0,True,0.11
SCEN_2023_LOW_arrival_linear_baseline_v1_S0248,248,arrival_linear_baseline_v1,4210.0,0,0.0,21,20,0,True,0.11
SCEN_2023_LOW_arrival_linear_baseline_v1_S0249,249,arrival_linear_baseline_v1,4210.0,0,0.0,21,20,0,True,0.11
SCEN_2023_LOW_arrival_linear_baseline_v1_S0250,250,arrival_linear_baseline_v1,4210.0,0,0.0,21,20,0,True,0.11
SCEN_2023_LOW_arrival_linear_baseline_v1_S0251,251,arrival_linear_baseline_v1,4210.0,0,0.0,21,20,0,True,0.11
SCEN_2023_LOW_arrival_linear_baseline_v1_S0252,252,arrival_linear_baseline_v1,4210.0,0,0.0,21,20,0,True,0.11
SCEN_2023_LOW_arrival_linear_baseline_v1_S0253,253,arrival_linear_baseline_v1,4210.0,0,0.0,21,20,0,True,0.11
SCEN_2023_LOW_arrival_linear_baseline_v1_S0254,254,arrival_linear_baseline_v1,4210.0,0,0.0,21,20,0,True,0.11
SCEN_2023_LOW_arrival_linear_baseline_v1_S0255,255,arrival_linear_baseline_v1,4210.0,0,0.0,21,20,0,True,0.12
SCEN_2023_LOW_arrival_linear_baseline_v1_S0256,256,arrival_linear_baseline_v1,4210.0,0,0.0,21,20,0,True,0.11
SCEN_2023_LOW_arrival_linear_baseline_v1_S0257,257,arrival_linear_baseline_v1,4210.0,0,0.0,21,20,0,True,0.11
SCEN_2023_LOW_arrival_linear_baseline_v1_S0258,258,arrival_linear_baseline_v1,4210.0,0,0.0,21,20,0,True,0.11
SCEN_2023_LOW_arrival_linear_baseline_v1_S0259,259,arrival_linear_baseline_v1,4210.0,0,0.0,21,20,0,True,0.11
SCEN_2023_LOW_arrival_linear_baseline_v1_S0260,260,arrival_linear_baseline_v1,4210.0,0,0.0,21,20,0,True,0.11
SCEN_2023_LOW_arrival_linear_baseline_v1_S0261,261,arrival_linear_baseline_v1,4210.0,0,0.0,21,20,0,True,0.11
SCEN_2023_LOW_arrival_linear_baseline_v1_S0262,262,arrival_linear_baseline_v1,4210.0,0,0.0,21,20,0,True,0.11
SCEN_2023_LOW_arrival_linear_baseline_v1_S0263,263,arrival_linear_baseline_v1,4210.0,0,0.0,21,20,0,True,0.11
SCEN_2023_LOW_arrival_linear_baseline_v1_S0264,264,arrival_linear_baseline_v1,4210.0,0,0.0,21,20,0,True,0.11
SCEN_2023_LOW_arrival_linear_baseline_v1_S0265,265,arrival_linear_baseline_v1,4210.0,0,0.0,21,20,0,True,0.11
SCEN_2023_LOW_arrival_linear_baseline_v1_S0266,266,arrival_linear_baseline_v1,4210.0,0,0.0,21,20,0,True,0.11
SCEN_2023_LOW_arrival_linear_baseline_v1_S0267,267,arrival_linear_baseline_v1,4210.0,0,0.0,21,20,0,True,0.11
SCEN_2023_LOW_arrival_linear_baseline_v1_S0268,268,arrival_linear_baseline_v1,4210.0,0,0.0,21,20,0,True,0.11
SCEN_2023_LOW_arrival_linear_baseline_v1_S0269,269,arrival_linear_baseline_v1,4210.0,0,0.0,21,20,0,True,0.11
SCEN_2023_LOW_arrival_linear_baseline_v1_S0270,270,arrival_linear_baseline_v1,4210.0,0,0.0,21,20,0,True,0.11
SCEN_2023_LOW_arrival_linear_baseline_v1_S0271,271,arrival_linear_baseline_v1,4210.0,0,0.0,21,20,0,True,0.11
SCEN_2023_LOW_arrival_linear_baseline_v1_S0272,272,arrival_linear_baseline_v1,4210.0,0,0.0,21,20,0,True,0.11
SCEN_2023_LOW_arrival_linear_baseline_v1_S0273,273,arrival_linear_baseline_v1,4210.0,0,0.0,21,20,0,True,0.11
SCEN_2023_LOW_arrival_linear_baseline_v1_S0274,274,arrival_linear_baseline_v1,4210.0,0,0.0,21,20,0,True,0.11
SCEN_2023_LOW_arrival_linear_baseline_v1_S0275,275,arrival_linear_baseline_v1,4210.0,0,0.0,21,20,0,True,0.11
SCEN_2023_LOW_arrival_linear_baseline_v1_S0276,276,arrival_linear_baseline_v1,4210.0,0,0.0,21,20,0,True,0.11
SCEN_2023_LOW_arrival_linear_baseline_v1_S0277,277,arrival_linear_baseline_v1,4210.0,0,0.0,21,20,0,True,0.11
SCEN_2023_LOW_arrival_linear_baseline_v1_S0278,278,arrival_linear_baseline_v1,4210.0,0,0.0,21,20,0,True,0.11
SCEN_2023_LOW_arrival_linear_baseline_v1_S0279,279,arrival_linear_baseline_v1,4210.0,0,0.0,21,20,0,True,0.11
SCEN_2023_LOW_arrival_linear_baseline_v1_S0280,280,arrival_linear_baseline_v1,4210.0,0,0.0,21,20,0,True,0.12
SCEN_2023_LOW_arrival_linear_baseline_v1_S0281,281,arrival_linear_baseline_v1,4210.0,0,0.0,21,20,0,True,0.11
SCEN_2023_LOW_arrival_linear_baseline_v1_S0282,282,arrival_linear_baseline_v1,4210.0,0,0.0,21,20,0,True,0.11
SCEN_2023_LOW_arrival_linear_baseline_v1_S0283,283,arrival_linear_baseline_v1,4210.0,0,0.0,21,20,0,True,0.11
SCEN_2023_LOW_arrival_linear_baseline_v1_S0284,284,arrival_linear_baseline_v1,4210.0,0,0.0,21,20,0,True,0.11
SCEN_2023_LOW_arrival_linear_baseline_v1_S0285,285,arrival_linear_baseline_v1,4210.0,0,0.0,21,20,0,True,0.11
SCEN_2023_LOW_arrival_linear_baseline_v1_S0286,286,arrival_linear_baseline_v1,4210.0,0,0.0,21,20,0,True,0.11
SCEN_2023_LOW_arrival_linear_baseline_v1_S0287,287,arrival_linear_baseline_v1,4210.0,0,0.0,21,20,0,True,0.11
SCEN_2023_LOW_arrival_linear_baseline_v1_S0288,288,arrival_linear_baseline_v1,4210.0,0,0.0,21,20,0,True,0.11
SCEN_2023_LOW_arrival_linear_baseline_v1_S0289,289,arrival_linear_baseline_v1,4210.0,0,0.0,21,20,0,True,0.12
SCEN_2023_LOW_arrival_linear_baseline_v1_S0290,290,arrival_linear_baseline_v1,4210.0,0,0.0,21,20,0,True,0.11
SCEN_2023_LOW_arrival_linear_baseline_v1_S0291,291,arrival_linear_baseline_v1,4210.0,0,0.0,21,20,0,True,0.11
SCEN_2023_LOW_arrival_linear_baseline_v1_S0292,292,arrival_linear_baseline_v1,4210.0,0,0.0,21,20,0,True,0.12
SCEN_2023_LOW_arrival_linear_baseline_v1_S0293,293,arrival_linear_baseline_v1,4210.0,0,0.0,21,20,0,True,0.11
SCEN_2023_LOW_arrival_linear_baseline_v1_S0294,294,arrival_linear_baseline_v1,4210.0,0,0.0,21,20,0,True,0.11
SCEN_2023_LOW_arrival_linear_baseline_v1_S0295,295,arrival_linear_baseline_v1,4210.0,0,0.0,21,20,0,True,0.11
SCEN_2023_LOW_arrival_linear_baseline_v1_S0296,296,arrival_linear_baseline_v1,4210.0,0,0.0,21,20,0,True,0.11
SCEN_2023_LOW_arrival_linear_baseline_v1_S0297,297,arrival_linear_baseline_v1,4210.0,0,0.0,21,20,0,True,0.12
SCEN_2023_LOW_arrival_linear_baseline_v1_S0298,298,arrival_linear_baseline_v1,4210.0,0,0.0,21,20,0,True,0.11
SCEN_2023_LOW_arrival_linear_baseline_v1_S0299,299,arrival_linear_baseline_v1,4210.0,0,0.0,21,20,0,True,0.11
SCEN_2023_LOW_arrival_linear_baseline_v1_S0300,300,arrival_linear_baseline_v1,4210.0,0,0.0,21,20,0,True,0.11
SCEN_2023_LOW_arrival_linear_baseline_v1_S0301,301,arrival_linear_baseline_v1,4210.0,0,0.0,21,20,0,True,0.11
SCEN_2023_LOW_arrival_linear_baseline_v1_S0302,302,arrival_linear_baseline_v1,4210.0,0,0.0,21,20,0,True,0.11
SCEN_2023_LOW_arrival_linear_baseline_v1_S0303,303,arrival_linear_baseline_v1,4210.0,0,0.0,21,20,0,True,0.11
SCEN_2023_LOW_arrival_linear_baseline_v1_S0304,304,arrival_linear_baseline_v1,4210.0,0,0.0,21,20,0,True,0.11
SCEN_2023_LOW_arrival_linear_baseline_v1_S0305,305,arrival_linear_baseline_v1,4210.0,0,0.0,21,20,0,True,0.11
SCEN_2023_LOW_arrival_linear_baseline_v1_S0306,306,arrival_linear_baseline_v1,4210.0,0,0.0,21,20,0,True,0.11
SCEN_2023_LOW_arrival_linear_baseline_v1_S0307,307,arrival_linear_baseline_v1,4210.0,0,0.0,21,20,0,True,0.11
SCEN_2023_LOW_arrival_linear_baseline_v1_S0308,308,arrival_linear_baseline_v1,4210.0,0,0.0,21,20,0,True,0.11
SCEN_2023_LOW_arrival_linear_baseline_v1_S0309,309,arrival_linear_baseline_v1,4210.0,0,0.0,21,20,0,True,0.11
SCEN_2023_LOW_arrival_linear_baseline_v1_S0310,310,arrival_linear_baseline_v1,4210.0,0,0.0,21,20,0,True,0.11
SCEN_2023_LOW_arrival_linear_baseline_v1_S0311,311,arrival_linear_baseline_v1,4210.0,0,0.0,21,20,0,True,0.11
SCEN_2023_LOW_arrival_linear_baseline_v1_S0312,312,arrival_linear_baseline_v1,4210.0,0,0.0,21,20,0,True,0.11
SCEN_2023_LOW_arrival_linear_baseline_v1_S0313,313,arrival_linear_baseline_v1,4210.0,0,0.0,21,20,0,True,0.12
SCEN_2023_LOW_arrival_linear_baseline_v1_S0314,314,arrival_linear_baseline_v1,4210.0,0,0.0,21,20,0,True,0.11
SCEN_2023_LOW_arrival_linear_baseline_v1_S0315,315,arrival_linear_baseline_v1,4210.0,0,0.0,21,20,0,True,0.11
SCEN_2023_LOW_arrival_linear_baseline_v1_S0316,316,arrival_linear_baseline_v1,4210.0,0,0.0,21,20,0,True,0.18
SCEN_2023_LOW_arrival_linear_baseline_v1_S0317,317,arrival_linear_baseline_v1,4210.0,0,0.0,21,20,0,True,0.12
SCEN_2023_LOW_arrival_linear_baseline_v1_S0318,318,arrival_linear_baseline_v1,4210.0,0,0.0,21,20,0,True,0.15
SCEN_2023_LOW_arrival_linear_baseline_v1_S0319,319,arrival_linear_baseline_v1,4210.0,0,0.0,21,20,0,True,0.11
SCEN_2023_LOW_arrival_linear_baseline_v1_S0320,320,arrival_linear_baseline_v1,4210.0,0,0.0,21,20,0,True,0.11
SCEN_2023_LOW_arrival_linear_baseline_v1_S0321,321,arrival_linear_baseline_v1,4210.0,0,0.0,21,20,0,True,0.11
SCEN_2023_LOW_arrival_linear_baseline_v1_S0322,322,arrival_linear_baseline_v1,4210.0,0,0.0,21,20,0,True,0.11
SCEN_2023_LOW_arrival_linear_baseline_v1_S0323,323,arrival_linear_baseline_v1,4210.0,0,0.0,21,20,0,True,0.11
SCEN_2023_LOW_arrival_linear_baseline_v1_S0324,324,arrival_linear_baseline_v1,4210.0,0,0.0,21,20,0,True,0.11
SCEN_2023_LOW_arrival_linear_baseline_v1_S0325,325,arrival_linear_baseline_v1,4210.0,0,0.0,21,20,0,True,0.11
SCEN_2023_LOW_arrival_linear_baseline_v1_S0326,326,arrival_linear_baseline_v1,4210.0,0,0.0,21,20,0,True,0.11
SCEN_2023_LOW_arrival_linear_baseline_v1_S0327,327,arrival_linear_baseline_v1,4210.0,0,0.0,21,20,0,True,0.12
SCEN_2023_LOW_arrival_linear_baseline_v1_S0328,328,arrival_linear_baseline_v1,4210.0,0,0.0,21,20,0,True,0.11
SCEN_2023_LOW_arrival_linear_baseline_v1_S0329,329,arrival_linear_baseline_v1,4210.0,0,0.0,21,20,0,True,0.11
SCEN_2023_LOW_arrival_linear_baseline_v1_S0330,330,arrival_linear_baseline_v1,4210.0,0,0.0,21,20,0,True,0.11
SCEN_2023_LOW_arrival_linear_baseline_v1_S0331,331,arrival_linear_baseline_v1,4210.0,0,0.0,21,20,0,True,0.11
SCEN_2023_LOW_arrival_linear_baseline_v1_S0332,332,arrival_linear_baseline_v1,4210.0,0,0.0,21,20,0,True,0.11
SCEN_2023_LOW_arrival_linear_baseline_v1_S0333,333,arrival_linear_baseline_v1,4210.0,0,0.0,21,20,0,True,0.11
SCEN_2023_LOW_arrival_linear_baseline_v1_S0334,334,arrival_linear_baseline_v1,4210.0,0,0.0,21,20,0,True,0.11
SCEN_2023_LOW_arrival_linear_baseline_v1_S0335,335,arrival_linear_baseline_v1,4210.0,0,0.0,21,20,0,True,0.12
SCEN_2023_LOW_arrival_linear_baseline_v1_S0336,336,arrival_linear_baseline_v1,4210.0,0,0.0,21,20,0,True,0.11
SCEN_2023_LOW_arrival_linear_baseline_v1_S0337,337,arrival_linear_baseline_v1,4210.0,0,0.0,21,20,0,True,0.12
SCEN_2023_LOW_arrival_linear_baseline_v1_S0338,338,arrival_linear_baseline_v1,4210.0,0,0.0,21,20,0,True,0.11
SCEN_2023_LOW_arrival_linear_baseline_v1_S0339,339,arrival_linear_baseline_v1,4210.0,0,0.0,21,20,0,True,0.11
SCEN_2023_LOW_arrival_linear_baseline_v1_S0340,340,arrival_linear_baseline_v1,4210.0,0,0.0,21,20,0,True,0.11
SCEN_2023_LOW_arrival_linear_baseline_v1_S0341,341,arrival_linear_baseline_v1,4210.0,0,0.0,21,20,0,True,0.11
SCEN_2023_LOW_arrival_linear_baseline_v1_S0342,342,arrival_linear_baseline_v1,4210.0,0,0.0,21,20,0,True,0.11
SCEN_2023_LOW_arrival_linear_baseline_v1_S0343,343,arrival_linear_baseline_v1,4210.0,0,0.0,21,20,0,True,0.11
SCEN_2023_LOW_arrival_linear_baseline_v1_S0344,344,arrival_linear_baseline_v1,4210.0,0,0.0,21,20,0,True,0.11
SCEN_2023_LOW_arrival_linear_baseline_v1_S0345,345,arrival_linear_baseline_v1,4210.0,0,0.0,21,20,0,True,0.14
SCEN_2023_LOW_arrival_linear_baseline_v1_S0346,346,arrival_linear_baseline_v1,4210.0,0,0.0,21,20,0,True,0.11
SCEN_2023_LOW_arrival_linear_baseline_v1_S0347,347,arrival_linear_baseline_v1,4210.0,0,0.0,21,20,0,True,0.11
SCEN_2023_LOW_arrival_linear_baseline_v1_S0348,348,arrival_linear_baseline_v1,4210.0,0,0.0,21,20,0,True,0.11
SCEN_2023_LOW_arrival_linear_baseline_v1_S0349,349,arrival_linear_baseline_v1,4210.0,0,0.0,21,20,0,True,0.11
SCEN_2023_LOW_arrival_linear_baseline_v1_S0350,350,arrival_linear_baseline_v1,4210.0,0,0.0,21,20,0,True,0.11
SCEN_2023_LOW_arrival_linear_baseline_v1_S0351,351,arrival_linear_baseline_v1,4210.0,0,0.0,21,20,0,True,0.12
SCEN_2023_LOW_arrival_linear_baseline_v1_S0352,352,arrival_linear_baseline_v1,4210.0,0,0.0,21,20,0,True,0.11
SCEN_2023_LOW_arrival_linear_baseline_v1_S0353,353,arrival_linear_baseline_v1,4210.0,0,0.0,21,20,0,True,0.11
SCEN_2023_LOW_arrival_linear_baseline_v1_S0354,354,arrival_linear_baseline_v1,4210.0,0,0.0,21,20,0,True,0.11
SCEN_2023_LOW_arrival_linear_baseline_v1_S0355,355,arrival_linear_baseline_v1,4210.0,0,0.0,21,20,0,True,0.11
SCEN_2023_LOW_arrival_linear_baseline_v1_S0356,356,arrival_linear_baseline_v1,4210.0,0,0.0,21,20,0,True,0.11
SCEN_2023_LOW_arrival_linear_baseline_v1_S0357,357,arrival_linear_baseline_v1,4210.0,0,0.0,21,20,0,True,0.11
SCEN_2023_LOW_arrival_linear_baseline_v1_S0358,358,arrival_linear_baseline_v1,4210.0,0,0.0,21,20,0,True,0.11
SCEN_2023_LOW_arrival_linear_baseline_v1_S0359,359,arrival_linear_baseline_v1,4210.0,0,0.0,21,20,0,True,0.11
SCEN_2023_LOW_arrival_linear_baseline_v1_S0360,360,arrival_linear_baseline_v1,4210.0,0,0.0,21,20,0,True,0.11
SCEN_2023_LOW_arrival_linear_baseline_v1_S0361,361,arrival_linear_baseline_v1,4210.0,0,0.0,21,20,0,True,0.11
SCEN_2023_LOW_arrival_linear_baseline_v1_S0362,362,arrival_linear_baseline_v1,4210.0,0,0.0,21,20,0,True,0.12
SCEN_2023_LOW_arrival_linear_baseline_v1_S0363,363,arrival_linear_baseline_v1,4210.0,0,0.0,21,20,0,True,0.11
SCEN_2023_LOW_arrival_linear_baseline_v1_S0364,364,arrival_linear_baseline_v1,4210.0,0,0.0,21,20,0,True,0.11
SCEN_2023_LOW_arrival_linear_baseline_v1_S0365,365,arrival_linear_baseline_v1,4210.0,0,0.0,21,20,0,True,0.11
SCEN_2023_LOW_arrival_linear_baseline_v1_S0366,366,arrival_linear_baseline_v1,4210.0,0,0.0,21,20,0,True,0.11
SCEN_2023_LOW_arrival_linear_baseline_v1_S0367,367,arrival_linear_baseline_v1,4210.0,0,0.0,21,20,0,True,0.11
SCEN_2023_LOW_arrival_linear_baseline_v1_S0368,368,arrival_linear_baseline_v1,4210.0,0,0.0,21,20,0,True,0.26
SCEN_2023_LOW_arrival_linear_baseline_v1_S0369,369,arrival_linear_baseline_v1,4210.0,0,0.0,21,20,0,True,0.12
SCEN_2023_LOW_arrival_linear_baseline_v1_S0370,370,arrival_linear_baseline_v1,4210.0,0,0.0,21,20,0,True,0.11
SCEN_2023_LOW_arrival_linear_baseline_v1_S0371,371,arrival_linear_baseline_v1,4210.0,0,0.0,21,20,0,True,0.11
SCEN_2023_LOW_arrival_linear_baseline_v1_S0372,372,arrival_linear_baseline_v1,4210.0,0,0.0,21,20,0,True,0.17
SCEN_2023_LOW_arrival_linear_baseline_v1_S0373,373,arrival_linear_baseline_v1,4210.0,0,0.0,21,20,0,True,0.11
SCEN_2023_LOW_arrival_linear_baseline_v1_S0374,374,arrival_linear_baseline_v1,4210.0,0,0.0,21,20,0,True,0.11
SCEN_2023_LOW_arrival_linear_baseline_v1_S0375,375,arrival_linear_baseline_v1,4210.0,0,0.0,21,20,0,True,0.11
SCEN_2023_LOW_arrival_linear_baseline_v1_S0376,376,arrival_linear_baseline_v1,4210.0,0,0.0,21,20,0,True,0.11
SCEN_2023_LOW_arrival_linear_baseline_v1_S0377,377,arrival_linear_baseline_v1,4210.0,0,0.0,21,20,0,True,0.11
SCEN_2023_LOW_arrival_linear_baseline_v1_S0378,378,arrival_linear_baseline_v1,4210.0,0,0.0,21,20,0,True,0.11
SCEN_2023_LOW_arrival_linear_baseline_v1_S0379,379,arrival_linear_baseline_v1,4210.0,0,0.0,21,20,0,True,0.11
SCEN_2023_LOW_arrival_linear_baseline_v1_S0380,380,arrival_linear_baseline_v1,4210.0,0,0.0,21,20,0,True,0.11
SCEN_2023_LOW_arrival_linear_baseline_v1_S0381,381,arrival_linear_baseline_v1,4210.0,0,0.0,21,20,0,True,0.11
SCEN_2023_LOW_arrival_linear_baseline_v1_S0382,382,arrival_linear_baseline_v1,4210.0,0,0.0,21,20,0,True,0.11
SCEN_2023_LOW_arrival_linear_baseline_v1_S0383,383,arrival_linear_baseline_v1,4210.0,0,0.0,21,20,0,True,0.11
SCEN_2023_LOW_arrival_linear_baseline_v1_S0384,384,arrival_linear_baseline_v1,4210.0,0,0.0,21,20,0,True,0.11
SCEN_2023_LOW_arrival_linear_baseline_v1_S0385,385,arrival_linear_baseline_v1,4210.0,0,0.0,21,20,0,True,0.11
SCEN_2023_LOW_arrival_linear_baseline_v1_S0386,386,arrival_linear_baseline_v1,4210.0,0,0.0,21,20,0,True,0.11
SCEN_2023_LOW_arrival_linear_baseline_v1_S0387,387,arrival_linear_baseline_v1,4210.0,0,0.0,21,20,0,True,0.11
SCEN_2023_LOW_arrival_linear_baseline_v1_S0388,388,arrival_linear_baseline_v1,4210.0,0,0.0,21,20,0,True,0.11
SCEN_2023_LOW_arrival_linear_baseline_v1_S0389,389,arrival_linear_baseline_v1,4210.0,0,0.0,21,20,0,True,0.11
SCEN_2023_LOW_arrival_linear_baseline_v1_S0390,390,arrival_linear_baseline_v1,4210.0,0,0.0,21,20,0,True,0.11
SCEN_2023_LOW_arrival_linear_baseline_v1_S0391,391,arrival_linear_baseline_v1,4210.0,0,0.0,21,20,0,True,0.11
SCEN_2023_LOW_arrival_linear_baseline_v1_S0392,392,arrival_linear_baseline_v1,4210.0,0,0.0,21,20,0,True,0.11
SCEN_2023_LOW_arrival_linear_baseline_v1_S0393,393,arrival_linear_baseline_v1,4210.0,0,0.0,21,20,0,True,0.15
SCEN_2023_LOW_arrival_linear_baseline_v1_S0394,394,arrival_linear_baseline_v1,4210.0,0,0.0,21,20,0,True,0.12
SCEN_2023_LOW_arrival_linear_baseline_v1_S0395,395,arrival_linear_baseline_v1,4210.0,0,0.0,21,20,0,True,0.11
SCEN_2023_LOW_arrival_linear_baseline_v1_S0396,396,arrival_linear_baseline_v1,4210.0,0,0.0,21,20,0,True,0.11
SCEN_2023_LOW_arrival_linear_baseline_v1_S0397,397,arrival_linear_baseline_v1,4210.0,0,0.0,21,20,0,True,0.11
SCEN_2023_LOW_arrival_linear_baseline_v1_S0398,398,arrival_linear_baseline_v1,4210.0,0,0.0,21,20,0,True,0.11
SCEN_2023_LOW_arrival_linear_baseline_v1_S0399,399,arrival_linear_baseline_v1,4210.0,0,0.0,21,20,0,True,0.11
SCEN_2023_LOW_arrival_linear_baseline_v1_S0400,400,arrival_linear_baseline_v1,4210.0,0,0.0,21,20,0,True,0.11
SCEN_2023_LOW_arrival_linear_baseline_v1_S0401,401,arrival_linear_baseline_v1,4210.0,0,0.0,21,20,0,True,0.15
SCEN_2023_LOW_arrival_linear_baseline_v1_S0402,402,arrival_linear_baseline_v1,4210.0,0,0.0,21,20,0,True,0.11
SCEN_2023_LOW_arrival_linear_baseline_v1_S0403,403,arrival_linear_baseline_v1,4210.0,0,0.0,21,20,0,True,0.11
SCEN_2023_LOW_arrival_linear_baseline_v1_S0404,404,arrival_linear_baseline_v1,4210.0,0,0.0,21,20,0,True,0.11
SCEN_2023_LOW_arrival_linear_baseline_v1_S0405,405,arrival_linear_baseline_v1,4210.0,0,0.0,21,20,0,True,0.11
SCEN_2023_LOW_arrival_linear_baseline_v1_S0406,406,arrival_linear_baseline_v1,4210.0,0,0.0,21,20,0,True,0.11
SCEN_2023_LOW_arrival_linear_baseline_v1_S0407,407,arrival_linear_baseline_v1,4210.0,0,0.0,21,20,0,True,0.11
SCEN_2023_LOW_arrival_linear_baseline_v1_S0408,408,arrival_linear_baseline_v1,4210.0,0,0.0,21,20,0,True,0.11
SCEN_2023_LOW_arrival_linear_baseline_v1_S0409,409,arrival_linear_baseline_v1,4210.0,0,0.0,21,20,0,True,0.11
SCEN_2023_LOW_arrival_linear_baseline_v1_S0410,410,arrival_linear_baseline_v1,4210.0,0,0.0,21,20,0,True,0.11
SCEN_2023_LOW_arrival_linear_baseline_v1_S0411,411,arrival_linear_baseline_v1,4210.0,0,0.0,21,20,0,True,0.11
SCEN_2023_LOW_arrival_linear_baseline_v1_S0412,412,arrival_linear_baseline_v1,4210.0,0,0.0,21,20,0,True,0.13
SCEN_2023_LOW_arrival_linear_baseline_v1_S0413,413,arrival_linear_baseline_v1,4210.0,0,0.0,21,20,0,True,0.11
SCEN_2023_LOW_arrival_linear_baseline_v1_S0414,414,arrival_linear_baseline_v1,4210.0,0,0.0,21,20,0,True,0.11
SCEN_2023_LOW_arrival_linear_baseline_v1_S0415,415,arrival_linear_baseline_v1,4210.0,0,0.0,21,20,0,True,0.11
SCEN_2023_LOW_arrival_linear_baseline_v1_S0416,416,arrival_linear_baseline_v1,4210.0,0,0.0,21,20,0,True,0.11
SCEN_2023_LOW_arrival_linear_baseline_v1_S0417,417,arrival_linear_baseline_v1,4210.0,0,0.0,21,20,0,True,0.11
SCEN_2023_LOW_arrival_linear_baseline_v1_S0418,418,arrival_linear_baseline_v1,4210.0,0,0.0,21,20,0,True,0.11
SCEN_2023_LOW_arrival_linear_baseline_v1_S0419,419,arrival_linear_baseline_v1,4210.0,0,0.0,21,20,0,True,0.11
SCEN_2023_LOW_arrival_linear_baseline_v1_S0420,420,arrival_linear_baseline_v1,4210.0,0,0.0,21,20,0,True,0.21
SCEN_2023_LOW_arrival_linear_baseline_v1_S0421,421,arrival_linear_baseline_v1,4210.0,0,0.0,21,20,0,True,0.11
SCEN_2023_LOW_arrival_linear_baseline_v1_S0422,422,arrival_linear_baseline_v1,4210.0,0,0.0,21,20,0,True,0.11
SCEN_2023_LOW_arrival_linear_baseline_v1_S0423,423,arrival_linear_baseline_v1,4210.0,0,0.0,21,20,0,True,0.11
SCEN_2023_LOW_arrival_linear_baseline_v1_S0424,424,arrival_linear_baseline_v1,4210.0,0,0.0,21,20,0,True,0.11
SCEN_2023_LOW_arrival_linear_baseline_v1_S0425,425,arrival_linear_baseline_v1,4210.0,0,0.0,21,20,0,True,0.11
SCEN_2023_LOW_arrival_linear_baseline_v1_S0426,426,arrival_linear_baseline_v1,4210.0,0,0.0,21,20,0,True,0.11
SCEN_2023_LOW_arrival_linear_baseline_v1_S0427,427,arrival_linear_baseline_v1,4210.0,0,0.0,21,20,0,True,0.11
SCEN_2023_LOW_arrival_linear_baseline_v1_S0428,428,arrival_linear_baseline_v1,4210.0,0,0.0,21,20,0,True,0.11
SCEN_2023_LOW_arrival_linear_baseline_v1_S0429,429,arrival_linear_baseline_v1,4210.0,0,0.0,21,20,0,True,0.11
SCEN_2023_LOW_arrival_linear_baseline_v1_S0430,430,arrival_linear_baseline_v1,4210.0,0,0.0,21,20,0,True,0.12
SCEN_2023_LOW_arrival_linear_baseline_v1_S0431,431,arrival_linear_baseline_v1,4210.0,0,0.0,21,20,0,True,0.11
SCEN_2023_LOW_arrival_linear_baseline_v1_S0432,432,arrival_linear_baseline_v1,4210.0,0,0.0,21,20,0,True,0.11
SCEN_2023_LOW_arrival_linear_baseline_v1_S0433,433,arrival_linear_baseline_v1,4210.0,0,0.0,21,20,0,True,0.11
SCEN_2023_LOW_arrival_linear_baseline_v1_S0434,434,arrival_linear_baseline_v1,4210.0,0,0.0,21,20,0,True,0.11
SCEN_2023_LOW_arrival_linear_baseline_v1_S0435,435,arrival_linear_baseline_v1,4210.0,0,0.0,21,20,0,True,0.11
SCEN_2023_LOW_arrival_linear_baseline_v1_S0436,436,arrival_linear_baseline_v1,4210.0,0,0.0,21,20,0,True,0.11
SCEN_2023_LOW_arrival_linear_baseline_v1_S0437,437,arrival_linear_baseline_v1,4210.0,0,0.0,21,20,0,True,0.11
SCEN_2023_LOW_arrival_linear_baseline_v1_S0438,438,arrival_linear_baseline_v1,4210.0,0,0.0,21,20,0,True,0.11
SCEN_2023_LOW_arrival_linear_baseline_v1_S0439,439,arrival_linear_baseline_v1,4210.0,0,0.0,21,20,0,True,0.11
SCEN_2023_LOW_arrival_linear_baseline_v1_S0440,440,arrival_linear_baseline_v1,4210.0,0,0.0,21,20,0,True,0.11
SCEN_2023_LOW_arrival_linear_baseline_v1_S0441,441,arrival_linear_baseline_v1,4210.0,0,0.0,21,20,0,True,0.13
SCEN_2023_LOW_arrival_linear_baseline_v1_S0442,442,arrival_linear_baseline_v1,4210.0,0,0.0,21,20,0,True,0.12
SCEN_2023_LOW_arrival_linear_baseline_v1_S0443,443,arrival_linear_baseline_v1,4210.0,0,0.0,21,20,0,True,0.12
SCEN_2023_LOW_arrival_linear_baseline_v1_S0444,444,arrival_linear_baseline_v1,4210.0,0,0.0,21,20,0,True,0.11
SCEN_2023_LOW_arrival_linear_baseline_v1_S0445,445,arrival_linear_baseline_v1,4210.0,0,0.0,21,20,0,True,0.11
SCEN_2023_LOW_arrival_linear_baseline_v1_S0446,446,arrival_linear_baseline_v1,4210.0,0,0.0,21,20,0,True,0.11
SCEN_2023_LOW_arrival_linear_baseline_v1_S0447,447,arrival_linear_baseline_v1,4210.0,0,0.0,21,20,0,True,0.12
SCEN_2023_LOW_arrival_linear_baseline_v1_S0448,448,arrival_linear_baseline_v1,4210.0,0,0.0,21,20,0,True,0.12
SCEN_2023_LOW_arrival_linear_baseline_v1_S0449,449,arrival_linear_baseline_v1,4210.0,0,0.0,21,20,0,True,0.11
SCEN_2023_LOW_arrival_linear_baseline_v1_S0450,450,arrival_linear_baseline_v1,4210.0,0,0.0,21,20,0,True,0.11
SCEN_2023_LOW_arrival_linear_baseline_v1_S0451,451,arrival_linear_baseline_v1,4210.0,0,0.0,21,20,0,True,0.11
SCEN_2023_LOW_arrival_linear_baseline_v1_S0452,452,arrival_linear_baseline_v1,4210.0,0,0.0,21,20,0,True,0.11
SCEN_2023_LOW_arrival_linear_baseline_v1_S0453,453,arrival_linear_baseline_v1,4210.0,0,0.0,21,20,0,True,0.11
SCEN_2023_LOW_arrival_linear_baseline_v1_S0454,454,arrival_linear_baseline_v1,4210.0,0,0.0,21,20,0,True,0.11
SCEN_2023_LOW_arrival_linear_baseline_v1_S0455,455,arrival_linear_baseline_v1,4210.0,0,0.0,21,20,0,True,0.11
SCEN_2023_LOW_arrival_linear_baseline_v1_S0456,456,arrival_linear_baseline_v1,4210.0,0,0.0,21,20,0,True,0.11
SCEN_2023_LOW_arrival_linear_baseline_v1_S0457,457,arrival_linear_baseline_v1,4210.0,0,0.0,21,20,0,True,0.11
SCEN_2023_LOW_arrival_linear_baseline_v1_S0458,458,arrival_linear_baseline_v1,4210.0,0,0.0,21,20,0,True,0.11
SCEN_2023_LOW_arrival_linear_baseline_v1_S0459,459,arrival_linear_baseline_v1,4210.0,0,0.0,21,20,0,True,0.11
SCEN_2023_LOW_arrival_linear_baseline_v1_S0460,460,arrival_linear_baseline_v1,4210.0,0,0.0,21,20,0,True,0.11
SCEN_2023_LOW_arrival_linear_baseline_v1_S0461,461,arrival_linear_baseline_v1,4210.0,0,0.0,21,20,0,True,0.11
SCEN_2023_LOW_arrival_linear_baseline_v1_S0462,462,arrival_linear_baseline_v1,4210.0,0,0.0,21,20,0,True,0.11
SCEN_2023_LOW_arrival_linear_baseline_v1_S0463,463,arrival_linear_baseline_v1,4210.0,0,0.0,21,20,0,True,0.11
SCEN_2023_LOW_arrival_linear_baseline_v1_S0464,464,arrival_linear_baseline_v1,4210.0,0,0.0,21,20,0,True,0.11
SCEN_2023_LOW_arrival_linear_baseline_v1_S0465,465,arrival_linear_baseline_v1,4210.0,0,0.0,21,20,0,True,0.11
SCEN_2023_LOW_arrival_linear_baseline_v1_S0466,466,arrival_linear_baseline_v1,4210.0,0,0.0,21,20,0,True,0.55
SCEN_2023_LOW_arrival_linear_baseline_v1_S0467,467,arrival_linear_baseline_v1,4210.0,0,0.0,21,20,0,True,0.14
SCEN_2023_LOW_arrival_linear_baseline_v1_S0468,468,arrival_linear_baseline_v1,4210.0,0,0.0,21,20,0,True,0.11
SCEN_2023_LOW_arrival_linear_baseline_v1_S0469,469,arrival_linear_baseline_v1,4210.0,0,0.0,21,20,0,True,0.11
SCEN_2023_LOW_arrival_linear_baseline_v1_S0470,470,arrival_linear_baseline_v1,4210.0,0,0.0,21,20,0,True,0.11
SCEN_2023_LOW_arrival_linear_baseline_v1_S0471,471,arrival_linear_baseline_v1,4210.0,0,0.0,21,20,0,True,0.17
SCEN_2023_LOW_arrival_linear_baseline_v1_S0472,472,arrival_linear_baseline_v1,4210.0,0,0.0,21,20,0,True,0.11
SCEN_2023_LOW_arrival_linear_baseline_v1_S0473,473,arrival_linear_baseline_v1,4210.0,0,0.0,21,20,0,True,0.11
SCEN_2023_LOW_arrival_linear_baseline_v1_S0474,474,arrival_linear_baseline_v1,4210.0,0,0.0,21,20,0,True,0.11
SCEN_2023_LOW_arrival_linear_baseline_v1_S0475,475,arrival_linear_baseline_v1,4210.0,0,0.0,21,20,0,True,0.11
SCEN_2023_LOW_arrival_linear_baseline_v1_S0476,476,arrival_linear_baseline_v1,4210.0,0,0.0,21,20,0,True,0.11
SCEN_2023_LOW_arrival_linear_baseline_v1_S0477,477,arrival_linear_baseline_v1,4210.0,0,0.0,21,20,0,True,0.11
SCEN_2023_LOW_arrival_linear_baseline_v1_S0478,478,arrival_linear_baseline_v1,4210.0,0,0.0,21,20,0,True,0.11
SCEN_2023_LOW_arrival_linear_baseline_v1_S0479,479,arrival_linear_baseline_v1,4210.0,0,0.0,21,20,0,True,0.11
SCEN_2023_LOW_arrival_linear_baseline_v1_S0480,480,arrival_linear_baseline_v1,4210.0,0,0.0,21,20,0,True,0.11
SCEN_2023_LOW_arrival_linear_baseline_v1_S0481,481,arrival_linear_baseline_v1,4210.0,0,0.0,21,20,0,True,0.11
SCEN_2023_LOW_arrival_linear_baseline_v1_S0482,482,arrival_linear_baseline_v1,4210.0,0,0.0,21,20,0,True,0.23
SCEN_2023_LOW_arrival_linear_baseline_v1_S0483,483,arrival_linear_baseline_v1,4210.0,0,0.0,21,20,0,True,0.12
SCEN_2023_LOW_arrival_linear_baseline_v1_S0484,484,arrival_linear_baseline_v1,4210.0,0,0.0,21,20,0,True,0.13
SCEN_2023_LOW_arrival_linear_baseline_v1_S0485,485,arrival_linear_baseline_v1,4210.0,0,0.0,21,20,0,True,0.12
SCEN_2023_LOW_arrival_linear_baseline_v1_S0486,486,arrival_linear_baseline_v1,4210.0,0,0.0,21,20,0,True,0.11
SCEN_2023_LOW_arrival_linear_baseline_v1_S0487,487,arrival_linear_baseline_v1,4210.0,0,0.0,21,20,0,True,0.11
SCEN_2023_LOW_arrival_linear_baseline_v1_S0488,488,arrival_linear_baseline_v1,4210.0,0,0.0,21,20,0,True,0.11
SCEN_2023_LOW_arrival_linear_baseline_v1_S0489,489,arrival_linear_baseline_v1,4210.0,0,0.0,21,20,0,True,0.13
SCEN_2023_LOW_arrival_linear_baseline_v1_S0490,490,arrival_linear_baseline_v1,4210.0,0,0.0,21,20,0,True,0.15
SCEN_2023_LOW_arrival_linear_baseline_v1_S0491,491,arrival_linear_baseline_v1,4210.0,0,0.0,21,20,0,True,0.19
SCEN_2023_LOW_arrival_linear_baseline_v1_S0492,492,arrival_linear_baseline_v1,4210.0,0,0.0,21,20,0,True,0.16
SCEN_2023_LOW_arrival_linear_baseline_v1_S0493,493,arrival_linear_baseline_v1,4210.0,0,0.0,21,20,0,True,0.16
SCEN_2023_LOW_arrival_linear_baseline_v1_S0494,494,arrival_linear_baseline_v1,4210.0,0,0.0,21,20,0,True,0.15
SCEN_2023_LOW_arrival_linear_baseline_v1_S0495,495,arrival_linear_baseline_v1,4210.0,0,0.0,21,20,0,True,0.16
SCEN_2023_LOW_arrival_linear_baseline_v1_S0496,496,arrival_linear_baseline_v1,4210.0,0,0.0,21,20,0,True,0.16
SCEN_2023_LOW_arrival_linear_baseline_v1_S0497,497,arrival_linear_baseline_v1,4210.0,0,0.0,21,20,0,True,0.15
SCEN_2023_LOW_arrival_linear_baseline_v1_S0498,498,arrival_linear_baseline_v1,4210.0,0,0.0,21,20,0,True,0.13
SCEN_2023_LOW_arrival_linear_baseline_v1_S0499,499,arrival_linear_baseline_v1,4210.0,0,0.0,21,20,0,True,0.15
SCEN_2023_LOW_arrival_linear_baseline_v1_S0500,500,arrival_linear_baseline_v1,4210.0,0,0.0,21,20,0,True,0.16
SCEN_2023_LOW_arrival_linear_baseline_v1_S0501,501,arrival_linear_baseline_v1,4210.0,0,0.0,21,20,0,True,0.18
SCEN_2023_LOW_arrival_linear_baseline_v1_S0502,502,arrival_linear_baseline_v1,4210.0,0,0.0,21,20,0,True,0.16
SCEN_2023_LOW_arrival_linear_baseline_v1_S0503,503,arrival_linear_baseline_v1,4210.0,0,0.0,21,20,0,True,0.16
SCEN_2023_LOW_arrival_linear_baseline_v1_S0504,504,arrival_linear_baseline_v1,4210.0,0,0.0,21,20,0,True,0.16
SCEN_2023_LOW_arrival_linear_baseline_v1_S0505,505,arrival_linear_baseline_v1,4210.0,0,0.0,21,20,0,True,0.16
SCEN_2023_LOW_arrival_linear_baseline_v1_S0506,506,arrival_linear_baseline_v1,4210.0,0,0.0,21,20,0,True,0.15
SCEN_2023_LOW_arrival_linear_baseline_v1_S0507,507,arrival_linear_baseline_v1,4210.0,0,0.0,21,20,0,True,0.15
SCEN_2023_LOW_arrival_linear_baseline_v1_S0508,508,arrival_linear_baseline_v1,4210.0,0,0.0,21,20,0,True,0.15
SCEN_2023_LOW_arrival_linear_baseline_v1_S0509,509,arrival_linear_baseline_v1,4210.0,0,0.0,21,20,0,True,0.12
SCEN_2023_LOW_arrival_linear_baseline_v1_S0510,510,arrival_linear_baseline_v1,4210.0,0,0.0,21,20,0,True,0.14
SCEN_2023_LOW_arrival_linear_baseline_v1_S0511,511,arrival_linear_baseline_v1,4210.0,0,0.0,21,20,0,True,0.16
SCEN_2023_LOW_arrival_linear_baseline_v1_S0512,512,arrival_linear_baseline_v1,4210.0,0,0.0,21,20,0,True,0.16
SCEN_2023_LOW_arrival_linear_baseline_v1_S0513,513,arrival_linear_baseline_v1,4210.0,0,0.0,21,20,0,True,0.15
SCEN_2023_LOW_arrival_linear_baseline_v1_S0514,514,arrival_linear_baseline_v1,4210.0,0,0.0,21,20,0,True,0.16
SCEN_2023_LOW_arrival_linear_baseline_v1_S0515,515,arrival_linear_baseline_v1,4210.0,0,0.0,21,20,0,True,0.15
SCEN_2023_LOW_arrival_linear_baseline_v1_S0516,516,arrival_linear_baseline_v1,4210.0,0,0.0,21,20,0,True,0.15
SCEN_2023_LOW_arrival_linear_baseline_v1_S0517,517,arrival_linear_baseline_v1,4210.0,0,0.0,21,20,0,True,0.16
SCEN_2023_LOW_arrival_linear_baseline_v1_S0518,518,arrival_linear_baseline_v1,4210.0,0,0.0,21,20,0,True,0.15
SCEN_2023_LOW_arrival_linear_baseline_v1_S0519,519,arrival_linear_baseline_v1,4210.0,0,0.0,21,20,0,True,0.12
SCEN_2023_LOW_arrival_linear_baseline_v1_S0520,520,arrival_linear_baseline_v1,4210.0,0,0.0,21,20,0,True,0.14
SCEN_2023_LOW_arrival_linear_baseline_v1_S0521,521,arrival_linear_baseline_v1,4210.0,0,0.0,21,20,0,True,0.17
SCEN_2023_LOW_arrival_linear_baseline_v1_S0522,522,arrival_linear_baseline_v1,4210.0,0,0.0,21,20,0,True,0.16
SCEN_2023_LOW_arrival_linear_baseline_v1_S0523,523,arrival_linear_baseline_v1,4210.0,0,0.0,21,20,0,True,0.15
SCEN_2023_LOW_arrival_linear_baseline_v1_S0524,524,arrival_linear_baseline_v1,4210.0,0,0.0,21,20,0,True,0.15
SCEN_2023_LOW_arrival_linear_baseline_v1_S0525,525,arrival_linear_baseline_v1,4210.0,0,0.0,21,20,0,True,0.15
SCEN_2023_LOW_arrival_linear_baseline_v1_S0526,526,arrival_linear_baseline_v1,4210.0,0,0.0,21,20,0,True,0.15
SCEN_2023_LOW_arrival_linear_baseline_v1_S0527,527,arrival_linear_baseline_v1,4210.0,0,0.0,21,20,0,True,0.16
SCEN_2023_LOW_arrival_linear_baseline_v1_S0528,528,arrival_linear_baseline_v1,4210.0,0,0.0,21,20,0,True,0.15
SCEN_2023_LOW_arrival_linear_baseline_v1_S0529,529,arrival_linear_baseline_v1,4210.0,0,0.0,21,20,0,True,0.15
SCEN_2023_LOW_arrival_linear_baseline_v1_S0530,530,arrival_linear_baseline_v1,4210.0,0,0.0,21,20,0,True,0.12
SCEN_2023_LOW_arrival_linear_baseline_v1_S0531,531,arrival_linear_baseline_v1,4210.0,0,0.0,21,20,0,True,0.12
SCEN_2023_LOW_arrival_linear_baseline_v1_S0532,532,arrival_linear_baseline_v1,4210.0,0,0.0,21,20,0,True,0.16
SCEN_2023_LOW_arrival_linear_baseline_v1_S0533,533,arrival_linear_baseline_v1,4210.0,0,0.0,21,20,0,True,0.15
SCEN_2023_LOW_arrival_linear_baseline_v1_S0534,534,arrival_linear_baseline_v1,4210.0,0,0.0,21,20,0,True,0.16
SCEN_2023_LOW_arrival_linear_baseline_v1_S0535,535,arrival_linear_baseline_v1,4210.0,0,0.0,21,20,0,True,0.14
SCEN_2023_LOW_arrival_linear_baseline_v1_S0536,536,arrival_linear_baseline_v1,4210.0,0,0.0,21,20,0,True,0.15
SCEN_2023_LOW_arrival_linear_baseline_v1_S0537,537,arrival_linear_baseline_v1,4210.0,0,0.0,21,20,0,True,0.15
SCEN_2023_LOW_arrival_linear_baseline_v1_S0538,538,arrival_linear_baseline_v1,4210.0,0,0.0,21,20,0,True,0.14
SCEN_2023_LOW_arrival_linear_baseline_v1_S0539,539,arrival_linear_baseline_v1,4210.0,0,0.0,21,20,0,True,0.15
SCEN_2023_LOW_arrival_linear_baseline_v1_S0540,540,arrival_linear_baseline_v1,4210.0,0,0.0,21,20,0,True,0.15
SCEN_2023_LOW_arrival_linear_baseline_v1_S0541,541,arrival_linear_baseline_v1,4210.0,0,0.0,21,20,0,True,0.15
SCEN_2023_LOW_arrival_linear_baseline_v1_S0542,542,arrival_linear_baseline_v1,4210.0,0,0.0,21,20,0,True,0.13
SCEN_2023_LOW_arrival_linear_baseline_v1_S0543,543,arrival_linear_baseline_v1,4210.0,0,0.0,21,20,0,True,0.12
SCEN_2023_LOW_arrival_linear_baseline_v1_S0544,544,arrival_linear_baseline_v1,4210.0,0,0.0,21,20,0,True,0.16
SCEN_2023_LOW_arrival_linear_baseline_v1_S0545,545,arrival_linear_baseline_v1,4210.0,0,0.0,21,20,0,True,0.15
SCEN_2023_LOW_arrival_linear_baseline_v1_S0546,546,arrival_linear_baseline_v1,4210.0,0,0.0,21,20,0,True,0.16
SCEN_2023_LOW_arrival_linear_baseline_v1_S0547,547,arrival_linear_baseline_v1,4210.0,0,0.0,21,20,0,True,0.16
SCEN_2023_LOW_arrival_linear_baseline_v1_S0548,548,arrival_linear_baseline_v1,4210.0,0,0.0,21,20,0,True,0.15
SCEN_2023_LOW_arrival_linear_baseline_v1_S0549,549,arrival_linear_baseline_v1,4210.0,0,0.0,21,20,0,True,0.17
SCEN_2023_LOW_arrival_linear_baseline_v1_S0550,550,arrival_linear_baseline_v1,4210.0,0,0.0,21,20,0,True,0.15
SCEN_2023_LOW_arrival_linear_baseline_v1_S0551,551,arrival_linear_baseline_v1,4210.0,0,0.0,21,20,0,True,0.24
SCEN_2023_LOW_arrival_linear_baseline_v1_S0552,552,arrival_linear_baseline_v1,4210.0,0,0.0,21,20,0,True,0.23
SCEN_2023_LOW_arrival_linear_baseline_v1_S0553,553,arrival_linear_baseline_v1,4210.0,0,0.0,21,20,0,True,0.21
SCEN_2023_LOW_arrival_linear_baseline_v1_S0554,554,arrival_linear_baseline_v1,4210.0,0,0.0,21,20,0,True,0.12
SCEN_2023_LOW_arrival_linear_baseline_v1_S0555,555,arrival_linear_baseline_v1,4210.0,0,0.0,21,20,0,True,0.12
SCEN_2023_LOW_arrival_linear_baseline_v1_S0556,556,arrival_linear_baseline_v1,4210.0,0,0.0,21,20,0,True,0.12
SCEN_2023_LOW_arrival_linear_baseline_v1_S0557,557,arrival_linear_baseline_v1,4210.0,0,0.0,21,20,0,True,0.12
SCEN_2023_LOW_arrival_linear_baseline_v1_S0558,558,arrival_linear_baseline_v1,4210.0,0,0.0,21,20,0,True,0.13
SCEN_2023_LOW_arrival_linear_baseline_v1_S0559,559,arrival_linear_baseline_v1,4210.0,0,0.0,21,20,0,True,0.12
SCEN_2023_LOW_arrival_linear_baseline_v1_S0560,560,arrival_linear_baseline_v1,4210.0,0,0.0,21,20,0,True,0.12
SCEN_2023_LOW_arrival_linear_baseline_v1_S0561,561,arrival_linear_baseline_v1,4210.0,0,0.0,21,20,0,True,0.12
SCEN_2023_LOW_arrival_linear_baseline_v1_S0562,562,arrival_linear_baseline_v1,4210.0,0,0.0,21,20,0,True,0.12
SCEN_2023_LOW_arrival_linear_baseline_v1_S0563,563,arrival_linear_baseline_v1,4210.0,0,0.0,21,20,0,True,0.12
SCEN_2023_LOW_arrival_linear_baseline_v1_S0564,564,arrival_linear_baseline_v1,4210.0,0,0.0,21,20,0,True,0.11
SCEN_2023_LOW_arrival_linear_baseline_v1_S0565,565,arrival_linear_baseline_v1,4210.0,0,0.0,21,20,0,True,0.11
SCEN_2023_LOW_arrival_linear_baseline_v1_S0566,566,arrival_linear_baseline_v1,4210.0,0,0.0,21,20,0,True,0.11
SCEN_2023_LOW_arrival_linear_baseline_v1_S0567,567,arrival_linear_baseline_v1,4210.0,0,0.0,21,20,0,True,0.11
SCEN_2023_LOW_arrival_linear_baseline_v1_S0568,568,arrival_linear_baseline_v1,4210.0,0,0.0,21,20,0,True,0.11
SCEN_2023_LOW_arrival_linear_baseline_v1_S0569,569,arrival_linear_baseline_v1,4210.0,0,0.0,21,20,0,True,0.11
SCEN_2023_LOW_arrival_linear_baseline_v1_S0570,570,arrival_linear_baseline_v1,4210.0,0,0.0,21,20,0,True,0.11
SCEN_2023_LOW_arrival_linear_baseline_v1_S0571,571,arrival_linear_baseline_v1,4210.0,0,0.0,21,20,0,True,0.12
SCEN_2023_LOW_arrival_linear_baseline_v1_S0572,572,arrival_linear_baseline_v1,4210.0,0,0.0,21,20,0,True,0.11
SCEN_2023_LOW_arrival_linear_baseline_v1_S0573,573,arrival_linear_baseline_v1,4210.0,0,0.0,21,20,0,True,0.13
SCEN_2023_LOW_arrival_linear_baseline_v1_S0574,574,arrival_linear_baseline_v1,4210.0,0,0.0,21,20,0,True,0.11
SCEN_2023_LOW_arrival_linear_baseline_v1_S0575,575,arrival_linear_baseline_v1,4210.0,0,0.0,21,20,0,True,0.11
SCEN_2023_LOW_arrival_linear_baseline_v1_S0576,576,arrival_linear_baseline_v1,4210.0,0,0.0,21,20,0,True,0.11
SCEN_2023_LOW_arrival_linear_baseline_v1_S0577,577,arrival_linear_baseline_v1,4210.0,0,0.0,21,20,0,True,0.11
SCEN_2023_LOW_arrival_linear_baseline_v1_S0578,578,arrival_linear_baseline_v1,4210.0,0,0.0,21,20,0,True,0.11
SCEN_2023_LOW_arrival_linear_baseline_v1_S0579,579,arrival_linear_baseline_v1,4210.0,0,0.0,21,20,0,True,0.14
SCEN_2023_LOW_arrival_linear_baseline_v1_S0580,580,arrival_linear_baseline_v1,4210.0,0,0.0,21,20,0,True,0.11
SCEN_2023_LOW_arrival_linear_baseline_v1_S0581,581,arrival_linear_baseline_v1,4210.0,0,0.0,21,20,0,True,0.11
SCEN_2023_LOW_arrival_linear_baseline_v1_S0582,582,arrival_linear_baseline_v1,4210.0,0,0.0,21,20,0,True,0.11
SCEN_2023_LOW_arrival_linear_baseline_v1_S0583,583,arrival_linear_baseline_v1,4210.0,0,0.0,21,20,0,True,0.11
SCEN_2023_LOW_arrival_linear_baseline_v1_S0584,584,arrival_linear_baseline_v1,4210.0,0,0.0,21,20,0,True,0.11
SCEN_2023_LOW_arrival_linear_baseline_v1_S0585,585,arrival_linear_baseline_v1,4210.0,0,0.0,21,20,0,True,0.12
SCEN_2023_LOW_arrival_linear_baseline_v1_S0586,586,arrival_linear_baseline_v1,4210.0,0,0.0,21,20,0,True,0.11
SCEN_2023_LOW_arrival_linear_baseline_v1_S0587,587,arrival_linear_baseline_v1,4210.0,0,0.0,21,20,0,True,0.11
SCEN_2023_LOW_arrival_linear_baseline_v1_S0588,588,arrival_linear_baseline_v1,4210.0,0,0.0,21,20,0,True,0.11
SCEN_2023_LOW_arrival_linear_baseline_v1_S0589,589,arrival_linear_baseline_v1,4210.0,0,0.0,21,20,0,True,0.11
SCEN_2023_LOW_arrival_linear_baseline_v1_S0590,590,arrival_linear_baseline_v1,4210.0,0,0.0,21,20,0,True,0.11
SCEN_2023_LOW_arrival_linear_baseline_v1_S0591,591,arrival_linear_baseline_v1,4210.0,0,0.0,21,20,0,True,0.11
SCEN_2023_LOW_arrival_linear_baseline_v1_S0592,592,arrival_linear_baseline_v1,4210.0,0,0.0,21,20,0,True,0.11
SCEN_2023_LOW_arrival_linear_baseline_v1_S0593,593,arrival_linear_baseline_v1,4210.0,0,0.0,21,20,0,True,0.11
SCEN_2023_LOW_arrival_linear_baseline_v1_S0594,594,arrival_linear_baseline_v1,4210.0,0,0.0,21,20,0,True,0.11
SCEN_2023_LOW_arrival_linear_baseline_v1_S0595,595,arrival_linear_baseline_v1,4210.0,0,0.0,21,20,0,True,0.13
SCEN_2023_LOW_arrival_linear_baseline_v1_S0596,596,arrival_linear_baseline_v1,4210.0,0,0.0,21,20,0,True,0.11
SCEN_2023_LOW_arrival_linear_baseline_v1_S0597,597,arrival_linear_baseline_v1,4210.0,0,0.0,21,20,0,True,0.11
SCEN_2023_LOW_arrival_linear_baseline_v1_S0598,598,arrival_linear_baseline_v1,4210.0,0,0.0,21,20,0,True,0.11
SCEN_2023_LOW_arrival_linear_baseline_v1_S0599,599,arrival_linear_baseline_v1,4210.0,0,0.0,21,20,0,True,0.11
SCEN_2023_LOW_arrival_linear_baseline_v1_S0600,600,arrival_linear_baseline_v1,4210.0,0,0.0,21,20,0,True,0.11
SCEN_2023_LOW_arrival_linear_baseline_v1_S0601,601,arrival_linear_baseline_v1,4210.0,0,0.0,21,20,0,True,0.13
SCEN_2023_LOW_arrival_linear_baseline_v1_S0602,602,arrival_linear_baseline_v1,4210.0,0,0.0,21,20,0,True,0.13
SCEN_2023_LOW_arrival_linear_baseline_v1_S0603,603,arrival_linear_baseline_v1,4210.0,0,0.0,21,20,0,True,0.12
SCEN_2023_LOW_arrival_linear_baseline_v1_S0604,604,arrival_linear_baseline_v1,4210.0,0,0.0,21,20,0,True,0.11
SCEN_2023_LOW_arrival_linear_baseline_v1_S0605,605,arrival_linear_baseline_v1,4210.0,0,0.0,21,20,0,True,0.11
SCEN_2023_LOW_arrival_linear_baseline_v1_S0606,606,arrival_linear_baseline_v1,4210.0,0,0.0,21,20,0,True,0.12
SCEN_2023_LOW_arrival_linear_baseline_v1_S0607,607,arrival_linear_baseline_v1,4210.0,0,0.0,21,20,0,True,0.11
SCEN_2023_LOW_arrival_linear_baseline_v1_S0608,608,arrival_linear_baseline_v1,4210.0,0,0.0,21,20,0,True,0.11
SCEN_2023_LOW_arrival_linear_baseline_v1_S0609,609,arrival_linear_baseline_v1,4210.0,0,0.0,21,20,0,True,0.11
SCEN_2023_LOW_arrival_linear_baseline_v1_S0610,610,arrival_linear_baseline_v1,4210.0,0,0.0,21,20,0,True,0.11
SCEN_2023_LOW_arrival_linear_baseline_v1_S0611,611,arrival_linear_baseline_v1,4210.0,0,0.0,21,20,0,True,0.12
SCEN_2023_LOW_arrival_linear_baseline_v1_S0612,612,arrival_linear_baseline_v1,4210.0,0,0.0,21,20,0,True,0.11
SCEN_2023_LOW_arrival_linear_baseline_v1_S0613,613,arrival_linear_baseline_v1,4210.0,0,0.0,21,20,0,True,0.14
SCEN_2023_LOW_arrival_linear_baseline_v1_S0614,614,arrival_linear_baseline_v1,4210.0,0,0.0,21,20,0,True,0.11
SCEN_2023_LOW_arrival_linear_baseline_v1_S0615,615,arrival_linear_baseline_v1,4210.0,0,0.0,21,20,0,True,0.11
SCEN_2023_LOW_arrival_linear_baseline_v1_S0616,616,arrival_linear_baseline_v1,4210.0,0,0.0,21,20,0,True,0.11
SCEN_2023_LOW_arrival_linear_baseline_v1_S0617,617,arrival_linear_baseline_v1,4210.0,0,0.0,21,20,0,True,0.11
SCEN_2023_LOW_arrival_linear_baseline_v1_S0618,618,arrival_linear_baseline_v1,4210.0,0,0.0,21,20,0,True,0.13
SCEN_2023_LOW_arrival_linear_baseline_v1_S0619,619,arrival_linear_baseline_v1,4210.0,0,0.0,21,20,0,True,0.18
SCEN_2023_LOW_arrival_linear_baseline_v1_S0620,620,arrival_linear_baseline_v1,4210.0,0,0.0,21,20,0,True,0.12
SCEN_2023_LOW_arrival_linear_baseline_v1_S0621,621,arrival_linear_baseline_v1,4210.0,0,0.0,21,20,0,True,0.11
SCEN_2023_LOW_arrival_linear_baseline_v1_S0622,622,arrival_linear_baseline_v1,4210.0,0,0.0,21,20,0,True,0.11
SCEN_2023_LOW_arrival_linear_baseline_v1_S0623,623,arrival_linear_baseline_v1,4210.0,0,0.0,21,20,0,True,0.11
SCEN_2023_LOW_arrival_linear_baseline_v1_S0624,624,arrival_linear_baseline_v1,4210.0,0,0.0,21,20,0,True,0.11
SCEN_2023_LOW_arrival_linear_baseline_v1_S0625,625,arrival_linear_baseline_v1,4210.0,0,0.0,21,20,0,True,0.11
SCEN_2023_LOW_arrival_linear_baseline_v1_S0626,626,arrival_linear_baseline_v1,4210.0,0,0.0,21,20,0,True,0.11
SCEN_2023_LOW_arrival_linear_baseline_v1_S0627,627,arrival_linear_baseline_v1,4210.0,0,0.0,21,20,0,True,0.15
SCEN_2023_LOW_arrival_linear_baseline_v1_S0628,628,arrival_linear_baseline_v1,4210.0,0,0.0,21,20,0,True,0.11
SCEN_2023_LOW_arrival_linear_baseline_v1_S0629,629,arrival_linear_baseline_v1,4210.0,0,0.0,21,20,0,True,0.11
SCEN_2023_LOW_arrival_linear_baseline_v1_S0630,630,arrival_linear_baseline_v1,4210.0,0,0.0,21,20,0,True,0.11
SCEN_2023_LOW_arrival_linear_baseline_v1_S0631,631,arrival_linear_baseline_v1,4210.0,0,0.0,21,20,0,True,0.11
SCEN_2023_LOW_arrival_linear_baseline_v1_S0632,632,arrival_linear_baseline_v1,4210.0,0,0.0,21,20,0,True,0.11
SCEN_2023_LOW_arrival_linear_baseline_v1_S0633,633,arrival_linear_baseline_v1,4210.0,0,0.0,21,20,0,True,0.11
SCEN_2023_LOW_arrival_linear_baseline_v1_S0634,634,arrival_linear_baseline_v1,4210.0,0,0.0,21,20,0,True,0.11
SCEN_2023_LOW_arrival_linear_baseline_v1_S0635,635,arrival_linear_baseline_v1,4210.0,0,0.0,21,20,0,True,0.11
SCEN_2023_LOW_arrival_linear_baseline_v1_S0636,636,arrival_linear_baseline_v1,4210.0,0,0.0,21,20,0,True,0.11
SCEN_2023_LOW_arrival_linear_baseline_v1_S0637,637,arrival_linear_baseline_v1,4210.0,0,0.0,21,20,0,True,0.11
SCEN_2023_LOW_arrival_linear_baseline_v1_S0638,638,arrival_linear_baseline_v1,4210.0,0,0.0,21,20,0,True,0.11
SCEN_2023_LOW_arrival_linear_baseline_v1_S0639,639,arrival_linear_baseline_v1,4210.0,0,0.0,21,20,0,True,0.11
SCEN_2023_LOW_arrival_linear_baseline_v1_S0640,640,arrival_linear_baseline_v1,4210.0,0,0.0,21,20,0,True,0.13
SCEN_2023_LOW_arrival_linear_baseline_v1_S0641,641,arrival_linear_baseline_v1,4210.0,0,0.0,21,20,0,True,0.14
SCEN_2023_LOW_arrival_linear_baseline_v1_S0642,642,arrival_linear_baseline_v1,4210.0,0,0.0,21,20,0,True,0.15
SCEN_2023_LOW_arrival_linear_baseline_v1_S0643,643,arrival_linear_baseline_v1,4210.0,0,0.0,21,20,0,True,0.15
SCEN_2023_LOW_arrival_linear_baseline_v1_S0644,644,arrival_linear_baseline_v1,4210.0,0,0.0,21,20,0,True,0.15
SCEN_2023_LOW_arrival_linear_baseline_v1_S0645,645,arrival_linear_baseline_v1,4210.0,0,0.0,21,20,0,True,0.15
SCEN_2023_LOW_arrival_linear_baseline_v1_S0646,646,arrival_linear_baseline_v1,4210.0,0,0.0,21,20,0,True,0.15
SCEN_2023_LOW_arrival_linear_baseline_v1_S0647,647,arrival_linear_baseline_v1,4210.0,0,0.0,21,20,0,True,0.15
SCEN_2023_LOW_arrival_linear_baseline_v1_S0648,648,arrival_linear_baseline_v1,4210.0,0,0.0,21,20,0,True,0.15
SCEN_2023_LOW_arrival_linear_baseline_v1_S0649,649,arrival_linear_baseline_v1,4210.0,0,0.0,21,20,0,True,0.19
SCEN_2023_LOW_arrival_linear_baseline_v1_S0650,650,arrival_linear_baseline_v1,4210.0,0,0.0,21,20,0,True,0.12
SCEN_2023_LOW_arrival_linear_baseline_v1_S0651,651,arrival_linear_baseline_v1,4210.0,0,0.0,21,20,0,True,0.15
SCEN_2023_LOW_arrival_linear_baseline_v1_S0652,652,arrival_linear_baseline_v1,4210.0,0,0.0,21,20,0,True,0.16
SCEN_2023_LOW_arrival_linear_baseline_v1_S0653,653,arrival_linear_baseline_v1,4210.0,0,0.0,21,20,0,True,0.15
SCEN_2023_LOW_arrival_linear_baseline_v1_S0654,654,arrival_linear_baseline_v1,4210.0,0,0.0,21,20,0,True,0.15
SCEN_2023_LOW_arrival_linear_baseline_v1_S0655,655,arrival_linear_baseline_v1,4210.0,0,0.0,21,20,0,True,0.16
SCEN_2023_LOW_arrival_linear_baseline_v1_S0656,656,arrival_linear_baseline_v1,4210.0,0,0.0,21,20,0,True,0.15
SCEN_2023_LOW_arrival_linear_baseline_v1_S0657,657,arrival_linear_baseline_v1,4210.0,0,0.0,21,20,0,True,0.15
SCEN_2023_LOW_arrival_linear_baseline_v1_S0658,658,arrival_linear_baseline_v1,4210.0,0,0.0,21,20,0,True,0.15
SCEN_2023_LOW_arrival_linear_baseline_v1_S0659,659,arrival_linear_baseline_v1,4210.0,0,0.0,21,20,0,True,0.15
SCEN_2023_LOW_arrival_linear_baseline_v1_S0660,660,arrival_linear_baseline_v1,4210.0,0,0.0,21,20,0,True,0.15
SCEN_2023_LOW_arrival_linear_baseline_v1_S0661,661,arrival_linear_baseline_v1,4210.0,0,0.0,21,20,0,True,0.14
SCEN_2023_LOW_arrival_linear_baseline_v1_S0662,662,arrival_linear_baseline_v1,4210.0,0,0.0,21,20,0,True,0.12
SCEN_2023_LOW_arrival_linear_baseline_v1_S0663,663,arrival_linear_baseline_v1,4210.0,0,0.0,21,20,0,True,0.15
SCEN_2023_LOW_arrival_linear_baseline_v1_S0664,664,arrival_linear_baseline_v1,4210.0,0,0.0,21,20,0,True,0.16
SCEN_2023_LOW_arrival_linear_baseline_v1_S0665,665,arrival_linear_baseline_v1,4210.0,0,0.0,21,20,0,True,0.15
SCEN_2023_LOW_arrival_linear_baseline_v1_S0666,666,arrival_linear_baseline_v1,4210.0,0,0.0,21,20,0,True,0.16
SCEN_2023_LOW_arrival_linear_baseline_v1_S0667,667,arrival_linear_baseline_v1,4210.0,0,0.0,21,20,0,True,0.17
SCEN_2023_LOW_arrival_linear_baseline_v1_S0668,668,arrival_linear_baseline_v1,4210.0,0,0.0,21,20,0,True,0.15
SCEN_2023_LOW_arrival_linear_baseline_v1_S0669,669,arrival_linear_baseline_v1,4210.0,0,0.0,21,20,0,True,0.16
SCEN_2023_LOW_arrival_linear_baseline_v1_S0670,670,arrival_linear_baseline_v1,4210.0,0,0.0,21,20,0,True,0.15
SCEN_2023_LOW_arrival_linear_baseline_v1_S0671,671,arrival_linear_baseline_v1,4210.0,0,0.0,21,20,0,True,0.13
SCEN_2023_LOW_arrival_linear_baseline_v1_S0672,672,arrival_linear_baseline_v1,4210.0,0,0.0,21,20,0,True,0.16
SCEN_2023_LOW_arrival_linear_baseline_v1_S0673,673,arrival_linear_baseline_v1,4210.0,0,0.0,21,20,0,True,0.15
SCEN_2023_LOW_arrival_linear_baseline_v1_S0674,674,arrival_linear_baseline_v1,4210.0,0,0.0,21,20,0,True,0.16
SCEN_2023_LOW_arrival_linear_baseline_v1_S0675,675,arrival_linear_baseline_v1,4210.0,0,0.0,21,20,0,True,0.16
SCEN_2023_LOW_arrival_linear_baseline_v1_S0676,676,arrival_linear_baseline_v1,4210.0,0,0.0,21,20,0,True,0.18
SCEN_2023_LOW_arrival_linear_baseline_v1_S0677,677,arrival_linear_baseline_v1,4210.0,0,0.0,21,20,0,True,0.15
SCEN_2023_LOW_arrival_linear_baseline_v1_S0678,678,arrival_linear_baseline_v1,4210.0,0,0.0,21,20,0,True,0.15
SCEN_2023_LOW_arrival_linear_baseline_v1_S0679,679,arrival_linear_baseline_v1,4210.0,0,0.0,21,20,0,True,0.15
SCEN_2023_LOW_arrival_linear_baseline_v1_S0680,680,arrival_linear_baseline_v1,4210.0,0,0.0,21,20,0,True,0.16
SCEN_2023_LOW_arrival_linear_baseline_v1_S0681,681,arrival_linear_baseline_v1,4210.0,0,0.0,21,20,0,True,0.12
SCEN_2023_LOW_arrival_linear_baseline_v1_S0682,682,arrival_linear_baseline_v1,4210.0,0,0.0,21,20,0,True,0.14
SCEN_2023_LOW_arrival_linear_baseline_v1_S0683,683,arrival_linear_baseline_v1,4210.0,0,0.0,21,20,0,True,0.15
SCEN_2023_LOW_arrival_linear_baseline_v1_S0684,684,arrival_linear_baseline_v1,4210.0,0,0.0,21,20,0,True,0.16
SCEN_2023_LOW_arrival_linear_baseline_v1_S0685,685,arrival_linear_baseline_v1,4210.0,0,0.0,21,20,0,True,0.16
SCEN_2023_LOW_arrival_linear_baseline_v1_S0686,686,arrival_linear_baseline_v1,4210.0,0,0.0,21,20,0,True,0.16
SCEN_2023_LOW_arrival_linear_baseline_v1_S0687,687,arrival_linear_baseline_v1,4210.0,0,0.0,21,20,0,True,0.15
SCEN_2023_LOW_arrival_linear_baseline_v1_S0688,688,arrival_linear_baseline_v1,4210.0,0,0.0,21,20,0,True,0.15
SCEN_2023_LOW_arrival_linear_baseline_v1_S0689,689,arrival_linear_baseline_v1,4210.0,0,0.0,21,20,0,True,0.18
SCEN_2023_LOW_arrival_linear_baseline_v1_S0690,690,arrival_linear_baseline_v1,4210.0,0,0.0,21,20,0,True,0.16
SCEN_2023_LOW_arrival_linear_baseline_v1_S0691,691,arrival_linear_baseline_v1,4210.0,0,0.0,21,20,0,True,0.15
SCEN_2023_LOW_arrival_linear_baseline_v1_S0692,692,arrival_linear_baseline_v1,4210.0,0,0.0,21,20,0,True,0.15
SCEN_2023_LOW_arrival_linear_baseline_v1_S0693,693,arrival_linear_baseline_v1,4210.0,0,0.0,21,20,0,True,0.15
SCEN_2023_LOW_arrival_linear_baseline_v1_S0694,694,arrival_linear_baseline_v1,4210.0,0,0.0,21,20,0,True,0.16
SCEN_2023_LOW_arrival_linear_baseline_v1_S0695,695,arrival_linear_baseline_v1,4210.0,0,0.0,21,20,0,True,0.16
SCEN_2023_LOW_arrival_linear_baseline_v1_S0696,696,arrival_linear_baseline_v1,4210.0,0,0.0,21,20,0,True,0.15
SCEN_2023_LOW_arrival_linear_baseline_v1_S0697,697,arrival_linear_baseline_v1,4210.0,0,0.0,21,20,0,True,0.16
SCEN_2023_LOW_arrival_linear_baseline_v1_S0698,698,arrival_linear_baseline_v1,4210.0,0,0.0,21,20,0,True,0.16
SCEN_2023_LOW_arrival_linear_baseline_v1_S0699,699,arrival_linear_baseline_v1,4210.0,0,0.0,21,20,0,True,0.16
SCEN_2023_LOW_arrival_linear_baseline_v1_S0700,700,arrival_linear_baseline_v1,4210.0,0,0.0,21,20,0,True,0.15
SCEN_2023_LOW_arrival_linear_baseline_v1_S0701,701,arrival_linear_baseline_v1,4210.0,0,0.0,21,20,0,True,0.12
SCEN_2023_LOW_arrival_linear_baseline_v1_S0702,702,arrival_linear_baseline_v1,4210.0,0,0.0,21,20,0,True,0.12
SCEN_2023_LOW_arrival_linear_baseline_v1_S0703,703,arrival_linear_baseline_v1,4210.0,0,0.0,21,20,0,True,0.12
SCEN_2023_LOW_arrival_linear_baseline_v1_S0704,704,arrival_linear_baseline_v1,4210.0,0,0.0,21,20,0,True,0.12
SCEN_2023_LOW_arrival_linear_baseline_v1_S0705,705,arrival_linear_baseline_v1,4210.0,0,0.0,21,20,0,True,0.11
SCEN_2023_LOW_arrival_linear_baseline_v1_S0706,706,arrival_linear_baseline_v1,4210.0,0,0.0,21,20,0,True,0.13
SCEN_2023_LOW_arrival_linear_baseline_v1_S0707,707,arrival_linear_baseline_v1,4210.0,0,0.0,21,20,0,True,0.12
SCEN_2023_LOW_arrival_linear_baseline_v1_S0708,708,arrival_linear_baseline_v1,4210.0,0,0.0,21,20,0,True,0.14
SCEN_2023_LOW_arrival_linear_baseline_v1_S0709,709,arrival_linear_baseline_v1,4210.0,0,0.0,21,20,0,True,0.12
SCEN_2023_LOW_arrival_linear_baseline_v1_S0710,710,arrival_linear_baseline_v1,4210.0,0,0.0,21,20,0,True,0.11
SCEN_2023_LOW_arrival_linear_baseline_v1_S0711,711,arrival_linear_baseline_v1,4210.0,0,0.0,21,20,0,True,0.11
SCEN_2023_LOW_arrival_linear_baseline_v1_S0712,712,arrival_linear_baseline_v1,4210.0,0,0.0,21,20,0,True,0.12
SCEN_2023_LOW_arrival_linear_baseline_v1_S0713,713,arrival_linear_baseline_v1,4210.0,0,0.0,21,20,0,True,0.12
SCEN_2023_LOW_arrival_linear_baseline_v1_S0714,714,arrival_linear_baseline_v1,4210.0,0,0.0,21,20,0,True,0.12
SCEN_2023_LOW_arrival_linear_baseline_v1_S0715,715,arrival_linear_baseline_v1,4210.0,0,0.0,21,20,0,True,0.11
SCEN_2023_LOW_arrival_linear_baseline_v1_S0716,716,arrival_linear_baseline_v1,4210.0,0,0.0,21,20,0,True,0.11
SCEN_2023_LOW_arrival_linear_baseline_v1_S0717,717,arrival_linear_baseline_v1,4210.0,0,0.0,21,20,0,True,0.11
SCEN_2023_LOW_arrival_linear_baseline_v1_S0718,718,arrival_linear_baseline_v1,4210.0,0,0.0,21,20,0,True,0.11
SCEN_2023_LOW_arrival_linear_baseline_v1_S0719,719,arrival_linear_baseline_v1,4210.0,0,0.0,21,20,0,True,0.11
SCEN_2023_LOW_arrival_linear_baseline_v1_S0720,720,arrival_linear_baseline_v1,4210.0,0,0.0,21,20,0,True,0.11
SCEN_2023_LOW_arrival_linear_baseline_v1_S0721,721,arrival_linear_baseline_v1,4210.0,0,0.0,21,20,0,True,0.19
SCEN_2023_LOW_arrival_linear_baseline_v1_S0722,722,arrival_linear_baseline_v1,4210.0,0,0.0,21,20,0,True,0.11
SCEN_2023_LOW_arrival_linear_baseline_v1_S0723,723,arrival_linear_baseline_v1,4210.0,0,0.0,21,20,0,True,0.11
SCEN_2023_LOW_arrival_linear_baseline_v1_S0724,724,arrival_linear_baseline_v1,4210.0,0,0.0,21,20,0,True,0.12
SCEN_2023_LOW_arrival_linear_baseline_v1_S0725,725,arrival_linear_baseline_v1,4210.0,0,0.0,21,20,0,True,0.12
SCEN_2023_LOW_arrival_linear_baseline_v1_S0726,726,arrival_linear_baseline_v1,4210.0,0,0.0,21,20,0,True,0.11
SCEN_2023_LOW_arrival_linear_baseline_v1_S0727,727,arrival_linear_baseline_v1,4210.0,0,0.0,21,20,0,True,0.11
SCEN_2023_LOW_arrival_linear_baseline_v1_S0728,728,arrival_linear_baseline_v1,4210.0,0,0.0,21,20,0,True,0.11
SCEN_2023_LOW_arrival_linear_baseline_v1_S0729,729,arrival_linear_baseline_v1,4210.0,0,0.0,21,20,0,True,0.11
SCEN_2023_LOW_arrival_linear_baseline_v1_S0730,730,arrival_linear_baseline_v1,4210.0,0,0.0,21,20,0,True,0.11
SCEN_2023_LOW_arrival_linear_baseline_v1_S0731,731,arrival_linear_baseline_v1,4210.0,0,0.0,21,20,0,True,0.11
SCEN_2023_LOW_arrival_linear_baseline_v1_S0732,732,arrival_linear_baseline_v1,4210.0,0,0.0,21,20,0,True,0.12
SCEN_2023_LOW_arrival_linear_baseline_v1_S0733,733,arrival_linear_baseline_v1,4210.0,0,0.0,21,20,0,True,0.11
SCEN_2023_LOW_arrival_linear_baseline_v1_S0734,734,arrival_linear_baseline_v1,4210.0,0,0.0,21,20,0,True,0.22
SCEN_2023_LOW_arrival_linear_baseline_v1_S0735,735,arrival_linear_baseline_v1,4210.0,0,0.0,21,20,0,True,0.23
SCEN_2023_LOW_arrival_linear_baseline_v1_S0736,736,arrival_linear_baseline_v1,4210.0,0,0.0,21,20,0,True,0.18
SCEN_2023_LOW_arrival_linear_baseline_v1_S0737,737,arrival_linear_baseline_v1,4210.0,0,0.0,21,20,0,True,0.12
SCEN_2023_LOW_arrival_linear_baseline_v1_S0738,738,arrival_linear_baseline_v1,4210.0,0,0.0,21,20,0,True,0.11
SCEN_2023_LOW_arrival_linear_baseline_v1_S0739,739,arrival_linear_baseline_v1,4210.0,0,0.0,21,20,0,True,0.11
SCEN_2023_LOW_arrival_linear_baseline_v1_S0740,740,arrival_linear_baseline_v1,4210.0,0,0.0,21,20,0,True,0.11
SCEN_2023_LOW_arrival_linear_baseline_v1_S0741,741,arrival_linear_baseline_v1,4210.0,0,0.0,21,20,0,True,0.11
SCEN_2023_LOW_arrival_linear_baseline_v1_S0742,742,arrival_linear_baseline_v1,4210.0,0,0.0,21,20,0,True,0.11
SCEN_2023_LOW_arrival_linear_baseline_v1_S0743,743,arrival_linear_baseline_v1,4210.0,0,0.0,21,20,0,True,0.11
SCEN_2023_LOW_arrival_linear_baseline_v1_S0744,744,arrival_linear_baseline_v1,4210.0,0,0.0,21,20,0,True,0.11
SCEN_2023_LOW_arrival_linear_baseline_v1_S0745,745,arrival_linear_baseline_v1,4210.0,0,0.0,21,20,0,True,0.11
SCEN_2023_LOW_arrival_linear_baseline_v1_S0746,746,arrival_linear_baseline_v1,4210.0,0,0.0,21,20,0,True,0.11
SCEN_2023_LOW_arrival_linear_baseline_v1_S0747,747,arrival_linear_baseline_v1,4210.0,0,0.0,21,20,0,True,0.13
SCEN_2023_LOW_arrival_linear_baseline_v1_S0748,748,arrival_linear_baseline_v1,4210.0,0,0.0,21,20,0,True,0.12
SCEN_2023_LOW_arrival_linear_baseline_v1_S0749,749,arrival_linear_baseline_v1,4210.0,0,0.0,21,20,0,True,0.12
SCEN_2023_LOW_arrival_linear_baseline_v1_S0750,750,arrival_linear_baseline_v1,4210.0,0,0.0,21,20,0,True,0.11
SCEN_2023_LOW_arrival_linear_baseline_v1_S0751,751,arrival_linear_baseline_v1,4210.0,0,0.0,21,20,0,True,0.11
SCEN_2023_LOW_arrival_linear_baseline_v1_S0752,752,arrival_linear_baseline_v1,4210.0,0,0.0,21,20,0,True,0.11
SCEN_2023_LOW_arrival_linear_baseline_v1_S0753,753,arrival_linear_baseline_v1,4210.0,0,0.0,21,20,0,True,0.11
SCEN_2023_LOW_arrival_linear_baseline_v1_S0754,754,arrival_linear_baseline_v1,4210.0,0,0.0,21,20,0,True,0.11
SCEN_2023_LOW_arrival_linear_baseline_v1_S0755,755,arrival_linear_baseline_v1,4210.0,0,0.0,21,20,0,True,0.14
SCEN_2023_LOW_arrival_linear_baseline_v1_S0756,756,arrival_linear_baseline_v1,4210.0,0,0.0,21,20,0,True,0.11
SCEN_2023_LOW_arrival_linear_baseline_v1_S0757,757,arrival_linear_baseline_v1,4210.0,0,0.0,21,20,0,True,0.11
SCEN_2023_LOW_arrival_linear_baseline_v1_S0758,758,arrival_linear_baseline_v1,4210.0,0,0.0,21,20,0,True,0.11
SCEN_2023_LOW_arrival_linear_baseline_v1_S0759,759,arrival_linear_baseline_v1,4210.0,0,0.0,21,20,0,True,0.11
SCEN_2023_LOW_arrival_linear_baseline_v1_S0760,760,arrival_linear_baseline_v1,4210.0,0,0.0,21,20,0,True,0.11
SCEN_2023_LOW_arrival_linear_baseline_v1_S0761,761,arrival_linear_baseline_v1,4210.0,0,0.0,21,20,0,True,0.11
SCEN_2023_LOW_arrival_linear_baseline_v1_S0762,762,arrival_linear_baseline_v1,4210.0,0,0.0,21,20,0,True,0.11
SCEN_2023_LOW_arrival_linear_baseline_v1_S0763,763,arrival_linear_baseline_v1,4210.0,0,0.0,21,20,0,True,0.11
SCEN_2023_LOW_arrival_linear_baseline_v1_S0764,764,arrival_linear_baseline_v1,4210.0,0,0.0,21,20,0,True,0.13
SCEN_2023_LOW_arrival_linear_baseline_v1_S0765,765,arrival_linear_baseline_v1,4210.0,0,0.0,21,20,0,True,0.11
SCEN_2023_LOW_arrival_linear_baseline_v1_S0766,766,arrival_linear_baseline_v1,4210.0,0,0.0,21,20,0,True,0.11
SCEN_2023_LOW_arrival_linear_baseline_v1_S0767,767,arrival_linear_baseline_v1,4210.0,0,0.0,21,20,0,True,0.11
SCEN_2023_LOW_arrival_linear_baseline_v1_S0768,768,arrival_linear_baseline_v1,4210.0,0,0.0,21,20,0,True,0.11
SCEN_2023_LOW_arrival_linear_baseline_v1_S0769,769,arrival_linear_baseline_v1,4210.0,0,0.0,21,20,0,True,0.11
SCEN_2023_LOW_arrival_linear_baseline_v1_S0770,770,arrival_linear_baseline_v1,4210.0,0,0.0,21,20,0,True,0.11
SCEN_2023_LOW_arrival_linear_baseline_v1_S0771,771,arrival_linear_baseline_v1,4210.0,0,0.0,21,20,0,True,0.11
SCEN_2023_LOW_arrival_linear_baseline_v1_S0772,772,arrival_linear_baseline_v1,4210.0,0,0.0,21,20,0,True,0.11
SCEN_2023_LOW_arrival_linear_baseline_v1_S0773,773,arrival_linear_baseline_v1,4210.0,0,0.0,21,20,0,True,0.11
SCEN_2023_LOW_arrival_linear_baseline_v1_S0774,774,arrival_linear_baseline_v1,4210.0,0,0.0,21,20,0,True,0.11
SCEN_2023_LOW_arrival_linear_baseline_v1_S0775,775,arrival_linear_baseline_v1,4210.0,0,0.0,21,20,0,True,0.12
SCEN_2023_LOW_arrival_linear_baseline_v1_S0776,776,arrival_linear_baseline_v1,4210.0,0,0.0,21,20,0,True,0.11
SCEN_2023_LOW_arrival_linear_baseline_v1_S0777,777,arrival_linear_baseline_v1,4210.0,0,0.0,21,20,0,True,0.11
SCEN_2023_LOW_arrival_linear_baseline_v1_S0778,778,arrival_linear_baseline_v1,4210.0,0,0.0,21,20,0,True,0.11
SCEN_2023_LOW_arrival_linear_baseline_v1_S0779,779,arrival_linear_baseline_v1,4210.0,0,0.0,21,20,0,True,0.14
SCEN_2023_LOW_arrival_linear_baseline_v1_S0780,780,arrival_linear_baseline_v1,4210.0,0,0.0,21,20,0,True,0.11
SCEN_2023_LOW_arrival_linear_baseline_v1_S0781,781,arrival_linear_baseline_v1,4210.0,0,0.0,21,20,0,True,0.11
SCEN_2023_LOW_arrival_linear_baseline_v1_S0782,782,arrival_linear_baseline_v1,4210.0,0,0.0,21,20,0,True,0.11
SCEN_2023_LOW_arrival_linear_baseline_v1_S0783,783,arrival_linear_baseline_v1,4210.0,0,0.0,21,20,0,True,0.11
SCEN_2023_LOW_arrival_linear_baseline_v1_S0784,784,arrival_linear_baseline_v1,4210.0,0,0.0,21,20,0,True,0.11
SCEN_2023_LOW_arrival_linear_baseline_v1_S0785,785,arrival_linear_baseline_v1,4210.0,0,0.0,21,20,0,True,0.11
SCEN_2023_LOW_arrival_linear_baseline_v1_S0786,786,arrival_linear_baseline_v1,4210.0,0,0.0,21,20,0,True,0.11
SCEN_2023_LOW_arrival_linear_baseline_v1_S0787,787,arrival_linear_baseline_v1,4210.0,0,0.0,21,20,0,True,0.11
SCEN_2023_LOW_arrival_linear_baseline_v1_S0788,788,arrival_linear_baseline_v1,4210.0,0,0.0,21,20,0,True,0.12
SCEN_2023_LOW_arrival_linear_baseline_v1_S0789,789,arrival_linear_baseline_v1,4210.0,0,0.0,21,20,0,True,0.11
SCEN_2023_LOW_arrival_linear_baseline_v1_S0790,790,arrival_linear_baseline_v1,4210.0,0,0.0,21,20,0,True,0.11
SCEN_2023_LOW_arrival_linear_baseline_v1_S0791,791,arrival_linear_baseline_v1,4210.0,0,0.0,21,20,0,True,0.11
SCEN_2023_LOW_arrival_linear_baseline_v1_S0792,792,arrival_linear_baseline_v1,4210.0,0,0.0,21,20,0,True,0.11
SCEN_2023_LOW_arrival_linear_baseline_v1_S0793,793,arrival_linear_baseline_v1,4210.0,0,0.0,21,20,0,True,0.11
SCEN_2023_LOW_arrival_linear_baseline_v1_S0794,794,arrival_linear_baseline_v1,4210.0,0,0.0,21,20,0,True,0.11
SCEN_2023_LOW_arrival_linear_baseline_v1_S0795,795,arrival_linear_baseline_v1,4210.0,0,0.0,21,20,0,True,0.11
SCEN_2023_LOW_arrival_linear_baseline_v1_S0796,796,arrival_linear_baseline_v1,4210.0,0,0.0,21,20,0,True,0.11
SCEN_2023_LOW_arrival_linear_baseline_v1_S0797,797,arrival_linear_baseline_v1,4210.0,0,0.0,21,20,0,True,0.11
SCEN_2023_LOW_arrival_linear_baseline_v1_S0798,798,arrival_linear_baseline_v1,4210.0,0,0.0,21,20,0,True,0.11
SCEN_2023_LOW_arrival_linear_baseline_v1_S0799,799,arrival_linear_baseline_v1,4210.0,0,0.0,21,20,0,True,0.11
SCEN_2023_LOW_arrival_linear_baseline_v1_S0800,800,arrival_linear_baseline_v1,4210.0,0,0.0,21,20,0,True,0.12
SCEN_2023_LOW_arrival_linear_baseline_v1_S0801,801,arrival_linear_baseline_v1,4210.0,0,0.0,21,20,0,True,0.11
SCEN_2023_LOW_arrival_linear_baseline_v1_S0802,802,arrival_linear_baseline_v1,4210.0,0,0.0,21,20,0,True,0.11
SCEN_2023_LOW_arrival_linear_baseline_v1_S0803,803,arrival_linear_baseline_v1,4210.0,0,0.0,21,20,0,True,0.11
SCEN_2023_LOW_arrival_linear_baseline_v1_S0804,804,arrival_linear_baseline_v1,4210.0,0,0.0,21,20,0,True,0.11
SCEN_2023_LOW_arrival_linear_baseline_v1_S0805,805,arrival_linear_baseline_v1,4210.0,0,0.0,21,20,0,True,0.11
SCEN_2023_LOW_arrival_linear_baseline_v1_S0806,806,arrival_linear_baseline_v1,4210.0,0,0.0,21,20,0,True,0.11
SCEN_2023_LOW_arrival_linear_baseline_v1_S0807,807,arrival_linear_baseline_v1,4210.0,0,0.0,21,20,0,True,0.13
SCEN_2023_LOW_arrival_linear_baseline_v1_S0808,808,arrival_linear_baseline_v1,4210.0,0,0.0,21,20,0,True,0.11
SCEN_2023_LOW_arrival_linear_baseline_v1_S0809,809,arrival_linear_baseline_v1,4210.0,0,0.0,21,20,0,True,0.11
SCEN_2023_LOW_arrival_linear_baseline_v1_S0810,810,arrival_linear_baseline_v1,4210.0,0,0.0,21,20,0,True,0.12
SCEN_2023_LOW_arrival_linear_baseline_v1_S0811,811,arrival_linear_baseline_v1,4210.0,0,0.0,21,20,0,True,0.11
SCEN_2023_LOW_arrival_linear_baseline_v1_S0812,812,arrival_linear_baseline_v1,4210.0,0,0.0,21,20,0,True,0.11
SCEN_2023_LOW_arrival_linear_baseline_v1_S0813,813,arrival_linear_baseline_v1,4210.0,0,0.0,21,20,0,True,0.12
SCEN_2023_LOW_arrival_linear_baseline_v1_S0814,814,arrival_linear_baseline_v1,4210.0,0,0.0,21,20,0,True,0.11
SCEN_2023_LOW_arrival_linear_baseline_v1_S0815,815,arrival_linear_baseline_v1,4210.0,0,0.0,21,20,0,True,0.11
SCEN_2023_LOW_arrival_linear_baseline_v1_S0816,816,arrival_linear_baseline_v1,4210.0,0,0.0,21,20,0,True,0.15
SCEN_2023_LOW_arrival_linear_baseline_v1_S0817,817,arrival_linear_baseline_v1,4210.0,0,0.0,21,20,0,True,0.11
SCEN_2023_LOW_arrival_linear_baseline_v1_S0818,818,arrival_linear_baseline_v1,4210.0,0,0.0,21,20,0,True,0.11
SCEN_2023_LOW_arrival_linear_baseline_v1_S0819,819,arrival_linear_baseline_v1,4210.0,0,0.0,21,20,0,True,0.11
SCEN_2023_LOW_arrival_linear_baseline_v1_S0820,820,arrival_linear_baseline_v1,4210.0,0,0.0,21,20,0,True,0.11
SCEN_2023_LOW_arrival_linear_baseline_v1_S0821,821,arrival_linear_baseline_v1,4210.0,0,0.0,21,20,0,True,0.11
SCEN_2023_LOW_arrival_linear_baseline_v1_S0822,822,arrival_linear_baseline_v1,4210.0,0,0.0,21,20,0,True,0.11
SCEN_2023_LOW_arrival_linear_baseline_v1_S0823,823,arrival_linear_baseline_v1,4210.0,0,0.0,21,20,0,True,0.11
SCEN_2023_LOW_arrival_linear_baseline_v1_S0824,824,arrival_linear_baseline_v1,4210.0,0,0.0,21,20,0,True,0.12
SCEN_2023_LOW_arrival_linear_baseline_v1_S0825,825,arrival_linear_baseline_v1,4210.0,0,0.0,21,20,0,True,0.11
SCEN_2023_LOW_arrival_linear_baseline_v1_S0826,826,arrival_linear_baseline_v1,4210.0,0,0.0,21,20,0,True,0.11
SCEN_2023_LOW_arrival_linear_baseline_v1_S0827,827,arrival_linear_baseline_v1,4210.0,0,0.0,21,20,0,True,0.11
SCEN_2023_LOW_arrival_linear_baseline_v1_S0828,828,arrival_linear_baseline_v1,4210.0,0,0.0,21,20,0,True,0.11
SCEN_2023_LOW_arrival_linear_baseline_v1_S0829,829,arrival_linear_baseline_v1,4210.0,0,0.0,21,20,0,True,0.11
SCEN_2023_LOW_arrival_linear_baseline_v1_S0830,830,arrival_linear_baseline_v1,4210.0,0,0.0,21,20,0,True,0.11
SCEN_2023_LOW_arrival_linear_baseline_v1_S0831,831,arrival_linear_baseline_v1,4210.0,0,0.0,21,20,0,True,0.11
SCEN_2023_LOW_arrival_linear_baseline_v1_S0832,832,arrival_linear_baseline_v1,4210.0,0,0.0,21,20,0,True,0.11
SCEN_2023_LOW_arrival_linear_baseline_v1_S0833,833,arrival_linear_baseline_v1,4210.0,0,0.0,21,20,0,True,0.11
SCEN_2023_LOW_arrival_linear_baseline_v1_S0834,834,arrival_linear_baseline_v1,4210.0,0,0.0,21,20,0,True,0.11
SCEN_2023_LOW_arrival_linear_baseline_v1_S0835,835,arrival_linear_baseline_v1,4210.0,0,0.0,21,20,0,True,0.11
SCEN_2023_LOW_arrival_linear_baseline_v1_S0836,836,arrival_linear_baseline_v1,4210.0,0,0.0,21,20,0,True,0.14
SCEN_2023_LOW_arrival_linear_baseline_v1_S0837,837,arrival_linear_baseline_v1,4210.0,0,0.0,21,20,0,True,0.11
SCEN_2023_LOW_arrival_linear_baseline_v1_S0838,838,arrival_linear_baseline_v1,4210.0,0,0.0,21,20,0,True,0.11
SCEN_2023_LOW_arrival_linear_baseline_v1_S0839,839,arrival_linear_baseline_v1,4210.0,0,0.0,21,20,0,True,0.11
SCEN_2023_LOW_arrival_linear_baseline_v1_S0840,840,arrival_linear_baseline_v1,4210.0,0,0.0,21,20,0,True,0.11
SCEN_2023_LOW_arrival_linear_baseline_v1_S0841,841,arrival_linear_baseline_v1,4210.0,0,0.0,21,20,0,True,0.11
SCEN_2023_LOW_arrival_linear_baseline_v1_S0842,842,arrival_linear_baseline_v1,4210.0,0,0.0,21,20,0,True,0.11
SCEN_2023_LOW_arrival_linear_baseline_v1_S0843,843,arrival_linear_baseline_v1,4210.0,0,0.0,21,20,0,True,0.11
SCEN_2023_LOW_arrival_linear_baseline_v1_S0844,844,arrival_linear_baseline_v1,4210.0,0,0.0,21,20,0,True,0.11
SCEN_2023_LOW_arrival_linear_baseline_v1_S0845,845,arrival_linear_baseline_v1,4210.0,0,0.0,21,20,0,True,0.14
SCEN_2023_LOW_arrival_linear_baseline_v1_S0846,846,arrival_linear_baseline_v1,4210.0,0,0.0,21,20,0,True,0.11
SCEN_2023_LOW_arrival_linear_baseline_v1_S0847,847,arrival_linear_baseline_v1,4210.0,0,0.0,21,20,0,True,0.11
SCEN_2023_LOW_arrival_linear_baseline_v1_S0848,848,arrival_linear_baseline_v1,4210.0,0,0.0,21,20,0,True,0.11
SCEN_2023_LOW_arrival_linear_baseline_v1_S0849,849,arrival_linear_baseline_v1,4210.0,0,0.0,21,20,0,True,0.11
SCEN_2023_LOW_arrival_linear_baseline_v1_S0850,850,arrival_linear_baseline_v1,4210.0,0,0.0,21,20,0,True,0.11
SCEN_2023_LOW_arrival_linear_baseline_v1_S0851,851,arrival_linear_baseline_v1,4210.0,0,0.0,21,20,0,True,0.15
SCEN_2023_LOW_arrival_linear_baseline_v1_S0852,852,arrival_linear_baseline_v1,4210.0,0,0.0,21,20,0,True,0.12
SCEN_2023_LOW_arrival_linear_baseline_v1_S0853,853,arrival_linear_baseline_v1,4210.0,0,0.0,21,20,0,True,0.11
SCEN_2023_LOW_arrival_linear_baseline_v1_S0854,854,arrival_linear_baseline_v1,4210.0,0,0.0,21,20,0,True,0.12
SCEN_2023_LOW_arrival_linear_baseline_v1_S0855,855,arrival_linear_baseline_v1,4210.0,0,0.0,21,20,0,True,0.11
SCEN_2023_LOW_arrival_linear_baseline_v1_S0856,856,arrival_linear_baseline_v1,4210.0,0,0.0,21,20,0,True,0.11
SCEN_2023_LOW_arrival_linear_baseline_v1_S0857,857,arrival_linear_baseline_v1,4210.0,0,0.0,21,20,0,True,0.11
SCEN_2023_LOW_arrival_linear_baseline_v1_S0858,858,arrival_linear_baseline_v1,4210.0,0,0.0,21,20,0,True,0.11
SCEN_2023_LOW_arrival_linear_baseline_v1_S0859,859,arrival_linear_baseline_v1,4210.0,0,0.0,21,20,0,True,0.11
SCEN_2023_LOW_arrival_linear_baseline_v1_S0860,860,arrival_linear_baseline_v1,4210.0,0,0.0,21,20,0,True,0.11
SCEN_2023_LOW_arrival_linear_baseline_v1_S0861,861,arrival_linear_baseline_v1,4210.0,0,0.0,21,20,0,True,0.11
SCEN_2023_LOW_arrival_linear_baseline_v1_S0862,862,arrival_linear_baseline_v1,4210.0,0,0.0,21,20,0,True,0.11
SCEN_2023_LOW_arrival_linear_baseline_v1_S0863,863,arrival_linear_baseline_v1,4210.0,0,0.0,21,20,0,True,0.11
SCEN_2023_LOW_arrival_linear_baseline_v1_S0864,864,arrival_linear_baseline_v1,4210.0,0,0.0,21,20,0,True,0.11
SCEN_2023_LOW_arrival_linear_baseline_v1_S0865,865,arrival_linear_baseline_v1,4210.0,0,0.0,21,20,0,True,0.11
SCEN_2023_LOW_arrival_linear_baseline_v1_S0866,866,arrival_linear_baseline_v1,4210.0,0,0.0,21,20,0,True,0.11
SCEN_2023_LOW_arrival_linear_baseline_v1_S0867,867,arrival_linear_baseline_v1,4210.0,0,0.0,21,20,0,True,0.11
SCEN_2023_LOW_arrival_linear_baseline_v1_S0868,868,arrival_linear_baseline_v1,4210.0,0,0.0,21,20,0,True,0.11
SCEN_2023_LOW_arrival_linear_baseline_v1_S0869,869,arrival_linear_baseline_v1,4210.0,0,0.0,21,20,0,True,0.11
SCEN_2023_LOW_arrival_linear_baseline_v1_S0870,870,arrival_linear_baseline_v1,4210.0,0,0.0,21,20,0,True,0.11
SCEN_2023_LOW_arrival_linear_baseline_v1_S0871,871,arrival_linear_baseline_v1,4210.0,0,0.0,21,20,0,True,0.11
SCEN_2023_LOW_arrival_linear_baseline_v1_S0872,872,arrival_linear_baseline_v1,4210.0,0,0.0,21,20,0,True,0.11
SCEN_2023_LOW_arrival_linear_baseline_v1_S0873,873,arrival_linear_baseline_v1,4210.0,0,0.0,21,20,0,True,0.12
SCEN_2023_LOW_arrival_linear_baseline_v1_S0874,874,arrival_linear_baseline_v1,4210.0,0,0.0,21,20,0,True,0.11
SCEN_2023_LOW_arrival_linear_baseline_v1_S0875,875,arrival_linear_baseline_v1,4210.0,0,0.0,21,20,0,True,0.11
SCEN_2023_LOW_arrival_linear_baseline_v1_S0876,876,arrival_linear_baseline_v1,4210.0,0,0.0,21,20,0,True,0.11
SCEN_2023_LOW_arrival_linear_baseline_v1_S0877,877,arrival_linear_baseline_v1,4210.0,0,0.0,21,20,0,True,0.11
SCEN_2023_LOW_arrival_linear_baseline_v1_S0878,878,arrival_linear_baseline_v1,4210.0,0,0.0,21,20,0,True,0.12
SCEN_2023_LOW_arrival_linear_baseline_v1_S0879,879,arrival_linear_baseline_v1,4210.0,0,0.0,21,20,0,True,0.11
SCEN_2023_LOW_arrival_linear_baseline_v1_S0880,880,arrival_linear_baseline_v1,4210.0,0,0.0,21,20,0,True,0.11
SCEN_2023_LOW_arrival_linear_baseline_v1_S0881,881,arrival_linear_baseline_v1,4210.0,0,0.0,21,20,0,True,0.11
SCEN_2023_LOW_arrival_linear_baseline_v1_S0882,882,arrival_linear_baseline_v1,4210.0,0,0.0,21,20,0,True,0.12
SCEN_2023_LOW_arrival_linear_baseline_v1_S0883,883,arrival_linear_baseline_v1,4210.0,0,0.0,21,20,0,True,0.13
SCEN_2023_LOW_arrival_linear_baseline_v1_S0884,884,arrival_linear_baseline_v1,4210.0,0,0.0,21,20,0,True,0.11
SCEN_2023_LOW_arrival_linear_baseline_v1_S0885,885,arrival_linear_baseline_v1,4210.0,0,0.0,21,20,0,True,0.11
SCEN_2023_LOW_arrival_linear_baseline_v1_S0886,886,arrival_linear_baseline_v1,4210.0,0,0.0,21,20,0,True,0.11
SCEN_2023_LOW_arrival_linear_baseline_v1_S0887,887,arrival_linear_baseline_v1,4210.0,0,0.0,21,20,0,True,0.11
SCEN_2023_LOW_arrival_linear_baseline_v1_S0888,888,arrival_linear_baseline_v1,4210.0,0,0.0,21,20,0,True,0.12
SCEN_2023_LOW_arrival_linear_baseline_v1_S0889,889,arrival_linear_baseline_v1,4210.0,0,0.0,21,20,0,True,0.12
SCEN_2023_LOW_arrival_linear_baseline_v1_S0890,890,arrival_linear_baseline_v1,4210.0,0,0.0,21,20,0,True,0.11
SCEN_2023_LOW_arrival_linear_baseline_v1_S0891,891,arrival_linear_baseline_v1,4210.0,0,0.0,21,20,0,True,0.11
SCEN_2023_LOW_arrival_linear_baseline_v1_S0892,892,arrival_linear_baseline_v1,4210.0,0,0.0,21,20,0,True,0.11
SCEN_2023_LOW_arrival_linear_baseline_v1_S0893,893,arrival_linear_baseline_v1,4210.0,0,0.0,21,20,0,True,0.11
SCEN_2023_LOW_arrival_linear_baseline_v1_S0894,894,arrival_linear_baseline_v1,4210.0,0,0.0,21,20,0,True,0.11
SCEN_2023_LOW_arrival_linear_baseline_v1_S0895,895,arrival_linear_baseline_v1,4210.0,0,0.0,21,20,0,True,0.11
SCEN_2023_LOW_arrival_linear_baseline_v1_S0896,896,arrival_linear_baseline_v1,4210.0,0,0.0,21,20,0,True,0.11
SCEN_2023_LOW_arrival_linear_baseline_v1_S0897,897,arrival_linear_baseline_v1,4210.0,0,0.0,21,20,0,True,0.11
SCEN_2023_LOW_arrival_linear_baseline_v1_S0898,898,arrival_linear_baseline_v1,4210.0,0,0.0,21,20,0,True,0.11
SCEN_2023_LOW_arrival_linear_baseline_v1_S0899,899,arrival_linear_baseline_v1,4210.0,0,0.0,21,20,0,True,0.12
SCEN_2023_LOW_arrival_linear_baseline_v1_S0900,900,arrival_linear_baseline_v1,4210.0,0,0.0,21,20,0,True,0.11
SCEN_2023_LOW_arrival_linear_baseline_v1_S0901,901,arrival_linear_baseline_v1,4210.0,0,0.0,21,20,0,True,0.11
SCEN_2023_LOW_arrival_linear_baseline_v1_S0902,902,arrival_linear_baseline_v1,4210.0,0,0.0,21,20,0,True,0.11
SCEN_2023_LOW_arrival_linear_baseline_v1_S0903,903,arrival_linear_baseline_v1,4210.0,0,0.0,21,20,0,True,0.11
SCEN_2023_LOW_arrival_linear_baseline_v1_S0904,904,arrival_linear_baseline_v1,4210.0,0,0.0,21,20,0,True,0.16
SCEN_2023_LOW_arrival_linear_baseline_v1_S0905,905,arrival_linear_baseline_v1,4210.0,0,0.0,21,20,0,True,0.11
SCEN_2023_LOW_arrival_linear_baseline_v1_S0906,906,arrival_linear_baseline_v1,4210.0,0,0.0,21,20,0,True,0.11
SCEN_2023_LOW_arrival_linear_baseline_v1_S0907,907,arrival_linear_baseline_v1,4210.0,0,0.0,21,20,0,True,0.11
SCEN_2023_LOW_arrival_linear_baseline_v1_S0908,908,arrival_linear_baseline_v1,4210.0,0,0.0,21,20,0,True,0.11
SCEN_2023_LOW_arrival_linear_baseline_v1_S0909,909,arrival_linear_baseline_v1,4210.0,0,0.0,21,20,0,True,0.2
SCEN_2023_LOW_arrival_linear_baseline_v1_S0910,910,arrival_linear_baseline_v1,4210.0,0,0.0,21,20,0,True,0.12
SCEN_2023_LOW_arrival_linear_baseline_v1_S0911,911,arrival_linear_baseline_v1,4210.0,0,0.0,21,20,0,True,0.11
SCEN_2023_LOW_arrival_linear_baseline_v1_S0912,912,arrival_linear_baseline_v1,4210.0,0,0.0,21,20,0,True,0.13
SCEN_2023_LOW_arrival_linear_baseline_v1_S0913,913,arrival_linear_baseline_v1,4210.0,0,0.0,21,20,0,True,0.11
SCEN_2023_LOW_arrival_linear_baseline_v1_S0914,914,arrival_linear_baseline_v1,4210.0,0,0.0,21,20,0,True,0.11
SCEN_2023_LOW_arrival_linear_baseline_v1_S0915,915,arrival_linear_baseline_v1,4210.0,0,0.0,21,20,0,True,0.12
SCEN_2023_LOW_arrival_linear_baseline_v1_S0916,916,arrival_linear_baseline_v1,4210.0,0,0.0,21,20,0,True,0.11
SCEN_2023_LOW_arrival_linear_baseline_v1_S0917,917,arrival_linear_baseline_v1,4210.0,0,0.0,21,20,0,True,0.11
SCEN_2023_LOW_arrival_linear_baseline_v1_S0918,918,arrival_linear_baseline_v1,4210.0,0,0.0,21,20,0,True,0.11
SCEN_2023_LOW_arrival_linear_baseline_v1_S0919,919,arrival_linear_baseline_v1,4210.0,0,0.0,21,20,0,True,0.11
SCEN_2023_LOW_arrival_linear_baseline_v1_S0920,920,arrival_linear_baseline_v1,4210.0,0,0.0,21,20,0,True,0.12
SCEN_2023_LOW_arrival_linear_baseline_v1_S0921,921,arrival_linear_baseline_v1,4210.0,0,0.0,21,20,0,True,0.11
SCEN_2023_LOW_arrival_linear_baseline_v1_S0922,922,arrival_linear_baseline_v1,4210.0,0,0.0,21,20,0,True,0.11
SCEN_2023_LOW_arrival_linear_baseline_v1_S0923,923,arrival_linear_baseline_v1,4210.0,0,0.0,21,20,0,True,0.11
SCEN_2023_LOW_arrival_linear_baseline_v1_S0924,924,arrival_linear_baseline_v1,4210.0,0,0.0,21,20,0,True,0.11
SCEN_2023_LOW_arrival_linear_baseline_v1_S0925,925,arrival_linear_baseline_v1,4210.0,0,0.0,21,20,0,True,0.11
SCEN_2023_LOW_arrival_linear_baseline_v1_S0926,926,arrival_linear_baseline_v1,4210.0,0,0.0,21,20,0,True,0.11
SCEN_2023_LOW_arrival_linear_baseline_v1_S0927,927,arrival_linear_baseline_v1,4210.0,0,0.0,21,20,0,True,0.11
SCEN_2023_LOW_arrival_linear_baseline_v1_S0928,928,arrival_linear_baseline_v1,4210.0,0,0.0,21,20,0,True,0.11
SCEN_2023_LOW_arrival_linear_baseline_v1_S0929,929,arrival_linear_baseline_v1,4210.0,0,0.0,21,20,0,True,0.11
SCEN_2023_LOW_arrival_linear_baseline_v1_S0930,930,arrival_linear_baseline_v1,4210.0,0,0.0,21,20,0,True,0.11
SCEN_2023_LOW_arrival_linear_baseline_v1_S0931,931,arrival_linear_baseline_v1,4210.0,0,0.0,21,20,0,True,0.11
SCEN_2023_LOW_arrival_linear_baseline_v1_S0932,932,arrival_linear_baseline_v1,4210.0,0,0.0,21,20,0,True,0.12
SCEN_2023_LOW_arrival_linear_baseline_v1_S0933,933,arrival_linear_baseline_v1,4210.0,0,0.0,21,20,0,True,0.11
SCEN_2023_LOW_arrival_linear_baseline_v1_S0934,934,arrival_linear_baseline_v1,4210.0,0,0.0,21,20,0,True,0.11
SCEN_2023_LOW_arrival_linear_baseline_v1_S0935,935,arrival_linear_baseline_v1,4210.0,0,0.0,21,20,0,True,0.11
SCEN_2023_LOW_arrival_linear_baseline_v1_S0936,936,arrival_linear_baseline_v1,4210.0,0,0.0,21,20,0,True,0.11
SCEN_2023_LOW_arrival_linear_baseline_v1_S0937,937,arrival_linear_baseline_v1,4210.0,0,0.0,21,20,0,True,0.11
SCEN_2023_LOW_arrival_linear_baseline_v1_S0938,938,arrival_linear_baseline_v1,4210.0,0,0.0,21,20,0,True,0.11
SCEN_2023_LOW_arrival_linear_baseline_v1_S0939,939,arrival_linear_baseline_v1,4210.0,0,0.0,21,20,0,True,0.11
SCEN_2023_LOW_arrival_linear_baseline_v1_S0940,940,arrival_linear_baseline_v1,4210.0,0,0.0,21,20,0,True,0.21
SCEN_2023_LOW_arrival_linear_baseline_v1_S0941,941,arrival_linear_baseline_v1,4210.0,0,0.0,21,20,0,True,0.12
SCEN_2023_LOW_arrival_linear_baseline_v1_S0942,942,arrival_linear_baseline_v1,4210.0,0,0.0,21,20,0,True,0.11
SCEN_2023_LOW_arrival_linear_baseline_v1_S0943,943,arrival_linear_baseline_v1,4210.0,0,0.0,21,20,0,True,0.11
SCEN_2023_LOW_arrival_linear_baseline_v1_S0944,944,arrival_linear_baseline_v1,4210.0,0,0.0,21,20,0,True,0.11
SCEN_2023_LOW_arrival_linear_baseline_v1_S0945,945,arrival_linear_baseline_v1,4210.0,0,0.0,21,20,0,True,0.11
SCEN_2023_LOW_arrival_linear_baseline_v1_S0946,946,arrival_linear_baseline_v1,4210.0,0,0.0,21,20,0,True,0.11
SCEN_2023_LOW_arrival_linear_baseline_v1_S0947,947,arrival_linear_baseline_v1,4210.0,0,0.0,21,20,0,True,0.11
SCEN_2023_LOW_arrival_linear_baseline_v1_S0948,948,arrival_linear_baseline_v1,4210.0,0,0.0,21,20,0,True,0.11
SCEN_2023_LOW_arrival_linear_baseline_v1_S0949,949,arrival_linear_baseline_v1,4210.0,0,0.0,21,20,0,True,0.11
SCEN_2023_LOW_arrival_linear_baseline_v1_S0950,950,arrival_linear_baseline_v1,4210.0,0,0.0,21,20,0,True,0.11
SCEN_2023_LOW_arrival_linear_baseline_v1_S0951,951,arrival_linear_baseline_v1,4210.0,0,0.0,21,20,0,True,0.11
SCEN_2023_LOW_arrival_linear_baseline_v1_S0952,952,arrival_linear_baseline_v1,4210.0,0,0.0,21,20,0,True,0.11
SCEN_2023_LOW_arrival_linear_baseline_v1_S0953,953,arrival_linear_baseline_v1,4210.0,0,0.0,21,20,0,True,0.11
SCEN_2023_LOW_arrival_linear_baseline_v1_S0954,954,arrival_linear_baseline_v1,4210.0,0,0.0,21,20,0,True,0.11
SCEN_2023_LOW_arrival_linear_baseline_v1_S0955,955,arrival_linear_baseline_v1,4210.0,0,0.0,21,20,0,True,0.11
SCEN_2023_LOW_arrival_linear_baseline_v1_S0956,956,arrival_linear_baseline_v1,4210.0,0,0.0,21,20,0,True,0.11
SCEN_2023_LOW_arrival_linear_baseline_v1_S0957,957,arrival_linear_baseline_v1,4210.0,0,0.0,21,20,0,True,0.12
SCEN_2023_LOW_arrival_linear_baseline_v1_S0958,958,arrival_linear_baseline_v1,4210.0,0,0.0,21,20,0,True,0.12
SCEN_2023_LOW_arrival_linear_baseline_v1_S0959,959,arrival_linear_baseline_v1,4210.0,0,0.0,21,20,0,True,0.11
SCEN_2023_LOW_arrival_linear_baseline_v1_S0960,960,arrival_linear_baseline_v1,4210.0,0,0.0,21,20,0,True,0.11
SCEN_2023_LOW_arrival_linear_baseline_v1_S0961,961,arrival_linear_baseline_v1,4210.0,0,0.0,21,20,0,True,0.11
SCEN_2023_LOW_arrival_linear_baseline_v1_S0962,962,arrival_linear_baseline_v1,4210.0,0,0.0,21,20,0,True,0.11
SCEN_2023_LOW_arrival_linear_baseline_v1_S0963,963,arrival_linear_baseline_v1,4210.0,0,0.0,21,20,0,True,0.11
SCEN_2023_LOW_arrival_linear_baseline_v1_S0964,964,arrival_linear_baseline_v1,4210.0,0,0.0,21,20,0,True,0.11
SCEN_2023_LOW_arrival_linear_baseline_v1_S0965,965,arrival_linear_baseline_v1,4210.0,0,0.0,21,20,0,True,0.11
SCEN_2023_LOW_arrival_linear_baseline_v1_S0966,966,arrival_linear_baseline_v1,4210.0,0,0.0,21,20,0,True,0.11
SCEN_2023_LOW_arrival_linear_baseline_v1_S0967,967,arrival_linear_baseline_v1,4210.0,0,0.0,21,20,0,True,0.11
SCEN_2023_LOW_arrival_linear_baseline_v1_S0968,968,arrival_linear_baseline_v1,4210.0,0,0.0,21,20,0,True,0.11
SCEN_2023_LOW_arrival_linear_baseline_v1_S0969,969,arrival_linear_baseline_v1,4210.0,0,0.0,21,20,0,True,0.11
SCEN_2023_LOW_arrival_linear_baseline_v1_S0970,970,arrival_linear_baseline_v1,4210.0,0,0.0,21,20,0,True,0.11
SCEN_2023_LOW_arrival_linear_baseline_v1_S0971,971,arrival_linear_baseline_v1,4210.0,0,0.0,21,20,0,True,0.11
SCEN_2023_LOW_arrival_linear_baseline_v1_S0972,972,arrival_linear_baseline_v1,4210.0,0,0.0,21,20,0,True,0.11
SCEN_2023_LOW_arrival_linear_baseline_v1_S0973,973,arrival_linear_baseline_v1,4210.0,0,0.0,21,20,0,True,0.11
SCEN_2023_LOW_arrival_linear_baseline_v1_S0974,974,arrival_linear_baseline_v1,4210.0,0,0.0,21,20,0,True,0.11
SCEN_2023_LOW_arrival_linear_baseline_v1_S0975,975,arrival_linear_baseline_v1,4210.0,0,0.0,21,20,0,True,0.11
SCEN_2023_LOW_arrival_linear_baseline_v1_S0976,976,arrival_linear_baseline_v1,4210.0,0,0.0,21,20,0,True,0.11
SCEN_2023_LOW_arrival_linear_baseline_v1_S0977,977,arrival_linear_baseline_v1,4210.0,0,0.0,21,20,0,True,0.11
SCEN_2023_LOW_arrival_linear_baseline_v1_S0978,978,arrival_linear_baseline_v1,4210.0,0,0.0,21,20,0,True,0.11
SCEN_2023_LOW_arrival_linear_baseline_v1_S0979,979,arrival_linear_baseline_v1,4210.0,0,0.0,21,20,0,True,0.11
SCEN_2023_LOW_arrival_linear_baseline_v1_S0980,980,arrival_linear_baseline_v1,4210.0,0,0.0,21,20,0,True,0.11
SCEN_2023_LOW_arrival_linear_baseline_v1_S0981,981,arrival_linear_baseline_v1,4210.0,0,0.0,21,20,0,True,0.11
SCEN_2023_LOW_arrival_linear_baseline_v1_S0982,982,arrival_linear_baseline_v1,4210.0,0,0.0,21,20,0,True,0.11
SCEN_2023_LOW_arrival_linear_baseline_v1_S0983,983,arrival_linear_baseline_v1,4210.0,0,0.0,21,20,0,True,0.11
SCEN_2023_LOW_arrival_linear_baseline_v1_S0984,984,arrival_linear_baseline_v1,4210.0,0,0.0,21,20,0,True,0.11
SCEN_2023_LOW_arrival_linear_baseline_v1_S0985,985,arrival_linear_baseline_v1,4210.0,0,0.0,21,20,0,True,0.11
SCEN_2023_LOW_arrival_linear_baseline_v1_S0986,986,arrival_linear_baseline_v1,4210.0,0,0.0,21,20,0,True,0.11
SCEN_2023_LOW_arrival_linear_baseline_v1_S0987,987,arrival_linear_baseline_v1,4210.0,0,0.0,21,20,0,True,0.12
SCEN_2023_LOW_arrival_linear_baseline_v1_S0988,988,arrival_linear_baseline_v1,4210.0,0,0.0,21,20,0,True,0.11
SCEN_2023_LOW_arrival_linear_baseline_v1_S0989,989,arrival_linear_baseline_v1,4210.0,0,0.0,21,20,0,True,0.12
SCEN_2023_LOW_arrival_linear_baseline_v1_S0990,990,arrival_linear_baseline_v1,4210.0,0,0.0,21,20,0,True,0.11
SCEN_2023_LOW_arrival_linear_baseline_v1_S0991,991,arrival_linear_baseline_v1,4210.0,0,0.0,21,20,0,True,0.11
SCEN_2023_LOW_arrival_linear_baseline_v1_S0992,992,arrival_linear_baseline_v1,4210.0,0,0.0,21,20,0,True,0.21
SCEN_2023_LOW_arrival_linear_baseline_v1_S0993,993,arrival_linear_baseline_v1,4210.0,0,0.0,21,20,0,True,0.12
SCEN_2023_LOW_arrival_linear_baseline_v1_S0994,994,arrival_linear_baseline_v1,4210.0,0,0.0,21,20,0,True,0.11
SCEN_2023_LOW_arrival_linear_baseline_v1_S0995,995,arrival_linear_baseline_v1,4210.0,0,0.0,21,20,0,True,0.11
SCEN_2023_LOW_arrival_linear_baseline_v1_S0996,996,arrival_linear_baseline_v1,4210.0,0,0.0,21,20,0,True,0.11
SCEN_2023_LOW_arrival_linear_baseline_v1_S0997,997,arrival_linear_baseline_v1,4210.0,0,0.0,21,20,0,True,0.11
SCEN_2023_LOW_arrival_linear_baseline_v1_S0998,998,arrival_linear_baseline_v1,4210.0,0,0.0,21,20,0,True,0.11
SCEN_2023_LOW_arrival_linear_baseline_v1_S0999,999,arrival_linear_baseline_v1,4210.0,0,0.0,21,20,0,True,0.11
SCEN_2023_LOW_arrival_linear_baseline_v1_S1000,1000,arrival_linear_baseline_v1,4210.0,0,0.0,21,20,0,True,0.11
SCEN_2023_LOW_arrival_linear_baseline_v1_S1001,1001,arrival_linear_baseline_v1,4210.0,0,0.0,21,20,0,True,0.11
SCEN_2023_LOW_arrival_linear_baseline_v1_S1002,1002,arrival_linear_baseline_v1,4210.0,0,0.0,21,20,0,True,0.13
SCEN_2023_LOW_arrival_linear_baseline_v1_S1003,1003,arrival_linear_baseline_v1,4210.0,0,0.0,21,20,0,True,0.11
SCEN_2023_LOW_arrival_linear_baseline_v1_S1004,1004,arrival_linear_baseline_v1,4210.0,0,0.0,21,20,0,True,0.11
SCEN_2023_LOW_arrival_linear_baseline_v1_S1005,1005,arrival_linear_baseline_v1,4210.0,0,0.0,21,20,0,True,0.11
SCEN_2023_LOW_arrival_linear_baseline_v1_S1006,1006,arrival_linear_baseline_v1,4210.0,0,0.0,21,20,0,True,0.11
SCEN_2023_LOW_arrival_linear_baseline_v1_S1007,1007,arrival_linear_baseline_v1,4210.0,0,0.0,21,20,0,True,0.11
SCEN_2023_LOW_arrival_linear_baseline_v1_S1008,1008,arrival_linear_baseline_v1,4210.0,0,0.0,21,20,0,True,0.11
SCEN_2023_LOW_arrival_linear_baseline_v1_S1009,1009,arrival_linear_baseline_v1,4210.0,0,0.0,21,20,0,True,0.11
SCEN_2023_LOW_arrival_linear_baseline_v1_S1010,1010,arrival_linear_baseline_v1,4210.0,0,0.0,21,20,0,True,0.11
SCEN_2023_LOW_arrival_linear_baseline_v1_S1011,1011,arrival_linear_baseline_v1,4210.0,0,0.0,21,20,0,True,0.11
SCEN_2023_LOW_arrival_linear_baseline_v1_S1012,1012,arrival_linear_baseline_v1,4210.0,0,0.0,21,20,0,True,0.11
SCEN_2023_LOW_arrival_linear_baseline_v1_S1013,1013,arrival_linear_baseline_v1,4210.0,0,0.0,21,20,0,True,0.11
SCEN_2023_LOW_arrival_linear_baseline_v1_S1014,1014,arrival_linear_baseline_v1,4210.0,0,0.0,21,20,0,True,0.11
SCEN_2023_LOW_arrival_linear_baseline_v1_S1015,1015,arrival_linear_baseline_v1,4210.0,0,0.0,21,20,0,True,0.11
SCEN_2023_LOW_arrival_linear_baseline_v1_S1016,1016,arrival_linear_baseline_v1,4210.0,0,0.0,21,20,0,True,0.11
SCEN_2023_LOW_arrival_linear_baseline_v1_S1017,1017,arrival_linear_baseline_v1,4210.0,0,0.0,21,20,0,True,0.11
SCEN_2023_LOW_arrival_linear_baseline_v1_S1018,1018,arrival_linear_baseline_v1,4210.0,0,0.0,21,20,0,True,0.11
SCEN_2023_LOW_arrival_linear_baseline_v1_S1019,1019,arrival_linear_baseline_v1,4210.0,0,0.0,21,20,0,True,0.11
SCEN_2023_LOW_arrival_linear_baseline_v1_S1020,1020,arrival_linear_baseline_v1,4210.0,0,0.0,21,20,0,True,0.11
SCEN_2023_LOW_arrival_linear_baseline_v1_S1021,1021,arrival_linear_baseline_v1,4210.0,0,0.0,21,20,0,True,0.11
SCEN_2023_LOW_arrival_linear_baseline_v1_S1022,1022,arrival_linear_baseline_v1,4210.0,0,0.0,21,20,0,True,0.11
SCEN_2023_LOW_arrival_linear_baseline_v1_S1023,1023,arrival_linear_baseline_v1,4210.0,0,0.0,21,20,0,True,0.11
SCEN_2023_LOW_arrival_linear_baseline_v1_S1024,1024,arrival_linear_baseline_v1,4210.0,0,0.0,21,20,0,True,0.11
SCEN_2023_LOW_arrival_linear_baseline_v1_S1025,1025,arrival_linear_baseline_v1,4210.0,0,0.0,21,20,0,True,0.11
SCEN_2023_LOW_arrival_linear_baseline_v1_S1026,1026,arrival_linear_baseline_v1,4210.0,0,0.0,21,20,0,True,0.11
SCEN_2023_LOW_arrival_linear_baseline_v1_S1027,1027,arrival_linear_baseline_v1,4210.0,0,0.0,21,20,0,True,0.11
SCEN_2023_LOW_arrival_linear_baseline_v1_S1028,1028,arrival_linear_baseline_v1,4210.0,0,0.0,21,20,0,True,0.11
SCEN_2023_LOW_arrival_linear_baseline_v1_S1029,1029,arrival_linear_baseline_v1,4210.0,0,0.0,21,20,0,True,0.11
SCEN_2023_LOW_arrival_linear_baseline_v1_S1030,1030,arrival_linear_baseline_v1,4210.0,0,0.0,21,20,0,True,0.12
SCEN_2023_LOW_arrival_linear_baseline_v1_S1031,1031,arrival_linear_baseline_v1,4210.0,0,0.0,21,20,0,True,0.11
SCEN_2023_LOW_arrival_linear_baseline_v1_S1032,1032,arrival_linear_baseline_v1,4210.0,0,0.0,21,20,0,True,0.11
SCEN_2023_LOW_arrival_linear_baseline_v1_S1033,1033,arrival_linear_baseline_v1,4210.0,0,0.0,21,20,0,True,0.11
SCEN_2023_LOW_arrival_linear_baseline_v1_S1034,1034,arrival_linear_baseline_v1,4210.0,0,0.0,21,20,0,True,0.11
SCEN_2023_LOW_arrival_linear_baseline_v1_S1035,1035,arrival_linear_baseline_v1,4210.0,0,0.0,21,20,0,True,0.12
SCEN_2023_LOW_arrival_linear_baseline_v1_S1036,1036,arrival_linear_baseline_v1,4210.0,0,0.0,21,20,0,True,0.11
SCEN_2023_LOW_arrival_linear_baseline_v1_S1037,1037,arrival_linear_baseline_v1,4210.0,0,0.0,21,20,0,True,0.12
SCEN_2023_LOW_arrival_linear_baseline_v1_S1038,1038,arrival_linear_baseline_v1,4210.0,0,0.0,21,20,0,True,0.11
SCEN_2023_LOW_arrival_linear_baseline_v1_S1039,1039,arrival_linear_baseline_v1,4210.0,0,0.0,21,20,0,True,0.12
SCEN_2023_LOW_arrival_linear_baseline_v1_S1040,1040,arrival_linear_baseline_v1,4210.0,0,0.0,21,20,0,True,0.12
SCEN_2023_LOW_arrival_linear_baseline_v1_S1041,1041,arrival_linear_baseline_v1,4210.0,0,0.0,21,20,0,True,0.11
SCEN_2023_LOW_arrival_linear_baseline_v1_S1042,1042,arrival_linear_baseline_v1,4210.0,0,0.0,21,20,0,True,0.18
SCEN_2023_LOW_arrival_linear_baseline_v1_S1043,1043,arrival_linear_baseline_v1,4210.0,0,0.0,21,20,0,True,0.12
SCEN_2023_LOW_arrival_linear_baseline_v1_S1044,1044,arrival_linear_baseline_v1,4210.0,0,0.0,21,20,0,True,0.12
SCEN_2023_LOW_arrival_linear_baseline_v1_S1045,1045,arrival_linear_baseline_v1,4210.0,0,0.0,21,20,0,True,0.11
SCEN_2023_LOW_arrival_linear_baseline_v1_S1046,1046,arrival_linear_baseline_v1,4210.0,0,0.0,21,20,0,True,0.11
SCEN_2023_LOW_arrival_linear_baseline_v1_S1047,1047,arrival_linear_baseline_v1,4210.0,0,0.0,21,20,0,True,0.11
SCEN_2023_LOW_arrival_linear_baseline_v1_S1048,1048,arrival_linear_baseline_v1,4210.0,0,0.0,21,20,0,True,0.11
SCEN_2023_LOW_arrival_linear_baseline_v1_S1049,1049,arrival_linear_baseline_v1,4210.0,0,0.0,21,20,0,True,0.14
SCEN_2023_LOW_arrival_linear_baseline_v1_S1050,1050,arrival_linear_baseline_v1,4210.0,0,0.0,21,20,0,True,0.11
SCEN_2023_LOW_arrival_linear_baseline_v1_S1051,1051,arrival_linear_baseline_v1,4210.0,0,0.0,21,20,0,True,0.12
SCEN_2023_LOW_arrival_linear_baseline_v1_S1052,1052,arrival_linear_baseline_v1,4210.0,0,0.0,21,20,0,True,0.11
SCEN_2023_LOW_arrival_linear_baseline_v1_S1053,1053,arrival_linear_baseline_v1,4210.0,0,0.0,21,20,0,True,0.11
SCEN_2023_LOW_arrival_linear_baseline_v1_S1054,1054,arrival_linear_baseline_v1,4210.0,0,0.0,21,20,0,True,0.11
SCEN_2023_LOW_arrival_linear_baseline_v1_S1055,1055,arrival_linear_baseline_v1,4210.0,0,0.0,21,20,0,True,0.11
SCEN_2023_LOW_arrival_linear_baseline_v1_S1056,1056,arrival_linear_baseline_v1,4210.0,0,0.0,21,20,0,True,0.11
SCEN_2023_LOW_arrival_linear_baseline_v1_S1057,1057,arrival_linear_baseline_v1,4210.0,0,0.0,21,20,0,True,0.11
SCEN_2023_LOW_arrival_linear_baseline_v1_S1058,1058,arrival_linear_baseline_v1,4210.0,0,0.0,21,20,0,True,0.11
SCEN_2023_LOW_arrival_linear_baseline_v1_S1059,1059,arrival_linear_baseline_v1,4210.0,0,0.0,21,20,0,True,0.11
SCEN_2023_LOW_arrival_linear_baseline_v1_S1060,1060,arrival_linear_baseline_v1,4210.0,0,0.0,21,20,0,True,0.11
SCEN_2023_LOW_arrival_linear_baseline_v1_S1061,1061,arrival_linear_baseline_v1,4210.0,0,0.0,21,20,0,True,0.11
SCEN_2023_LOW_arrival_linear_baseline_v1_S1062,1062,arrival_linear_baseline_v1,4210.0,0,0.0,21,20,0,True,0.11
SCEN_2023_LOW_arrival_linear_baseline_v1_S1063,1063,arrival_linear_baseline_v1,4210.0,0,0.0,21,20,0,True,0.11
SCEN_2023_LOW_arrival_linear_baseline_v1_S1064,1064,arrival_linear_baseline_v1,4210.0,0,0.0,21,20,0,True,0.11
SCEN_2023_LOW_arrival_linear_baseline_v1_S1065,1065,arrival_linear_baseline_v1,4210.0,0,0.0,21,20,0,True,0.11
SCEN_2023_LOW_arrival_linear_baseline_v1_S1066,1066,arrival_linear_baseline_v1,4210.0,0,0.0,21,20,0,True,0.11
SCEN_2023_LOW_arrival_linear_baseline_v1_S1067,1067,arrival_linear_baseline_v1,4210.0,0,0.0,21,20,0,True,0.11
SCEN_2023_LOW_arrival_linear_baseline_v1_S1068,1068,arrival_linear_baseline_v1,4210.0,0,0.0,21,20,0,True,0.12
SCEN_2023_LOW_arrival_linear_baseline_v1_S1069,1069,arrival_linear_baseline_v1,4210.0,0,0.0,21,20,0,True,0.11
SCEN_2023_LOW_arrival_linear_baseline_v1_S1070,1070,arrival_linear_baseline_v1,4210.0,0,0.0,21,20,0,True,0.11
SCEN_2023_LOW_arrival_linear_baseline_v1_S1071,1071,arrival_linear_baseline_v1,4210.0,0,0.0,21,20,0,True,0.13
SCEN_2023_LOW_arrival_linear_baseline_v1_S1072,1072,arrival_linear_baseline_v1,4210.0,0,0.0,21,20,0,True,0.11
SCEN_2023_LOW_arrival_linear_baseline_v1_S1073,1073,arrival_linear_baseline_v1,4210.0,0,0.0,21,20,0,True,0.11
SCEN_2023_LOW_arrival_linear_baseline_v1_S1074,1074,arrival_linear_baseline_v1,4210.0,0,0.0,21,20,0,True,0.11
SCEN_2023_LOW_arrival_linear_baseline_v1_S1075,1075,arrival_linear_baseline_v1,4210.0,0,0.0,21,20,0,True,0.11
SCEN_2023_LOW_arrival_linear_baseline_v1_S1076,1076,arrival_linear_baseline_v1,4210.0,0,0.0,21,20,0,True,0.11
SCEN_2023_LOW_arrival_linear_baseline_v1_S1077,1077,arrival_linear_baseline_v1,4210.0,0,0.0,21,20,0,True,0.11
SCEN_2023_LOW_arrival_linear_baseline_v1_S1078,1078,arrival_linear_baseline_v1,4210.0,0,0.0,21,20,0,True,0.11
SCEN_2023_LOW_arrival_linear_baseline_v1_S1079,1079,arrival_linear_baseline_v1,4210.0,0,0.0,21,20,0,True,0.11
SCEN_2023_LOW_arrival_linear_baseline_v1_S1080,1080,arrival_linear_baseline_v1,4210.0,0,0.0,21,20,0,True,0.11
SCEN_2023_LOW_arrival_linear_baseline_v1_S1081,1081,arrival_linear_baseline_v1,4210.0,0,0.0,21,20,0,True,0.11
SCEN_2023_LOW_arrival_linear_baseline_v1_S1082,1082,arrival_linear_baseline_v1,4210.0,0,0.0,21,20,0,True,0.12
SCEN_2023_LOW_arrival_linear_baseline_v1_S1083,1083,arrival_linear_baseline_v1,4210.0,0,0.0,21,20,0,True,0.11
SCEN_2023_LOW_arrival_linear_baseline_v1_S1084,1084,arrival_linear_baseline_v1,4210.0,0,0.0,21,20,0,True,0.12
SCEN_2023_LOW_arrival_linear_baseline_v1_S1085,1085,arrival_linear_baseline_v1,4210.0,0,0.0,21,20,0,True,0.12
SCEN_2023_LOW_arrival_linear_baseline_v1_S1086,1086,arrival_linear_baseline_v1,4210.0,0,0.0,21,20,0,True,0.11
SCEN_2023_LOW_arrival_linear_baseline_v1_S1087,1087,arrival_linear_baseline_v1,4210.0,0,0.0,21,20,0,True,0.11
SCEN_2023_LOW_arrival_linear_baseline_v1_S1088,1088,arrival_linear_baseline_v1,4210.0,0,0.0,21,20,0,True,0.11
SCEN_2023_LOW_arrival_linear_baseline_v1_S1089,1089,arrival_linear_baseline_v1,4210.0,0,0.0,21,20,0,True,0.11
SCEN_2023_LOW_arrival_linear_baseline_v1_S1090,1090,arrival_linear_baseline_v1,4210.0,0,0.0,21,20,0,True,0.11
SCEN_2023_LOW_arrival_linear_baseline_v1_S1091,1091,arrival_linear_baseline_v1,4210.0,0,0.0,21,20,0,True,0.11
SCEN_2023_LOW_arrival_linear_baseline_v1_S1092,1092,arrival_linear_baseline_v1,4210.0,0,0.0,21,20,0,True,0.11
SCEN_2023_LOW_arrival_linear_baseline_v1_S1093,1093,arrival_linear_baseline_v1,4210.0,0,0.0,21,20,0,True,0.11
SCEN_2023_LOW_arrival_linear_baseline_v1_S1094,1094,arrival_linear_baseline_v1,4210.0,0,0.0,21,20,0,True,0.11
SCEN_2023_LOW_arrival_linear_baseline_v1_S1095,1095,arrival_linear_baseline_v1,4210.0,0,0.0,21,20,0,True,0.12
SCEN_2023_LOW_arrival_linear_baseline_v1_S1096,1096,arrival_linear_baseline_v1,4210.0,0,0.0,21,20,0,True,0.13
SCEN_2023_LOW_arrival_linear_baseline_v1_S1097,1097,arrival_linear_baseline_v1,4210.0,0,0.0,21,20,0,True,0.11
SCEN_2023_LOW_arrival_linear_baseline_v1_S1098,1098,arrival_linear_baseline_v1,4210.0,0,0.0,21,20,0,True,0.11
SCEN_2023_LOW_arrival_linear_baseline_v1_S1099,1099,arrival_linear_baseline_v1,4210.0,0,0.0,21,20,0,True,0.11
SCEN_2023_LOW_arrival_linear_baseline_v1_S1100,1100,arrival_linear_baseline_v1,4210.0,0,0.0,21,20,0,True,0.16
SCEN_2023_LOW_arrival_linear_baseline_v1_S1101,1101,arrival_linear_baseline_v1,4210.0,0,0.0,21,20,0,True,0.11
SCEN_2023_LOW_arrival_linear_baseline_v1_S1102,1102,arrival_linear_baseline_v1,4210.0,0,0.0,21,20,0,True,0.12
SCEN_2023_LOW_arrival_linear_baseline_v1_S1103,1103,arrival_linear_baseline_v1,4210.0,0,0.0,21,20,0,True,0.11
SCEN_2023_LOW_arrival_linear_baseline_v1_S1104,1104,arrival_linear_baseline_v1,4210.0,0,0.0,21,20,0,True,0.11
SCEN_2023_LOW_arrival_linear_baseline_v1_S1105,1105,arrival_linear_baseline_v1,4210.0,0,0.0,21,20,0,True,0.11
SCEN_2023_LOW_arrival_linear_baseline_v1_S1106,1106,arrival_linear_baseline_v1,4210.0,0,0.0,21,20,0,True,0.11
SCEN_2023_LOW_arrival_linear_baseline_v1_S1107,1107,arrival_linear_baseline_v1,4210.0,0,0.0,21,20,0,True,0.11
SCEN_2023_LOW_arrival_linear_baseline_v1_S1108,1108,arrival_linear_baseline_v1,4210.0,0,0.0,21,20,0,True,0.13
SCEN_2023_LOW_arrival_linear_baseline_v1_S1109,1109,arrival_linear_baseline_v1,4210.0,0,0.0,21,20,0,True,0.11
SCEN_2023_LOW_arrival_linear_baseline_v1_S1110,1110,arrival_linear_baseline_v1,4210.0,0,0.0,21,20,0,True,0.11
SCEN_2023_LOW_arrival_linear_baseline_v1_S1111,1111,arrival_linear_baseline_v1,4210.0,0,0.0,21,20,0,True,0.11
SCEN_2023_LOW_arrival_linear_baseline_v1_S1112,1112,arrival_linear_baseline_v1,4210.0,0,0.0,21,20,0,True,0.11
SCEN_2023_LOW_arrival_linear_baseline_v1_S1113,1113,arrival_linear_baseline_v1,4210.0,0,0.0,21,20,0,True,0.11
SCEN_2023_LOW_arrival_linear_baseline_v1_S1114,1114,arrival_linear_baseline_v1,4210.0,0,0.0,21,20,0,True,0.11
SCEN_2023_LOW_arrival_linear_baseline_v1_S1115,1115,arrival_linear_baseline_v1,4210.0,0,0.0,21,20,0,True,0.11
SCEN_2023_LOW_arrival_linear_baseline_v1_S1116,1116,arrival_linear_baseline_v1,4210.0,0,0.0,21,20,0,True,0.13
SCEN_2023_LOW_arrival_linear_baseline_v1_S1117,1117,arrival_linear_baseline_v1,4210.0,0,0.0,21,20,0,True,0.11
SCEN_2023_LOW_arrival_linear_baseline_v1_S1118,1118,arrival_linear_baseline_v1,4210.0,0,0.0,21,20,0,True,0.11
SCEN_2023_LOW_arrival_linear_baseline_v1_S1119,1119,arrival_linear_baseline_v1,4210.0,0,0.0,21,20,0,True,0.11
SCEN_2023_LOW_arrival_linear_baseline_v1_S1120,1120,arrival_linear_baseline_v1,4210.0,0,0.0,21,20,0,True,0.11
SCEN_2023_LOW_arrival_linear_baseline_v1_S1121,1121,arrival_linear_baseline_v1,4210.0,0,0.0,21,20,0,True,0.11
SCEN_2023_LOW_arrival_linear_baseline_v1_S1122,1122,arrival_linear_baseline_v1,4210.0,0,0.0,21,20,0,True,0.12
SCEN_2023_LOW_arrival_linear_baseline_v1_S1123,1123,arrival_linear_baseline_v1,4210.0,0,0.0,21,20,0,True,0.13
SCEN_2023_LOW_arrival_linear_baseline_v1_S1124,1124,arrival_linear_baseline_v1,4210.0,0,0.0,21,20,0,True,0.11
SCEN_2023_LOW_arrival_linear_baseline_v1_S1125,1125,arrival_linear_baseline_v1,4210.0,0,0.0,21,20,0,True,0.12
SCEN_2023_LOW_arrival_linear_baseline_v1_S1126,1126,arrival_linear_baseline_v1,4210.0,0,0.0,21,20,0,True,0.11
SCEN_2023_LOW_arrival_linear_baseline_v1_S1127,1127,arrival_linear_baseline_v1,4210.0,0,0.0,21,20,0,True,0.11
SCEN_2023_LOW_arrival_linear_baseline_v1_S1128,1128,arrival_linear_baseline_v1,4210.0,0,0.0,21,20,0,True,0.11
SCEN_2023_LOW_arrival_linear_baseline_v1_S1129,1129,arrival_linear_baseline_v1,4210.0,0,0.0,21,20,0,True,0.11
SCEN_2023_LOW_arrival_linear_baseline_v1_S1130,1130,arrival_linear_baseline_v1,4210.0,0,0.0,21,20,0,True,0.11
SCEN_2023_LOW_arrival_linear_baseline_v1_S1131,1131,arrival_linear_baseline_v1,4210.0,0,0.0,21,20,0,True,0.11
SCEN_2023_LOW_arrival_linear_baseline_v1_S1132,1132,arrival_linear_baseline_v1,4210.0,0,0.0,21,20,0,True,0.11
SCEN_2023_LOW_arrival_linear_baseline_v1_S1133,1133,arrival_linear_baseline_v1,4210.0,0,0.0,21,20,0,True,0.11
SCEN_2023_LOW_arrival_linear_baseline_v1_S1134,1134,arrival_linear_baseline_v1,4210.0,0,0.0,21,20,0,True,0.11
SCEN_2023_LOW_arrival_linear_baseline_v1_S1135,1135,arrival_linear_baseline_v1,4210.0,0,0.0,21,20,0,True,0.11
SCEN_2023_LOW_arrival_linear_baseline_v1_S1136,1136,arrival_linear_baseline_v1,4210.0,0,0.0,21,20,0,True,0.11
SCEN_2023_LOW_arrival_linear_baseline_v1_S1137,1137,arrival_linear_baseline_v1,4210.0,0,0.0,21,20,0,True,0.11
SCEN_2023_LOW_arrival_linear_baseline_v1_S1138,1138,arrival_linear_baseline_v1,4210.0,0,0.0,21,20,0,True,0.11
SCEN_2023_LOW_arrival_linear_baseline_v1_S1139,1139,arrival_linear_baseline_v1,4210.0,0,0.0,21,20,0,True,0.11
SCEN_2023_LOW_arrival_linear_baseline_v1_S1140,1140,arrival_linear_baseline_v1,4210.0,0,0.0,21,20,0,True,0.11
SCEN_2023_LOW_arrival_linear_baseline_v1_S1141,1141,arrival_linear_baseline_v1,4210.0,0,0.0,21,20,0,True,0.11
SCEN_2023_LOW_arrival_linear_baseline_v1_S1142,1142,arrival_linear_baseline_v1,4210.0,0,0.0,21,20,0,True,0.11
SCEN_2023_LOW_arrival_linear_baseline_v1_S1143,1143,arrival_linear_baseline_v1,4210.0,0,0.0,21,20,0,True,0.11
SCEN_2023_LOW_arrival_linear_baseline_v1_S1144,1144,arrival_linear_baseline_v1,4210.0,0,0.0,21,20,0,True,0.11
SCEN_2023_LOW_arrival_linear_baseline_v1_S1145,1145,arrival_linear_baseline_v1,4210.0,0,0.0,21,20,0,True,0.11
SCEN_2023_LOW_arrival_linear_baseline_v1_S1146,1146,arrival_linear_baseline_v1,4210.0,0,0.0,21,20,0,True,0.12
SCEN_2023_LOW_arrival_linear_baseline_v1_S1147,1147,arrival_linear_baseline_v1,4210.0,0,0.0,21,20,0,True,0.15
SCEN_2023_LOW_arrival_linear_baseline_v1_S1148,1148,arrival_linear_baseline_v1,4210.0,0,0.0,21,20,0,True,0.12
SCEN_2023_LOW_arrival_linear_baseline_v1_S1149,1149,arrival_linear_baseline_v1,4210.0,0,0.0,21,20,0,True,0.11
SCEN_2023_LOW_arrival_linear_baseline_v1_S1150,1150,arrival_linear_baseline_v1,4210.0,0,0.0,21,20,0,True,0.11
SCEN_2023_LOW_arrival_linear_baseline_v1_S1151,1151,arrival_linear_baseline_v1,4210.0,0,0.0,21,20,0,True,0.11
SCEN_2023_LOW_arrival_linear_baseline_v1_S1152,1152,arrival_linear_baseline_v1,4210.0,0,0.0,21,20,0,True,0.11
SCEN_2023_LOW_arrival_linear_baseline_v1_S1153,1153,arrival_linear_baseline_v1,4210.0,0,0.0,21,20,0,True,0.11
SCEN_2023_LOW_arrival_linear_baseline_v1_S1154,1154,arrival_linear_baseline_v1,4210.0,0,0.0,21,20,0,True,0.11
SCEN_2023_LOW_arrival_linear_baseline_v1_S1155,1155,arrival_linear_baseline_v1,4210.0,0,0.0,21,20,0,True,0.11
SCEN_2023_LOW_arrival_linear_baseline_v1_S1156,1156,arrival_linear_baseline_v1,4210.0,0,0.0,21,20,0,True,0.11
SCEN_2023_LOW_arrival_linear_baseline_v1_S1157,1157,arrival_linear_baseline_v1,4210.0,0,0.0,21,20,0,True,0.11
SCEN_2023_LOW_arrival_linear_baseline_v1_S1158,1158,arrival_linear_baseline_v1,4210.0,0,0.0,21,20,0,True,0.11
SCEN_2023_LOW_arrival_linear_baseline_v1_S1159,1159,arrival_linear_baseline_v1,4210.0,0,0.0,21,20,0,True,0.11
SCEN_2023_LOW_arrival_linear_baseline_v1_S1160,1160,arrival_linear_baseline_v1,4210.0,0,0.0,21,20,0,True,0.11
SCEN_2023_LOW_arrival_linear_baseline_v1_S1161,1161,arrival_linear_baseline_v1,4210.0,0,0.0,21,20,0,True,0.11
SCEN_2023_LOW_arrival_linear_baseline_v1_S1162,1162,arrival_linear_baseline_v1,4210.0,0,0.0,21,20,0,True,0.11
SCEN_2023_LOW_arrival_linear_baseline_v1_S1163,1163,arrival_linear_baseline_v1,4210.0,0,0.0,21,20,0,True,0.12
SCEN_2023_LOW_arrival_linear_baseline_v1_S1164,1164,arrival_linear_baseline_v1,4210.0,0,0.0,21,20,0,True,0.11
SCEN_2023_LOW_arrival_linear_baseline_v1_S1165,1165,arrival_linear_baseline_v1,4210.0,0,0.0,21,20,0,True,0.11
SCEN_2023_LOW_arrival_linear_baseline_v1_S1166,1166,arrival_linear_baseline_v1,4210.0,0,0.0,21,20,0,True,0.11
SCEN_2023_LOW_arrival_linear_baseline_v1_S1167,1167,arrival_linear_baseline_v1,4210.0,0,0.0,21,20,0,True,0.11
SCEN_2023_LOW_arrival_linear_baseline_v1_S1168,1168,arrival_linear_baseline_v1,4210.0,0,0.0,21,20,0,True,0.11
SCEN_2023_LOW_arrival_linear_baseline_v1_S1169,1169,arrival_linear_baseline_v1,4210.0,0,0.0,21,20,0,True,0.11
SCEN_2023_LOW_arrival_linear_baseline_v1_S1170,1170,arrival_linear_baseline_v1,4210.0,0,0.0,21,20,0,True,0.11
SCEN_2023_LOW_arrival_linear_baseline_v1_S1171,1171,arrival_linear_baseline_v1,4210.0,0,0.0,21,20,0,True,0.11
SCEN_2023_LOW_arrival_linear_baseline_v1_S1172,1172,arrival_linear_baseline_v1,4210.0,0,0.0,21,20,0,True,0.15
SCEN_2023_LOW_arrival_linear_baseline_v1_S1173,1173,arrival_linear_baseline_v1,4210.0,0,0.0,21,20,0,True,0.11
SCEN_2023_LOW_arrival_linear_baseline_v1_S1174,1174,arrival_linear_baseline_v1,4210.0,0,0.0,21,20,0,True,0.12
SCEN_2023_LOW_arrival_linear_baseline_v1_S1175,1175,arrival_linear_baseline_v1,4210.0,0,0.0,21,20,0,True,0.11
SCEN_2023_LOW_arrival_linear_baseline_v1_S1176,1176,arrival_linear_baseline_v1,4210.0,0,0.0,21,20,0,True,0.11
SCEN_2023_LOW_arrival_linear_baseline_v1_S1177,1177,arrival_linear_baseline_v1,4210.0,0,0.0,21,20,0,True,0.11
SCEN_2023_LOW_arrival_linear_baseline_v1_S1178,1178,arrival_linear_baseline_v1,4210.0,0,0.0,21,20,0,True,0.11
SCEN_2023_LOW_arrival_linear_baseline_v1_S1179,1179,arrival_linear_baseline_v1,4210.0,0,0.0,21,20,0,True,0.11
SCEN_2023_LOW_arrival_linear_baseline_v1_S1180,1180,arrival_linear_baseline_v1,4210.0,0,0.0,21,20,0,True,0.12
SCEN_2023_LOW_arrival_linear_baseline_v1_S1181,1181,arrival_linear_baseline_v1,4210.0,0,0.0,21,20,0,True,0.11
SCEN_2023_LOW_arrival_linear_baseline_v1_S1182,1182,arrival_linear_baseline_v1,4210.0,0,0.0,21,20,0,True,0.11
SCEN_2023_LOW_arrival_linear_baseline_v1_S1183,1183,arrival_linear_baseline_v1,4210.0,0,0.0,21,20,0,True,0.11
SCEN_2023_LOW_arrival_linear_baseline_v1_S1184,1184,arrival_linear_baseline_v1,4210.0,0,0.0,21,20,0,True,0.11
SCEN_2023_LOW_arrival_linear_baseline_v1_S1185,1185,arrival_linear_baseline_v1,4210.0,0,0.0,21,20,0,True,0.12
SCEN_2023_LOW_arrival_linear_baseline_v1_S1186,1186,arrival_linear_baseline_v1,4210.0,0,0.0,21,20,0,True,0.11
SCEN_2023_LOW_arrival_linear_baseline_v1_S1187,1187,arrival_linear_baseline_v1,4210.0,0,0.0,21,20,0,True,0.11
SCEN_2023_LOW_arrival_linear_baseline_v1_S1188,1188,arrival_linear_baseline_v1,4210.0,0,0.0,21,20,0,True,0.11
SCEN_2023_LOW_arrival_linear_baseline_v1_S1189,1189,arrival_linear_baseline_v1,4210.0,0,0.0,21,20,0,True,0.16
SCEN_2023_LOW_arrival_linear_baseline_v1_S1190,1190,arrival_linear_baseline_v1,4210.0,0,0.0,21,20,0,True,0.17
SCEN_2023_LOW_arrival_linear_baseline_v1_S1191,1191,arrival_linear_baseline_v1,4210.0,0,0.0,21,20,0,True,0.17
SCEN_2023_LOW_arrival_linear_baseline_v1_S1192,1192,arrival_linear_baseline_v1,4210.0,0,0.0,21,20,0,True,0.21
SCEN_2023_LOW_arrival_linear_baseline_v1_S1193,1193,arrival_linear_baseline_v1,4210.0,0,0.0,21,20,0,True,0.11
SCEN_2023_LOW_arrival_linear_baseline_v1_S1194,1194,arrival_linear_baseline_v1,4210.0,0,0.0,21,20,0,True,0.12
SCEN_2023_LOW_arrival_linear_baseline_v1_S1195,1195,arrival_linear_baseline_v1,4210.0,0,0.0,21,20,0,True,0.11
SCEN_2023_LOW_arrival_linear_baseline_v1_S1196,1196,arrival_linear_baseline_v1,4210.0,0,0.0,21,20,0,True,0.11
SCEN_2023_LOW_arrival_linear_baseline_v1_S1197,1197,arrival_linear_baseline_v1,4210.0,0,0.0,21,20,0,True,0.11
SCEN_2023_LOW_arrival_linear_baseline_v1_S1198,1198,arrival_linear_baseline_v1,4210.0,0,0.0,21,20,0,True,0.12
SCEN_2023_LOW_arrival_linear_baseline_v1_S1199,1199,arrival_linear_baseline_v1,4210.0,0,0.0,21,20,0,True,0.11
SCEN_2023_LOW_arrival_linear_baseline_v1_S1200,1200,arrival_linear_baseline_v1,4210.0,0,0.0,21,20,0,True,0.11
SCEN_2023_LOW_arrival_linear_baseline_v1_S1201,1201,arrival_linear_baseline_v1,4210.0,0,0.0,21,20,0,True,0.11
SCEN_2023_LOW_arrival_linear_baseline_v1_S1202,1202,arrival_linear_baseline_v1,4210.0,0,0.0,21,20,0,True,0.11
SCEN_2023_LOW_arrival_linear_baseline_v1_S1203,1203,arrival_linear_baseline_v1,4210.0,0,0.0,21,20,0,True,0.11
SCEN_2023_LOW_arrival_linear_baseline_v1_S1204,1204,arrival_linear_baseline_v1,4210.0,0,0.0,21,20,0,True,0.12
SCEN_2023_LOW_arrival_linear_baseline_v1_S1205,1205,arrival_linear_baseline_v1,4210.0,0,0.0,21,20,0,True,0.11
SCEN_2023_LOW_arrival_linear_baseline_v1_S1206,1206,arrival_linear_baseline_v1,4210.0,0,0.0,21,20,0,True,0.11
SCEN_2023_LOW_arrival_linear_baseline_v1_S1207,1207,arrival_linear_baseline_v1,4210.0,0,0.0,21,20,0,True,0.11
SCEN_2023_LOW_arrival_linear_baseline_v1_S1208,1208,arrival_linear_baseline_v1,4210.0,0,0.0,21,20,0,True,0.11
SCEN_2023_LOW_arrival_linear_baseline_v1_S1209,1209,arrival_linear_baseline_v1,4210.0,0,0.0,21,20,0,True,0.12
SCEN_2023_LOW_arrival_linear_baseline_v1_S1210,1210,arrival_linear_baseline_v1,4210.0,0,0.0,21,20,0,True,0.11
SCEN_2023_LOW_arrival_linear_baseline_v1_S1211,1211,arrival_linear_baseline_v1,4210.0,0,0.0,21,20,0,True,0.11
SCEN_2023_LOW_arrival_linear_baseline_v1_S1212,1212,arrival_linear_baseline_v1,4210.0,0,0.0,21,20,0,True,0.11
SCEN_2023_LOW_arrival_linear_baseline_v1_S1213,1213,arrival_linear_baseline_v1,4210.0,0,0.0,21,20,0,True,0.17
SCEN_2023_LOW_arrival_linear_baseline_v1_S1214,1214,arrival_linear_baseline_v1,4210.0,0,0.0,21,20,0,True,0.11
SCEN_2023_LOW_arrival_linear_baseline_v1_S1215,1215,arrival_linear_baseline_v1,4210.0,0,0.0,21,20,0,True,0.11
SCEN_2023_LOW_arrival_linear_baseline_v1_S1216,1216,arrival_linear_baseline_v1,4210.0,0,0.0,21,20,0,True,0.11
SCEN_2023_LOW_arrival_linear_baseline_v1_S1217,1217,arrival_linear_baseline_v1,4210.0,0,0.0,21,20,0,True,0.11
SCEN_2023_LOW_arrival_linear_baseline_v1_S1218,1218,arrival_linear_baseline_v1,4210.0,0,0.0,21,20,0,True,0.11
SCEN_2023_LOW_arrival_linear_baseline_v1_S1219,1219,arrival_linear_baseline_v1,4210.0,0,0.0,21,20,0,True,0.11
SCEN_2023_LOW_arrival_linear_baseline_v1_S1220,1220,arrival_linear_baseline_v1,4210.0,0,0.0,21,20,0,True,0.11
SCEN_2023_LOW_arrival_linear_baseline_v1_S1221,1221,arrival_linear_baseline_v1,4210.0,0,0.0,21,20,0,True,0.11
SCEN_2023_LOW_arrival_linear_baseline_v1_S1222,1222,arrival_linear_baseline_v1,4210.0,0,0.0,21,20,0,True,0.11
SCEN_2023_LOW_arrival_linear_baseline_v1_S1223,1223,arrival_linear_baseline_v1,4210.0,0,0.0,21,20,0,True,0.11
SCEN_2023_LOW_arrival_linear_baseline_v1_S1224,1224,arrival_linear_baseline_v1,4210.0,0,0.0,21,20,0,True,0.11
SCEN_2023_LOW_arrival_linear_baseline_v1_S1225,1225,arrival_linear_baseline_v1,4210.0,0,0.0,21,20,0,True,0.11
SCEN_2023_LOW_arrival_linear_baseline_v1_S1226,1226,arrival_linear_baseline_v1,4210.0,0,0.0,21,20,0,True,0.11
SCEN_2023_LOW_arrival_linear_baseline_v1_S1227,1227,arrival_linear_baseline_v1,4210.0,0,0.0,21,20,0,True,0.11
SCEN_2023_LOW_arrival_linear_baseline_v1_S1228,1228,arrival_linear_baseline_v1,4210.0,0,0.0,21,20,0,True,0.11
SCEN_2023_LOW_arrival_linear_baseline_v1_S1229,1229,arrival_linear_baseline_v1,4210.0,0,0.0,21,20,0,True,0.11
SCEN_2023_LOW_arrival_linear_baseline_v1_S1230,1230,arrival_linear_baseline_v1,4210.0,0,0.0,21,20,0,True,0.11
SCEN_2023_LOW_arrival_linear_baseline_v1_S1231,1231,arrival_linear_baseline_v1,4210.0,0,0.0,21,20,0,True,0.11
SCEN_2023_LOW_arrival_linear_baseline_v1_S1232,1232,arrival_linear_baseline_v1,4210.0,0,0.0,21,20,0,True,0.11
SCEN_2023_LOW_arrival_linear_baseline_v1_S1233,1233,arrival_linear_baseline_v1,4210.0,0,0.0,21,20,0,True,0.11
SCEN_2023_LOW_arrival_linear_baseline_v1_S1234,1234,arrival_linear_baseline_v1,4210.0,0,0.0,21,20,0,True,0.11
SCEN_2023_LOW_arrival_linear_baseline_v1_S1235,1235,arrival_linear_baseline_v1,4210.0,0,0.0,21,20,0,True,0.11
SCEN_2023_LOW_arrival_linear_baseline_v1_S1236,1236,arrival_linear_baseline_v1,4210.0,0,0.0,21,20,0,True,0.11
SCEN_2023_LOW_arrival_linear_baseline_v1_S1237,1237,arrival_linear_baseline_v1,4210.0,0,0.0,21,20,0,True,0.11
SCEN_2023_LOW_arrival_linear_baseline_v1_S1238,1238,arrival_linear_baseline_v1,4210.0,0,0.0,21,20,0,True,0.11
SCEN_2023_LOW_arrival_linear_baseline_v1_S1239,1239,arrival_linear_baseline_v1,4210.0,0,0.0,21,20,0,True,0.11
SCEN_2023_LOW_arrival_linear_baseline_v1_S1240,1240,arrival_linear_baseline_v1,4210.0,0,0.0,21,20,0,True,0.11
SCEN_2023_LOW_arrival_linear_baseline_v1_S1241,1241,arrival_linear_baseline_v1,4210.0,0,0.0,21,20,0,True,0.11
SCEN_2023_LOW_arrival_linear_baseline_v1_S1242,1242,arrival_linear_baseline_v1,4210.0,0,0.0,21,20,0,True,0.11
SCEN_2023_LOW_arrival_linear_baseline_v1_S1243,1243,arrival_linear_baseline_v1,4210.0,0,0.0,21,20,0,True,0.11
SCEN_2023_LOW_arrival_linear_baseline_v1_S1244,1244,arrival_linear_baseline_v1,4210.0,0,0.0,21,20,0,True,0.11
SCEN_2023_LOW_arrival_linear_baseline_v1_S1245,1245,arrival_linear_baseline_v1,4210.0,0,0.0,21,20,0,True,0.11
SCEN_2023_LOW_arrival_linear_baseline_v1_S1246,1246,arrival_linear_baseline_v1,4210.0,0,0.0,21,20,0,True,0.11
SCEN_2023_LOW_arrival_linear_baseline_v1_S1247,1247,arrival_linear_baseline_v1,4210.0,0,0.0,21,20,0,True,0.11
SCEN_2023_LOW_arrival_linear_baseline_v1_S1248,1248,arrival_linear_baseline_v1,4210.0,0,0.0,21,20,0,True,0.11
SCEN_2023_LOW_arrival_linear_baseline_v1_S1249,1249,arrival_linear_baseline_v1,4210.0,0,0.0,21,20,0,True,0.11
SCEN_2023_LOW_arrival_linear_baseline_v1_S1250,1250,arrival_linear_baseline_v1,4210.0,0,0.0,21,20,0,True,0.21
SCEN_2023_LOW_arrival_linear_baseline_v1_S1251,1251,arrival_linear_baseline_v1,4210.0,0,0.0,21,20,0,True,0.11
SCEN_2023_LOW_arrival_linear_baseline_v1_S1252,1252,arrival_linear_baseline_v1,4210.0,0,0.0,21,20,0,True,0.12
SCEN_2023_LOW_arrival_linear_baseline_v1_S1253,1253,arrival_linear_baseline_v1,4210.0,0,0.0,21,20,0,True,0.11
SCEN_2023_LOW_arrival_linear_baseline_v1_S1254,1254,arrival_linear_baseline_v1,4210.0,0,0.0,21,20,0,True,0.11
SCEN_2023_LOW_arrival_linear_baseline_v1_S1255,1255,arrival_linear_baseline_v1,4210.0,0,0.0,21,20,0,True,0.11
SCEN_2023_LOW_arrival_linear_baseline_v1_S1256,1256,arrival_linear_baseline_v1,4210.0,0,0.0,21,20,0,True,0.11
SCEN_2023_LOW_arrival_linear_baseline_v1_S1257,1257,arrival_linear_baseline_v1,4210.0,0,0.0,21,20,0,True,0.11
SCEN_2023_LOW_arrival_linear_baseline_v1_S1258,1258,arrival_linear_baseline_v1,4210.0,0,0.0,21,20,0,True,0.11
SCEN_2023_LOW_arrival_linear_baseline_v1_S1259,1259,arrival_linear_baseline_v1,4210.0,0,0.0,21,20,0,True,0.11
SCEN_2023_LOW_arrival_linear_baseline_v1_S1260,1260,arrival_linear_baseline_v1,4210.0,0,0.0,21,20,0,True,0.12
SCEN_2023_LOW_arrival_linear_baseline_v1_S1261,1261,arrival_linear_baseline_v1,4210.0,0,0.0,21,20,0,True,0.11
SCEN_2023_LOW_arrival_linear_baseline_v1_S1262,1262,arrival_linear_baseline_v1,4210.0,0,0.0,21,20,0,True,0.11
SCEN_2023_LOW_arrival_linear_baseline_v1_S1263,1263,arrival_linear_baseline_v1,4210.0,0,0.0,21,20,0,True,0.11
SCEN_2023_LOW_arrival_linear_baseline_v1_S1264,1264,arrival_linear_baseline_v1,4210.0,0,0.0,21,20,0,True,0.11
SCEN_2023_LOW_arrival_linear_baseline_v1_S1265,1265,arrival_linear_baseline_v1,4210.0,0,0.0,21,20,0,True,0.11
SCEN_2023_LOW_arrival_linear_baseline_v1_S1266,1266,arrival_linear_baseline_v1,4210.0,0,0.0,21,20,0,True,0.11
SCEN_2023_LOW_arrival_linear_baseline_v1_S1267,1267,arrival_linear_baseline_v1,4210.0,0,0.0,21,20,0,True,0.11
SCEN_2023_LOW_arrival_linear_baseline_v1_S1268,1268,arrival_linear_baseline_v1,4210.0,0,0.0,21,20,0,True,0.11
SCEN_2023_LOW_arrival_linear_baseline_v1_S1269,1269,arrival_linear_baseline_v1,4210.0,0,0.0,21,20,0,True,0.11
SCEN_2023_LOW_arrival_linear_baseline_v1_S1270,1270,arrival_linear_baseline_v1,4210.0,0,0.0,21,20,0,True,0.11
SCEN_2023_LOW_arrival_linear_baseline_v1_S1271,1271,arrival_linear_baseline_v1,4210.0,0,0.0,21,20,0,True,0.11
SCEN_2023_LOW_arrival_linear_baseline_v1_S1272,1272,arrival_linear_baseline_v1,4210.0,0,0.0,21,20,0,True,0.11
SCEN_2023_LOW_arrival_linear_baseline_v1_S1273,1273,arrival_linear_baseline_v1,4210.0,0,0.0,21,20,0,True,0.11
SCEN_2023_LOW_arrival_linear_baseline_v1_S1274,1274,arrival_linear_baseline_v1,4210.0,0,0.0,21,20,0,True,0.11
SCEN_2023_LOW_arrival_linear_baseline_v1_S1275,1275,arrival_linear_baseline_v1,4210.0,0,0.0,21,20,0,True,0.11
SCEN_2023_LOW_arrival_linear_baseline_v1_S1276,1276,arrival_linear_baseline_v1,4210.0,0,0.0,21,20,0,True,0.11
SCEN_2023_LOW_arrival_linear_baseline_v1_S1277,1277,arrival_linear_baseline_v1,4210.0,0,0.0,21,20,0,True,0.11
SCEN_2023_LOW_arrival_linear_baseline_v1_S1278,1278,arrival_linear_baseline_v1,4210.0,0,0.0,21,20,0,True,0.11
SCEN_2023_LOW_arrival_linear_baseline_v1_S1279,1279,arrival_linear_baseline_v1,4210.0,0,0.0,21,20,0,True,0.11
SCEN_2023_LOW_arrival_linear_baseline_v1_S1280,1280,arrival_linear_baseline_v1,4210.0,0,0.0,21,20,0,True,0.11
SCEN_2023_LOW_arrival_linear_baseline_v1_S1281,1281,arrival_linear_baseline_v1,4210.0,0,0.0,21,20,0,True,0.11
SCEN_2023_LOW_arrival_linear_baseline_v1_S1282,1282,arrival_linear_baseline_v1,4210.0,0,0.0,21,20,0,True,0.11
SCEN_2023_LOW_arrival_linear_baseline_v1_S1283,1283,arrival_linear_baseline_v1,4210.0,0,0.0,21,20,0,True,0.11
SCEN_2023_LOW_arrival_linear_baseline_v1_S1284,1284,arrival_linear_baseline_v1,4210.0,0,0.0,21,20,0,True,0.11
SCEN_2023_LOW_arrival_linear_baseline_v1_S1285,1285,arrival_linear_baseline_v1,4210.0,0,0.0,21,20,0,True,0.11
SCEN_2023_LOW_arrival_linear_baseline_v1_S1286,1286,arrival_linear_baseline_v1,4210.0,0,0.0,21,20,0,True,0.11
SCEN_2023_LOW_arrival_linear_baseline_v1_S1287,1287,arrival_linear_baseline_v1,4210.0,0,0.0,21,20,0,True,0.11
SCEN_2023_LOW_arrival_linear_baseline_v1_S1288,1288,arrival_linear_baseline_v1,4210.0,0,0.0,21,20,0,True,0.11
SCEN_2023_LOW_arrival_linear_baseline_v1_S1289,1289,arrival_linear_baseline_v1,4210.0,0,0.0,21,20,0,True,0.11
SCEN_2023_LOW_arrival_linear_baseline_v1_S1290,1290,arrival_linear_baseline_v1,4210.0,0,0.0,21,20,0,True,0.11
SCEN_2023_LOW_arrival_linear_baseline_v1_S1291,1291,arrival_linear_baseline_v1,4210.0,0,0.0,21,20,0,True,0.11
SCEN_2023_LOW_arrival_linear_baseline_v1_S1292,1292,arrival_linear_baseline_v1,4210.0,0,0.0,21,20,0,True,0.11
SCEN_2023_LOW_arrival_linear_baseline_v1_S1293,1293,arrival_linear_baseline_v1,4210.0,0,0.0,21,20,0,True,0.11
SCEN_2023_LOW_arrival_linear_baseline_v1_S1294,1294,arrival_linear_baseline_v1,4210.0,0,0.0,21,20,0,True,0.12
SCEN_2023_LOW_arrival_linear_baseline_v1_S1295,1295,arrival_linear_baseline_v1,4210.0,0,0.0,21,20,0,True,0.11
SCEN_2023_LOW_arrival_linear_baseline_v1_S1296,1296,arrival_linear_baseline_v1,4210.0,0,0.0,21,20,0,True,0.11
SCEN_2023_LOW_arrival_linear_baseline_v1_S1297,1297,arrival_linear_baseline_v1,4210.0,0,0.0,21,20,0,True,0.17
SCEN_2023_LOW_arrival_linear_baseline_v1_S1298,1298,arrival_linear_baseline_v1,4210.0,0,0.0,21,20,0,True,0.12
SCEN_2023_LOW_arrival_linear_baseline_v1_S1299,1299,arrival_linear_baseline_v1,4210.0,0,0.0,21,20,0,True,0.11
SCEN_2023_LOW_arrival_linear_baseline_v1_S1300,1300,arrival_linear_baseline_v1,4210.0,0,0.0,21,20,0,True,0.11
SCEN_2023_LOW_arrival_linear_baseline_v1_S1301,1301,arrival_linear_baseline_v1,4210.0,0,0.0,21,20,0,True,0.11
SCEN_2023_LOW_arrival_linear_baseline_v1_S1302,1302,arrival_linear_baseline_v1,4210.0,0,0.0,21,20,0,True,0.18
SCEN_2023_LOW_arrival_linear_baseline_v1_S1303,1303,arrival_linear_baseline_v1,4210.0,0,0.0,21,20,0,True,0.12
SCEN_2023_LOW_arrival_linear_baseline_v1_S1304,1304,arrival_linear_baseline_v1,4210.0,0,0.0,21,20,0,True,0.11
SCEN_2023_LOW_arrival_linear_baseline_v1_S1305,1305,arrival_linear_baseline_v1,4210.0,0,0.0,21,20,0,True,0.11
SCEN_2023_LOW_arrival_linear_baseline_v1_S1306,1306,arrival_linear_baseline_v1,4210.0,0,0.0,21,20,0,True,0.11
SCEN_2023_LOW_arrival_linear_baseline_v1_S1307,1307,arrival_linear_baseline_v1,4210.0,0,0.0,21,20,0,True,0.11
SCEN_2023_LOW_arrival_linear_baseline_v1_S1308,1308,arrival_linear_baseline_v1,4210.0,0,0.0,21,20,0,True,0.11
SCEN_2023_LOW_arrival_linear_baseline_v1_S1309,1309,arrival_linear_baseline_v1,4210.0,0,0.0,21,20,0,True,0.11
SCEN_2023_LOW_arrival_linear_baseline_v1_S1310,1310,arrival_linear_baseline_v1,4210.0,0,0.0,21,20,0,True,0.11
SCEN_2023_LOW_arrival_linear_baseline_v1_S1311,1311,arrival_linear_baseline_v1,4210.0,0,0.0,21,20,0,True,0.13
SCEN_2023_LOW_arrival_linear_baseline_v1_S1312,1312,arrival_linear_baseline_v1,4210.0,0,0.0,21,20,0,True,0.11
SCEN_2023_LOW_arrival_linear_baseline_v1_S1313,1313,arrival_linear_baseline_v1,4210.0,0,0.0,21,20,0,True,0.11
SCEN_2023_LOW_arrival_linear_baseline_v1_S1314,1314,arrival_linear_baseline_v1,4210.0,0,0.0,21,20,0,True,0.13
SCEN_2023_LOW_arrival_linear_baseline_v1_S1315,1315,arrival_linear_baseline_v1,4210.0,0,0.0,21,20,0,True,0.11
SCEN_2023_LOW_arrival_linear_baseline_v1_S1316,1316,arrival_linear_baseline_v1,4210.0,0,0.0,21,20,0,True,0.11
SCEN_2023_LOW_arrival_linear_baseline_v1_S1317,1317,arrival_linear_baseline_v1,4210.0,0,0.0,21,20,0,True,0.11
SCEN_2023_LOW_arrival_linear_baseline_v1_S1318,1318,arrival_linear_baseline_v1,4210.0,0,0.0,21,20,0,True,0.11
SCEN_2023_LOW_arrival_linear_baseline_v1_S1319,1319,arrival_linear_baseline_v1,4210.0,0,0.0,21,20,0,True,0.11
SCEN_2023_LOW_arrival_linear_baseline_v1_S1320,1320,arrival_linear_baseline_v1,4210.0,0,0.0,21,20,0,True,0.11
SCEN_2023_LOW_arrival_linear_baseline_v1_S1321,1321,arrival_linear_baseline_v1,4210.0,0,0.0,21,20,0,True,0.12
SCEN_2023_LOW_arrival_linear_baseline_v1_S1322,1322,arrival_linear_baseline_v1,4210.0,0,0.0,21,20,0,True,0.11
SCEN_2023_LOW_arrival_linear_baseline_v1_S1323,1323,arrival_linear_baseline_v1,4210.0,0,0.0,21,20,0,True,0.11
SCEN_2023_LOW_arrival_linear_baseline_v1_S1324,1324,arrival_linear_baseline_v1,4210.0,0,0.0,21,20,0,True,0.11
SCEN_2023_LOW_arrival_linear_baseline_v1_S1325,1325,arrival_linear_baseline_v1,4210.0,0,0.0,21,20,0,True,0.11
SCEN_2023_LOW_arrival_linear_baseline_v1_S1326,1326,arrival_linear_baseline_v1,4210.0,0,0.0,21,20,0,True,0.11
SCEN_2023_LOW_arrival_linear_baseline_v1_S1327,1327,arrival_linear_baseline_v1,4210.0,0,0.0,21,20,0,True,0.11
SCEN_2023_LOW_arrival_linear_baseline_v1_S1328,1328,arrival_linear_baseline_v1,4210.0,0,0.0,21,20,0,True,0.11
SCEN_2023_LOW_arrival_linear_baseline_v1_S1329,1329,arrival_linear_baseline_v1,4210.0,0,0.0,21,20,0,True,0.12
SCEN_2023_LOW_arrival_linear_baseline_v1_S1330,1330,arrival_linear_baseline_v1,4210.0,0,0.0,21,20,0,True,0.11
SCEN_2023_LOW_arrival_linear_baseline_v1_S1331,1331,arrival_linear_baseline_v1,4210.0,0,0.0,21,20,0,True,0.11
SCEN_2023_LOW_arrival_linear_baseline_v1_S1332,1332,arrival_linear_baseline_v1,4210.0,0,0.0,21,20,0,True,0.11
SCEN_2023_LOW_arrival_linear_baseline_v1_S1333,1333,arrival_linear_baseline_v1,4210.0,0,0.0,21,20,0,True,0.11
SCEN_2023_LOW_arrival_linear_baseline_v1_S1334,1334,arrival_linear_baseline_v1,4210.0,0,0.0,21,20,0,True,0.12
SCEN_2023_LOW_arrival_linear_baseline_v1_S1335,1335,arrival_linear_baseline_v1,4210.0,0,0.0,21,20,0,True,0.11
SCEN_2023_LOW_arrival_linear_baseline_v1_S1336,1336,arrival_linear_baseline_v1,4210.0,0,0.0,21,20,0,True,0.11
SCEN_2023_LOW_arrival_linear_baseline_v1_S1337,1337,arrival_linear_baseline_v1,4210.0,0,0.0,21,20,0,True,0.11
SCEN_2023_LOW_arrival_linear_baseline_v1_S1338,1338,arrival_linear_baseline_v1,4210.0,0,0.0,21,20,0,True,0.11
SCEN_2023_LOW_arrival_linear_baseline_v1_S1339,1339,arrival_linear_baseline_v1,4210.0,0,0.0,21,20,0,True,0.12
SCEN_2023_LOW_arrival_linear_baseline_v1_S1340,1340,arrival_linear_baseline_v1,4210.0,0,0.0,21,20,0,True,0.11
SCEN_2023_LOW_arrival_linear_baseline_v1_S1341,1341,arrival_linear_baseline_v1,4210.0,0,0.0,21,20,0,True,0.11
SCEN_2023_LOW_arrival_linear_baseline_v1_S1342,1342,arrival_linear_baseline_v1,4210.0,0,0.0,21,20,0,True,0.13
SCEN_2023_LOW_arrival_linear_baseline_v1_S1343,1343,arrival_linear_baseline_v1,4210.0,0,0.0,21,20,0,True,0.11
SCEN_2023_LOW_arrival_linear_baseline_v1_S1344,1344,arrival_linear_baseline_v1,4210.0,0,0.0,21,20,0,True,0.18
SCEN_2023_LOW_arrival_linear_baseline_v1_S1345,1345,arrival_linear_baseline_v1,4210.0,0,0.0,21,20,0,True,0.11
SCEN_2023_LOW_arrival_linear_baseline_v1_S1346,1346,arrival_linear_baseline_v1,4210.0,0,0.0,21,20,0,True,0.11
SCEN_2023_LOW_arrival_linear_baseline_v1_S1347,1347,arrival_linear_baseline_v1,4210.0,0,0.0,21,20,0,True,0.14
SCEN_2023_LOW_arrival_linear_baseline_v1_S1348,1348,arrival_linear_baseline_v1,4210.0,0,0.0,21,20,0,True,0.11
SCEN_2023_LOW_arrival_linear_baseline_v1_S1349,1349,arrival_linear_baseline_v1,4210.0,0,0.0,21,20,0,True,0.11
SCEN_2023_LOW_arrival_linear_baseline_v1_S1350,1350,arrival_linear_baseline_v1,4210.0,0,0.0,21,20,0,True,0.11
SCEN_2023_LOW_arrival_linear_baseline_v1_S1351,1351,arrival_linear_baseline_v1,4210.0,0,0.0,21,20,0,True,0.11
SCEN_2023_LOW_arrival_linear_baseline_v1_S1352,1352,arrival_linear_baseline_v1,4210.0,0,0.0,21,20,0,True,0.11
SCEN_2023_LOW_arrival_linear_baseline_v1_S1353,1353,arrival_linear_baseline_v1,4210.0,0,0.0,21,20,0,True,0.17
SCEN_2023_LOW_arrival_linear_baseline_v1_S1354,1354,arrival_linear_baseline_v1,4210.0,0,0.0,21,20,0,True,0.16
SCEN_2023_LOW_arrival_linear_baseline_v1_S1355,1355,arrival_linear_baseline_v1,4210.0,0,0.0,21,20,0,True,0.11
SCEN_2023_LOW_arrival_linear_baseline_v1_S1356,1356,arrival_linear_baseline_v1,4210.0,0,0.0,21,20,0,True,0.11
SCEN_2023_LOW_arrival_linear_baseline_v1_S1357,1357,arrival_linear_baseline_v1,4210.0,0,0.0,21,20,0,True,0.11
SCEN_2023_LOW_arrival_linear_baseline_v1_S1358,1358,arrival_linear_baseline_v1,4210.0,0,0.0,21,20,0,True,0.11
SCEN_2023_LOW_arrival_linear_baseline_v1_S1359,1359,arrival_linear_baseline_v1,4210.0,0,0.0,21,20,0,True,0.11
SCEN_2023_LOW_arrival_linear_baseline_v1_S1360,1360,arrival_linear_baseline_v1,4210.0,0,0.0,21,20,0,True,0.11
SCEN_2023_LOW_arrival_linear_baseline_v1_S1361,1361,arrival_linear_baseline_v1,4210.0,0,0.0,21,20,0,True,0.12
SCEN_2023_LOW_arrival_linear_baseline_v1_S1362,1362,arrival_linear_baseline_v1,4210.0,0,0.0,21,20,0,True,0.11
SCEN_2023_LOW_arrival_linear_baseline_v1_S1363,1363,arrival_linear_baseline_v1,4210.0,0,0.0,21,20,0,True,0.11
SCEN_2023_LOW_arrival_linear_baseline_v1_S1364,1364,arrival_linear_baseline_v1,4210.0,0,0.0,21,20,0,True,0.11
SCEN_2023_LOW_arrival_linear_baseline_v1_S1365,1365,arrival_linear_baseline_v1,4210.0,0,0.0,21,20,0,True,0.11
SCEN_2023_LOW_arrival_linear_baseline_v1_S1366,1366,arrival_linear_baseline_v1,4210.0,0,0.0,21,20,0,True,0.11
SCEN_2023_LOW_arrival_linear_baseline_v1_S1367,1367,arrival_linear_baseline_v1,4210.0,0,0.0,21,20,0,True,0.11
SCEN_2023_LOW_arrival_linear_baseline_v1_S1368,1368,arrival_linear_baseline_v1,4210.0,0,0.0,21,20,0,True,0.11
SCEN_2023_LOW_arrival_linear_baseline_v1_S1369,1369,arrival_linear_baseline_v1,4210.0,0,0.0,21,20,0,True,0.11
SCEN_2023_LOW_arrival_linear_baseline_v1_S1370,1370,arrival_linear_baseline_v1,4210.0,0,0.0,21,20,0,True,0.11
SCEN_2023_LOW_arrival_linear_baseline_v1_S1371,1371,arrival_linear_baseline_v1,4210.0,0,0.0,21,20,0,True,0.11
SCEN_2023_LOW_arrival_linear_baseline_v1_S1372,1372,arrival_linear_baseline_v1,4210.0,0,0.0,21,20,0,True,0.11
SCEN_2023_LOW_arrival_linear_baseline_v1_S1373,1373,arrival_linear_baseline_v1,4210.0,0,0.0,21,20,0,True,0.11
SCEN_2023_LOW_arrival_linear_baseline_v1_S1374,1374,arrival_linear_baseline_v1,4210.0,0,0.0,21,20,0,True,0.11
SCEN_2023_LOW_arrival_linear_baseline_v1_S1375,1375,arrival_linear_baseline_v1,4210.0,0,0.0,21,20,0,True,0.11
SCEN_2023_LOW_arrival_linear_baseline_v1_S1376,1376,arrival_linear_baseline_v1,4210.0,0,0.0,21,20,0,True,0.11
SCEN_2023_LOW_arrival_linear_baseline_v1_S1377,1377,arrival_linear_baseline_v1,4210.0,0,0.0,21,20,0,True,0.11
SCEN_2023_LOW_arrival_linear_baseline_v1_S1378,1378,arrival_linear_baseline_v1,4210.0,0,0.0,21,20,0,True,0.11
SCEN_2023_LOW_arrival_linear_baseline_v1_S1379,1379,arrival_linear_baseline_v1,4210.0,0,0.0,21,20,0,True,0.11
SCEN_2023_LOW_arrival_linear_baseline_v1_S1380,1380,arrival_linear_baseline_v1,4210.0,0,0.0,21,20,0,True,0.12
SCEN_2023_LOW_arrival_linear_baseline_v1_S1381,1381,arrival_linear_baseline_v1,4210.0,0,0.0,21,20,0,True,0.11
SCEN_2023_LOW_arrival_linear_baseline_v1_S1382,1382,arrival_linear_baseline_v1,4210.0,0,0.0,21,20,0,True,0.11
SCEN_2023_LOW_arrival_linear_baseline_v1_S1383,1383,arrival_linear_baseline_v1,4210.0,0,0.0,21,20,0,True,0.11
SCEN_2023_LOW_arrival_linear_baseline_v1_S1384,1384,arrival_linear_baseline_v1,4210.0,0,0.0,21,20,0,True,0.11
SCEN_2023_LOW_arrival_linear_baseline_v1_S1385,1385,arrival_linear_baseline_v1,4210.0,0,0.0,21,20,0,True,0.11
SCEN_2023_LOW_arrival_linear_baseline_v1_S1386,1386,arrival_linear_baseline_v1,4210.0,0,0.0,21,20,0,True,0.11
SCEN_2023_LOW_arrival_linear_baseline_v1_S1387,1387,arrival_linear_baseline_v1,4210.0,0,0.0,21,20,0,True,0.11
SCEN_2023_LOW_arrival_linear_baseline_v1_S1388,1388,arrival_linear_baseline_v1,4210.0,0,0.0,21,20,0,True,0.11
SCEN_2023_LOW_arrival_linear_baseline_v1_S1389,1389,arrival_linear_baseline_v1,4210.0,0,0.0,21,20,0,True,0.11
SCEN_2023_LOW_arrival_linear_baseline_v1_S1390,1390,arrival_linear_baseline_v1,4210.0,0,0.0,21,20,0,True,0.13
SCEN_2023_LOW_arrival_linear_baseline_v1_S1391,1391,arrival_linear_baseline_v1,4210.0,0,0.0,21,20,0,True,0.11
SCEN_2023_LOW_arrival_linear_baseline_v1_S1392,1392,arrival_linear_baseline_v1,4210.0,0,0.0,21,20,0,True,0.11
SCEN_2023_LOW_arrival_linear_baseline_v1_S1393,1393,arrival_linear_baseline_v1,4210.0,0,0.0,21,20,0,True,0.11
SCEN_2023_LOW_arrival_linear_baseline_v1_S1394,1394,arrival_linear_baseline_v1,4210.0,0,0.0,21,20,0,True,0.11
SCEN_2023_LOW_arrival_linear_baseline_v1_S1395,1395,arrival_linear_baseline_v1,4210.0,0,0.0,21,20,0,True,0.11
SCEN_2023_LOW_arrival_linear_baseline_v1_S1396,1396,arrival_linear_baseline_v1,4210.0,0,0.0,21,20,0,True,0.11
SCEN_2023_LOW_arrival_linear_baseline_v1_S1397,1397,arrival_linear_baseline_v1,4210.0,0,0.0,21,20,0,True,0.11
SCEN_2023_LOW_arrival_linear_baseline_v1_S1398,1398,arrival_linear_baseline_v1,4210.0,0,0.0,21,20,0,True,0.11
SCEN_2023_LOW_arrival_linear_baseline_v1_S1399,1399,arrival_linear_baseline_v1,4210.0,0,0.0,21,20,0,True,0.11
SCEN_2023_LOW_arrival_linear_baseline_v1_S1400,1400,arrival_linear_baseline_v1,4210.0,0,0.0,21,20,0,True,0.11
SCEN_2023_LOW_arrival_linear_baseline_v1_S1401,1401,arrival_linear_baseline_v1,4210.0,0,0.0,21,20,0,True,0.11
SCEN_2023_LOW_arrival_linear_baseline_v1_S1402,1402,arrival_linear_baseline_v1,4210.0,0,0.0,21,20,0,True,0.11
SCEN_2023_LOW_arrival_linear_baseline_v1_S1403,1403,arrival_linear_baseline_v1,4210.0,0,0.0,21,20,0,True,0.11
SCEN_2023_LOW_arrival_linear_baseline_v1_S1404,1404,arrival_linear_baseline_v1,4210.0,0,0.0,21,20,0,True,0.11
SCEN_2023_LOW_arrival_linear_baseline_v1_S1405,1405,arrival_linear_baseline_v1,4210.0,0,0.0,21,20,0,True,0.11
SCEN_2023_LOW_arrival_linear_baseline_v1_S1406,1406,arrival_linear_baseline_v1,4210.0,0,0.0,21,20,0,True,0.18
SCEN_2023_LOW_arrival_linear_baseline_v1_S1407,1407,arrival_linear_baseline_v1,4210.0,0,0.0,21,20,0,True,0.11
SCEN_2023_LOW_arrival_linear_baseline_v1_S1408,1408,arrival_linear_baseline_v1,4210.0,0,0.0,21,20,0,True,0.11
SCEN_2023_LOW_arrival_linear_baseline_v1_S1409,1409,arrival_linear_baseline_v1,4210.0,0,0.0,21,20,0,True,0.14
SCEN_2023_LOW_arrival_linear_baseline_v1_S1410,1410,arrival_linear_baseline_v1,4210.0,0,0.0,21,20,0,True,0.11
SCEN_2023_LOW_arrival_linear_baseline_v1_S1411,1411,arrival_linear_baseline_v1,4210.0,0,0.0,21,20,0,True,0.11
SCEN_2023_LOW_arrival_linear_baseline_v1_S1412,1412,arrival_linear_baseline_v1,4210.0,0,0.0,21,20,0,True,0.11
SCEN_2023_LOW_arrival_linear_baseline_v1_S1413,1413,arrival_linear_baseline_v1,4210.0,0,0.0,21,20,0,True,0.11
SCEN_2023_LOW_arrival_linear_baseline_v1_S1414,1414,arrival_linear_baseline_v1,4210.0,0,0.0,21,20,0,True,0.11
SCEN_2023_LOW_arrival_linear_baseline_v1_S1415,1415,arrival_linear_baseline_v1,4210.0,0,0.0,21,20,0,True,0.11
SCEN_2023_LOW_arrival_linear_baseline_v1_S1416,1416,arrival_linear_baseline_v1,4210.0,0,0.0,21,20,0,True,0.11
SCEN_2023_LOW_arrival_linear_baseline_v1_S1417,1417,arrival_linear_baseline_v1,4210.0,0,0.0,21,20,0,True,0.11
SCEN_2023_LOW_arrival_linear_baseline_v1_S1418,1418,arrival_linear_baseline_v1,4210.0,0,0.0,21,20,0,True,0.11
SCEN_2023_LOW_arrival_linear_baseline_v1_S1419,1419,arrival_linear_baseline_v1,4210.0,0,0.0,21,20,0,True,0.12
SCEN_2023_LOW_arrival_linear_baseline_v1_S1420,1420,arrival_linear_baseline_v1,4210.0,0,0.0,21,20,0,True,0.11
SCEN_2023_LOW_arrival_linear_baseline_v1_S1421,1421,arrival_linear_baseline_v1,4210.0,0,0.0,21,20,0,True,0.11
SCEN_2023_LOW_arrival_linear_baseline_v1_S1422,1422,arrival_linear_baseline_v1,4210.0,0,0.0,21,20,0,True,0.11
SCEN_2023_LOW_arrival_linear_baseline_v1_S1423,1423,arrival_linear_baseline_v1,4210.0,0,0.0,21,20,0,True,0.11
SCEN_2023_LOW_arrival_linear_baseline_v1_S1424,1424,arrival_linear_baseline_v1,4210.0,0,0.0,21,20,0,True,0.11
SCEN_2023_LOW_arrival_linear_baseline_v1_S1425,1425,arrival_linear_baseline_v1,4210.0,0,0.0,21,20,0,True,0.11
SCEN_2023_LOW_arrival_linear_baseline_v1_S1426,1426,arrival_linear_baseline_v1,4210.0,0,0.0,21,20,0,True,0.11
SCEN_2023_LOW_arrival_linear_baseline_v1_S1427,1427,arrival_linear_baseline_v1,4210.0,0,0.0,21,20,0,True,0.11
SCEN_2023_LOW_arrival_linear_baseline_v1_S1428,1428,arrival_linear_baseline_v1,4210.0,0,0.0,21,20,0,True,0.11
SCEN_2023_LOW_arrival_linear_baseline_v1_S1429,1429,arrival_linear_baseline_v1,4210.0,0,0.0,21,20,0,True,0.11
SCEN_2023_LOW_arrival_linear_baseline_v1_S1430,1430,arrival_linear_baseline_v1,4210.0,0,0.0,21,20,0,True,0.12
SCEN_2023_LOW_arrival_linear_baseline_v1_S1431,1431,arrival_linear_baseline_v1,4210.0,0,0.0,21,20,0,True,0.11
SCEN_2023_LOW_arrival_linear_baseline_v1_S1432,1432,arrival_linear_baseline_v1,4210.0,0,0.0,21,20,0,True,0.11
SCEN_2023_LOW_arrival_linear_baseline_v1_S1433,1433,arrival_linear_baseline_v1,4210.0,0,0.0,21,20,0,True,0.11
SCEN_2023_LOW_arrival_linear_baseline_v1_S1434,1434,arrival_linear_baseline_v1,4210.0,0,0.0,21,20,0,True,0.11
SCEN_2023_LOW_arrival_linear_baseline_v1_S1435,1435,arrival_linear_baseline_v1,4210.0,0,0.0,21,20,0,True,0.12
SCEN_2023_LOW_arrival_linear_baseline_v1_S1436,1436,arrival_linear_baseline_v1,4210.0,0,0.0,21,20,0,True,0.11
SCEN_2023_LOW_arrival_linear_baseline_v1_S1437,1437,arrival_linear_baseline_v1,4210.0,0,0.0,21,20,0,True,0.11
SCEN_2023_LOW_arrival_linear_baseline_v1_S1438,1438,arrival_linear_baseline_v1,4210.0,0,0.0,21,20,0,True,0.11
SCEN_2023_LOW_arrival_linear_baseline_v1_S1439,1439,arrival_linear_baseline_v1,4210.0,0,0.0,21,20,0,True,0.11
SCEN_2023_LOW_arrival_linear_baseline_v1_S1440,1440,arrival_linear_baseline_v1,4210.0,0,0.0,21,20,0,True,0.11
SCEN_2023_LOW_arrival_linear_baseline_v1_S1441,1441,arrival_linear_baseline_v1,4210.0,0,0.0,21,20,0,True,0.11
SCEN_2023_LOW_arrival_linear_baseline_v1_S1442,1442,arrival_linear_baseline_v1,4210.0,0,0.0,21,20,0,True,0.11
SCEN_2023_LOW_arrival_linear_baseline_v1_S1443,1443,arrival_linear_baseline_v1,4210.0,0,0.0,21,20,0,True,0.12
SCEN_2023_LOW_arrival_linear_baseline_v1_S1444,1444,arrival_linear_baseline_v1,4210.0,0,0.0,21,20,0,True,0.11
SCEN_2023_LOW_arrival_linear_baseline_v1_S1445,1445,arrival_linear_baseline_v1,4210.0,0,0.0,21,20,0,True,0.11
SCEN_2023_LOW_arrival_linear_baseline_v1_S1446,1446,arrival_linear_baseline_v1,4210.0,0,0.0,21,20,0,True,0.11
SCEN_2023_LOW_arrival_linear_baseline_v1_S1447,1447,arrival_linear_baseline_v1,4210.0,0,0.0,21,20,0,True,0.11
SCEN_2023_LOW_arrival_linear_baseline_v1_S1448,1448,arrival_linear_baseline_v1,4210.0,0,0.0,21,20,0,True,0.11
SCEN_2023_LOW_arrival_linear_baseline_v1_S1449,1449,arrival_linear_baseline_v1,4210.0,0,0.0,21,20,0,True,0.11
SCEN_2023_LOW_arrival_linear_baseline_v1_S1450,1450,arrival_linear_baseline_v1,4210.0,0,0.0,21,20,0,True,0.11
SCEN_2023_LOW_arrival_linear_baseline_v1_S1451,1451,arrival_linear_baseline_v1,4210.0,0,0.0,21,20,0,True,0.11
SCEN_2023_LOW_arrival_linear_baseline_v1_S1452,1452,arrival_linear_baseline_v1,4210.0,0,0.0,21,20,0,True,0.11
SCEN_2023_LOW_arrival_linear_baseline_v1_S1453,1453,arrival_linear_baseline_v1,4210.0,0,0.0,21,20,0,True,0.11
SCEN_2023_LOW_arrival_linear_baseline_v1_S1454,1454,arrival_linear_baseline_v1,4210.0,0,0.0,21,20,0,True,0.11
SCEN_2023_LOW_arrival_linear_baseline_v1_S1455,1455,arrival_linear_baseline_v1,4210.0,0,0.0,21,20,0,True,0.11
SCEN_2023_LOW_arrival_linear_baseline_v1_S1456,1456,arrival_linear_baseline_v1,4210.0,0,0.0,21,20,0,True,0.11
SCEN_2023_LOW_arrival_linear_baseline_v1_S1457,1457,arrival_linear_baseline_v1,4210.0,0,0.0,21,20,0,True,0.11
SCEN_2023_LOW_arrival_linear_baseline_v1_S1458,1458,arrival_linear_baseline_v1,4210.0,0,0.0,21,20,0,True,0.11
SCEN_2023_LOW_arrival_linear_baseline_v1_S1459,1459,arrival_linear_baseline_v1,4210.0,0,0.0,21,20,0,True,0.13
SCEN_2023_LOW_arrival_linear_baseline_v1_S1460,1460,arrival_linear_baseline_v1,4210.0,0,0.0,21,20,0,True,0.11
SCEN_2023_LOW_arrival_linear_baseline_v1_S1461,1461,arrival_linear_baseline_v1,4210.0,0,0.0,21,20,0,True,0.11
SCEN_2023_LOW_arrival_linear_baseline_v1_S1462,1462,arrival_linear_baseline_v1,4210.0,0,0.0,21,20,0,True,0.11
SCEN_2023_LOW_arrival_linear_baseline_v1_S1463,1463,arrival_linear_baseline_v1,4210.0,0,0.0,21,20,0,True,0.11
SCEN_2023_LOW_arrival_linear_baseline_v1_S1464,1464,arrival_linear_baseline_v1,4210.0,0,0.0,21,20,0,True,0.11
SCEN_2023_LOW_arrival_linear_baseline_v1_S1465,1465,arrival_linear_baseline_v1,4210.0,0,0.0,21,20,0,True,0.11
SCEN_2023_LOW_arrival_linear_baseline_v1_S1466,1466,arrival_linear_baseline_v1,4210.0,0,0.0,21,20,0,True,0.11
SCEN_2023_LOW_arrival_linear_baseline_v1_S1467,1467,arrival_linear_baseline_v1,4210.0,0,0.0,21,20,0,True,0.11
SCEN_2023_LOW_arrival_linear_baseline_v1_S1468,1468,arrival_linear_baseline_v1,4210.0,0,0.0,21,20,0,True,0.11
SCEN_2023_LOW_arrival_linear_baseline_v1_S1469,1469,arrival_linear_baseline_v1,4210.0,0,0.0,21,20,0,True,0.11
SCEN_2023_LOW_arrival_linear_baseline_v1_S1470,1470,arrival_linear_baseline_v1,4210.0,0,0.0,21,20,0,True,0.11
SCEN_2023_LOW_arrival_linear_baseline_v1_S1471,1471,arrival_linear_baseline_v1,4210.0,0,0.0,21,20,0,True,0.11
SCEN_2023_LOW_arrival_linear_baseline_v1_S1472,1472,arrival_linear_baseline_v1,4210.0,0,0.0,21,20,0,True,0.11
SCEN_2023_LOW_arrival_linear_baseline_v1_S1473,1473,arrival_linear_baseline_v1,4210.0,0,0.0,21,20,0,True,0.11
SCEN_2023_LOW_arrival_linear_baseline_v1_S1474,1474,arrival_linear_baseline_v1,4210.0,0,0.0,21,20,0,True,0.11
SCEN_2023_LOW_arrival_linear_baseline_v1_S1475,1475,arrival_linear_baseline_v1,4210.0,0,0.0,21,20,0,True,0.11
SCEN_2023_LOW_arrival_linear_baseline_v1_S1476,1476,arrival_linear_baseline_v1,4210.0,0,0.0,21,20,0,True,0.11
SCEN_2023_LOW_arrival_linear_baseline_v1_S1477,1477,arrival_linear_baseline_v1,4210.0,0,0.0,21,20,0,True,0.11
SCEN_2023_LOW_arrival_linear_baseline_v1_S1478,1478,arrival_linear_baseline_v1,4210.0,0,0.0,21,20,0,True,0.11
SCEN_2023_LOW_arrival_linear_baseline_v1_S1479,1479,arrival_linear_baseline_v1,4210.0,0,0.0,21,20,0,True,0.11
SCEN_2023_LOW_arrival_linear_baseline_v1_S1480,1480,arrival_linear_baseline_v1,4210.0,0,0.0,21,20,0,True,0.11
SCEN_2023_LOW_arrival_linear_baseline_v1_S1481,1481,arrival_linear_baseline_v1,4210.0,0,0.0,21,20,0,True,0.14
SCEN_2023_LOW_arrival_linear_baseline_v1_S1482,1482,arrival_linear_baseline_v1,4210.0,0,0.0,21,20,0,True,0.11
SCEN_2023_LOW_arrival_linear_baseline_v1_S1483,1483,arrival_linear_baseline_v1,4210.0,0,0.0,21,20,0,True,0.11
SCEN_2023_LOW_arrival_linear_baseline_v1_S1484,1484,arrival_linear_baseline_v1,4210.0,0,0.0,21,20,0,True,0.11
SCEN_2023_LOW_arrival_linear_baseline_v1_S1485,1485,arrival_linear_baseline_v1,4210.0,0,0.0,21,20,0,True,0.11
SCEN_2023_LOW_arrival_linear_baseline_v1_S1486,1486,arrival_linear_baseline_v1,4210.0,0,0.0,21,20,0,True,0.11
SCEN_2023_LOW_arrival_linear_baseline_v1_S1487,1487,arrival_linear_baseline_v1,4210.0,0,0.0,21,20,0,True,0.11
SCEN_2023_LOW_arrival_linear_baseline_v1_S1488,1488,arrival_linear_baseline_v1,4210.0,0,0.0,21,20,0,True,0.11
SCEN_2023_LOW_arrival_linear_baseline_v1_S1489,1489,arrival_linear_baseline_v1,4210.0,0,0.0,21,20,0,True,0.11
SCEN_2023_LOW_arrival_linear_baseline_v1_S1490,1490,arrival_linear_baseline_v1,4210.0,0,0.0,21,20,0,True,0.13
SCEN_2023_LOW_arrival_linear_baseline_v1_S1491,1491,arrival_linear_baseline_v1,4210.0,0,0.0,21,20,0,True,0.11
SCEN_2023_LOW_arrival_linear_baseline_v1_S1492,1492,arrival_linear_baseline_v1,4210.0,0,0.0,21,20,0,True,0.11
SCEN_2023_LOW_arrival_linear_baseline_v1_S1493,1493,arrival_linear_baseline_v1,4210.0,0,0.0,21,20,0,True,0.14
SCEN_2023_LOW_arrival_linear_baseline_v1_S1494,1494,arrival_linear_baseline_v1,4210.0,0,0.0,21,20,0,True,0.11
SCEN_2023_LOW_arrival_linear_baseline_v1_S1495,1495,arrival_linear_baseline_v1,4210.0,0,0.0,21,20,0,True,0.11
SCEN_2023_LOW_arrival_linear_baseline_v1_S1496,1496,arrival_linear_baseline_v1,4210.0,0,0.0,21,20,0,True,0.11
SCEN_2023_LOW_arrival_linear_baseline_v1_S1497,1497,arrival_linear_baseline_v1,4210.0,0,0.0,21,20,0,True,0.11
SCEN_2023_LOW_arrival_linear_baseline_v1_S1498,1498,arrival_linear_baseline_v1,4210.0,0,0.0,21,20,0,True,0.11
SCEN_2023_LOW_arrival_linear_baseline_v1_S1499,1499,arrival_linear_baseline_v1,4210.0,0,0.0,21,20,0,True,0.11
SCEN_2023_LOW_arrival_linear_baseline_v1_S1500,1500,arrival_linear_baseline_v1,4210.0,0,0.0,21,20,0,True,0.11
SCEN_2023_LOW_arrival_linear_baseline_v1_S1501,1501,arrival_linear_baseline_v1,4210.0,0,0.0,21,20,0,True,0.11
SCEN_2023_LOW_arrival_linear_baseline_v1_S1502,1502,arrival_linear_baseline_v1,4210.0,0,0.0,21,20,0,True,0.11
SCEN_2023_LOW_arrival_linear_baseline_v1_S1503,1503,arrival_linear_baseline_v1,4210.0,0,0.0,21,20,0,True,0.11
SCEN_2023_LOW_arrival_linear_baseline_v1_S1504,1504,arrival_linear_baseline_v1,4210.0,0,0.0,21,20,0,True,0.11
SCEN_2023_LOW_arrival_linear_baseline_v1_S1505,1505,arrival_linear_baseline_v1,4210.0,0,0.0,21,20,0,True,0.11
SCEN_2023_LOW_arrival_linear_baseline_v1_S1506,1506,arrival_linear_baseline_v1,4210.0,0,0.0,21,20,0,True,0.12
SCEN_2023_LOW_arrival_linear_baseline_v1_S1507,1507,arrival_linear_baseline_v1,4210.0,0,0.0,21,20,0,True,0.11
SCEN_2023_LOW_arrival_linear_baseline_v1_S1508,1508,arrival_linear_baseline_v1,4210.0,0,0.0,21,20,0,True,0.11
SCEN_2023_LOW_arrival_linear_baseline_v1_S1509,1509,arrival_linear_baseline_v1,4210.0,0,0.0,21,20,0,True,0.11
SCEN_2023_LOW_arrival_linear_baseline_v1_S1510,1510,arrival_linear_baseline_v1,4210.0,0,0.0,21,20,0,True,0.11
SCEN_2023_LOW_arrival_linear_baseline_v1_S1511,1511,arrival_linear_baseline_v1,4210.0,0,0.0,21,20,0,True,0.2
SCEN_2023_LOW_arrival_linear_baseline_v1_S1512,1512,arrival_linear_baseline_v1,4210.0,0,0.0,21,20,0,True,0.12
SCEN_2023_LOW_arrival_linear_baseline_v1_S1513,1513,arrival_linear_baseline_v1,4210.0,0,0.0,21,20,0,True,0.11
SCEN_2023_LOW_arrival_linear_baseline_v1_S1514,1514,arrival_linear_baseline_v1,4210.0,0,0.0,21,20,0,True,0.11
SCEN_2023_LOW_arrival_linear_baseline_v1_S1515,1515,arrival_linear_baseline_v1,4210.0,0,0.0,21,20,0,True,0.11
SCEN_2023_LOW_arrival_linear_baseline_v1_S1516,1516,arrival_linear_baseline_v1,4210.0,0,0.0,21,20,0,True,0.12
SCEN_2023_LOW_arrival_linear_baseline_v1_S1517,1517,arrival_linear_baseline_v1,4210.0,0,0.0,21,20,0,True,0.11
SCEN_2023_LOW_arrival_linear_baseline_v1_S1518,1518,arrival_linear_baseline_v1,4210.0,0,0.0,21,20,0,True,0.11
SCEN_2023_LOW_arrival_linear_baseline_v1_S1519,1519,arrival_linear_baseline_v1,4210.0,0,0.0,21,20,0,True,0.11
SCEN_2023_LOW_arrival_linear_baseline_v1_S1520,1520,arrival_linear_baseline_v1,4210.0,0,0.0,21,20,0,True,0.11
SCEN_2023_LOW_arrival_linear_baseline_v1_S1521,1521,arrival_linear_baseline_v1,4210.0,0,0.0,21,20,0,True,0.11
SCEN_2023_LOW_arrival_linear_baseline_v1_S1522,1522,arrival_linear_baseline_v1,4210.0,0,0.0,21,20,0,True,0.11
SCEN_2023_LOW_arrival_linear_baseline_v1_S1523,1523,arrival_linear_baseline_v1,4210.0,0,0.0,21,20,0,True,0.11
SCEN_2023_LOW_arrival_linear_baseline_v1_S1524,1524,arrival_linear_baseline_v1,4210.0,0,0.0,21,20,0,True,0.14
SCEN_2023_LOW_arrival_linear_baseline_v1_S1525,1525,arrival_linear_baseline_v1,4210.0,0,0.0,21,20,0,True,0.11
SCEN_2023_LOW_arrival_linear_baseline_v1_S1526,1526,arrival_linear_baseline_v1,4210.0,0,0.0,21,20,0,True,0.11
SCEN_2023_LOW_arrival_linear_baseline_v1_S1527,1527,arrival_linear_baseline_v1,4210.0,0,0.0,21,20,0,True,0.11
SCEN_2023_LOW_arrival_linear_baseline_v1_S1528,1528,arrival_linear_baseline_v1,4210.0,0,0.0,21,20,0,True,0.11
SCEN_2023_LOW_arrival_linear_baseline_v1_S1529,1529,arrival_linear_baseline_v1,4210.0,0,0.0,21,20,0,True,0.11
SCEN_2023_LOW_arrival_linear_baseline_v1_S1530,1530,arrival_linear_baseline_v1,4210.0,0,0.0,21,20,0,True,0.11
SCEN_2023_LOW_arrival_linear_baseline_v1_S1531,1531,arrival_linear_baseline_v1,4210.0,0,0.0,21,20,0,True,0.11
SCEN_2023_LOW_arrival_linear_baseline_v1_S1532,1532,arrival_linear_baseline_v1,4210.0,0,0.0,21,20,0,True,0.11
SCEN_2023_LOW_arrival_linear_baseline_v1_S1533,1533,arrival_linear_baseline_v1,4210.0,0,0.0,21,20,0,True,0.11
SCEN_2023_LOW_arrival_linear_baseline_v1_S1534,1534,arrival_linear_baseline_v1,4210.0,0,0.0,21,20,0,True,0.11
SCEN_2023_LOW_arrival_linear_baseline_v1_S1535,1535,arrival_linear_baseline_v1,4210.0,0,0.0,21,20,0,True,0.11
SCEN_2023_LOW_arrival_linear_baseline_v1_S1536,1536,arrival_linear_baseline_v1,4210.0,0,0.0,21,20,0,True,0.11
SCEN_2023_LOW_arrival_linear_baseline_v1_S1537,1537,arrival_linear_baseline_v1,4210.0,0,0.0,21,20,0,True,0.11
SCEN_2023_LOW_arrival_linear_baseline_v1_S1538,1538,arrival_linear_baseline_v1,4210.0,0,0.0,21,20,0,True,0.11
SCEN_2023_LOW_arrival_linear_baseline_v1_S1539,1539,arrival_linear_baseline_v1,4210.0,0,0.0,21,20,0,True,0.12
SCEN_2023_LOW_arrival_linear_baseline_v1_S1540,1540,arrival_linear_baseline_v1,4210.0,0,0.0,21,20,0,True,0.11
SCEN_2023_LOW_arrival_linear_baseline_v1_S1541,1541,arrival_linear_baseline_v1,4210.0,0,0.0,21,20,0,True,0.11
SCEN_2023_LOW_arrival_linear_baseline_v1_S1542,1542,arrival_linear_baseline_v1,4210.0,0,0.0,21,20,0,True,0.12
SCEN_2023_LOW_arrival_linear_baseline_v1_S1543,1543,arrival_linear_baseline_v1,4210.0,0,0.0,21,20,0,True,0.11
SCEN_2023_LOW_arrival_linear_baseline_v1_S1544,1544,arrival_linear_baseline_v1,4210.0,0,0.0,21,20,0,True,0.11
SCEN_2023_LOW_arrival_linear_baseline_v1_S1545,1545,arrival_linear_baseline_v1,4210.0,0,0.0,21,20,0,True,0.12
SCEN_2023_LOW_arrival_linear_baseline_v1_S1546,1546,arrival_linear_baseline_v1,4210.0,0,0.0,21,20,0,True,0.11
SCEN_2023_LOW_arrival_linear_baseline_v1_S1547,1547,arrival_linear_baseline_v1,4210.0,0,0.0,21,20,0,True,0.11
SCEN_2023_LOW_arrival_linear_baseline_v1_S1548,1548,arrival_linear_baseline_v1,4210.0,0,0.0,21,20,0,True,0.11
SCEN_2023_LOW_arrival_linear_baseline_v1_S1549,1549,arrival_linear_baseline_v1,4210.0,0,0.0,21,20,0,True,0.11
SCEN_2023_LOW_arrival_linear_baseline_v1_S1550,1550,arrival_linear_baseline_v1,4210.0,0,0.0,21,20,0,True,0.14
SCEN_2023_LOW_arrival_linear_baseline_v1_S1551,1551,arrival_linear_baseline_v1,4210.0,0,0.0,21,20,0,True,0.11
SCEN_2023_LOW_arrival_linear_baseline_v1_S1552,1552,arrival_linear_baseline_v1,4210.0,0,0.0,21,20,0,True,0.11
SCEN_2023_LOW_arrival_linear_baseline_v1_S1553,1553,arrival_linear_baseline_v1,4210.0,0,0.0,21,20,0,True,0.11
SCEN_2023_LOW_arrival_linear_baseline_v1_S1554,1554,arrival_linear_baseline_v1,4210.0,0,0.0,21,20,0,True,0.11
SCEN_2023_LOW_arrival_linear_baseline_v1_S1555,1555,arrival_linear_baseline_v1,4210.0,0,0.0,21,20,0,True,0.11
SCEN_2023_LOW_arrival_linear_baseline_v1_S1556,1556,arrival_linear_baseline_v1,4210.0,0,0.0,21,20,0,True,0.11
SCEN_2023_LOW_arrival_linear_baseline_v1_S1557,1557,arrival_linear_baseline_v1,4210.0,0,0.0,21,20,0,True,0.11
SCEN_2023_LOW_arrival_linear_baseline_v1_S1558,1558,arrival_linear_baseline_v1,4210.0,0,0.0,21,20,0,True,0.11
SCEN_2023_LOW_arrival_linear_baseline_v1_S1559,1559,arrival_linear_baseline_v1,4210.0,0,0.0,21,20,0,True,0.11
SCEN_2023_LOW_arrival_linear_baseline_v1_S1560,1560,arrival_linear_baseline_v1,4210.0,0,0.0,21,20,0,True,0.11
SCEN_2023_LOW_arrival_linear_baseline_v1_S1561,1561,arrival_linear_baseline_v1,4210.0,0,0.0,21,20,0,True,0.21
SCEN_2023_LOW_arrival_linear_baseline_v1_S1562,1562,arrival_linear_baseline_v1,4210.0,0,0.0,21,20,0,True,0.12
SCEN_2023_LOW_arrival_linear_baseline_v1_S1563,1563,arrival_linear_baseline_v1,4210.0,0,0.0,21,20,0,True,0.21
SCEN_2023_LOW_arrival_linear_baseline_v1_S1564,1564,arrival_linear_baseline_v1,4210.0,0,0.0,21,20,0,True,0.11
SCEN_2023_LOW_arrival_linear_baseline_v1_S1565,1565,arrival_linear_baseline_v1,4210.0,0,0.0,21,20,0,True,0.11
SCEN_2023_LOW_arrival_linear_baseline_v1_S1566,1566,arrival_linear_baseline_v1,4210.0,0,0.0,21,20,0,True,0.11
SCEN_2023_LOW_arrival_linear_baseline_v1_S1567,1567,arrival_linear_baseline_v1,4210.0,0,0.0,21,20,0,True,0.11
SCEN_2023_LOW_arrival_linear_baseline_v1_S1568,1568,arrival_linear_baseline_v1,4210.0,0,0.0,21,20,0,True,0.11
SCEN_2023_LOW_arrival_linear_baseline_v1_S1569,1569,arrival_linear_baseline_v1,4210.0,0,0.0,21,20,0,True,0.11
SCEN_2023_LOW_arrival_linear_baseline_v1_S1570,1570,arrival_linear_baseline_v1,4210.0,0,0.0,21,20,0,True,0.11
SCEN_2023_LOW_arrival_linear_baseline_v1_S1571,1571,arrival_linear_baseline_v1,4210.0,0,0.0,21,20,0,True,0.13
SCEN_2023_LOW_arrival_linear_baseline_v1_S1572,1572,arrival_linear_baseline_v1,4210.0,0,0.0,21,20,0,True,0.11
SCEN_2023_LOW_arrival_linear_baseline_v1_S1573,1573,arrival_linear_baseline_v1,4210.0,0,0.0,21,20,0,True,0.11
SCEN_2023_LOW_arrival_linear_baseline_v1_S1574,1574,arrival_linear_baseline_v1,4210.0,0,0.0,21,20,0,True,0.11
SCEN_2023_LOW_arrival_linear_baseline_v1_S1575,1575,arrival_linear_baseline_v1,4210.0,0,0.0,21,20,0,True,0.11
SCEN_2023_LOW_arrival_linear_baseline_v1_S1576,1576,arrival_linear_baseline_v1,4210.0,0,0.0,21,20,0,True,0.11
SCEN_2023_LOW_arrival_linear_baseline_v1_S1577,1577,arrival_linear_baseline_v1,4210.0,0,0.0,21,20,0,True,0.11
SCEN_2023_LOW_arrival_linear_baseline_v1_S1578,1578,arrival_linear_baseline_v1,4210.0,0,0.0,21,20,0,True,0.11
SCEN_2023_LOW_arrival_linear_baseline_v1_S1579,1579,arrival_linear_baseline_v1,4210.0,0,0.0,21,20,0,True,0.11
SCEN_2023_LOW_arrival_linear_baseline_v1_S1580,1580,arrival_linear_baseline_v1,4210.0,0,0.0,21,20,0,True,0.11
SCEN_2023_LOW_arrival_linear_baseline_v1_S1581,1581,arrival_linear_baseline_v1,4210.0,0,0.0,21,20,0,True,0.11
SCEN_2023_LOW_arrival_linear_baseline_v1_S1582,1582,arrival_linear_baseline_v1,4210.0,0,0.0,21,20,0,True,0.12
SCEN_2023_LOW_arrival_linear_baseline_v1_S1583,1583,arrival_linear_baseline_v1,4210.0,0,0.0,21,20,0,True,0.11
SCEN_2023_LOW_arrival_linear_baseline_v1_S1584,1584,arrival_linear_baseline_v1,4210.0,0,0.0,21,20,0,True,0.11
SCEN_2023_LOW_arrival_linear_baseline_v1_S1585,1585,arrival_linear_baseline_v1,4210.0,0,0.0,21,20,0,True,0.11
SCEN_2023_LOW_arrival_linear_baseline_v1_S1586,1586,arrival_linear_baseline_v1,4210.0,0,0.0,21,20,0,True,0.11
SCEN_2023_LOW_arrival_linear_baseline_v1_S1587,1587,arrival_linear_baseline_v1,4210.0,0,0.0,21,20,0,True,0.11
SCEN_2023_LOW_arrival_linear_baseline_v1_S1588,1588,arrival_linear_baseline_v1,4210.0,0,0.0,21,20,0,True,0.11
SCEN_2023_LOW_arrival_linear_baseline_v1_S1589,1589,arrival_linear_baseline_v1,4210.0,0,0.0,21,20,0,True,0.11
SCEN_2023_LOW_arrival_linear_baseline_v1_S1590,1590,arrival_linear_baseline_v1,4210.0,0,0.0,21,20,0,True,0.11
SCEN_2023_LOW_arrival_linear_baseline_v1_S1591,1591,arrival_linear_baseline_v1,4210.0,0,0.0,21,20,0,True,0.11
SCEN_2023_LOW_arrival_linear_baseline_v1_S1592,1592,arrival_linear_baseline_v1,4210.0,0,0.0,21,20,0,True,0.11
SCEN_2023_LOW_arrival_linear_baseline_v1_S1593,1593,arrival_linear_baseline_v1,4210.0,0,0.0,21,20,0,True,0.11
SCEN_2023_LOW_arrival_linear_baseline_v1_S1594,1594,arrival_linear_baseline_v1,4210.0,0,0.0,21,20,0,True,0.11
SCEN_2023_LOW_arrival_linear_baseline_v1_S1595,1595,arrival_linear_baseline_v1,4210.0,0,0.0,21,20,0,True,0.11
SCEN_2023_LOW_arrival_linear_baseline_v1_S1596,1596,arrival_linear_baseline_v1,4210.0,0,0.0,21,20,0,True,0.11
SCEN_2023_LOW_arrival_linear_baseline_v1_S1597,1597,arrival_linear_baseline_v1,4210.0,0,0.0,21,20,0,True,0.11
SCEN_2023_LOW_arrival_linear_baseline_v1_S1598,1598,arrival_linear_baseline_v1,4210.0,0,0.0,21,20,0,True,0.11
SCEN_2023_LOW_arrival_linear_baseline_v1_S1599,1599,arrival_linear_baseline_v1,4210.0,0,0.0,21,20,0,True,0.11
SCEN_2023_LOW_arrival_linear_baseline_v1_S1600,1600,arrival_linear_baseline_v1,4210.0,0,0.0,21,20,0,True,0.11
SCEN_2023_LOW_arrival_linear_baseline_v1_S1601,1601,arrival_linear_baseline_v1,4210.0,0,0.0,21,20,0,True,0.11
SCEN_2023_LOW_arrival_linear_baseline_v1_S1602,1602,arrival_linear_baseline_v1,4210.0,0,0.0,21,20,0,True,0.11
SCEN_2023_LOW_arrival_linear_baseline_v1_S1603,1603,arrival_linear_baseline_v1,4210.0,0,0.0,21,20,0,True,0.11
SCEN_2023_LOW_arrival_linear_baseline_v1_S1604,1604,arrival_linear_baseline_v1,4210.0,0,0.0,21,20,0,True,0.11
SCEN_2023_LOW_arrival_linear_baseline_v1_S1605,1605,arrival_linear_baseline_v1,4210.0,0,0.0,21,20,0,True,0.11
SCEN_2023_LOW_arrival_linear_baseline_v1_S1606,1606,arrival_linear_baseline_v1,4210.0,0,0.0,21,20,0,True,0.11
SCEN_2023_LOW_arrival_linear_baseline_v1_S1607,1607,arrival_linear_baseline_v1,4210.0,0,0.0,21,20,0,True,0.11
SCEN_2023_LOW_arrival_linear_baseline_v1_S1608,1608,arrival_linear_baseline_v1,4210.0,0,0.0,21,20,0,True,0.11
SCEN_2023_LOW_arrival_linear_baseline_v1_S1609,1609,arrival_linear_baseline_v1,4210.0,0,0.0,21,20,0,True,0.13
SCEN_2023_LOW_arrival_linear_baseline_v1_S1610,1610,arrival_linear_baseline_v1,4210.0,0,0.0,21,20,0,True,0.11
SCEN_2023_LOW_arrival_linear_baseline_v1_S1611,1611,arrival_linear_baseline_v1,4210.0,0,0.0,21,20,0,True,0.13
SCEN_2023_LOW_arrival_linear_baseline_v1_S1612,1612,arrival_linear_baseline_v1,4210.0,0,0.0,21,20,0,True,0.11
SCEN_2023_LOW_arrival_linear_baseline_v1_S1613,1613,arrival_linear_baseline_v1,4210.0,0,0.0,21,20,0,True,0.12
SCEN_2023_LOW_arrival_linear_baseline_v1_S1614,1614,arrival_linear_baseline_v1,4210.0,0,0.0,21,20,0,True,0.11
SCEN_2023_LOW_arrival_linear_baseline_v1_S1615,1615,arrival_linear_baseline_v1,4210.0,0,0.0,21,20,0,True,0.11
SCEN_2023_LOW_arrival_linear_baseline_v1_S1616,1616,arrival_linear_baseline_v1,4210.0,0,0.0,21,20,0,True,0.11
SCEN_2023_LOW_arrival_linear_baseline_v1_S1617,1617,arrival_linear_baseline_v1,4210.0,0,0.0,21,20,0,True,0.11
SCEN_2023_LOW_arrival_linear_baseline_v1_S1618,1618,arrival_linear_baseline_v1,4210.0,0,0.0,21,20,0,True,0.12
SCEN_2023_LOW_arrival_linear_baseline_v1_S1619,1619,arrival_linear_baseline_v1,4210.0,0,0.0,21,20,0,True,0.11
SCEN_2023_LOW_arrival_linear_baseline_v1_S1620,1620,arrival_linear_baseline_v1,4210.0,0,0.0,21,20,0,True,0.12
SCEN_2023_LOW_arrival_linear_baseline_v1_S1621,1621,arrival_linear_baseline_v1,4210.0,0,0.0,21,20,0,True,0.11
SCEN_2023_LOW_arrival_linear_baseline_v1_S1622,1622,arrival_linear_baseline_v1,4210.0,0,0.0,21,20,0,True,0.12
SCEN_2023_LOW_arrival_linear_baseline_v1_S1623,1623,arrival_linear_baseline_v1,4210.0,0,0.0,21,20,0,True,0.11
SCEN_2023_LOW_arrival_linear_baseline_v1_S1624,1624,arrival_linear_baseline_v1,4210.0,0,0.0,21,20,0,True,0.11
SCEN_2023_LOW_arrival_linear_baseline_v1_S1625,1625,arrival_linear_baseline_v1,4210.0,0,0.0,21,20,0,True,0.11
SCEN_2023_LOW_arrival_linear_baseline_v1_S1626,1626,arrival_linear_baseline_v1,4210.0,0,0.0,21,20,0,True,0.11
SCEN_2023_LOW_arrival_linear_baseline_v1_S1627,1627,arrival_linear_baseline_v1,4210.0,0,0.0,21,20,0,True,0.11
SCEN_2023_LOW_arrival_linear_baseline_v1_S1628,1628,arrival_linear_baseline_v1,4210.0,0,0.0,21,20,0,True,0.11
SCEN_2023_LOW_arrival_linear_baseline_v1_S1629,1629,arrival_linear_baseline_v1,4210.0,0,0.0,21,20,0,True,0.11
SCEN_2023_LOW_arrival_linear_baseline_v1_S1630,1630,arrival_linear_baseline_v1,4210.0,0,0.0,21,20,0,True,0.11
SCEN_2023_LOW_arrival_linear_baseline_v1_S1631,1631,arrival_linear_baseline_v1,4210.0,0,0.0,21,20,0,True,0.11
SCEN_2023_LOW_arrival_linear_baseline_v1_S1632,1632,arrival_linear_baseline_v1,4210.0,0,0.0,21,20,0,True,0.11
SCEN_2023_LOW_arrival_linear_baseline_v1_S1633,1633,arrival_linear_baseline_v1,4210.0,0,0.0,21,20,0,True,0.11
SCEN_2023_LOW_arrival_linear_baseline_v1_S1634,1634,arrival_linear_baseline_v1,4210.0,0,0.0,21,20,0,True,0.11
SCEN_2023_LOW_arrival_linear_baseline_v1_S1635,1635,arrival_linear_baseline_v1,4210.0,0,0.0,21,20,0,True,0.11
SCEN_2023_LOW_arrival_linear_baseline_v1_S1636,1636,arrival_linear_baseline_v1,4210.0,0,0.0,21,20,0,True,0.11
SCEN_2023_LOW_arrival_linear_baseline_v1_S1637,1637,arrival_linear_baseline_v1,4210.0,0,0.0,21,20,0,True,0.11
SCEN_2023_LOW_arrival_linear_baseline_v1_S1638,1638,arrival_linear_baseline_v1,4210.0,0,0.0,21,20,0,True,0.11
SCEN_2023_LOW_arrival_linear_baseline_v1_S1639,1639,arrival_linear_baseline_v1,4210.0,0,0.0,21,20,0,True,0.11
SCEN_2023_LOW_arrival_linear_baseline_v1_S1640,1640,arrival_linear_baseline_v1,4210.0,0,0.0,21,20,0,True,0.11
SCEN_2023_LOW_arrival_linear_baseline_v1_S1641,1641,arrival_linear_baseline_v1,4210.0,0,0.0,21,20,0,True,0.11
SCEN_2023_LOW_arrival_linear_baseline_v1_S1642,1642,arrival_linear_baseline_v1,4210.0,0,0.0,21,20,0,True,0.11
SCEN_2023_LOW_arrival_linear_baseline_v1_S1643,1643,arrival_linear_baseline_v1,4210.0,0,0.0,21,20,0,True,0.11
SCEN_2023_LOW_arrival_linear_baseline_v1_S1644,1644,arrival_linear_baseline_v1,4210.0,0,0.0,21,20,0,True,0.11
SCEN_2023_LOW_arrival_linear_baseline_v1_S1645,1645,arrival_linear_baseline_v1,4210.0,0,0.0,21,20,0,True,0.11
SCEN_2023_LOW_arrival_linear_baseline_v1_S1646,1646,arrival_linear_baseline_v1,4210.0,0,0.0,21,20,0,True,0.17
SCEN_2023_LOW_arrival_linear_baseline_v1_S1647,1647,arrival_linear_baseline_v1,4210.0,0,0.0,21,20,0,True,0.11
SCEN_2023_LOW_arrival_linear_baseline_v1_S1648,1648,arrival_linear_baseline_v1,4210.0,0,0.0,21,20,0,True,0.11
SCEN_2023_LOW_arrival_linear_baseline_v1_S1649,1649,arrival_linear_baseline_v1,4210.0,0,0.0,21,20,0,True,0.11
SCEN_2023_LOW_arrival_linear_baseline_v1_S1650,1650,arrival_linear_baseline_v1,4210.0,0,0.0,21,20,0,True,0.11
SCEN_2023_LOW_arrival_linear_baseline_v1_S1651,1651,arrival_linear_baseline_v1,4210.0,0,0.0,21,20,0,True,0.11
SCEN_2023_LOW_arrival_linear_baseline_v1_S1652,1652,arrival_linear_baseline_v1,4210.0,0,0.0,21,20,0,True,0.11
SCEN_2023_LOW_arrival_linear_baseline_v1_S1653,1653,arrival_linear_baseline_v1,4210.0,0,0.0,21,20,0,True,0.11
SCEN_2023_LOW_arrival_linear_baseline_v1_S1654,1654,arrival_linear_baseline_v1,4210.0,0,0.0,21,20,0,True,0.11
SCEN_2023_LOW_arrival_linear_baseline_v1_S1655,1655,arrival_linear_baseline_v1,4210.0,0,0.0,21,20,0,True,0.11
SCEN_2023_LOW_arrival_linear_baseline_v1_S1656,1656,arrival_linear_baseline_v1,4210.0,0,0.0,21,20,0,True,0.11
SCEN_2023_LOW_arrival_linear_baseline_v1_S1657,1657,arrival_linear_baseline_v1,4210.0,0,0.0,21,20,0,True,0.11
SCEN_2023_LOW_arrival_linear_baseline_v1_S1658,1658,arrival_linear_baseline_v1,4210.0,0,0.0,21,20,0,True,0.11
SCEN_2023_LOW_arrival_linear_baseline_v1_S1659,1659,arrival_linear_baseline_v1,4210.0,0,0.0,21,20,0,True,0.11
SCEN_2023_LOW_arrival_linear_baseline_v1_S1660,1660,arrival_linear_baseline_v1,4210.0,0,0.0,21,20,0,True,0.11
SCEN_2023_LOW_arrival_linear_baseline_v1_S1661,1661,arrival_linear_baseline_v1,4210.0,0,0.0,21,20,0,True,0.11
SCEN_2023_LOW_arrival_linear_baseline_v1_S1662,1662,arrival_linear_baseline_v1,4210.0,0,0.0,21,20,0,True,0.12
SCEN_2023_LOW_arrival_linear_baseline_v1_S1663,1663,arrival_linear_baseline_v1,4210.0,0,0.0,21,20,0,True,0.11
SCEN_2023_LOW_arrival_linear_baseline_v1_S1664,1664,arrival_linear_baseline_v1,4210.0,0,0.0,21,20,0,True,0.11
SCEN_2023_LOW_arrival_linear_baseline_v1_S1665,1665,arrival_linear_baseline_v1,4210.0,0,0.0,21,20,0,True,0.11
SCEN_2023_LOW_arrival_linear_baseline_v1_S1666,1666,arrival_linear_baseline_v1,4210.0,0,0.0,21,20,0,True,0.12
SCEN_2023_LOW_arrival_linear_baseline_v1_S1667,1667,arrival_linear_baseline_v1,4210.0,0,0.0,21,20,0,True,0.12
SCEN_2023_LOW_arrival_linear_baseline_v1_S1668,1668,arrival_linear_baseline_v1,4210.0,0,0.0,21,20,0,True,0.11
SCEN_2023_LOW_arrival_linear_baseline_v1_S1669,1669,arrival_linear_baseline_v1,4210.0,0,0.0,21,20,0,True,0.12
SCEN_2023_LOW_arrival_linear_baseline_v1_S1670,1670,arrival_linear_baseline_v1,4210.0,0,0.0,21,20,0,True,0.11
SCEN_2023_LOW_arrival_linear_baseline_v1_S1671,1671,arrival_linear_baseline_v1,4210.0,0,0.0,21,20,0,True,0.11
SCEN_2023_LOW_arrival_linear_baseline_v1_S1672,1672,arrival_linear_baseline_v1,4210.0,0,0.0,21,20,0,True,0.11
SCEN_2023_LOW_arrival_linear_baseline_v1_S1673,1673,arrival_linear_baseline_v1,4210.0,0,0.0,21,20,0,True,0.11
SCEN_2023_LOW_arrival_linear_baseline_v1_S1674,1674,arrival_linear_baseline_v1,4210.0,0,0.0,21,20,0,True,0.11
SCEN_2023_LOW_arrival_linear_baseline_v1_S1675,1675,arrival_linear_baseline_v1,4210.0,0,0.0,21,20,0,True,0.11
SCEN_2023_LOW_arrival_linear_baseline_v1_S1676,1676,arrival_linear_baseline_v1,4210.0,0,0.0,21,20,0,True,0.11
SCEN_2023_LOW_arrival_linear_baseline_v1_S1677,1677,arrival_linear_baseline_v1,4210.0,0,0.0,21,20,0,True,0.11
SCEN_2023_LOW_arrival_linear_baseline_v1_S1678,1678,arrival_linear_baseline_v1,4210.0,0,0.0,21,20,0,True,0.11
SCEN_2023_LOW_arrival_linear_baseline_v1_S1679,1679,arrival_linear_baseline_v1,4210.0,0,0.0,21,20,0,True,0.11
SCEN_2023_LOW_arrival_linear_baseline_v1_S1680,1680,arrival_linear_baseline_v1,4210.0,0,0.0,21,20,0,True,0.11
SCEN_2023_LOW_arrival_linear_baseline_v1_S1681,1681,arrival_linear_baseline_v1,4210.0,0,0.0,21,20,0,True,0.11
SCEN_2023_LOW_arrival_linear_baseline_v1_S1682,1682,arrival_linear_baseline_v1,4210.0,0,0.0,21,20,0,True,0.11
SCEN_2023_LOW_arrival_linear_baseline_v1_S1683,1683,arrival_linear_baseline_v1,4210.0,0,0.0,21,20,0,True,0.13
SCEN_2023_LOW_arrival_linear_baseline_v1_S1684,1684,arrival_linear_baseline_v1,4210.0,0,0.0,21,20,0,True,0.11
SCEN_2023_LOW_arrival_linear_baseline_v1_S1685,1685,arrival_linear_baseline_v1,4210.0,0,0.0,21,20,0,True,0.11
SCEN_2023_LOW_arrival_linear_baseline_v1_S1686,1686,arrival_linear_baseline_v1,4210.0,0,0.0,21,20,0,True,0.11
SCEN_2023_LOW_arrival_linear_baseline_v1_S1687,1687,arrival_linear_baseline_v1,4210.0,0,0.0,21,20,0,True,0.11
SCEN_2023_LOW_arrival_linear_baseline_v1_S1688,1688,arrival_linear_baseline_v1,4210.0,0,0.0,21,20,0,True,0.11
SCEN_2023_LOW_arrival_linear_baseline_v1_S1689,1689,arrival_linear_baseline_v1,4210.0,0,0.0,21,20,0,True,0.11
SCEN_2023_LOW_arrival_linear_baseline_v1_S1690,1690,arrival_linear_baseline_v1,4210.0,0,0.0,21,20,0,True,0.11
SCEN_2023_LOW_arrival_linear_baseline_v1_S1691,1691,arrival_linear_baseline_v1,4210.0,0,0.0,21,20,0,True,0.12
SCEN_2023_LOW_arrival_linear_baseline_v1_S1692,1692,arrival_linear_baseline_v1,4210.0,0,0.0,21,20,0,True,0.12
SCEN_2023_LOW_arrival_linear_baseline_v1_S1693,1693,arrival_linear_baseline_v1,4210.0,0,0.0,21,20,0,True,0.11
SCEN_2023_LOW_arrival_linear_baseline_v1_S1694,1694,arrival_linear_baseline_v1,4210.0,0,0.0,21,20,0,True,0.11
SCEN_2023_LOW_arrival_linear_baseline_v1_S1695,1695,arrival_linear_baseline_v1,4210.0,0,0.0,21,20,0,True,0.11
SCEN_2023_LOW_arrival_linear_baseline_v1_S1696,1696,arrival_linear_baseline_v1,4210.0,0,0.0,21,20,0,True,0.12
SCEN_2023_LOW_arrival_linear_baseline_v1_S1697,1697,arrival_linear_baseline_v1,4210.0,0,0.0,21,20,0,True,0.11
SCEN_2023_LOW_arrival_linear_baseline_v1_S1698,1698,arrival_linear_baseline_v1,4210.0,0,0.0,21,20,0,True,0.11
SCEN_2023_LOW_arrival_linear_baseline_v1_S1699,1699,arrival_linear_baseline_v1,4210.0,0,0.0,21,20,0,True,0.11
SCEN_2023_LOW_arrival_linear_baseline_v1_S1700,1700,arrival_linear_baseline_v1,4210.0,0,0.0,21,20,0,True,0.11
SCEN_2023_LOW_arrival_linear_baseline_v1_S1701,1701,arrival_linear_baseline_v1,4210.0,0,0.0,21,20,0,True,0.11
SCEN_2023_LOW_arrival_linear_baseline_v1_S1702,1702,arrival_linear_baseline_v1,4210.0,0,0.0,21,20,0,True,0.12
SCEN_2023_LOW_arrival_linear_baseline_v1_S1703,1703,arrival_linear_baseline_v1,4210.0,0,0.0,21,20,0,True,0.11
SCEN_2023_LOW_arrival_linear_baseline_v1_S1704,1704,arrival_linear_baseline_v1,4210.0,0,0.0,21,20,0,True,0.15
SCEN_2023_LOW_arrival_linear_baseline_v1_S1705,1705,arrival_linear_baseline_v1,4210.0,0,0.0,21,20,0,True,0.11
SCEN_2023_LOW_arrival_linear_baseline_v1_S1706,1706,arrival_linear_baseline_v1,4210.0,0,0.0,21,20,0,True,0.11
SCEN_2023_LOW_arrival_linear_baseline_v1_S1707,1707,arrival_linear_baseline_v1,4210.0,0,0.0,21,20,0,True,0.11
SCEN_2023_LOW_arrival_linear_baseline_v1_S1708,1708,arrival_linear_baseline_v1,4210.0,0,0.0,21,20,0,True,0.11
SCEN_2023_LOW_arrival_linear_baseline_v1_S1709,1709,arrival_linear_baseline_v1,4210.0,0,0.0,21,20,0,True,0.11
SCEN_2023_LOW_arrival_linear_baseline_v1_S1710,1710,arrival_linear_baseline_v1,4210.0,0,0.0,21,20,0,True,0.11
SCEN_2023_LOW_arrival_linear_baseline_v1_S1711,1711,arrival_linear_baseline_v1,4210.0,0,0.0,21,20,0,True,0.11
SCEN_2023_LOW_arrival_linear_baseline_v1_S1712,1712,arrival_linear_baseline_v1,4210.0,0,0.0,21,20,0,True,0.11
SCEN_2023_LOW_arrival_linear_baseline_v1_S1713,1713,arrival_linear_baseline_v1,4210.0,0,0.0,21,20,0,True,0.11
SCEN_2023_LOW_arrival_linear_baseline_v1_S1714,1714,arrival_linear_baseline_v1,4210.0,0,0.0,21,20,0,True,0.11
SCEN_2023_LOW_arrival_linear_baseline_v1_S1715,1715,arrival_linear_baseline_v1,4210.0,0,0.0,21,20,0,True,0.11
SCEN_2023_LOW_arrival_linear_baseline_v1_S1716,1716,arrival_linear_baseline_v1,4210.0,0,0.0,21,20,0,True,0.11
SCEN_2023_LOW_arrival_linear_baseline_v1_S1717,1717,arrival_linear_baseline_v1,4210.0,0,0.0,21,20,0,True,0.11
SCEN_2023_LOW_arrival_linear_baseline_v1_S1718,1718,arrival_linear_baseline_v1,4210.0,0,0.0,21,20,0,True,0.18
SCEN_2023_LOW_arrival_linear_baseline_v1_S1719,1719,arrival_linear_baseline_v1,4210.0,0,0.0,21,20,0,True,0.11
SCEN_2023_LOW_arrival_linear_baseline_v1_S1720,1720,arrival_linear_baseline_v1,4210.0,0,0.0,21,20,0,True,0.11
SCEN_2023_LOW_arrival_linear_baseline_v1_S1721,1721,arrival_linear_baseline_v1,4210.0,0,0.0,21,20,0,True,0.11
SCEN_2023_LOW_arrival_linear_baseline_v1_S1722,1722,arrival_linear_baseline_v1,4210.0,0,0.0,21,20,0,True,0.11
SCEN_2023_LOW_arrival_linear_baseline_v1_S1723,1723,arrival_linear_baseline_v1,4210.0,0,0.0,21,20,0,True,0.11
SCEN_2023_LOW_arrival_linear_baseline_v1_S1724,1724,arrival_linear_baseline_v1,4210.0,0,0.0,21,20,0,True,0.11
SCEN_2023_LOW_arrival_linear_baseline_v1_S1725,1725,arrival_linear_baseline_v1,4210.0,0,0.0,21,20,0,True,0.11
SCEN_2023_LOW_arrival_linear_baseline_v1_S1726,1726,arrival_linear_baseline_v1,4210.0,0,0.0,21,20,0,True,0.11
SCEN_2023_LOW_arrival_linear_baseline_v1_S1727,1727,arrival_linear_baseline_v1,4210.0,0,0.0,21,20,0,True,0.12
SCEN_2023_LOW_arrival_linear_baseline_v1_S1728,1728,arrival_linear_baseline_v1,4210.0,0,0.0,21,20,0,True,0.11
SCEN_2023_LOW_arrival_linear_baseline_v1_S1729,1729,arrival_linear_baseline_v1,4210.0,0,0.0,21,20,0,True,0.11
SCEN_2023_LOW_arrival_linear_baseline_v1_S1730,1730,arrival_linear_baseline_v1,4210.0,0,0.0,21,20,0,True,0.11
SCEN_2023_LOW_arrival_linear_baseline_v1_S1731,1731,arrival_linear_baseline_v1,4210.0,0,0.0,21,20,0,True,0.11
SCEN_2023_LOW_arrival_linear_baseline_v1_S1732,1732,arrival_linear_baseline_v1,4210.0,0,0.0,21,20,0,True,0.11
SCEN_2023_LOW_arrival_linear_baseline_v1_S1733,1733,arrival_linear_baseline_v1,4210.0,0,0.0,21,20,0,True,0.11
SCEN_2023_LOW_arrival_linear_baseline_v1_S1734,1734,arrival_linear_baseline_v1,4210.0,0,0.0,21,20,0,True,0.11
SCEN_2023_LOW_arrival_linear_baseline_v1_S1735,1735,arrival_linear_baseline_v1,4210.0,0,0.0,21,20,0,True,0.11
SCEN_2023_LOW_arrival_linear_baseline_v1_S1736,1736,arrival_linear_baseline_v1,4210.0,0,0.0,21,20,0,True,0.11
SCEN_2023_LOW_arrival_linear_baseline_v1_S1737,1737,arrival_linear_baseline_v1,4210.0,0,0.0,21,20,0,True,0.11
SCEN_2023_LOW_arrival_linear_baseline_v1_S1738,1738,arrival_linear_baseline_v1,4210.0,0,0.0,21,20,0,True,0.11
SCEN_2023_LOW_arrival_linear_baseline_v1_S1739,1739,arrival_linear_baseline_v1,4210.0,0,0.0,21,20,0,True,0.11
SCEN_2023_LOW_arrival_linear_baseline_v1_S1740,1740,arrival_linear_baseline_v1,4210.0,0,0.0,21,20,0,True,0.11
SCEN_2023_LOW_arrival_linear_baseline_v1_S1741,1741,arrival_linear_baseline_v1,4210.0,0,0.0,21,20,0,True,0.11
SCEN_2023_LOW_arrival_linear_baseline_v1_S1742,1742,arrival_linear_baseline_v1,4210.0,0,0.0,21,20,0,True,0.11
SCEN_2023_LOW_arrival_linear_baseline_v1_S1743,1743,arrival_linear_baseline_v1,4210.0,0,0.0,21,20,0,True,0.11
SCEN_2023_LOW_arrival_linear_baseline_v1_S1744,1744,arrival_linear_baseline_v1,4210.0,0,0.0,21,20,0,True,0.11
SCEN_2023_LOW_arrival_linear_baseline_v1_S1745,1745,arrival_linear_baseline_v1,4210.0,0,0.0,21,20,0,True,0.11
SCEN_2023_LOW_arrival_linear_baseline_v1_S1746,1746,arrival_linear_baseline_v1,4210.0,0,0.0,21,20,0,True,0.11
SCEN_2023_LOW_arrival_linear_baseline_v1_S1747,1747,arrival_linear_baseline_v1,4210.0,0,0.0,21,20,0,True,0.11
SCEN_2023_LOW_arrival_linear_baseline_v1_S1748,1748,arrival_linear_baseline_v1,4210.0,0,0.0,21,20,0,True,0.11
SCEN_2023_LOW_arrival_linear_baseline_v1_S1749,1749,arrival_linear_baseline_v1,4210.0,0,0.0,21,20,0,True,0.12
SCEN_2023_LOW_arrival_linear_baseline_v1_S1750,1750,arrival_linear_baseline_v1,4210.0,0,0.0,21,20,0,True,0.11
SCEN_2023_LOW_arrival_linear_baseline_v1_S1751,1751,arrival_linear_baseline_v1,4210.0,0,0.0,21,20,0,True,0.11
SCEN_2023_LOW_arrival_linear_baseline_v1_S1752,1752,arrival_linear_baseline_v1,4210.0,0,0.0,21,20,0,True,0.11
SCEN_2023_LOW_arrival_linear_baseline_v1_S1753,1753,arrival_linear_baseline_v1,4210.0,0,0.0,21,20,0,True,0.11
SCEN_2023_LOW_arrival_linear_baseline_v1_S1754,1754,arrival_linear_baseline_v1,4210.0,0,0.0,21,20,0,True,0.11
SCEN_2023_LOW_arrival_linear_baseline_v1_S1755,1755,arrival_linear_baseline_v1,4210.0,0,0.0,21,20,0,True,0.17
SCEN_2023_LOW_arrival_linear_baseline_v1_S1756,1756,arrival_linear_baseline_v1,4210.0,0,0.0,21,20,0,True,0.11
SCEN_2023_LOW_arrival_linear_baseline_v1_S1757,1757,arrival_linear_baseline_v1,4210.0,0,0.0,21,20,0,True,0.11
SCEN_2023_LOW_arrival_linear_baseline_v1_S1758,1758,arrival_linear_baseline_v1,4210.0,0,0.0,21,20,0,True,0.11
SCEN_2023_LOW_arrival_linear_baseline_v1_S1759,1759,arrival_linear_baseline_v1,4210.0,0,0.0,21,20,0,True,0.11
SCEN_2023_LOW_arrival_linear_baseline_v1_S1760,1760,arrival_linear_baseline_v1,4210.0,0,0.0,21,20,0,True,0.11
SCEN_2023_LOW_arrival_linear_baseline_v1_S1761,1761,arrival_linear_baseline_v1,4210.0,0,0.0,21,20,0,True,0.11
SCEN_2023_LOW_arrival_linear_baseline_v1_S1762,1762,arrival_linear_baseline_v1,4210.0,0,0.0,21,20,0,True,0.11
SCEN_2023_LOW_arrival_linear_baseline_v1_S1763,1763,arrival_linear_baseline_v1,4210.0,0,0.0,21,20,0,True,0.11
SCEN_2023_LOW_arrival_linear_baseline_v1_S1764,1764,arrival_linear_baseline_v1,4210.0,0,0.0,21,20,0,True,0.11
SCEN_2023_LOW_arrival_linear_baseline_v1_S1765,1765,arrival_linear_baseline_v1,4210.0,0,0.0,21,20,0,True,0.11
SCEN_2023_LOW_arrival_linear_baseline_v1_S1766,1766,arrival_linear_baseline_v1,4210.0,0,0.0,21,20,0,True,0.11
SCEN_2023_LOW_arrival_linear_baseline_v1_S1767,1767,arrival_linear_baseline_v1,4210.0,0,0.0,21,20,0,True,0.11
SCEN_2023_LOW_arrival_linear_baseline_v1_S1768,1768,arrival_linear_baseline_v1,4210.0,0,0.0,21,20,0,True,0.11
SCEN_2023_LOW_arrival_linear_baseline_v1_S1769,1769,arrival_linear_baseline_v1,4210.0,0,0.0,21,20,0,True,0.11
SCEN_2023_LOW_arrival_linear_baseline_v1_S1770,1770,arrival_linear_baseline_v1,4210.0,0,0.0,21,20,0,True,0.11
SCEN_2023_LOW_arrival_linear_baseline_v1_S1771,1771,arrival_linear_baseline_v1,4210.0,0,0.0,21,20,0,True,0.12
SCEN_2023_LOW_arrival_linear_baseline_v1_S1772,1772,arrival_linear_baseline_v1,4210.0,0,0.0,21,20,0,True,0.11
SCEN_2023_LOW_arrival_linear_baseline_v1_S1773,1773,arrival_linear_baseline_v1,4210.0,0,0.0,21,20,0,True,0.11
SCEN_2023_LOW_arrival_linear_baseline_v1_S1774,1774,arrival_linear_baseline_v1,4210.0,0,0.0,21,20,0,True,0.11
SCEN_2023_LOW_arrival_linear_baseline_v1_S1775,1775,arrival_linear_baseline_v1,4210.0,0,0.0,21,20,0,True,0.11
SCEN_2023_LOW_arrival_linear_baseline_v1_S1776,1776,arrival_linear_baseline_v1,4210.0,0,0.0,21,20,0,True,0.11
SCEN_2023_LOW_arrival_linear_baseline_v1_S1777,1777,arrival_linear_baseline_v1,4210.0,0,0.0,21,20,0,True,0.11
SCEN_2023_LOW_arrival_linear_baseline_v1_S1778,1778,arrival_linear_baseline_v1,4210.0,0,0.0,21,20,0,True,0.11
SCEN_2023_LOW_arrival_linear_baseline_v1_S1779,1779,arrival_linear_baseline_v1,4210.0,0,0.0,21,20,0,True,0.11
SCEN_2023_LOW_arrival_linear_baseline_v1_S1780,1780,arrival_linear_baseline_v1,4210.0,0,0.0,21,20,0,True,0.11
SCEN_2023_LOW_arrival_linear_baseline_v1_S1781,1781,arrival_linear_baseline_v1,4210.0,0,0.0,21,20,0,True,0.11
SCEN_2023_LOW_arrival_linear_baseline_v1_S1782,1782,arrival_linear_baseline_v1,4210.0,0,0.0,21,20,0,True,0.11
SCEN_2023_LOW_arrival_linear_baseline_v1_S1783,1783,arrival_linear_baseline_v1,4210.0,0,0.0,21,20,0,True,0.11
SCEN_2023_LOW_arrival_linear_baseline_v1_S1784,1784,arrival_linear_baseline_v1,4210.0,0,0.0,21,20,0,True,0.11
SCEN_2023_LOW_arrival_linear_baseline_v1_S1785,1785,arrival_linear_baseline_v1,4210.0,0,0.0,21,20,0,True,0.11
SCEN_2023_LOW_arrival_linear_baseline_v1_S1786,1786,arrival_linear_baseline_v1,4210.0,0,0.0,21,20,0,True,0.11
SCEN_2023_LOW_arrival_linear_baseline_v1_S1787,1787,arrival_linear_baseline_v1,4210.0,0,0.0,21,20,0,True,0.11
SCEN_2023_LOW_arrival_linear_baseline_v1_S1788,1788,arrival_linear_baseline_v1,4210.0,0,0.0,21,20,0,True,0.11
SCEN_2023_LOW_arrival_linear_baseline_v1_S1789,1789,arrival_linear_baseline_v1,4210.0,0,0.0,21,20,0,True,0.11
SCEN_2023_LOW_arrival_linear_baseline_v1_S1790,1790,arrival_linear_baseline_v1,4210.0,0,0.0,21,20,0,True,0.11
SCEN_2023_LOW_arrival_linear_baseline_v1_S1791,1791,arrival_linear_baseline_v1,4210.0,0,0.0,21,20,0,True,0.11
SCEN_2023_LOW_arrival_linear_baseline_v1_S1792,1792,arrival_linear_baseline_v1,4210.0,0,0.0,21,20,0,True,0.11
SCEN_2023_LOW_arrival_linear_baseline_v1_S1793,1793,arrival_linear_baseline_v1,4210.0,0,0.0,21,20,0,True,0.11
SCEN_2023_LOW_arrival_linear_baseline_v1_S1794,1794,arrival_linear_baseline_v1,4210.0,0,0.0,21,20,0,True,0.11
SCEN_2023_LOW_arrival_linear_baseline_v1_S1795,1795,arrival_linear_baseline_v1,4210.0,0,0.0,21,20,0,True,0.11
SCEN_2023_LOW_arrival_linear_baseline_v1_S1796,1796,arrival_linear_baseline_v1,4210.0,0,0.0,21,20,0,True,0.11
SCEN_2023_LOW_arrival_linear_baseline_v1_S1797,1797,arrival_linear_baseline_v1,4210.0,0,0.0,21,20,0,True,0.11
SCEN_2023_LOW_arrival_linear_baseline_v1_S1798,1798,arrival_linear_baseline_v1,4210.0,0,0.0,21,20,0,True,0.11
SCEN_2023_LOW_arrival_linear_baseline_v1_S1799,1799,arrival_linear_baseline_v1,4210.0,0,0.0,21,20,0,True,0.11
SCEN_2023_LOW_arrival_linear_baseline_v1_S1800,1800,arrival_linear_baseline_v1,4210.0,0,0.0,21,20,0,True,0.11
SCEN_2023_LOW_arrival_linear_baseline_v1_S1801,1801,arrival_linear_baseline_v1,4210.0,0,0.0,21,20,0,True,0.11
SCEN_2023_LOW_arrival_linear_baseline_v1_S1802,1802,arrival_linear_baseline_v1,4210.0,0,0.0,21,20,0,True,0.11
SCEN_2023_LOW_arrival_linear_baseline_v1_S1803,1803,arrival_linear_baseline_v1,4210.0,0,0.0,21,20,0,True,0.11
SCEN_2023_LOW_arrival_linear_baseline_v1_S1804,1804,arrival_linear_baseline_v1,4210.0,0,0.0,21,20,0,True,0.11
SCEN_2023_LOW_arrival_linear_baseline_v1_S1805,1805,arrival_linear_baseline_v1,4210.0,0,0.0,21,20,0,True,0.11
SCEN_2023_LOW_arrival_linear_baseline_v1_S1806,1806,arrival_linear_baseline_v1,4210.0,0,0.0,21,20,0,True,0.11
SCEN_2023_LOW_arrival_linear_baseline_v1_S1807,1807,arrival_linear_baseline_v1,4210.0,0,0.0,21,20,0,True,0.11
SCEN_2023_LOW_arrival_linear_baseline_v1_S1808,1808,arrival_linear_baseline_v1,4210.0,0,0.0,21,20,0,True,0.11
SCEN_2023_LOW_arrival_linear_baseline_v1_S1809,1809,arrival_linear_baseline_v1,4210.0,0,0.0,21,20,0,True,0.11
SCEN_2023_LOW_arrival_linear_baseline_v1_S1810,1810,arrival_linear_baseline_v1,4210.0,0,0.0,21,20,0,True,0.11
SCEN_2023_LOW_arrival_linear_baseline_v1_S1811,1811,arrival_linear_baseline_v1,4210.0,0,0.0,21,20,0,True,0.11
SCEN_2023_LOW_arrival_linear_baseline_v1_S1812,1812,arrival_linear_baseline_v1,4210.0,0,0.0,21,20,0,True,0.11
SCEN_2023_LOW_arrival_linear_baseline_v1_S1813,1813,arrival_linear_baseline_v1,4210.0,0,0.0,21,20,0,True,0.11
SCEN_2023_LOW_arrival_linear_baseline_v1_S1814,1814,arrival_linear_baseline_v1,4210.0,0,0.0,21,20,0,True,0.11
SCEN_2023_LOW_arrival_linear_baseline_v1_S1815,1815,arrival_linear_baseline_v1,4210.0,0,0.0,21,20,0,True,0.11
SCEN_2023_LOW_arrival_linear_baseline_v1_S1816,1816,arrival_linear_baseline_v1,4210.0,0,0.0,21,20,0,True,0.11
SCEN_2023_LOW_arrival_linear_baseline_v1_S1817,1817,arrival_linear_baseline_v1,4210.0,0,0.0,21,20,0,True,0.11
SCEN_2023_LOW_arrival_linear_baseline_v1_S1818,1818,arrival_linear_baseline_v1,4210.0,0,0.0,21,20,0,True,0.11
SCEN_2023_LOW_arrival_linear_baseline_v1_S1819,1819,arrival_linear_baseline_v1,4210.0,0,0.0,21,20,0,True,0.11
SCEN_2023_LOW_arrival_linear_baseline_v1_S1820,1820,arrival_linear_baseline_v1,4210.0,0,0.0,21,20,0,True,0.11
SCEN_2023_LOW_arrival_linear_baseline_v1_S1821,1821,arrival_linear_baseline_v1,4210.0,0,0.0,21,20,0,True,0.11
SCEN_2023_LOW_arrival_linear_baseline_v1_S1822,1822,arrival_linear_baseline_v1,4210.0,0,0.0,21,20,0,True,0.12
SCEN_2023_LOW_arrival_linear_baseline_v1_S1823,1823,arrival_linear_baseline_v1,4210.0,0,0.0,21,20,0,True,0.12
SCEN_2023_LOW_arrival_linear_baseline_v1_S1824,1824,arrival_linear_baseline_v1,4210.0,0,0.0,21,20,0,True,0.11
SCEN_2023_LOW_arrival_linear_baseline_v1_S1825,1825,arrival_linear_baseline_v1,4210.0,0,0.0,21,20,0,True,0.12
SCEN_2023_LOW_arrival_linear_baseline_v1_S1826,1826,arrival_linear_baseline_v1,4210.0,0,0.0,21,20,0,True,0.11
SCEN_2023_LOW_arrival_linear_baseline_v1_S1827,1827,arrival_linear_baseline_v1,4210.0,0,0.0,21,20,0,True,0.11
SCEN_2023_LOW_arrival_linear_baseline_v1_S1828,1828,arrival_linear_baseline_v1,4210.0,0,0.0,21,20,0,True,0.11
SCEN_2023_LOW_arrival_linear_baseline_v1_S1829,1829,arrival_linear_baseline_v1,4210.0,0,0.0,21,20,0,True,0.12
SCEN_2023_LOW_arrival_linear_baseline_v1_S1830,1830,arrival_linear_baseline_v1,4210.0,0,0.0,21,20,0,True,0.11
SCEN_2023_LOW_arrival_linear_baseline_v1_S1831,1831,arrival_linear_baseline_v1,4210.0,0,0.0,21,20,0,True,0.11
SCEN_2023_LOW_arrival_linear_baseline_v1_S1832,1832,arrival_linear_baseline_v1,4210.0,0,0.0,21,20,0,True,0.11
SCEN_2023_LOW_arrival_linear_baseline_v1_S1833,1833,arrival_linear_baseline_v1,4210.0,0,0.0,21,20,0,True,0.11
SCEN_2023_LOW_arrival_linear_baseline_v1_S1834,1834,arrival_linear_baseline_v1,4210.0,0,0.0,21,20,0,True,0.12
SCEN_2023_LOW_arrival_linear_baseline_v1_S1835,1835,arrival_linear_baseline_v1,4210.0,0,0.0,21,20,0,True,0.11
SCEN_2023_LOW_arrival_linear_baseline_v1_S1836,1836,arrival_linear_baseline_v1,4210.0,0,0.0,21,20,0,True,0.11
SCEN_2023_LOW_arrival_linear_baseline_v1_S1837,1837,arrival_linear_baseline_v1,4210.0,0,0.0,21,20,0,True,0.11
SCEN_2023_LOW_arrival_linear_baseline_v1_S1838,1838,arrival_linear_baseline_v1,4210.0,0,0.0,21,20,0,True,0.11
SCEN_2023_LOW_arrival_linear_baseline_v1_S1839,1839,arrival_linear_baseline_v1,4210.0,0,0.0,21,20,0,True,0.12
SCEN_2023_LOW_arrival_linear_baseline_v1_S1840,1840,arrival_linear_baseline_v1,4210.0,0,0.0,21,20,0,True,0.11
SCEN_2023_LOW_arrival_linear_baseline_v1_S1841,1841,arrival_linear_baseline_v1,4210.0,0,0.0,21,20,0,True,0.11
SCEN_2023_LOW_arrival_linear_baseline_v1_S1842,1842,arrival_linear_baseline_v1,4210.0,0,0.0,21,20,0,True,0.11
SCEN_2023_LOW_arrival_linear_baseline_v1_S1843,1843,arrival_linear_baseline_v1,4210.0,0,0.0,21,20,0,True,0.11
SCEN_2023_LOW_arrival_linear_baseline_v1_S1844,1844,arrival_linear_baseline_v1,4210.0,0,0.0,21,20,0,True,0.11
SCEN_2023_LOW_arrival_linear_baseline_v1_S1845,1845,arrival_linear_baseline_v1,4210.0,0,0.0,21,20,0,True,0.11
SCEN_2023_LOW_arrival_linear_baseline_v1_S1846,1846,arrival_linear_baseline_v1,4210.0,0,0.0,21,20,0,True,0.12
SCEN_2023_LOW_arrival_linear_baseline_v1_S1847,1847,arrival_linear_baseline_v1,4210.0,0,0.0,21,20,0,True,0.11
SCEN_2023_LOW_arrival_linear_baseline_v1_S1848,1848,arrival_linear_baseline_v1,4210.0,0,0.0,21,20,0,True,0.11
SCEN_2023_LOW_arrival_linear_baseline_v1_S1849,1849,arrival_linear_baseline_v1,4210.0,0,0.0,21,20,0,True,0.11
SCEN_2023_LOW_arrival_linear_baseline_v1_S1850,1850,arrival_linear_baseline_v1,4210.0,0,0.0,21,20,0,True,0.11
SCEN_2023_LOW_arrival_linear_baseline_v1_S1851,1851,arrival_linear_baseline_v1,4210.0,0,0.0,21,20,0,True,0.11
SCEN_2023_LOW_arrival_linear_baseline_v1_S1852,1852,arrival_linear_baseline_v1,4210.0,0,0.0,21,20,0,True,0.11
SCEN_2023_LOW_arrival_linear_baseline_v1_S1853,1853,arrival_linear_baseline_v1,4210.0,0,0.0,21,20,0,True,0.11
SCEN_2023_LOW_arrival_linear_baseline_v1_S1854,1854,arrival_linear_baseline_v1,4210.0,0,0.0,21,20,0,True,0.11
SCEN_2023_LOW_arrival_linear_baseline_v1_S1855,1855,arrival_linear_baseline_v1,4210.0,0,0.0,21,20,0,True,0.11
SCEN_2023_LOW_arrival_linear_baseline_v1_S1856,1856,arrival_linear_baseline_v1,4210.0,0,0.0,21,20,0,True,0.11
SCEN_2023_LOW_arrival_linear_baseline_v1_S1857,1857,arrival_linear_baseline_v1,4210.0,0,0.0,21,20,0,True,0.11
SCEN_2023_LOW_arrival_linear_baseline_v1_S1858,1858,arrival_linear_baseline_v1,4210.0,0,0.0,21,20,0,True,0.11
SCEN_2023_LOW_arrival_linear_baseline_v1_S1859,1859,arrival_linear_baseline_v1,4210.0,0,0.0,21,20,0,True,0.11
SCEN_2023_LOW_arrival_linear_baseline_v1_S1860,1860,arrival_linear_baseline_v1,4210.0,0,0.0,21,20,0,True,0.11
SCEN_2023_LOW_arrival_linear_baseline_v1_S1861,1861,arrival_linear_baseline_v1,4210.0,0,0.0,21,20,0,True,0.14
SCEN_2023_LOW_arrival_linear_baseline_v1_S1862,1862,arrival_linear_baseline_v1,4210.0,0,0.0,21,20,0,True,0.11
SCEN_2023_LOW_arrival_linear_baseline_v1_S1863,1863,arrival_linear_baseline_v1,4210.0,0,0.0,21,20,0,True,0.11
SCEN_2023_LOW_arrival_linear_baseline_v1_S1864,1864,arrival_linear_baseline_v1,4210.0,0,0.0,21,20,0,True,0.11
SCEN_2023_LOW_arrival_linear_baseline_v1_S1865,1865,arrival_linear_baseline_v1,4210.0,0,0.0,21,20,0,True,0.11
SCEN_2023_LOW_arrival_linear_baseline_v1_S1866,1866,arrival_linear_baseline_v1,4210.0,0,0.0,21,20,0,True,0.11
SCEN_2023_LOW_arrival_linear_baseline_v1_S1867,1867,arrival_linear_baseline_v1,4210.0,0,0.0,21,20,0,True,0.11
SCEN_2023_LOW_arrival_linear_baseline_v1_S1868,1868,arrival_linear_baseline_v1,4210.0,0,0.0,21,20,0,True,0.11
SCEN_2023_LOW_arrival_linear_baseline_v1_S1869,1869,arrival_linear_baseline_v1,4210.0,0,0.0,21,20,0,True,0.11
SCEN_2023_LOW_arrival_linear_baseline_v1_S1870,1870,arrival_linear_baseline_v1,4210.0,0,0.0,21,20,0,True,0.11
SCEN_2023_LOW_arrival_linear_baseline_v1_S1871,1871,arrival_linear_baseline_v1,4210.0,0,0.0,21,20,0,True,0.11
SCEN_2023_LOW_arrival_linear_baseline_v1_S1872,1872,arrival_linear_baseline_v1,4210.0,0,0.0,21,20,0,True,0.11
SCEN_2023_LOW_arrival_linear_baseline_v1_S1873,1873,arrival_linear_baseline_v1,4210.0,0,0.0,21,20,0,True,0.11
SCEN_2023_LOW_arrival_linear_baseline_v1_S1874,1874,arrival_linear_baseline_v1,4210.0,0,0.0,21,20,0,True,0.11
SCEN_2023_LOW_arrival_linear_baseline_v1_S1875,1875,arrival_linear_baseline_v1,4210.0,0,0.0,21,20,0,True,0.12
SCEN_2023_LOW_arrival_linear_baseline_v1_S1876,1876,arrival_linear_baseline_v1,4210.0,0,0.0,21,20,0,True,0.12
SCEN_2023_LOW_arrival_linear_baseline_v1_S1877,1877,arrival_linear_baseline_v1,4210.0,0,0.0,21,20,0,True,0.11
SCEN_2023_LOW_arrival_linear_baseline_v1_S1878,1878,arrival_linear_baseline_v1,4210.0,0,0.0,21,20,0,True,0.11
SCEN_2023_LOW_arrival_linear_baseline_v1_S1879,1879,arrival_linear_baseline_v1,4210.0,0,0.0,21,20,0,True,0.11
SCEN_2023_LOW_arrival_linear_baseline_v1_S1880,1880,arrival_linear_baseline_v1,4210.0,0,0.0,21,20,0,True,0.11
SCEN_2023_LOW_arrival_linear_baseline_v1_S1881,1881,arrival_linear_baseline_v1,4210.0,0,0.0,21,20,0,True,0.11
SCEN_2023_LOW_arrival_linear_baseline_v1_S1882,1882,arrival_linear_baseline_v1,4210.0,0,0.0,21,20,0,True,0.11
SCEN_2023_LOW_arrival_linear_baseline_v1_S1883,1883,arrival_linear_baseline_v1,4210.0,0,0.0,21,20,0,True,0.11
SCEN_2023_LOW_arrival_linear_baseline_v1_S1884,1884,arrival_linear_baseline_v1,4210.0,0,0.0,21,20,0,True,0.11
SCEN_2023_LOW_arrival_linear_baseline_v1_S1885,1885,arrival_linear_baseline_v1,4210.0,0,0.0,21,20,0,True,0.13
SCEN_2023_LOW_arrival_linear_baseline_v1_S1886,1886,arrival_linear_baseline_v1,4210.0,0,0.0,21,20,0,True,0.11
SCEN_2023_LOW_arrival_linear_baseline_v1_S1887,1887,arrival_linear_baseline_v1,4210.0,0,0.0,21,20,0,True,0.11
SCEN_2023_LOW_arrival_linear_baseline_v1_S1888,1888,arrival_linear_baseline_v1,4210.0,0,0.0,21,20,0,True,0.11
SCEN_2023_LOW_arrival_linear_baseline_v1_S1889,1889,arrival_linear_baseline_v1,4210.0,0,0.0,21,20,0,True,0.11
SCEN_2023_LOW_arrival_linear_baseline_v1_S1890,1890,arrival_linear_baseline_v1,4210.0,0,0.0,21,20,0,True,0.11
SCEN_2023_LOW_arrival_linear_baseline_v1_S1891,1891,arrival_linear_baseline_v1,4210.0,0,0.0,21,20,0,True,0.11
SCEN_2023_LOW_arrival_linear_baseline_v1_S1892,1892,arrival_linear_baseline_v1,4210.0,0,0.0,21,20,0,True,0.12
SCEN_2023_LOW_arrival_linear_baseline_v1_S1893,1893,arrival_linear_baseline_v1,4210.0,0,0.0,21,20,0,True,0.2
SCEN_2023_LOW_arrival_linear_baseline_v1_S1894,1894,arrival_linear_baseline_v1,4210.0,0,0.0,21,20,0,True,0.11
SCEN_2023_LOW_arrival_linear_baseline_v1_S1895,1895,arrival_linear_baseline_v1,4210.0,0,0.0,21,20,0,True,0.11
SCEN_2023_LOW_arrival_linear_baseline_v1_S1896,1896,arrival_linear_baseline_v1,4210.0,0,0.0,21,20,0,True,0.11
SCEN_2023_LOW_arrival_linear_baseline_v1_S1897,1897,arrival_linear_baseline_v1,4210.0,0,0.0,21,20,0,True,0.11
SCEN_2023_LOW_arrival_linear_baseline_v1_S1898,1898,arrival_linear_baseline_v1,4210.0,0,0.0,21,20,0,True,0.11
SCEN_2023_LOW_arrival_linear_baseline_v1_S1899,1899,arrival_linear_baseline_v1,4210.0,0,0.0,21,20,0,True,0.11
SCEN_2023_LOW_arrival_linear_baseline_v1_S1900,1900,arrival_linear_baseline_v1,4210.0,0,0.0,21,20,0,True,0.11
SCEN_2023_LOW_arrival_linear_baseline_v1_S1901,1901,arrival_linear_baseline_v1,4210.0,0,0.0,21,20,0,True,0.12
SCEN_2023_LOW_arrival_linear_baseline_v1_S1902,1902,arrival_linear_baseline_v1,4210.0,0,0.0,21,20,0,True,0.11
SCEN_2023_LOW_arrival_linear_baseline_v1_S1903,1903,arrival_linear_baseline_v1,4210.0,0,0.0,21,20,0,True,0.11
SCEN_2023_LOW_arrival_linear_baseline_v1_S1904,1904,arrival_linear_baseline_v1,4210.0,0,0.0,21,20,0,True,0.14
SCEN_2023_LOW_arrival_linear_baseline_v1_S1905,1905,arrival_linear_baseline_v1,4210.0,0,0.0,21,20,0,True,0.12
SCEN_2023_LOW_arrival_linear_baseline_v1_S1906,1906,arrival_linear_baseline_v1,4210.0,0,0.0,21,20,0,True,0.11
SCEN_2023_LOW_arrival_linear_baseline_v1_S1907,1907,arrival_linear_baseline_v1,4210.0,0,0.0,21,20,0,True,0.11
SCEN_2023_LOW_arrival_linear_baseline_v1_S1908,1908,arrival_linear_baseline_v1,4210.0,0,0.0,21,20,0,True,0.11
SCEN_2023_LOW_arrival_linear_baseline_v1_S1909,1909,arrival_linear_baseline_v1,4210.0,0,0.0,21,20,0,True,0.11
SCEN_2023_LOW_arrival_linear_baseline_v1_S1910,1910,arrival_linear_baseline_v1,4210.0,0,0.0,21,20,0,True,0.11
SCEN_2023_LOW_arrival_linear_baseline_v1_S1911,1911,arrival_linear_baseline_v1,4210.0,0,0.0,21,20,0,True,0.11
SCEN_2023_LOW_arrival_linear_baseline_v1_S1912,1912,arrival_linear_baseline_v1,4210.0,0,0.0,21,20,0,True,0.11
SCEN_2023_LOW_arrival_linear_baseline_v1_S1913,1913,arrival_linear_baseline_v1,4210.0,0,0.0,21,20,0,True,0.11
SCEN_2023_LOW_arrival_linear_baseline_v1_S1914,1914,arrival_linear_baseline_v1,4210.0,0,0.0,21,20,0,True,0.11
SCEN_2023_LOW_arrival_linear_baseline_v1_S1915,1915,arrival_linear_baseline_v1,4210.0,0,0.0,21,20,0,True,0.11
SCEN_2023_LOW_arrival_linear_baseline_v1_S1916,1916,arrival_linear_baseline_v1,4210.0,0,0.0,21,20,0,True,0.11
SCEN_2023_LOW_arrival_linear_baseline_v1_S1917,1917,arrival_linear_baseline_v1,4210.0,0,0.0,21,20,0,True,0.11
SCEN_2023_LOW_arrival_linear_baseline_v1_S1918,1918,arrival_linear_baseline_v1,4210.0,0,0.0,21,20,0,True,0.11
SCEN_2023_LOW_arrival_linear_baseline_v1_S1919,1919,arrival_linear_baseline_v1,4210.0,0,0.0,21,20,0,True,0.12
SCEN_2023_LOW_arrival_linear_baseline_v1_S1920,1920,arrival_linear_baseline_v1,4210.0,0,0.0,21,20,0,True,0.11
SCEN_2023_LOW_arrival_linear_baseline_v1_S1921,1921,arrival_linear_baseline_v1,4210.0,0,0.0,21,20,0,True,0.11
SCEN_2023_LOW_arrival_linear_baseline_v1_S1922,1922,arrival_linear_baseline_v1,4210.0,0,0.0,21,20,0,True,0.11
SCEN_2023_LOW_arrival_linear_baseline_v1_S1923,1923,arrival_linear_baseline_v1,4210.0,0,0.0,21,20,0,True,0.11
SCEN_2023_LOW_arrival_linear_baseline_v1_S1924,1924,arrival_linear_baseline_v1,4210.0,0,0.0,21,20,0,True,0.11
SCEN_2023_LOW_arrival_linear_baseline_v1_S1925,1925,arrival_linear_baseline_v1,4210.0,0,0.0,21,20,0,True,0.11
SCEN_2023_LOW_arrival_linear_baseline_v1_S1926,1926,arrival_linear_baseline_v1,4210.0,0,0.0,21,20,0,True,0.14
SCEN_2023_LOW_arrival_linear_baseline_v1_S1927,1927,arrival_linear_baseline_v1,4210.0,0,0.0,21,20,0,True,0.11
SCEN_2023_LOW_arrival_linear_baseline_v1_S1928,1928,arrival_linear_baseline_v1,4210.0,0,0.0,21,20,0,True,0.11
SCEN_2023_LOW_arrival_linear_baseline_v1_S1929,1929,arrival_linear_baseline_v1,4210.0,0,0.0,21,20,0,True,0.11
SCEN_2023_LOW_arrival_linear_baseline_v1_S1930,1930,arrival_linear_baseline_v1,4210.0,0,0.0,21,20,0,True,0.11
SCEN_2023_LOW_arrival_linear_baseline_v1_S1931,1931,arrival_linear_baseline_v1,4210.0,0,0.0,21,20,0,True,0.11
SCEN_2023_LOW_arrival_linear_baseline_v1_S1932,1932,arrival_linear_baseline_v1,4210.0,0,0.0,21,20,0,True,0.11
SCEN_2023_LOW_arrival_linear_baseline_v1_S1933,1933,arrival_linear_baseline_v1,4210.0,0,0.0,21,20,0,True,0.12
SCEN_2023_LOW_arrival_linear_baseline_v1_S1934,1934,arrival_linear_baseline_v1,4210.0,0,0.0,21,20,0,True,0.11
SCEN_2023_LOW_arrival_linear_baseline_v1_S1935,1935,arrival_linear_baseline_v1,4210.0,0,0.0,21,20,0,True,0.11
SCEN_2023_LOW_arrival_linear_baseline_v1_S1936,1936,arrival_linear_baseline_v1,4210.0,0,0.0,21,20,0,True,0.11
SCEN_2023_LOW_arrival_linear_baseline_v1_S1937,1937,arrival_linear_baseline_v1,4210.0,0,0.0,21,20,0,True,0.11
SCEN_2023_LOW_arrival_linear_baseline_v1_S1938,1938,arrival_linear_baseline_v1,4210.0,0,0.0,21,20,0,True,0.11
SCEN_2023_LOW_arrival_linear_baseline_v1_S1939,1939,arrival_linear_baseline_v1,4210.0,0,0.0,21,20,0,True,0.11
SCEN_2023_LOW_arrival_linear_baseline_v1_S1940,1940,arrival_linear_baseline_v1,4210.0,0,0.0,21,20,0,True,0.11
SCEN_2023_LOW_arrival_linear_baseline_v1_S1941,1941,arrival_linear_baseline_v1,4210.0,0,0.0,21,20,0,True,0.11
SCEN_2023_LOW_arrival_linear_baseline_v1_S1942,1942,arrival_linear_baseline_v1,4210.0,0,0.0,21,20,0,True,0.11
SCEN_2023_LOW_arrival_linear_baseline_v1_S1943,1943,arrival_linear_baseline_v1,4210.0,0,0.0,21,20,0,True,0.11
SCEN_2023_LOW_arrival_linear_baseline_v1_S1944,1944,arrival_linear_baseline_v1,4210.0,0,0.0,21,20,0,True,0.11
SCEN_2023_LOW_arrival_linear_baseline_v1_S1945,1945,arrival_linear_baseline_v1,4210.0,0,0.0,21,20,0,True,0.11
SCEN_2023_LOW_arrival_linear_baseline_v1_S1946,1946,arrival_linear_baseline_v1,4210.0,0,0.0,21,20,0,True,0.11
SCEN_2023_LOW_arrival_linear_baseline_v1_S1947,1947,arrival_linear_baseline_v1,4210.0,0,0.0,21,20,0,True,0.11
SCEN_2023_LOW_arrival_linear_baseline_v1_S1948,1948,arrival_linear_baseline_v1,4210.0,0,0.0,21,20,0,True,0.11
SCEN_2023_LOW_arrival_linear_baseline_v1_S1949,1949,arrival_linear_baseline_v1,4210.0,0,0.0,21,20,0,True,0.11
SCEN_2023_LOW_arrival_linear_baseline_v1_S1950,1950,arrival_linear_baseline_v1,4210.0,0,0.0,21,20,0,True,0.11
SCEN_2023_LOW_arrival_linear_baseline_v1_S1951,1951,arrival_linear_baseline_v1,4210.0,0,0.0,21,20,0,True,0.11
SCEN_2023_LOW_arrival_linear_baseline_v1_S1952,1952,arrival_linear_baseline_v1,4210.0,0,0.0,21,20,0,True,0.11
SCEN_2023_LOW_arrival_linear_baseline_v1_S1953,1953,arrival_linear_baseline_v1,4210.0,0,0.0,21,20,0,True,0.11
SCEN_2023_LOW_arrival_linear_baseline_v1_S1954,1954,arrival_linear_baseline_v1,4210.0,0,0.0,21,20,0,True,0.11
SCEN_2023_LOW_arrival_linear_baseline_v1_S1955,1955,arrival_linear_baseline_v1,4210.0,0,0.0,21,20,0,True,0.14
SCEN_2023_LOW_arrival_linear_baseline_v1_S1956,1956,arrival_linear_baseline_v1,4210.0,0,0.0,21,20,0,True,0.11
SCEN_2023_LOW_arrival_linear_baseline_v1_S1957,1957,arrival_linear_baseline_v1,4210.0,0,0.0,21,20,0,True,0.11
SCEN_2023_LOW_arrival_linear_baseline_v1_S1958,1958,arrival_linear_baseline_v1,4210.0,0,0.0,21,20,0,True,0.11
SCEN_2023_LOW_arrival_linear_baseline_v1_S1959,1959,arrival_linear_baseline_v1,4210.0,0,0.0,21,20,0,True,0.11
SCEN_2023_LOW_arrival_linear_baseline_v1_S1960,1960,arrival_linear_baseline_v1,4210.0,0,0.0,21,20,0,True,0.11
SCEN_2023_LOW_arrival_linear_baseline_v1_S1961,1961,arrival_linear_baseline_v1,4210.0,0,0.0,21,20,0,True,0.11
SCEN_2023_LOW_arrival_linear_baseline_v1_S1962,1962,arrival_linear_baseline_v1,4210.0,0,0.0,21,20,0,True,0.11
SCEN_2023_LOW_arrival_linear_baseline_v1_S1963,1963,arrival_linear_baseline_v1,4210.0,0,0.0,21,20,0,True,0.11
SCEN_2023_LOW_arrival_linear_baseline_v1_S1964,1964,arrival_linear_baseline_v1,4210.0,0,0.0,21,20,0,True,0.11
SCEN_2023_LOW_arrival_linear_baseline_v1_S1965,1965,arrival_linear_baseline_v1,4210.0,0,0.0,21,20,0,True,0.11
SCEN_2023_LOW_arrival_linear_baseline_v1_S1966,1966,arrival_linear_baseline_v1,4210.0,0,0.0,21,20,0,True,0.17
SCEN_2023_LOW_arrival_linear_baseline_v1_S1967,1967,arrival_linear_baseline_v1,4210.0,0,0.0,21,20,0,True,0.11
SCEN_2023_LOW_arrival_linear_baseline_v1_S1968,1968,arrival_linear_baseline_v1,4210.0,0,0.0,21,20,0,True,0.11
SCEN_2023_LOW_arrival_linear_baseline_v1_S1969,1969,arrival_linear_baseline_v1,4210.0,0,0.0,21,20,0,True,0.11
SCEN_2023_LOW_arrival_linear_baseline_v1_S1970,1970,arrival_linear_baseline_v1,4210.0,0,0.0,21,20,0,True,0.11
SCEN_2023_LOW_arrival_linear_baseline_v1_S1971,1971,arrival_linear_baseline_v1,4210.0,0,0.0,21,20,0,True,0.11
SCEN_2023_LOW_arrival_linear_baseline_v1_S1972,1972,arrival_linear_baseline_v1,4210.0,0,0.0,21,20,0,True,0.11
SCEN_2023_LOW_arrival_linear_baseline_v1_S1973,1973,arrival_linear_baseline_v1,4210.0,0,0.0,21,20,0,True,0.11
SCEN_2023_LOW_arrival_linear_baseline_v1_S1974,1974,arrival_linear_baseline_v1,4210.0,0,0.0,21,20,0,True,0.11
SCEN_2023_LOW_arrival_linear_baseline_v1_S1975,1975,arrival_linear_baseline_v1,4210.0,0,0.0,21,20,0,True,0.11
SCEN_2023_LOW_arrival_linear_baseline_v1_S1976,1976,arrival_linear_baseline_v1,4210.0,0,0.0,21,20,0,True,0.11
SCEN_2023_LOW_arrival_linear_baseline_v1_S1977,1977,arrival_linear_baseline_v1,4210.0,0,0.0,21,20,0,True,0.14
SCEN_2023_LOW_arrival_linear_baseline_v1_S1978,1978,arrival_linear_baseline_v1,4210.0,0,0.0,21,20,0,True,0.11
SCEN_2023_LOW_arrival_linear_baseline_v1_S1979,1979,arrival_linear_baseline_v1,4210.0,0,0.0,21,20,0,True,0.11
SCEN_2023_LOW_arrival_linear_baseline_v1_S1980,1980,arrival_linear_baseline_v1,4210.0,0,0.0,21,20,0,True,0.11
SCEN_2023_LOW_arrival_linear_baseline_v1_S1981,1981,arrival_linear_baseline_v1,4210.0,0,0.0,21,20,0,True,0.12
SCEN_2023_LOW_arrival_linear_baseline_v1_S1982,1982,arrival_linear_baseline_v1,4210.0,0,0.0,21,20,0,True,0.11
SCEN_2023_LOW_arrival_linear_baseline_v1_S1983,1983,arrival_linear_baseline_v1,4210.0,0,0.0,21,20,0,True,0.11
SCEN_2023_LOW_arrival_linear_baseline_v1_S1984,1984,arrival_linear_baseline_v1,4210.0,0,0.0,21,20,0,True,0.13
SCEN_2023_LOW_arrival_linear_baseline_v1_S1985,1985,arrival_linear_baseline_v1,4210.0,0,0.0,21,20,0,True,0.12
SCEN_2023_LOW_arrival_linear_baseline_v1_S1986,1986,arrival_linear_baseline_v1,4210.0,0,0.0,21,20,0,True,0.11
SCEN_2023_LOW_arrival_linear_baseline_v1_S1987,1987,arrival_linear_baseline_v1,4210.0,0,0.0,21,20,0,True,0.11
SCEN_2023_LOW_arrival_linear_baseline_v1_S1988,1988,arrival_linear_baseline_v1,4210.0,0,0.0,21,20,0,True,0.11
SCEN_2023_LOW_arrival_linear_baseline_v1_S1989,1989,arrival_linear_baseline_v1,4210.0,0,0.0,21,20,0,True,0.11
SCEN_2023_LOW_arrival_linear_baseline_v1_S1990,1990,arrival_linear_baseline_v1,4210.0,0,0.0,21,20,0,True,0.11
SCEN_2023_LOW_arrival_linear_baseline_v1_S1991,1991,arrival_linear_baseline_v1,4210.0,0,0.0,21,20,0,True,0.12
SCEN_2023_LOW_arrival_linear_baseline_v1_S1992,1992,arrival_linear_baseline_v1,4210.0,0,0.0,21,20,0,True,0.11
SCEN_2023_LOW_arrival_linear_baseline_v1_S1993,1993,arrival_linear_baseline_v1,4210.0,0,0.0,21,20,0,True,0.11
SCEN_2023_LOW_arrival_linear_baseline_v1_S1994,1994,arrival_linear_baseline_v1,4210.0,0,0.0,21,20,0,True,0.11
SCEN_2023_LOW_arrival_linear_baseline_v1_S1995,1995,arrival_linear_baseline_v1,4210.0,0,0.0,21,20,0,True,0.11
SCEN_2023_LOW_arrival_linear_baseline_v1_S1996,1996,arrival_linear_baseline_v1,4210.0,0,0.0,21,20,0,True,0.11
SCEN_2023_LOW_arrival_linear_baseline_v1_S1997,1997,arrival_linear_baseline_v1,4210.0,0,0.0,21,20,0,True,0.11
SCEN_2023_LOW_arrival_linear_baseline_v1_S1998,1998,arrival_linear_baseline_v1,4210.0,0,0.0,21,20,0,True,0.11
SCEN_2023_LOW_arrival_linear_baseline_v1_S1999,1999,arrival_linear_baseline_v1,4210.0,0,0.0,21,20,0,True,0.11
SCEN_2023_LOW_arrival_linear_baseline_v1_S2000,2000,arrival_linear_baseline_v1,4210.0,0,0.0,21,20,0,True,0.11
SCEN_2023_LOW_arrival_linear_baseline_v1_S2001,2001,arrival_linear_baseline_v1,4210.0,0,0.0,21,20,0,True,0.12
SCEN_2023_LOW_arrival_linear_baseline_v1_S2002,2002,arrival_linear_baseline_v1,4210.0,0,0.0,21,20,0,True,0.11
SCEN_2023_LOW_arrival_linear_baseline_v1_S2003,2003,arrival_linear_baseline_v1,4210.0,0,0.0,21,20,0,True,0.11
SCEN_2023_LOW_arrival_linear_baseline_v1_S2004,2004,arrival_linear_baseline_v1,4210.0,0,0.0,21,20,0,True,0.11
SCEN_2023_LOW_arrival_linear_baseline_v1_S2005,2005,arrival_linear_baseline_v1,4210.0,0,0.0,21,20,0,True,0.11
SCEN_2023_LOW_arrival_linear_baseline_v1_S2006,2006,arrival_linear_baseline_v1,4210.0,0,0.0,21,20,0,True,0.11
SCEN_2023_LOW_arrival_linear_baseline_v1_S2007,2007,arrival_linear_baseline_v1,4210.0,0,0.0,21,20,0,True,0.11
SCEN_2023_LOW_arrival_linear_baseline_v1_S2008,2008,arrival_linear_baseline_v1,4210.0,0,0.0,21,20,0,True,0.11
SCEN_2023_LOW_arrival_linear_baseline_v1_S2009,2009,arrival_linear_baseline_v1,4210.0,0,0.0,21,20,0,True,0.11
SCEN_2023_LOW_arrival_linear_baseline_v1_S2010,2010,arrival_linear_baseline_v1,4210.0,0,0.0,21,20,0,True,0.11
SCEN_2023_LOW_arrival_linear_baseline_v1_S2011,2011,arrival_linear_baseline_v1,4210.0,0,0.0,21,20,0,True,0.11
SCEN_2023_LOW_arrival_linear_baseline_v1_S2012,2012,arrival_linear_baseline_v1,4210.0,0,0.0,21,20,0,True,0.11
SCEN_2023_LOW_arrival_linear_baseline_v1_S2013,2013,arrival_linear_baseline_v1,4210.0,0,0.0,21,20,0,True,0.11
SCEN_2023_LOW_arrival_linear_baseline_v1_S2014,2014,arrival_linear_baseline_v1,4210.0,0,0.0,21,20,0,True,0.11
SCEN_2023_LOW_arrival_linear_baseline_v1_S2015,2015,arrival_linear_baseline_v1,4210.0,0,0.0,21,20,0,True,0.11
SCEN_2023_LOW_arrival_linear_baseline_v1_S2016,2016,arrival_linear_baseline_v1,4210.0,0,0.0,21,20,0,True,0.11
SCEN_2023_LOW_arrival_linear_baseline_v1_S2017,2017,arrival_linear_baseline_v1,4210.0,0,0.0,21,20,0,True,0.11
SCEN_2023_LOW_arrival_linear_baseline_v1_S2018,2018,arrival_linear_baseline_v1,4210.0,0,0.0,21,20,0,True,0.14
SCEN_2023_LOW_arrival_linear_baseline_v1_S2019,2019,arrival_linear_baseline_v1,4210.0,0,0.0,21,20,0,True,0.11
SCEN_2023_LOW_arrival_linear_baseline_v1_S2020,2020,arrival_linear_baseline_v1,4210.0,0,0.0,21,20,0,True,0.11
SCEN_2023_LOW_arrival_linear_baseline_v1_S2021,2021,arrival_linear_baseline_v1,4210.0,0,0.0,21,20,0,True,0.11
SCEN_2023_LOW_arrival_linear_baseline_v1_S2022,2022,arrival_linear_baseline_v1,4210.0,0,0.0,21,20,0,True,0.11
SCEN_2023_LOW_arrival_linear_baseline_v1_S2023,2023,arrival_linear_baseline_v1,4210.0,0,0.0,21,20,0,True,0.11
SCEN_2023_LOW_arrival_linear_baseline_v1_S2024,2024,arrival_linear_baseline_v1,4210.0,0,0.0,21,20,0,True,0.11
SCEN_2023_LOW_arrival_linear_baseline_v1_S2025,2025,arrival_linear_baseline_v1,4210.0,0,0.0,21,20,0,True,0.11
SCEN_2023_LOW_arrival_linear_baseline_v1_S2026,2026,arrival_linear_baseline_v1,4210.0,0,0.0,21,20,0,True,0.11
SCEN_2023_LOW_arrival_linear_baseline_v1_S2027,2027,arrival_linear_baseline_v1,4210.0,0,0.0,21,20,0,True,0.12
SCEN_2023_LOW_arrival_linear_baseline_v1_S2028,2028,arrival_linear_baseline_v1,4210.0,0,0.0,21,20,0,True,0.11
SCEN_2023_LOW_arrival_linear_baseline_v1_S2029,2029,arrival_linear_baseline_v1,4210.0,0,0.0,21,20,0,True,0.11
SCEN_2023_LOW_arrival_linear_baseline_v1_S2030,2030,arrival_linear_baseline_v1,4210.0,0,0.0,21,20,0,True,0.11
SCEN_2023_LOW_arrival_linear_baseline_v1_S2031,2031,arrival_linear_baseline_v1,4210.0,0,0.0,21,20,0,True,0.11
SCEN_2023_LOW_arrival_linear_baseline_v1_S2032,2032,arrival_linear_baseline_v1,4210.0,0,0.0,21,20,0,True,0.11
SCEN_2023_LOW_arrival_linear_baseline_v1_S2033,2033,arrival_linear_baseline_v1,4210.0,0,0.0,21,20,0,True,0.13
SCEN_2023_LOW_arrival_linear_baseline_v1_S2034,2034,arrival_linear_baseline_v1,4210.0,0,0.0,21,20,0,True,0.12
SCEN_2023_LOW_arrival_linear_baseline_v1_S2035,2035,arrival_linear_baseline_v1,4210.0,0,0.0,21,20,0,True,0.11
SCEN_2023_LOW_arrival_linear_baseline_v1_S2036,2036,arrival_linear_baseline_v1,4210.0,0,0.0,21,20,0,True,0.11
SCEN_2023_LOW_arrival_linear_baseline_v1_S2037,2037,arrival_linear_baseline_v1,4210.0,0,0.0,21,20,0,True,0.11
SCEN_2023_LOW_arrival_linear_baseline_v1_S2038,2038,arrival_linear_baseline_v1,4210.0,0,0.0,21,20,0,True,0.11
SCEN_2023_LOW_arrival_linear_baseline_v1_S2039,2039,arrival_linear_baseline_v1,4210.0,0,0.0,21,20,0,True,0.11
SCEN_2023_LOW_arrival_linear_baseline_v1_S2040,2040,arrival_linear_baseline_v1,4210.0,0,0.0,21,20,0,True,0.11
SCEN_2023_LOW_arrival_linear_baseline_v1_S2041,2041,arrival_linear_baseline_v1,4210.0,0,0.0,21,20,0,True,0.13
SCEN_2023_LOW_arrival_linear_baseline_v1_S2042,2042,arrival_linear_baseline_v1,4210.0,0,0.0,21,20,0,True,0.11
SCEN_2023_LOW_arrival_linear_baseline_v1_S2043,2043,arrival_linear_baseline_v1,4210.0,0,0.0,21,20,0,True,0.11
SCEN_2023_LOW_arrival_linear_baseline_v1_S2044,2044,arrival_linear_baseline_v1,4210.0,0,0.0,21,20,0,True,0.11
SCEN_2023_LOW_arrival_linear_baseline_v1_S2045,2045,arrival_linear_baseline_v1,4210.0,0,0.0,21,20,0,True,0.11
SCEN_2023_LOW_arrival_linear_baseline_v1_S2046,2046,arrival_linear_baseline_v1,4210.0,0,0.0,21,20,0,True,0.11
SCEN_2023_LOW_arrival_linear_baseline_v1_S2047,2047,arrival_linear_baseline_v1,4210.0,0,0.0,21,20,0,True,0.11
SCEN_2023_LOW_arrival_linear_baseline_v1_S2048,2048,arrival_linear_baseline_v1,4210.0,0,0.0,21,20,0,True,0.11
SCEN_2023_LOW_arrival_linear_baseline_v1_S2049,2049,arrival_linear_baseline_v1,4210.0,0,0.0,21,20,0,True,0.11
SCEN_2023_LOW_arrival_linear_baseline_v1_S2050,2050,arrival_linear_baseline_v1,4210.0,0,0.0,21,20,0,True,0.11
SCEN_2023_LOW_arrival_linear_baseline_v1_S2051,2051,arrival_linear_baseline_v1,4210.0,0,0.0,21,20,0,True,0.11
SCEN_2023_LOW_arrival_linear_baseline_v1_S2052,2052,arrival_linear_baseline_v1,4210.0,0,0.0,21,20,0,True,0.11
SCEN_2023_LOW_arrival_linear_baseline_v1_S2053,2053,arrival_linear_baseline_v1,4210.0,0,0.0,21,20,0,True,0.11
SCEN_2023_LOW_arrival_linear_baseline_v1_S2054,2054,arrival_linear_baseline_v1,4210.0,0,0.0,21,20,0,True,0.11
SCEN_2023_LOW_arrival_linear_baseline_v1_S2055,2055,arrival_linear_baseline_v1,4210.0,0,0.0,21,20,0,True,0.11
SCEN_2023_LOW_arrival_linear_baseline_v1_S2056,2056,arrival_linear_baseline_v1,4210.0,0,0.0,21,20,0,True,0.11
SCEN_2023_LOW_arrival_linear_baseline_v1_S2057,2057,arrival_linear_baseline_v1,4210.0,0,0.0,21,20,0,True,0.11
SCEN_2023_LOW_arrival_linear_baseline_v1_S2058,2058,arrival_linear_baseline_v1,4210.0,0,0.0,21,20,0,True,0.12
SCEN_2023_LOW_arrival_linear_baseline_v1_S2059,2059,arrival_linear_baseline_v1,4210.0,0,0.0,21,20,0,True,0.11
SCEN_2023_LOW_arrival_linear_baseline_v1_S2060,2060,arrival_linear_baseline_v1,4210.0,0,0.0,21,20,0,True,0.11
SCEN_2023_LOW_arrival_linear_baseline_v1_S2061,2061,arrival_linear_baseline_v1,4210.0,0,0.0,21,20,0,True,0.11
SCEN_2023_LOW_arrival_linear_baseline_v1_S2062,2062,arrival_linear_baseline_v1,4210.0,0,0.0,21,20,0,True,0.11
SCEN_2023_LOW_arrival_linear_baseline_v1_S2063,2063,arrival_linear_baseline_v1,4210.0,0,0.0,21,20,0,True,0.11
SCEN_2023_LOW_arrival_linear_baseline_v1_S2064,2064,arrival_linear_baseline_v1,4210.0,0,0.0,21,20,0,True,0.12
SCEN_2023_LOW_arrival_linear_baseline_v1_S2065,2065,arrival_linear_baseline_v1,4210.0,0,0.0,21,20,0,True,0.11
SCEN_2023_LOW_arrival_linear_baseline_v1_S2066,2066,arrival_linear_baseline_v1,4210.0,0,0.0,21,20,0,True,0.11
SCEN_2023_LOW_arrival_linear_baseline_v1_S2067,2067,arrival_linear_baseline_v1,4210.0,0,0.0,21,20,0,True,0.11
SCEN_2023_LOW_arrival_linear_baseline_v1_S2068,2068,arrival_linear_baseline_v1,4210.0,0,0.0,21,20,0,True,0.11
SCEN_2023_LOW_arrival_linear_baseline_v1_S2069,2069,arrival_linear_baseline_v1,4210.0,0,0.0,21,20,0,True,0.13
SCEN_2023_LOW_arrival_linear_baseline_v1_S2070,2070,arrival_linear_baseline_v1,4210.0,0,0.0,21,20,0,True,0.11
SCEN_2023_LOW_arrival_linear_baseline_v1_S2071,2071,arrival_linear_baseline_v1,4210.0,0,0.0,21,20,0,True,0.11
SCEN_2023_LOW_arrival_linear_baseline_v1_S2072,2072,arrival_linear_baseline_v1,4210.0,0,0.0,21,20,0,True,0.11
SCEN_2023_LOW_arrival_linear_baseline_v1_S2073,2073,arrival_linear_baseline_v1,4210.0,0,0.0,21,20,0,True,0.11
SCEN_2023_LOW_arrival_linear_baseline_v1_S2074,2074,arrival_linear_baseline_v1,4210.0,0,0.0,21,20,0,True,0.11
SCEN_2023_LOW_arrival_linear_baseline_v1_S2075,2075,arrival_linear_baseline_v1,4210.0,0,0.0,21,20,0,True,0.12
SCEN_2023_LOW_arrival_linear_baseline_v1_S2076,2076,arrival_linear_baseline_v1,4210.0,0,0.0,21,20,0,True,0.11
SCEN_2023_LOW_arrival_linear_baseline_v1_S2077,2077,arrival_linear_baseline_v1,4210.0,0,0.0,21,20,0,True,0.11
SCEN_2023_LOW_arrival_linear_baseline_v1_S2078,2078,arrival_linear_baseline_v1,4210.0,0,0.0,21,20,0,True,0.15
SCEN_2023_LOW_arrival_linear_baseline_v1_S2079,2079,arrival_linear_baseline_v1,4210.0,0,0.0,21,20,0,True,0.11
SCEN_2023_LOW_arrival_linear_baseline_v1_S2080,2080,arrival_linear_baseline_v1,4210.0,0,0.0,21,20,0,True,0.11
SCEN_2023_LOW_arrival_linear_baseline_v1_S2081,2081,arrival_linear_baseline_v1,4210.0,0,0.0,21,20,0,True,0.11
SCEN_2023_LOW_arrival_linear_baseline_v1_S2082,2082,arrival_linear_baseline_v1,4210.0,0,0.0,21,20,0,True,0.2
SCEN_2023_LOW_arrival_linear_baseline_v1_S2083,2083,arrival_linear_baseline_v1,4210.0,0,0.0,21,20,0,True,0.12
SCEN_2023_LOW_arrival_linear_baseline_v1_S2084,2084,arrival_linear_baseline_v1,4210.0,0,0.0,21,20,0,True,0.11
SCEN_2023_LOW_arrival_linear_baseline_v1_S2085,2085,arrival_linear_baseline_v1,4210.0,0,0.0,21,20,0,True,0.12
SCEN_2023_LOW_arrival_linear_baseline_v1_S2086,2086,arrival_linear_baseline_v1,4210.0,0,0.0,21,20,0,True,0.11
SCEN_2023_LOW_arrival_linear_baseline_v1_S2087,2087,arrival_linear_baseline_v1,4210.0,0,0.0,21,20,0,True,0.11
SCEN_2023_LOW_arrival_linear_baseline_v1_S2088,2088,arrival_linear_baseline_v1,4210.0,0,0.0,21,20,0,True,0.11
SCEN_2023_LOW_arrival_linear_baseline_v1_S2089,2089,arrival_linear_baseline_v1,4210.0,0,0.0,21,20,0,True,0.11
SCEN_2023_LOW_arrival_linear_baseline_v1_S2090,2090,arrival_linear_baseline_v1,4210.0,0,0.0,21,20,0,True,0.11
SCEN_2023_LOW_arrival_linear_baseline_v1_S2091,2091,arrival_linear_baseline_v1,4210.0,0,0.0,21,20,0,True,0.11
SCEN_2023_LOW_arrival_linear_baseline_v1_S2092,2092,arrival_linear_baseline_v1,4210.0,0,0.0,21,20,0,True,0.11
SCEN_2023_LOW_arrival_linear_baseline_v1_S2093,2093,arrival_linear_baseline_v1,4210.0,0,0.0,21,20,0,True,0.11
SCEN_2023_LOW_arrival_linear_baseline_v1_S2094,2094,arrival_linear_baseline_v1,4210.0,0,0.0,21,20,0,True,0.11
SCEN_2023_LOW_arrival_linear_baseline_v1_S2095,2095,arrival_linear_baseline_v1,4210.0,0,0.0,21,20,0,True,0.11
SCEN_2023_LOW_arrival_linear_baseline_v1_S2096,2096,arrival_linear_baseline_v1,4210.0,0,0.0,21,20,0,True,0.11
SCEN_2023_LOW_arrival_linear_baseline_v1_S2097,2097,arrival_linear_baseline_v1,4210.0,0,0.0,21,20,0,True,0.11
SCEN_2023_LOW_arrival_linear_baseline_v1_S2098,2098,arrival_linear_baseline_v1,4210.0,0,0.0,21,20,0,True,0.11
SCEN_2023_LOW_arrival_linear_baseline_v1_S2099,2099,arrival_linear_baseline_v1,4210.0,0,0.0,21,20,0,True,0.11
SCEN_2023_LOW_arrival_linear_baseline_v1_S2100,2100,arrival_linear_baseline_v1,4210.0,0,0.0,21,20,0,True,0.11
SCEN_2023_LOW_arrival_linear_baseline_v1_S2101,2101,arrival_linear_baseline_v1,4210.0,0,0.0,21,20,0,True,0.11
SCEN_2023_LOW_arrival_linear_baseline_v1_S2102,2102,arrival_linear_baseline_v1,4210.0,0,0.0,21,20,0,True,0.11
SCEN_2023_LOW_arrival_linear_baseline_v1_S2103,2103,arrival_linear_baseline_v1,4210.0,0,0.0,21,20,0,True,0.11
SCEN_2023_LOW_arrival_linear_baseline_v1_S2104,2104,arrival_linear_baseline_v1,4210.0,0,0.0,21,20,0,True,0.11
SCEN_2023_LOW_arrival_linear_baseline_v1_S2105,2105,arrival_linear_baseline_v1,4210.0,0,0.0,21,20,0,True,0.11
SCEN_2023_LOW_arrival_linear_baseline_v1_S2106,2106,arrival_linear_baseline_v1,4210.0,0,0.0,21,20,0,True,0.11
SCEN_2023_LOW_arrival_linear_baseline_v1_S2107,2107,arrival_linear_baseline_v1,4210.0,0,0.0,21,20,0,True,0.11
SCEN_2023_LOW_arrival_linear_baseline_v1_S2108,2108,arrival_linear_baseline_v1,4210.0,0,0.0,21,20,0,True,0.11
SCEN_2023_LOW_arrival_linear_baseline_v1_S2109,2109,arrival_linear_baseline_v1,4210.0,0,0.0,21,20,0,True,0.11
SCEN_2023_LOW_arrival_linear_baseline_v1_S2110,2110,arrival_linear_baseline_v1,4210.0,0,0.0,21,20,0,True,0.11
SCEN_2023_LOW_arrival_linear_baseline_v1_S2111,2111,arrival_linear_baseline_v1,4210.0,0,0.0,21,20,0,True,0.11
SCEN_2023_LOW_arrival_linear_baseline_v1_S2112,2112,arrival_linear_baseline_v1,4210.0,0,0.0,21,20,0,True,0.11
SCEN_2023_LOW_arrival_linear_baseline_v1_S2113,2113,arrival_linear_baseline_v1,4210.0,0,0.0,21,20,0,True,0.11
SCEN_2023_LOW_arrival_linear_baseline_v1_S2114,2114,arrival_linear_baseline_v1,4210.0,0,0.0,21,20,0,True,0.11
SCEN_2023_LOW_arrival_linear_baseline_v1_S2115,2115,arrival_linear_baseline_v1,4210.0,0,0.0,21,20,0,True,0.12
SCEN_2023_LOW_arrival_linear_baseline_v1_S2116,2116,arrival_linear_baseline_v1,4210.0,0,0.0,21,20,0,True,0.11
SCEN_2023_LOW_arrival_linear_baseline_v1_S2117,2117,arrival_linear_baseline_v1,4210.0,0,0.0,21,20,0,True,0.11
SCEN_2023_LOW_arrival_linear_baseline_v1_S2118,2118,arrival_linear_baseline_v1,4210.0,0,0.0,21,20,0,True,0.12
SCEN_2023_LOW_arrival_linear_baseline_v1_S2119,2119,arrival_linear_baseline_v1,4210.0,0,0.0,21,20,0,True,0.11
SCEN_2023_LOW_arrival_linear_baseline_v1_S2120,2120,arrival_linear_baseline_v1,4210.0,0,0.0,21,20,0,True,0.11
SCEN_2023_LOW_arrival_linear_baseline_v1_S2121,2121,arrival_linear_baseline_v1,4210.0,0,0.0,21,20,0,True,0.11
SCEN_2023_LOW_arrival_linear_baseline_v1_S2122,2122,arrival_linear_baseline_v1,4210.0,0,0.0,21,20,0,True,0.11
SCEN_2023_LOW_arrival_linear_baseline_v1_S2123,2123,arrival_linear_baseline_v1,4210.0,0,0.0,21,20,0,True,0.11
SCEN_2023_LOW_arrival_linear_baseline_v1_S2124,2124,arrival_linear_baseline_v1,4210.0,0,0.0,21,20,0,True,0.11
SCEN_2023_LOW_arrival_linear_baseline_v1_S2125,2125,arrival_linear_baseline_v1,4210.0,0,0.0,21,20,0,True,0.12
SCEN_2023_LOW_arrival_linear_baseline_v1_S2126,2126,arrival_linear_baseline_v1,4210.0,0,0.0,21,20,0,True,0.11
SCEN_2023_LOW_arrival_linear_baseline_v1_S2127,2127,arrival_linear_baseline_v1,4210.0,0,0.0,21,20,0,True,0.11
SCEN_2023_LOW_arrival_linear_baseline_v1_S2128,2128,arrival_linear_baseline_v1,4210.0,0,0.0,21,20,0,True,0.11
SCEN_2023_LOW_arrival_linear_baseline_v1_S2129,2129,arrival_linear_baseline_v1,4210.0,0,0.0,21,20,0,True,0.11
SCEN_2023_LOW_arrival_linear_baseline_v1_S2130,2130,arrival_linear_baseline_v1,4210.0,0,0.0,21,20,0,True,0.11
SCEN_2023_LOW_arrival_linear_baseline_v1_S2131,2131,arrival_linear_baseline_v1,4210.0,0,0.0,21,20,0,True,0.11
SCEN_2023_LOW_arrival_linear_baseline_v1_S2132,2132,arrival_linear_baseline_v1,4210.0,0,0.0,21,20,0,True,0.11
SCEN_2023_LOW_arrival_linear_baseline_v1_S2133,2133,arrival_linear_baseline_v1,4210.0,0,0.0,21,20,0,True,0.11
SCEN_2023_LOW_arrival_linear_baseline_v1_S2134,2134,arrival_linear_baseline_v1,4210.0,0,0.0,21,20,0,True,0.18
SCEN_2023_LOW_arrival_linear_baseline_v1_S2135,2135,arrival_linear_baseline_v1,4210.0,0,0.0,21,20,0,True,0.11
SCEN_2023_LOW_arrival_linear_baseline_v1_S2136,2136,arrival_linear_baseline_v1,4210.0,0,0.0,21,20,0,True,0.12
SCEN_2023_LOW_arrival_linear_baseline_v1_S2137,2137,arrival_linear_baseline_v1,4210.0,0,0.0,21,20,0,True,0.11
SCEN_2023_LOW_arrival_linear_baseline_v1_S2138,2138,arrival_linear_baseline_v1,4210.0,0,0.0,21,20,0,True,0.11
SCEN_2023_LOW_arrival_linear_baseline_v1_S2139,2139,arrival_linear_baseline_v1,4210.0,0,0.0,21,20,0,True,0.11
SCEN_2023_LOW_arrival_linear_baseline_v1_S2140,2140,arrival_linear_baseline_v1,4210.0,0,0.0,21,20,0,True,0.11
SCEN_2023_LOW_arrival_linear_baseline_v1_S2141,2141,arrival_linear_baseline_v1,4210.0,0,0.0,21,20,0,True,0.12
SCEN_2023_LOW_arrival_linear_baseline_v1_S2142,2142,arrival_linear_baseline_v1,4210.0,0,0.0,21,20,0,True,0.11
SCEN_2023_LOW_arrival_linear_baseline_v1_S2143,2143,arrival_linear_baseline_v1,4210.0,0,0.0,21,20,0,True,0.11
SCEN_2023_LOW_arrival_linear_baseline_v1_S2144,2144,arrival_linear_baseline_v1,4210.0,0,0.0,21,20,0,True,0.11
SCEN_2023_LOW_arrival_linear_baseline_v1_S2145,2145,arrival_linear_baseline_v1,4210.0,0,0.0,21,20,0,True,0.11
SCEN_2023_LOW_arrival_linear_baseline_v1_S2146,2146,arrival_linear_baseline_v1,4210.0,0,0.0,21,20,0,True,0.11
SCEN_2023_LOW_arrival_linear_baseline_v1_S2147,2147,arrival_linear_baseline_v1,4210.0,0,0.0,21,20,0,True,0.11
SCEN_2023_LOW_arrival_linear_baseline_v1_S2148,2148,arrival_linear_baseline_v1,4210.0,0,0.0,21,20,0,True,0.11
SCEN_2023_LOW_arrival_linear_baseline_v1_S2149,2149,arrival_linear_baseline_v1,4210.0,0,0.0,21,20,0,True,0.11
SCEN_2023_LOW_arrival_linear_baseline_v1_S2150,2150,arrival_linear_baseline_v1,4210.0,0,0.0,21,20,0,True,0.13
SCEN_2023_LOW_arrival_linear_baseline_v1_S2151,2151,arrival_linear_baseline_v1,4210.0,0,0.0,21,20,0,True,0.11
SCEN_2023_LOW_arrival_linear_baseline_v1_S2152,2152,arrival_linear_baseline_v1,4210.0,0,0.0,21,20,0,True,0.11
SCEN_2023_LOW_arrival_linear_baseline_v1_S2153,2153,arrival_linear_baseline_v1,4210.0,0,0.0,21,20,0,True,0.11
SCEN_2023_LOW_arrival_linear_baseline_v1_S2154,2154,arrival_linear_baseline_v1,4210.0,0,0.0,21,20,0,True,0.11
SCEN_2023_LOW_arrival_linear_baseline_v1_S2155,2155,arrival_linear_baseline_v1,4210.0,0,0.0,21,20,0,True,0.11
SCEN_2023_LOW_arrival_linear_baseline_v1_S2156,2156,arrival_linear_baseline_v1,4210.0,0,0.0,21,20,0,True,0.11
SCEN_2023_LOW_arrival_linear_baseline_v1_S2157,2157,arrival_linear_baseline_v1,4210.0,0,0.0,21,20,0,True,0.11
SCEN_2023_LOW_arrival_linear_baseline_v1_S2158,2158,arrival_linear_baseline_v1,4210.0,0,0.0,21,20,0,True,0.11
SCEN_2023_LOW_arrival_linear_baseline_v1_S2159,2159,arrival_linear_baseline_v1,4210.0,0,0.0,21,20,0,True,0.11
SCEN_2023_LOW_arrival_linear_baseline_v1_S2160,2160,arrival_linear_baseline_v1,4210.0,0,0.0,21,20,0,True,0.11
SCEN_2023_LOW_arrival_linear_baseline_v1_S2161,2161,arrival_linear_baseline_v1,4210.0,0,0.0,21,20,0,True,0.11
SCEN_2023_LOW_arrival_linear_baseline_v1_S2162,2162,arrival_linear_baseline_v1,4210.0,0,0.0,21,20,0,True,0.12
SCEN_2023_LOW_arrival_linear_baseline_v1_S2163,2163,arrival_linear_baseline_v1,4210.0,0,0.0,21,20,0,True,0.11
SCEN_2023_LOW_arrival_linear_baseline_v1_S2164,2164,arrival_linear_baseline_v1,4210.0,0,0.0,21,20,0,True,0.18
SCEN_2023_LOW_arrival_linear_baseline_v1_S2165,2165,arrival_linear_baseline_v1,4210.0,0,0.0,21,20,0,True,0.11
SCEN_2023_LOW_arrival_linear_baseline_v1_S2166,2166,arrival_linear_baseline_v1,4210.0,0,0.0,21,20,0,True,0.11
SCEN_2023_LOW_arrival_linear_baseline_v1_S2167,2167,arrival_linear_baseline_v1,4210.0,0,0.0,21,20,0,True,0.19
SCEN_2023_LOW_arrival_linear_baseline_v1_S2168,2168,arrival_linear_baseline_v1,4210.0,0,0.0,21,20,0,True,0.11
SCEN_2023_LOW_arrival_linear_baseline_v1_S2169,2169,arrival_linear_baseline_v1,4210.0,0,0.0,21,20,0,True,0.11
SCEN_2023_LOW_arrival_linear_baseline_v1_S2170,2170,arrival_linear_baseline_v1,4210.0,0,0.0,21,20,0,True,0.11
SCEN_2023_LOW_arrival_linear_baseline_v1_S2171,2171,arrival_linear_baseline_v1,4210.0,0,0.0,21,20,0,True,0.11
SCEN_2023_LOW_arrival_linear_baseline_v1_S2172,2172,arrival_linear_baseline_v1,4210.0,0,0.0,21,20,0,True,0.13
SCEN_2023_LOW_arrival_linear_baseline_v1_S2173,2173,arrival_linear_baseline_v1,4210.0,0,0.0,21,20,0,True,0.12
SCEN_2023_LOW_arrival_linear_baseline_v1_S2174,2174,arrival_linear_baseline_v1,4210.0,0,0.0,21,20,0,True,0.11
SCEN_2023_LOW_arrival_linear_baseline_v1_S2175,2175,arrival_linear_baseline_v1,4210.0,0,0.0,21,20,0,True,0.11
SCEN_2023_LOW_arrival_linear_baseline_v1_S2176,2176,arrival_linear_baseline_v1,4210.0,0,0.0,21,20,0,True,0.11
SCEN_2023_LOW_arrival_linear_baseline_v1_S2177,2177,arrival_linear_baseline_v1,4210.0,0,0.0,21,20,0,True,0.12
SCEN_2023_LOW_arrival_linear_baseline_v1_S2178,2178,arrival_linear_baseline_v1,4210.0,0,0.0,21,20,0,True,0.12
SCEN_2023_LOW_arrival_linear_baseline_v1_S2179,2179,arrival_linear_baseline_v1,4210.0,0,0.0,21,20,0,True,0.11
SCEN_2023_LOW_arrival_linear_baseline_v1_S2180,2180,arrival_linear_baseline_v1,4210.0,0,0.0,21,20,0,True,0.16
SCEN_2023_LOW_arrival_linear_baseline_v1_S2181,2181,arrival_linear_baseline_v1,4210.0,0,0.0,21,20,0,True,0.11
SCEN_2023_LOW_arrival_linear_baseline_v1_S2182,2182,arrival_linear_baseline_v1,4210.0,0,0.0,21,20,0,True,0.11
SCEN_2023_LOW_arrival_linear_baseline_v1_S2183,2183,arrival_linear_baseline_v1,4210.0,0,0.0,21,20,0,True,0.11
SCEN_2023_LOW_arrival_linear_baseline_v1_S2184,2184,arrival_linear_baseline_v1,4210.0,0,0.0,21,20,0,True,0.12
SCEN_2023_LOW_arrival_linear_baseline_v1_S2185,2185,arrival_linear_baseline_v1,4210.0,0,0.0,21,20,0,True,0.11
SCEN_2023_LOW_arrival_linear_baseline_v1_S2186,2186,arrival_linear_baseline_v1,4210.0,0,0.0,21,20,0,True,0.11
SCEN_2023_LOW_arrival_linear_baseline_v1_S2187,2187,arrival_linear_baseline_v1,4210.0,0,0.0,21,20,0,True,0.12
SCEN_2023_LOW_arrival_linear_baseline_v1_S2188,2188,arrival_linear_baseline_v1,4210.0,0,0.0,21,20,0,True,0.11
SCEN_2023_LOW_arrival_linear_baseline_v1_S2189,2189,arrival_linear_baseline_v1,4210.0,0,0.0,21,20,0,True,0.11
SCEN_2023_LOW_arrival_linear_baseline_v1_S2190,2190,arrival_linear_baseline_v1,4210.0,0,0.0,21,20,0,True,0.11
SCEN_2023_LOW_arrival_linear_baseline_v1_S2191,2191,arrival_linear_baseline_v1,4210.0,0,0.0,21,20,0,True,0.11
SCEN_2023_LOW_arrival_linear_baseline_v1_S2192,2192,arrival_linear_baseline_v1,4210.0,0,0.0,21,20,0,True,0.11
SCEN_2023_LOW_arrival_linear_baseline_v1_S2193,2193,arrival_linear_baseline_v1,4210.0,0,0.0,21,20,0,True,0.11
SCEN_2023_LOW_arrival_linear_baseline_v1_S2194,2194,arrival_linear_baseline_v1,4210.0,0,0.0,21,20,0,True,0.11
SCEN_2023_LOW_arrival_linear_baseline_v1_S2195,2195,arrival_linear_baseline_v1,4210.0,0,0.0,21,20,0,True,0.11
SCEN_2023_LOW_arrival_linear_baseline_v1_S2196,2196,arrival_linear_baseline_v1,4210.0,0,0.0,21,20,0,True,0.11
SCEN_2023_LOW_arrival_linear_baseline_v1_S2197,2197,arrival_linear_baseline_v1,4210.0,0,0.0,21,20,0,True,0.11
SCEN_2023_LOW_arrival_linear_baseline_v1_S2198,2198,arrival_linear_baseline_v1,4210.0,0,0.0,21,20,0,True,0.11
SCEN_2023_LOW_arrival_linear_baseline_v1_S2199,2199,arrival_linear_baseline_v1,4210.0,0,0.0,21,20,0,True,0.11
SCEN_2023_LOW_arrival_linear_baseline_v1_S2200,2200,arrival_linear_baseline_v1,4210.0,0,0.0,21,20,0,True,0.11
SCEN_2023_LOW_arrival_linear_baseline_v1_S2201,2201,arrival_linear_baseline_v1,4210.0,0,0.0,21,20,0,True,0.11
SCEN_2023_LOW_arrival_linear_baseline_v1_S2202,2202,arrival_linear_baseline_v1,4210.0,0,0.0,21,20,0,True,0.11
SCEN_2023_LOW_arrival_linear_baseline_v1_S2203,2203,arrival_linear_baseline_v1,4210.0,0,0.0,21,20,0,True,0.11
SCEN_2023_LOW_arrival_linear_baseline_v1_S2204,2204,arrival_linear_baseline_v1,4210.0,0,0.0,21,20,0,True,0.11
SCEN_2023_LOW_arrival_linear_baseline_v1_S2205,2205,arrival_linear_baseline_v1,4210.0,0,0.0,21,20,0,True,0.11
SCEN_2023_LOW_arrival_linear_baseline_v1_S2206,2206,arrival_linear_baseline_v1,4210.0,0,0.0,21,20,0,True,0.11
SCEN_2023_LOW_arrival_linear_baseline_v1_S2207,2207,arrival_linear_baseline_v1,4210.0,0,0.0,21,20,0,True,0.11
SCEN_2023_LOW_arrival_linear_baseline_v1_S2208,2208,arrival_linear_baseline_v1,4210.0,0,0.0,21,20,0,True,0.13
SCEN_2023_LOW_arrival_linear_baseline_v1_S2209,2209,arrival_linear_baseline_v1,4210.0,0,0.0,21,20,0,True,0.11
SCEN_2023_LOW_arrival_linear_baseline_v1_S2210,2210,arrival_linear_baseline_v1,4210.0,0,0.0,21,20,0,True,0.11
SCEN_2023_LOW_arrival_linear_baseline_v1_S2211,2211,arrival_linear_baseline_v1,4210.0,0,0.0,21,20,0,True,0.11
SCEN_2023_LOW_arrival_linear_baseline_v1_S2212,2212,arrival_linear_baseline_v1,4210.0,0,0.0,21,20,0,True,0.13
SCEN_2023_LOW_arrival_linear_baseline_v1_S2213,2213,arrival_linear_baseline_v1,4210.0,0,0.0,21,20,0,True,0.11
SCEN_2023_LOW_arrival_linear_baseline_v1_S2214,2214,arrival_linear_baseline_v1,4210.0,0,0.0,21,20,0,True,0.11
SCEN_2023_LOW_arrival_linear_baseline_v1_S2215,2215,arrival_linear_baseline_v1,4210.0,0,0.0,21,20,0,True,0.11
SCEN_2023_LOW_arrival_linear_baseline_v1_S2216,2216,arrival_linear_baseline_v1,4210.0,0,0.0,21,20,0,True,0.11
SCEN_2023_LOW_arrival_linear_baseline_v1_S2217,2217,arrival_linear_baseline_v1,4210.0,0,0.0,21,20,0,True,0.13
SCEN_2023_LOW_arrival_linear_baseline_v1_S2218,2218,arrival_linear_baseline_v1,4210.0,0,0.0,21,20,0,True,0.11
SCEN_2023_LOW_arrival_linear_baseline_v1_S2219,2219,arrival_linear_baseline_v1,4210.0,0,0.0,21,20,0,True,0.11
SCEN_2023_LOW_arrival_linear_baseline_v1_S2220,2220,arrival_linear_baseline_v1,4210.0,0,0.0,21,20,0,True,0.11
SCEN_2023_LOW_arrival_linear_baseline_v1_S2221,2221,arrival_linear_baseline_v1,4210.0,0,0.0,21,20,0,True,0.11
SCEN_2023_LOW_arrival_linear_baseline_v1_S2222,2222,arrival_linear_baseline_v1,4210.0,0,0.0,21,20,0,True,0.11
SCEN_2023_LOW_arrival_linear_baseline_v1_S2223,2223,arrival_linear_baseline_v1,4210.0,0,0.0,21,20,0,True,0.11
SCEN_2023_LOW_arrival_linear_baseline_v1_S2224,2224,arrival_linear_baseline_v1,4210.0,0,0.0,21,20,0,True,0.12
SCEN_2023_LOW_arrival_linear_baseline_v1_S2225,2225,arrival_linear_baseline_v1,4210.0,0,0.0,21,20,0,True,0.11
SCEN_2023_LOW_arrival_linear_baseline_v1_S2226,2226,arrival_linear_baseline_v1,4210.0,0,0.0,21,20,0,True,0.11
SCEN_2023_LOW_arrival_linear_baseline_v1_S2227,2227,arrival_linear_baseline_v1,4210.0,0,0.0,21,20,0,True,0.11
SCEN_2023_LOW_arrival_linear_baseline_v1_S2228,2228,arrival_linear_baseline_v1,4210.0,0,0.0,21,20,0,True,0.11
SCEN_2023_LOW_arrival_linear_baseline_v1_S2229,2229,arrival_linear_baseline_v1,4210.0,0,0.0,21,20,0,True,0.11
SCEN_2023_LOW_arrival_linear_baseline_v1_S2230,2230,arrival_linear_baseline_v1,4210.0,0,0.0,21,20,0,True,0.11
SCEN_2023_LOW_arrival_linear_baseline_v1_S2231,2231,arrival_linear_baseline_v1,4210.0,0,0.0,21,20,0,True,0.11
SCEN_2023_LOW_arrival_linear_baseline_v1_S2232,2232,arrival_linear_baseline_v1,4210.0,0,0.0,21,20,0,True,0.11
SCEN_2023_LOW_arrival_linear_baseline_v1_S2233,2233,arrival_linear_baseline_v1,4210.0,0,0.0,21,20,0,True,0.11
SCEN_2023_LOW_arrival_linear_baseline_v1_S2234,2234,arrival_linear_baseline_v1,4210.0,0,0.0,21,20,0,True,0.11
SCEN_2023_LOW_arrival_linear_baseline_v1_S2235,2235,arrival_linear_baseline_v1,4210.0,0,0.0,21,20,0,True,0.11
SCEN_2023_LOW_arrival_linear_baseline_v1_S2236,2236,arrival_linear_baseline_v1,4210.0,0,0.0,21,20,0,True,0.11
SCEN_2023_LOW_arrival_linear_baseline_v1_S2237,2237,arrival_linear_baseline_v1,4210.0,0,0.0,21,20,0,True,0.15
SCEN_2023_LOW_arrival_linear_baseline_v1_S2238,2238,arrival_linear_baseline_v1,4210.0,0,0.0,21,20,0,True,0.18
SCEN_2023_LOW_arrival_linear_baseline_v1_S2239,2239,arrival_linear_baseline_v1,4210.0,0,0.0,21,20,0,True,0.11
SCEN_2023_LOW_arrival_linear_baseline_v1_S2240,2240,arrival_linear_baseline_v1,4210.0,0,0.0,21,20,0,True,0.11
SCEN_2023_LOW_arrival_linear_baseline_v1_S2241,2241,arrival_linear_baseline_v1,4210.0,0,0.0,21,20,0,True,0.11
SCEN_2023_LOW_arrival_linear_baseline_v1_S2242,2242,arrival_linear_baseline_v1,4210.0,0,0.0,21,20,0,True,0.11
SCEN_2023_LOW_arrival_linear_baseline_v1_S2243,2243,arrival_linear_baseline_v1,4210.0,0,0.0,21,20,0,True,0.11
SCEN_2023_LOW_arrival_linear_baseline_v1_S2244,2244,arrival_linear_baseline_v1,4210.0,0,0.0,21,20,0,True,0.11
SCEN_2023_LOW_arrival_linear_baseline_v1_S2245,2245,arrival_linear_baseline_v1,4210.0,0,0.0,21,20,0,True,0.11
SCEN_2023_LOW_arrival_linear_baseline_v1_S2246,2246,arrival_linear_baseline_v1,4210.0,0,0.0,21,20,0,True,0.11
SCEN_2023_LOW_arrival_linear_baseline_v1_S2247,2247,arrival_linear_baseline_v1,4210.0,0,0.0,21,20,0,True,0.13
SCEN_2023_LOW_arrival_linear_baseline_v1_S2248,2248,arrival_linear_baseline_v1,4210.0,0,0.0,21,20,0,True,0.11
SCEN_2023_LOW_arrival_linear_baseline_v1_S2249,2249,arrival_linear_baseline_v1,4210.0,0,0.0,21,20,0,True,0.12
SCEN_2023_LOW_arrival_linear_baseline_v1_S2250,2250,arrival_linear_baseline_v1,4210.0,0,0.0,21,20,0,True,0.11
SCEN_2023_LOW_arrival_linear_baseline_v1_S2251,2251,arrival_linear_baseline_v1,4210.0,0,0.0,21,20,0,True,0.11
SCEN_2023_LOW_arrival_linear_baseline_v1_S2252,2252,arrival_linear_baseline_v1,4210.0,0,0.0,21,20,0,True,0.11
SCEN_2023_LOW_arrival_linear_baseline_v1_S2253,2253,arrival_linear_baseline_v1,4210.0,0,0.0,21,20,0,True,0.11
SCEN_2023_LOW_arrival_linear_baseline_v1_S2254,2254,arrival_linear_baseline_v1,4210.0,0,0.0,21,20,0,True,0.11
SCEN_2023_LOW_arrival_linear_baseline_v1_S2255,2255,arrival_linear_baseline_v1,4210.0,0,0.0,21,20,0,True,0.11
SCEN_2023_LOW_arrival_linear_baseline_v1_S2256,2256,arrival_linear_baseline_v1,4210.0,0,0.0,21,20,0,True,0.11
SCEN_2023_LOW_arrival_linear_baseline_v1_S2257,2257,arrival_linear_baseline_v1,4210.0,0,0.0,21,20,0,True,0.11
SCEN_2023_LOW_arrival_linear_baseline_v1_S2258,2258,arrival_linear_baseline_v1,4210.0,0,0.0,21,20,0,True,0.13
SCEN_2023_LOW_arrival_linear_baseline_v1_S2259,2259,arrival_linear_baseline_v1,4210.0,0,0.0,21,20,0,True,0.11
SCEN_2023_LOW_arrival_linear_baseline_v1_S2260,2260,arrival_linear_baseline_v1,4210.0,0,0.0,21,20,0,True,0.11
SCEN_2023_LOW_arrival_linear_baseline_v1_S2261,2261,arrival_linear_baseline_v1,4210.0,0,0.0,21,20,0,True,0.13
SCEN_2023_LOW_arrival_linear_baseline_v1_S2262,2262,arrival_linear_baseline_v1,4210.0,0,0.0,21,20,0,True,0.11
SCEN_2023_LOW_arrival_linear_baseline_v1_S2263,2263,arrival_linear_baseline_v1,4210.0,0,0.0,21,20,0,True,0.11
SCEN_2023_LOW_arrival_linear_baseline_v1_S2264,2264,arrival_linear_baseline_v1,4210.0,0,0.0,21,20,0,True,0.11
SCEN_2023_LOW_arrival_linear_baseline_v1_S2265,2265,arrival_linear_baseline_v1,4210.0,0,0.0,21,20,0,True,0.11
SCEN_2023_LOW_arrival_linear_baseline_v1_S2266,2266,arrival_linear_baseline_v1,4210.0,0,0.0,21,20,0,True,0.11
SCEN_2023_LOW_arrival_linear_baseline_v1_S2267,2267,arrival_linear_baseline_v1,4210.0,0,0.0,21,20,0,True,0.11
SCEN_2023_LOW_arrival_linear_baseline_v1_S2268,2268,arrival_linear_baseline_v1,4210.0,0,0.0,21,20,0,True,0.11
SCEN_2023_LOW_arrival_linear_baseline_v1_S2269,2269,arrival_linear_baseline_v1,4210.0,0,0.0,21,20,0,True,0.16
SCEN_2023_LOW_arrival_linear_baseline_v1_S2270,2270,arrival_linear_baseline_v1,4210.0,0,0.0,21,20,0,True,0.11
SCEN_2023_LOW_arrival_linear_baseline_v1_S2271,2271,arrival_linear_baseline_v1,4210.0,0,0.0,21,20,0,True,0.11
SCEN_2023_LOW_arrival_linear_baseline_v1_S2272,2272,arrival_linear_baseline_v1,4210.0,0,0.0,21,20,0,True,0.11
SCEN_2023_LOW_arrival_linear_baseline_v1_S2273,2273,arrival_linear_baseline_v1,4210.0,0,0.0,21,20,0,True,0.11
SCEN_2023_LOW_arrival_linear_baseline_v1_S2274,2274,arrival_linear_baseline_v1,4210.0,0,0.0,21,20,0,True,0.11
SCEN_2023_LOW_arrival_linear_baseline_v1_S2275,2275,arrival_linear_baseline_v1,4210.0,0,0.0,21,20,0,True,0.11
SCEN_2023_LOW_arrival_linear_baseline_v1_S2276,2276,arrival_linear_baseline_v1,4210.0,0,0.0,21,20,0,True,0.11
SCEN_2023_LOW_arrival_linear_baseline_v1_S2277,2277,arrival_linear_baseline_v1,4210.0,0,0.0,21,20,0,True,0.11
SCEN_2023_LOW_arrival_linear_baseline_v1_S2278,2278,arrival_linear_baseline_v1,4210.0,0,0.0,21,20,0,True,0.11
SCEN_2023_LOW_arrival_linear_baseline_v1_S2279,2279,arrival_linear_baseline_v1,4210.0,0,0.0,21,20,0,True,0.11
SCEN_2023_LOW_arrival_linear_baseline_v1_S2280,2280,arrival_linear_baseline_v1,4210.0,0,0.0,21,20,0,True,0.13
SCEN_2023_LOW_arrival_linear_baseline_v1_S2281,2281,arrival_linear_baseline_v1,4210.0,0,0.0,21,20,0,True,0.11
SCEN_2023_LOW_arrival_linear_baseline_v1_S2282,2282,arrival_linear_baseline_v1,4210.0,0,0.0,21,20,0,True,0.11
SCEN_2023_LOW_arrival_linear_baseline_v1_S2283,2283,arrival_linear_baseline_v1,4210.0,0,0.0,21,20,0,True,0.11
SCEN_2023_LOW_arrival_linear_baseline_v1_S2284,2284,arrival_linear_baseline_v1,4210.0,0,0.0,21,20,0,True,0.11
SCEN_2023_LOW_arrival_linear_baseline_v1_S2285,2285,arrival_linear_baseline_v1,4210.0,0,0.0,21,20,0,True,0.11
SCEN_2023_LOW_arrival_linear_baseline_v1_S2286,2286,arrival_linear_baseline_v1,4210.0,0,0.0,21,20,0,True,0.11
SCEN_2023_LOW_arrival_linear_baseline_v1_S2287,2287,arrival_linear_baseline_v1,4210.0,0,0.0,21,20,0,True,0.11
SCEN_2023_LOW_arrival_linear_baseline_v1_S2288,2288,arrival_linear_baseline_v1,4210.0,0,0.0,21,20,0,True,0.13
SCEN_2023_LOW_arrival_linear_baseline_v1_S2289,2289,arrival_linear_baseline_v1,4210.0,0,0.0,21,20,0,True,0.11
SCEN_2023_LOW_arrival_linear_baseline_v1_S2290,2290,arrival_linear_baseline_v1,4210.0,0,0.0,21,20,0,True,0.11
SCEN_2023_LOW_arrival_linear_baseline_v1_S2291,2291,arrival_linear_baseline_v1,4210.0,0,0.0,21,20,0,True,0.17
SCEN_2023_LOW_arrival_linear_baseline_v1_S2292,2292,arrival_linear_baseline_v1,4210.0,0,0.0,21,20,0,True,0.11
SCEN_2023_LOW_arrival_linear_baseline_v1_S2293,2293,arrival_linear_baseline_v1,4210.0,0,0.0,21,20,0,True,0.11
SCEN_2023_LOW_arrival_linear_baseline_v1_S2294,2294,arrival_linear_baseline_v1,4210.0,0,0.0,21,20,0,True,0.11
SCEN_2023_LOW_arrival_linear_baseline_v1_S2295,2295,arrival_linear_baseline_v1,4210.0,0,0.0,21,20,0,True,0.11
SCEN_2023_LOW_arrival_linear_baseline_v1_S2296,2296,arrival_linear_baseline_v1,4210.0,0,0.0,21,20,0,True,0.11
SCEN_2023_LOW_arrival_linear_baseline_v1_S2297,2297,arrival_linear_baseline_v1,4210.0,0,0.0,21,20,0,True,0.11
SCEN_2023_LOW_arrival_linear_baseline_v1_S2298,2298,arrival_linear_baseline_v1,4210.0,0,0.0,21,20,0,True,0.14
SCEN_2023_LOW_arrival_linear_baseline_v1_S2299,2299,arrival_linear_baseline_v1,4210.0,0,0.0,21,20,0,True,0.12
SCEN_2023_LOW_arrival_linear_baseline_v1_S2300,2300,arrival_linear_baseline_v1,4210.0,0,0.0,21,20,0,True,0.12
SCEN_2023_LOW_arrival_linear_baseline_v1_S2301,2301,arrival_linear_baseline_v1,4210.0,0,0.0,21,20,0,True,0.11
SCEN_2023_LOW_arrival_linear_baseline_v1_S2302,2302,arrival_linear_baseline_v1,4210.0,0,0.0,21,20,0,True,0.12
SCEN_2023_LOW_arrival_linear_baseline_v1_S2303,2303,arrival_linear_baseline_v1,4210.0,0,0.0,21,20,0,True,0.11
SCEN_2023_LOW_arrival_linear_baseline_v1_S2304,2304,arrival_linear_baseline_v1,4210.0,0,0.0,21,20,0,True,0.17
SCEN_2023_LOW_arrival_linear_baseline_v1_S2305,2305,arrival_linear_baseline_v1,4210.0,0,0.0,21,20,0,True,0.11
SCEN_2023_LOW_arrival_linear_baseline_v1_S2306,2306,arrival_linear_baseline_v1,4210.0,0,0.0,21,20,0,True,0.12
SCEN_2023_LOW_arrival_linear_baseline_v1_S2307,2307,arrival_linear_baseline_v1,4210.0,0,0.0,21,20,0,True,0.13
SCEN_2023_LOW_arrival_linear_baseline_v1_S2308,2308,arrival_linear_baseline_v1,4210.0,0,0.0,21,20,0,True,0.11
SCEN_2023_LOW_arrival_linear_baseline_v1_S2309,2309,arrival_linear_baseline_v1,4210.0,0,0.0,21,20,0,True,0.11
SCEN_2023_LOW_arrival_linear_baseline_v1_S2310,2310,arrival_linear_baseline_v1,4210.0,0,0.0,21,20,0,True,0.11
SCEN_2023_LOW_arrival_linear_baseline_v1_S2311,2311,arrival_linear_baseline_v1,4210.0,0,0.0,21,20,0,True,0.11
SCEN_2023_LOW_arrival_linear_baseline_v1_S2312,2312,arrival_linear_baseline_v1,4210.0,0,0.0,21,20,0,True,0.11
SCEN_2023_LOW_arrival_linear_baseline_v1_S2313,2313,arrival_linear_baseline_v1,4210.0,0,0.0,21,20,0,True,0.11
SCEN_2023_LOW_arrival_linear_baseline_v1_S2314,2314,arrival_linear_baseline_v1,4210.0,0,0.0,21,20,0,True,0.11
SCEN_2023_LOW_arrival_linear_baseline_v1_S2315,2315,arrival_linear_baseline_v1,4210.0,0,0.0,21,20,0,True,0.11
SCEN_2023_LOW_arrival_linear_baseline_v1_S2316,2316,arrival_linear_baseline_v1,4210.0,0,0.0,21,20,0,True,0.11
SCEN_2023_LOW_arrival_linear_baseline_v1_S2317,2317,arrival_linear_baseline_v1,4210.0,0,0.0,21,20,0,True,0.11
SCEN_2023_LOW_arrival_linear_baseline_v1_S2318,2318,arrival_linear_baseline_v1,4210.0,0,0.0,21,20,0,True,0.12
SCEN_2023_LOW_arrival_linear_baseline_v1_S2319,2319,arrival_linear_baseline_v1,4210.0,0,0.0,21,20,0,True,0.11
SCEN_2023_LOW_arrival_linear_baseline_v1_S2320,2320,arrival_linear_baseline_v1,4210.0,0,0.0,21,20,0,True,0.11
SCEN_2023_LOW_arrival_linear_baseline_v1_S2321,2321,arrival_linear_baseline_v1,4210.0,0,0.0,21,20,0,True,0.11
SCEN_2023_LOW_arrival_linear_baseline_v1_S2322,2322,arrival_linear_baseline_v1,4210.0,0,0.0,21,20,0,True,0.11
SCEN_2023_LOW_arrival_linear_baseline_v1_S2323,2323,arrival_linear_baseline_v1,4210.0,0,0.0,21,20,0,True,0.12
SCEN_2023_LOW_arrival_linear_baseline_v1_S2324,2324,arrival_linear_baseline_v1,4210.0,0,0.0,21,20,0,True,0.11
SCEN_2023_LOW_arrival_linear_baseline_v1_S2325,2325,arrival_linear_baseline_v1,4210.0,0,0.0,21,20,0,True,0.11
SCEN_2023_LOW_arrival_linear_baseline_v1_S2326,2326,arrival_linear_baseline_v1,4210.0,0,0.0,21,20,0,True,0.11
SCEN_2023_LOW_arrival_linear_baseline_v1_S2327,2327,arrival_linear_baseline_v1,4210.0,0,0.0,21,20,0,True,0.11
SCEN_2023_LOW_arrival_linear_baseline_v1_S2328,2328,arrival_linear_baseline_v1,4210.0,0,0.0,21,20,0,True,0.12
SCEN_2023_LOW_arrival_linear_baseline_v1_S2329,2329,arrival_linear_baseline_v1,4210.0,0,0.0,21,20,0,True,0.11
SCEN_2023_LOW_arrival_linear_baseline_v1_S2330,2330,arrival_linear_baseline_v1,4210.0,0,0.0,21,20,0,True,0.11
SCEN_2023_LOW_arrival_linear_baseline_v1_S2331,2331,arrival_linear_baseline_v1,4210.0,0,0.0,21,20,0,True,0.11
SCEN_2023_LOW_arrival_linear_baseline_v1_S2332,2332,arrival_linear_baseline_v1,4210.0,0,0.0,21,20,0,True,0.11
SCEN_2023_LOW_arrival_linear_baseline_v1_S2333,2333,arrival_linear_baseline_v1,4210.0,0,0.0,21,20,0,True,0.21
SCEN_2023_LOW_arrival_linear_baseline_v1_S2334,2334,arrival_linear_baseline_v1,4210.0,0,0.0,21,20,0,True,0.11
SCEN_2023_LOW_arrival_linear_baseline_v1_S2335,2335,arrival_linear_baseline_v1,4210.0,0,0.0,21,20,0,True,0.11
SCEN_2023_LOW_arrival_linear_baseline_v1_S2336,2336,arrival_linear_baseline_v1,4210.0,0,0.0,21,20,0,True,0.11
SCEN_2023_LOW_arrival_linear_baseline_v1_S2337,2337,arrival_linear_baseline_v1,4210.0,0,0.0,21,20,0,True,0.11
SCEN_2023_LOW_arrival_linear_baseline_v1_S2338,2338,arrival_linear_baseline_v1,4210.0,0,0.0,21,20,0,True,0.2
SCEN_2023_LOW_arrival_linear_baseline_v1_S2339,2339,arrival_linear_baseline_v1,4210.0,0,0.0,21,20,0,True,0.11
SCEN_2023_LOW_arrival_linear_baseline_v1_S2340,2340,arrival_linear_baseline_v1,4210.0,0,0.0,21,20,0,True,0.11
SCEN_2023_LOW_arrival_linear_baseline_v1_S2341,2341,arrival_linear_baseline_v1,4210.0,0,0.0,21,20,0,True,0.11
SCEN_2023_LOW_arrival_linear_baseline_v1_S2342,2342,arrival_linear_baseline_v1,4210.0,0,0.0,21,20,0,True,0.11
SCEN_2023_LOW_arrival_linear_baseline_v1_S2343,2343,arrival_linear_baseline_v1,4210.0,0,0.0,21,20,0,True,0.12
SCEN_2023_LOW_arrival_linear_baseline_v1_S2344,2344,arrival_linear_baseline_v1,4210.0,0,0.0,21,20,0,True,0.11
SCEN_2023_LOW_arrival_linear_baseline_v1_S2345,2345,arrival_linear_baseline_v1,4210.0,0,0.0,21,20,0,True,0.11
SCEN_2023_LOW_arrival_linear_baseline_v1_S2346,2346,arrival_linear_baseline_v1,4210.0,0,0.0,21,20,0,True,0.11
SCEN_2023_LOW_arrival_linear_baseline_v1_S2347,2347,arrival_linear_baseline_v1,4210.0,0,0.0,21,20,0,True,0.11
SCEN_2023_LOW_arrival_linear_baseline_v1_S2348,2348,arrival_linear_baseline_v1,4210.0,0,0.0,21,20,0,True,0.19
SCEN_2023_LOW_arrival_linear_baseline_v1_S2349,2349,arrival_linear_baseline_v1,4210.0,0,0.0,21,20,0,True,0.11
SCEN_2023_LOW_arrival_linear_baseline_v1_S2350,2350,arrival_linear_baseline_v1,4210.0,0,0.0,21,20,0,True,0.11
SCEN_2023_LOW_arrival_linear_baseline_v1_S2351,2351,arrival_linear_baseline_v1,4210.0,0,0.0,21,20,0,True,0.11
SCEN_2023_LOW_arrival_linear_baseline_v1_S2352,2352,arrival_linear_baseline_v1,4210.0,0,0.0,21,20,0,True,0.11
SCEN_2023_LOW_arrival_linear_baseline_v1_S2353,2353,arrival_linear_baseline_v1,4210.0,0,0.0,21,20,0,True,0.11
SCEN_2023_LOW_arrival_linear_baseline_v1_S2354,2354,arrival_linear_baseline_v1,4210.0,0,0.0,21,20,0,True,0.11
SCEN_2023_LOW_arrival_linear_baseline_v1_S2355,2355,arrival_linear_baseline_v1,4210.0,0,0.0,21,20,0,True,0.11
SCEN_2023_LOW_arrival_linear_baseline_v1_S2356,2356,arrival_linear_baseline_v1,4210.0,0,0.0,21,20,0,True,0.12
SCEN_2023_LOW_arrival_linear_baseline_v1_S2357,2357,arrival_linear_baseline_v1,4210.0,0,0.0,21,20,0,True,0.11
SCEN_2023_LOW_arrival_linear_baseline_v1_S2358,2358,arrival_linear_baseline_v1,4210.0,0,0.0,21,20,0,True,0.11
SCEN_2023_LOW_arrival_linear_baseline_v1_S2359,2359,arrival_linear_baseline_v1,4210.0,0,0.0,21,20,0,True,0.11
SCEN_2023_LOW_arrival_linear_baseline_v1_S2360,2360,arrival_linear_baseline_v1,4210.0,0,0.0,21,20,0,True,0.11
SCEN_2023_LOW_arrival_linear_baseline_v1_S2361,2361,arrival_linear_baseline_v1,4210.0,0,0.0,21,20,0,True,0.11
SCEN_2023_LOW_arrival_linear_baseline_v1_S2362,2362,arrival_linear_baseline_v1,4210.0,0,0.0,21,20,0,True,0.11
SCEN_2023_LOW_arrival_linear_baseline_v1_S2363,2363,arrival_linear_baseline_v1,4210.0,0,0.0,21,20,0,True,0.11
SCEN_2023_LOW_arrival_linear_baseline_v1_S2364,2364,arrival_linear_baseline_v1,4210.0,0,0.0,21,20,0,True,0.12
SCEN_2023_LOW_arrival_linear_baseline_v1_S2365,2365,arrival_linear_baseline_v1,4210.0,0,0.0,21,20,0,True,0.11
SCEN_2023_LOW_arrival_linear_baseline_v1_S2366,2366,arrival_linear_baseline_v1,4210.0,0,0.0,21,20,0,True,0.11
SCEN_2023_LOW_arrival_linear_baseline_v1_S2367,2367,arrival_linear_baseline_v1,4210.0,0,0.0,21,20,0,True,0.11
SCEN_2023_LOW_arrival_linear_baseline_v1_S2368,2368,arrival_linear_baseline_v1,4210.0,0,0.0,21,20,0,True,0.11
SCEN_2023_LOW_arrival_linear_baseline_v1_S2369,2369,arrival_linear_baseline_v1,4210.0,0,0.0,21,20,0,True,0.11
SCEN_2023_LOW_arrival_linear_baseline_v1_S2370,2370,arrival_linear_baseline_v1,4210.0,0,0.0,21,20,0,True,0.11
SCEN_2023_LOW_arrival_linear_baseline_v1_S2371,2371,arrival_linear_baseline_v1,4210.0,0,0.0,21,20,0,True,0.11
SCEN_2023_LOW_arrival_linear_baseline_v1_S2372,2372,arrival_linear_baseline_v1,4210.0,0,0.0,21,20,0,True,0.11
SCEN_2023_LOW_arrival_linear_baseline_v1_S2373,2373,arrival_linear_baseline_v1,4210.0,0,0.0,21,20,0,True,0.11
SCEN_2023_LOW_arrival_linear_baseline_v1_S2374,2374,arrival_linear_baseline_v1,4210.0,0,0.0,21,20,0,True,0.11
SCEN_2023_LOW_arrival_linear_baseline_v1_S2375,2375,arrival_linear_baseline_v1,4210.0,0,0.0,21,20,0,True,0.11
SCEN_2023_LOW_arrival_linear_baseline_v1_S2376,2376,arrival_linear_baseline_v1,4210.0,0,0.0,21,20,0,True,0.11
SCEN_2023_LOW_arrival_linear_baseline_v1_S2377,2377,arrival_linear_baseline_v1,4210.0,0,0.0,21,20,0,True,0.16
SCEN_2023_LOW_arrival_linear_baseline_v1_S2378,2378,arrival_linear_baseline_v1,4210.0,0,0.0,21,20,0,True,0.11
SCEN_2023_LOW_arrival_linear_baseline_v1_S2379,2379,arrival_linear_baseline_v1,4210.0,0,0.0,21,20,0,True,0.11
SCEN_2023_LOW_arrival_linear_baseline_v1_S2380,2380,arrival_linear_baseline_v1,4210.0,0,0.0,21,20,0,True,0.11
SCEN_2023_LOW_arrival_linear_baseline_v1_S2381,2381,arrival_linear_baseline_v1,4210.0,0,0.0,21,20,0,True,0.11
SCEN_2023_LOW_arrival_linear_baseline_v1_S2382,2382,arrival_linear_baseline_v1,4210.0,0,0.0,21,20,0,True,0.11
SCEN_2023_LOW_arrival_linear_baseline_v1_S2383,2383,arrival_linear_baseline_v1,4210.0,0,0.0,21,20,0,True,0.11
SCEN_2023_LOW_arrival_linear_baseline_v1_S2384,2384,arrival_linear_baseline_v1,4210.0,0,0.0,21,20,0,True,0.11
SCEN_2023_LOW_arrival_linear_baseline_v1_S2385,2385,arrival_linear_baseline_v1,4210.0,0,0.0,21,20,0,True,0.11
SCEN_2023_LOW_arrival_linear_baseline_v1_S2386,2386,arrival_linear_baseline_v1,4210.0,0,0.0,21,20,0,True,0.11
SCEN_2023_LOW_arrival_linear_baseline_v1_S2387,2387,arrival_linear_baseline_v1,4210.0,0,0.0,21,20,0,True,0.11
SCEN_2023_LOW_arrival_linear_baseline_v1_S2388,2388,arrival_linear_baseline_v1,4210.0,0,0.0,21,20,0,True,0.11
SCEN_2023_LOW_arrival_linear_baseline_v1_S2389,2389,arrival_linear_baseline_v1,4210.0,0,0.0,21,20,0,True,0.11
SCEN_2023_LOW_arrival_linear_baseline_v1_S2390,2390,arrival_linear_baseline_v1,4210.0,0,0.0,21,20,0,True,0.11
SCEN_2023_LOW_arrival_linear_baseline_v1_S2391,2391,arrival_linear_baseline_v1,4210.0,0,0.0,21,20,0,True,0.11
SCEN_2023_LOW_arrival_linear_baseline_v1_S2392,2392,arrival_linear_baseline_v1,4210.0,0,0.0,21,20,0,True,0.11
SCEN_2023_LOW_arrival_linear_baseline_v1_S2393,2393,arrival_linear_baseline_v1,4210.0,0,0.0,21,20,0,True,0.11
SCEN_2023_LOW_arrival_linear_baseline_v1_S2394,2394,arrival_linear_baseline_v1,4210.0,0,0.0,21,20,0,True,0.11
SCEN_2023_LOW_arrival_linear_baseline_v1_S2395,2395,arrival_linear_baseline_v1,4210.0,0,0.0,21,20,0,True,0.12
SCEN_2023_LOW_arrival_linear_baseline_v1_S2396,2396,arrival_linear_baseline_v1,4210.0,0,0.0,21,20,0,True,0.12
SCEN_2023_LOW_arrival_linear_baseline_v1_S2397,2397,arrival_linear_baseline_v1,4210.0,0,0.0,21,20,0,True,0.11
SCEN_2023_LOW_arrival_linear_baseline_v1_S2398,2398,arrival_linear_baseline_v1,4210.0,0,0.0,21,20,0,True,0.11
SCEN_2023_LOW_arrival_linear_baseline_v1_S2399,2399,arrival_linear_baseline_v1,4210.0,0,0.0,21,20,0,True,0.11
SCEN_2023_LOW_arrival_linear_baseline_v1_S2400,2400,arrival_linear_baseline_v1,4210.0,0,0.0,21,20,0,True,0.11
SCEN_2023_LOW_arrival_linear_baseline_v1_S2401,2401,arrival_linear_baseline_v1,4210.0,0,0.0,21,20,0,True,0.11
SCEN_2023_LOW_arrival_linear_baseline_v1_S2402,2402,arrival_linear_baseline_v1,4210.0,0,0.0,21,20,0,True,0.11
SCEN_2023_LOW_arrival_linear_baseline_v1_S2403,2403,arrival_linear_baseline_v1,4210.0,0,0.0,21,20,0,True,0.11
SCEN_2023_LOW_arrival_linear_baseline_v1_S2404,2404,arrival_linear_baseline_v1,4210.0,0,0.0,21,20,0,True,0.11
SCEN_2023_LOW_arrival_linear_baseline_v1_S2405,2405,arrival_linear_baseline_v1,4210.0,0,0.0,21,20,0,True,0.11
SCEN_2023_LOW_arrival_linear_baseline_v1_S2406,2406,arrival_linear_baseline_v1,4210.0,0,0.0,21,20,0,True,0.11
SCEN_2023_LOW_arrival_linear_baseline_v1_S2407,2407,arrival_linear_baseline_v1,4210.0,0,0.0,21,20,0,True,0.11
SCEN_2023_LOW_arrival_linear_baseline_v1_S2408,2408,arrival_linear_baseline_v1,4210.0,0,0.0,21,20,0,True,0.12
SCEN_2023_LOW_arrival_linear_baseline_v1_S2409,2409,arrival_linear_baseline_v1,4210.0,0,0.0,21,20,0,True,0.11
SCEN_2023_LOW_arrival_linear_baseline_v1_S2410,2410,arrival_linear_baseline_v1,4210.0,0,0.0,21,20,0,True,0.11
SCEN_2023_LOW_arrival_linear_baseline_v1_S2411,2411,arrival_linear_baseline_v1,4210.0,0,0.0,21,20,0,True,0.11
SCEN_2023_LOW_arrival_linear_baseline_v1_S2412,2412,arrival_linear_baseline_v1,4210.0,0,0.0,21,20,0,True,0.12
SCEN_2023_LOW_arrival_linear_baseline_v1_S2413,2413,arrival_linear_baseline_v1,4210.0,0,0.0,21,20,0,True,0.11
SCEN_2023_LOW_arrival_linear_baseline_v1_S2414,2414,arrival_linear_baseline_v1,4210.0,0,0.0,21,20,0,True,0.11
SCEN_2023_LOW_arrival_linear_baseline_v1_S2415,2415,arrival_linear_baseline_v1,4210.0,0,0.0,21,20,0,True,0.11
SCEN_2023_LOW_arrival_linear_baseline_v1_S2416,2416,arrival_linear_baseline_v1,4210.0,0,0.0,21,20,0,True,0.11
SCEN_2023_LOW_arrival_linear_baseline_v1_S2417,2417,arrival_linear_baseline_v1,4210.0,0,0.0,21,20,0,True,0.11
SCEN_2023_LOW_arrival_linear_baseline_v1_S2418,2418,arrival_linear_baseline_v1,4210.0,0,0.0,21,20,0,True,0.11
SCEN_2023_LOW_arrival_linear_baseline_v1_S2419,2419,arrival_linear_baseline_v1,4210.0,0,0.0,21,20,0,True,0.11
SCEN_2023_LOW_arrival_linear_baseline_v1_S2420,2420,arrival_linear_baseline_v1,4210.0,0,0.0,21,20,0,True,0.11
SCEN_2023_LOW_arrival_linear_baseline_v1_S2421,2421,arrival_linear_baseline_v1,4210.0,0,0.0,21,20,0,True,0.13
SCEN_2023_LOW_arrival_linear_baseline_v1_S2422,2422,arrival_linear_baseline_v1,4210.0,0,0.0,21,20,0,True,0.11
SCEN_2023_LOW_arrival_linear_baseline_v1_S2423,2423,arrival_linear_baseline_v1,4210.0,0,0.0,21,20,0,True,0.11
SCEN_2023_LOW_arrival_linear_baseline_v1_S2424,2424,arrival_linear_baseline_v1,4210.0,0,0.0,21,20,0,True,0.11
SCEN_2023_LOW_arrival_linear_baseline_v1_S2425,2425,arrival_linear_baseline_v1,4210.0,0,0.0,21,20,0,True,0.11
SCEN_2023_LOW_arrival_linear_baseline_v1_S2426,2426,arrival_linear_baseline_v1,4210.0,0,0.0,21,20,0,True,0.11
SCEN_2023_LOW_arrival_linear_baseline_v1_S2427,2427,arrival_linear_baseline_v1,4210.0,0,0.0,21,20,0,True,0.11
SCEN_2023_LOW_arrival_linear_baseline_v1_S2428,2428,arrival_linear_baseline_v1,4210.0,0,0.0,21,20,0,True,0.11
SCEN_2023_LOW_arrival_linear_baseline_v1_S2429,2429,arrival_linear_baseline_v1,4210.0,0,0.0,21,20,0,True,0.11
SCEN_2023_LOW_arrival_linear_baseline_v1_S2430,2430,arrival_linear_baseline_v1,4210.0,0,0.0,21,20,0,True,0.11
SCEN_2023_LOW_arrival_linear_baseline_v1_S2431,2431,arrival_linear_baseline_v1,4210.0,0,0.0,21,20,0,True,0.11
SCEN_2023_LOW_arrival_linear_baseline_v1_S2432,2432,arrival_linear_baseline_v1,4210.0,0,0.0,21,20,0,True,0.11
SCEN_2023_LOW_arrival_linear_baseline_v1_S2433,2433,arrival_linear_baseline_v1,4210.0,0,0.0,21,20,0,True,0.11
SCEN_2023_LOW_arrival_linear_baseline_v1_S2434,2434,arrival_linear_baseline_v1,4210.0,0,0.0,21,20,0,True,0.11
SCEN_2023_LOW_arrival_linear_baseline_v1_S2435,2435,arrival_linear_baseline_v1,4210.0,0,0.0,21,20,0,True,0.12
SCEN_2023_LOW_arrival_linear_baseline_v1_S2436,2436,arrival_linear_baseline_v1,4210.0,0,0.0,21,20,0,True,0.11
SCEN_2023_LOW_arrival_linear_baseline_v1_S2437,2437,arrival_linear_baseline_v1,4210.0,0,0.0,21,20,0,True,0.11
SCEN_2023_LOW_arrival_linear_baseline_v1_S2438,2438,arrival_linear_baseline_v1,4210.0,0,0.0,21,20,0,True,0.11
SCEN_2023_LOW_arrival_linear_baseline_v1_S2439,2439,arrival_linear_baseline_v1,4210.0,0,0.0,21,20,0,True,0.11
SCEN_2023_LOW_arrival_linear_baseline_v1_S2440,2440,arrival_linear_baseline_v1,4210.0,0,0.0,21,20,0,True,0.11
SCEN_2023_LOW_arrival_linear_baseline_v1_S2441,2441,arrival_linear_baseline_v1,4210.0,0,0.0,21,20,0,True,0.11
SCEN_2023_LOW_arrival_linear_baseline_v1_S2442,2442,arrival_linear_baseline_v1,4210.0,0,0.0,21,20,0,True,0.11
SCEN_2023_LOW_arrival_linear_baseline_v1_S2443,2443,arrival_linear_baseline_v1,4210.0,0,0.0,21,20,0,True,0.11
SCEN_2023_LOW_arrival_linear_baseline_v1_S2444,2444,arrival_linear_baseline_v1,4210.0,0,0.0,21,20,0,True,0.11
SCEN_2023_LOW_arrival_linear_baseline_v1_S2445,2445,arrival_linear_baseline_v1,4210.0,0,0.0,21,20,0,True,0.13
SCEN_2023_LOW_arrival_linear_baseline_v1_S2446,2446,arrival_linear_baseline_v1,4210.0,0,0.0,21,20,0,True,0.11
SCEN_2023_LOW_arrival_linear_baseline_v1_S2447,2447,arrival_linear_baseline_v1,4210.0,0,0.0,21,20,0,True,0.18
SCEN_2023_LOW_arrival_linear_baseline_v1_S2448,2448,arrival_linear_baseline_v1,4210.0,0,0.0,21,20,0,True,0.11
SCEN_2023_LOW_arrival_linear_baseline_v1_S2449,2449,arrival_linear_baseline_v1,4210.0,0,0.0,21,20,0,True,0.12
SCEN_2023_LOW_arrival_linear_baseline_v1_S2450,2450,arrival_linear_baseline_v1,4210.0,0,0.0,21,20,0,True,0.11
SCEN_2023_LOW_arrival_linear_baseline_v1_S2451,2451,arrival_linear_baseline_v1,4210.0,0,0.0,21,20,0,True,0.11
SCEN_2023_LOW_arrival_linear_baseline_v1_S2452,2452,arrival_linear_baseline_v1,4210.0,0,0.0,21,20,0,True,0.11
SCEN_2023_LOW_arrival_linear_baseline_v1_S2453,2453,arrival_linear_baseline_v1,4210.0,0,0.0,21,20,0,True,0.11
SCEN_2023_LOW_arrival_linear_baseline_v1_S2454,2454,arrival_linear_baseline_v1,4210.0,0,0.0,21,20,0,True,0.11
SCEN_2023_LOW_arrival_linear_baseline_v1_S2455,2455,arrival_linear_baseline_v1,4210.0,0,0.0,21,20,0,True,0.11
SCEN_2023_LOW_arrival_linear_baseline_v1_S2456,2456,arrival_linear_baseline_v1,4210.0,0,0.0,21,20,0,True,0.11
SCEN_2023_LOW_arrival_linear_baseline_v1_S2457,2457,arrival_linear_baseline_v1,4210.0,0,0.0,21,20,0,True,0.13
SCEN_2023_LOW_arrival_linear_baseline_v1_S2458,2458,arrival_linear_baseline_v1,4210.0,0,0.0,21,20,0,True,0.11
SCEN_2023_LOW_arrival_linear_baseline_v1_S2459,2459,arrival_linear_baseline_v1,4210.0,0,0.0,21,20,0,True,0.11
SCEN_2023_LOW_arrival_linear_baseline_v1_S2460,2460,arrival_linear_baseline_v1,4210.0,0,0.0,21,20,0,True,0.11
SCEN_2023_LOW_arrival_linear_baseline_v1_S2461,2461,arrival_linear_baseline_v1,4210.0,0,0.0,21,20,0,True,0.13
SCEN_2023_LOW_arrival_linear_baseline_v1_S2462,2462,arrival_linear_baseline_v1,4210.0,0,0.0,21,20,0,True,0.11
SCEN_2023_LOW_arrival_linear_baseline_v1_S2463,2463,arrival_linear_baseline_v1,4210.0,0,0.0,21,20,0,True,0.11
SCEN_2023_LOW_arrival_linear_baseline_v1_S2464,2464,arrival_linear_baseline_v1,4210.0,0,0.0,21,20,0,True,0.11
SCEN_2023_LOW_arrival_linear_baseline_v1_S2465,2465,arrival_linear_baseline_v1,4210.0,0,0.0,21,20,0,True,0.11
SCEN_2023_LOW_arrival_linear_baseline_v1_S2466,2466,arrival_linear_baseline_v1,4210.0,0,0.0,21,20,0,True,0.11
SCEN_2023_LOW_arrival_linear_baseline_v1_S2467,2467,arrival_linear_baseline_v1,4210.0,0,0.0,21,20,0,True,0.11
SCEN_2023_LOW_arrival_linear_baseline_v1_S2468,2468,arrival_linear_baseline_v1,4210.0,0,0.0,21,20,0,True,0.12
SCEN_2023_LOW_arrival_linear_baseline_v1_S2469,2469,arrival_linear_baseline_v1,4210.0,0,0.0,21,20,0,True,0.11
SCEN_2023_LOW_arrival_linear_baseline_v1_S2470,2470,arrival_linear_baseline_v1,4210.0,0,0.0,21,20,0,True,0.11
SCEN_2023_LOW_arrival_linear_baseline_v1_S2471,2471,arrival_linear_baseline_v1,4210.0,0,0.0,21,20,0,True,0.12
SCEN_2023_LOW_arrival_linear_baseline_v1_S2472,2472,arrival_linear_baseline_v1,4210.0,0,0.0,21,20,0,True,0.11
SCEN_2023_LOW_arrival_linear_baseline_v1_S2473,2473,arrival_linear_baseline_v1,4210.0,0,0.0,21,20,0,True,0.11
SCEN_2023_LOW_arrival_linear_baseline_v1_S2474,2474,arrival_linear_baseline_v1,4210.0,0,0.0,21,20,0,True,0.11
SCEN_2023_LOW_arrival_linear_baseline_v1_S2475,2475,arrival_linear_baseline_v1,4210.0,0,0.0,21,20,0,True,0.11
SCEN_2023_LOW_arrival_linear_baseline_v1_S2476,2476,arrival_linear_baseline_v1,4210.0,0,0.0,21,20,0,True,0.11
SCEN_2023_LOW_arrival_linear_baseline_v1_S2477,2477,arrival_linear_baseline_v1,4210.0,0,0.0,21,20,0,True,0.11
SCEN_2023_LOW_arrival_linear_baseline_v1_S2478,2478,arrival_linear_baseline_v1,4210.0,0,0.0,21,20,0,True,0.11
SCEN_2023_LOW_arrival_linear_baseline_v1_S2479,2479,arrival_linear_baseline_v1,4210.0,0,0.0,21,20,0,True,0.11
SCEN_2023_LOW_arrival_linear_baseline_v1_S2480,2480,arrival_linear_baseline_v1,4210.0,0,0.0,21,20,0,True,0.11
SCEN_2023_LOW_arrival_linear_baseline_v1_S2481,2481,arrival_linear_baseline_v1,4210.0,0,0.0,21,20,0,True,0.11
SCEN_2023_LOW_arrival_linear_baseline_v1_S2482,2482,arrival_linear_baseline_v1,4210.0,0,0.0,21,20,0,True,0.14
SCEN_2023_LOW_arrival_linear_baseline_v1_S2483,2483,arrival_linear_baseline_v1,4210.0,0,0.0,21,20,0,True,0.11
SCEN_2023_LOW_arrival_linear_baseline_v1_S2484,2484,arrival_linear_baseline_v1,4210.0,0,0.0,21,20,0,True,0.13
SCEN_2023_LOW_arrival_linear_baseline_v1_S2485,2485,arrival_linear_baseline_v1,4210.0,0,0.0,21,20,0,True,0.11
SCEN_2023_LOW_arrival_linear_baseline_v1_S2486,2486,arrival_linear_baseline_v1,4210.0,0,0.0,21,20,0,True,0.11
SCEN_2023_LOW_arrival_linear_baseline_v1_S2487,2487,arrival_linear_baseline_v1,4210.0,0,0.0,21,20,0,True,0.11
SCEN_2023_LOW_arrival_linear_baseline_v1_S2488,2488,arrival_linear_baseline_v1,4210.0,0,0.0,21,20,0,True,0.11
SCEN_2023_LOW_arrival_linear_baseline_v1_S2489,2489,arrival_linear_baseline_v1,4210.0,0,0.0,21,20,0,True,0.11
SCEN_2023_LOW_arrival_linear_baseline_v1_S2490,2490,arrival_linear_baseline_v1,4210.0,0,0.0,21,20,0,True,0.11
SCEN_2023_LOW_arrival_linear_baseline_v1_S2491,2491,arrival_linear_baseline_v1,4210.0,0,0.0,21,20,0,True,0.12
SCEN_2023_LOW_arrival_linear_baseline_v1_S2492,2492,arrival_linear_baseline_v1,4210.0,0,0.0,21,20,0,True,0.11
SCEN_2023_LOW_arrival_linear_baseline_v1_S2493,2493,arrival_linear_baseline_v1,4210.0,0,0.0,21,20,0,True,0.11
SCEN_2023_LOW_arrival_linear_baseline_v1_S2494,2494,arrival_linear_baseline_v1,4210.0,0,0.0,21,20,0,True,0.11
SCEN_2023_LOW_arrival_linear_baseline_v1_S2495,2495,arrival_linear_baseline_v1,4210.0,0,0.0,21,20,0,True,0.11
SCEN_2023_LOW_arrival_linear_baseline_v1_S2496,2496,arrival_linear_baseline_v1,4210.0,0,0.0,21,20,0,True,0.11
SCEN_2023_LOW_arrival_linear_baseline_v1_S2497,2497,arrival_linear_baseline_v1,4210.0,0,0.0,21,20,0,True,0.11
SCEN_2023_LOW_arrival_linear_baseline_v1_S2498,2498,arrival_linear_baseline_v1,4210.0,0,0.0,21,20,0,True,0.11
SCEN_2023_LOW_arrival_linear_baseline_v1_S2499,2499,arrival_linear_baseline_v1,4210.0,0,0.0,21,20,0,True,0.11
SCEN_2023_LOW_oracle_actual_S0000,0,oracle_actual,4220.0,0,0.0,22,20,0,True,0.12
SCEN_2023_LOW_oracle_actual_S0001,1,oracle_actual,4220.0,0,0.0,22,20,0,True,0.13
SCEN_2023_LOW_oracle_actual_S0002,2,oracle_actual,4220.0,0,0.0,22,20,0,True,0.18
SCEN_2023_LOW_oracle_actual_S0003,3,oracle_actual,4220.0,0,0.0,22,20,0,True,0.11
SCEN_2023_LOW_oracle_actual_S0004,4,oracle_actual,4220.0,0,0.0,22,20,0,True,0.12
SCEN_2023_LOW_oracle_actual_S0005,5,oracle_actual,4220.0,0,0.0,22,20,0,True,0.11
SCEN_2023_LOW_oracle_actual_S0006,6,oracle_actual,4220.0,0,0.0,22,20,0,True,0.11
SCEN_2023_LOW_oracle_actual_S0007,7,oracle_actual,4220.0,0,0.0,22,20,0,True,0.11
SCEN_2023_LOW_oracle_actual_S0008,8,oracle_actual,4220.0,0,0.0,22,20,0,True,0.11
SCEN_2023_LOW_oracle_actual_S0009,9,oracle_actual,4220.0,0,0.0,22,20,0,True,0.13
SCEN_2023_LOW_oracle_actual_S0010,10,oracle_actual,4220.0,0,0.0,22,20,0,True,0.11
SCEN_2023_LOW_oracle_actual_S0011,11,oracle_actual,4220.0,0,0.0,22,20,0,True,0.11
SCEN_2023_LOW_oracle_actual_S0012,12,oracle_actual,4220.0,0,0.0,22,20,0,True,0.11
SCEN_2023_LOW_oracle_actual_S0013,13,oracle_actual,4220.0,0,0.0,22,20,0,True,0.11
SCEN_2023_LOW_oracle_actual_S0014,14,oracle_actual,4220.0,0,0.0,22,20,0,True,0.11
SCEN_2023_LOW_oracle_actual_S0015,15,oracle_actual,4220.0,0,0.0,22,20,0,True,0.11
SCEN_2023_LOW_oracle_actual_S0016,16,oracle_actual,4220.0,0,0.0,22,20,0,True,0.11
SCEN_2023_LOW_oracle_actual_S0017,17,oracle_actual,4220.0,0,0.0,22,20,0,True,0.11
SCEN_2023_LOW_oracle_actual_S0018,18,oracle_actual,4220.0,0,0.0,22,20,0,True,0.11
SCEN_2023_LOW_oracle_actual_S0019,19,oracle_actual,4220.0,0,0.0,22,20,0,True,0.14
SCEN_2023_LOW_oracle_actual_S0020,20,oracle_actual,4220.0,0,0.0,22,20,0,True,0.11
SCEN_2023_LOW_oracle_actual_S0021,21,oracle_actual,4220.0,0,0.0,22,20,0,True,0.11
SCEN_2023_LOW_oracle_actual_S0022,22,oracle_actual,4220.0,0,0.0,22,20,0,True,0.11
SCEN_2023_LOW_oracle_actual_S0023,23,oracle_actual,4220.0,0,0.0,22,20,0,True,0.12
SCEN_2023_LOW_oracle_actual_S0024,24,oracle_actual,4220.0,0,0.0,22,20,0,True,0.11
SCEN_2023_LOW_oracle_actual_S0025,25,oracle_actual,4220.0,0,0.0,22,20,0,True,0.11
SCEN_2023_LOW_oracle_actual_S0026,26,oracle_actual,4220.0,0,0.0,22,20,0,True,0.12
SCEN_2023_LOW_oracle_actual_S0027,27,oracle_actual,4220.0,0,0.0,22,20,0,True,0.11
SCEN_2023_LOW_oracle_actual_S0028,28,oracle_actual,4220.0,0,0.0,22,20,0,True,0.11
SCEN_2023_LOW_oracle_actual_S0029,29,oracle_actual,4220.0,0,0.0,22,20,0,True,0.11
SCEN_2023_LOW_oracle_actual_S0030,30,oracle_actual,4220.0,0,0.0,22,20,0,True,0.14
SCEN_2023_LOW_oracle_actual_S0031,31,oracle_actual,4220.0,0,0.0,22,20,0,True,0.11
SCEN_2023_LOW_oracle_actual_S0032,32,oracle_actual,4220.0,0,0.0,22,20,0,True,0.11
SCEN_2023_LOW_oracle_actual_S0033,33,oracle_actual,4220.0,0,0.0,22,20,0,True,0.11
SCEN_2023_LOW_oracle_actual_S0034,34,oracle_actual,4220.0,0,0.0,22,20,0,True,0.11
SCEN_2023_LOW_oracle_actual_S0035,35,oracle_actual,4220.0,0,0.0,22,20,0,True,0.11
SCEN_2023_LOW_oracle_actual_S0036,36,oracle_actual,4220.0,0,0.0,22,20,0,True,0.11
SCEN_2023_LOW_oracle_actual_S0037,37,oracle_actual,4220.0,0,0.0,22,20,0,True,0.12
SCEN_2023_LOW_oracle_actual_S0038,38,oracle_actual,4220.0,0,0.0,22,20,0,True,0.11
SCEN_2023_LOW_oracle_actual_S0039,39,oracle_actual,4220.0,0,0.0,22,20,0,True,0.11
SCEN_2023_LOW_oracle_actual_S0040,40,oracle_actual,4220.0,0,0.0,22,20,0,True,0.12
SCEN_2023_LOW_oracle_actual_S0041,41,oracle_actual,4220.0,0,0.0,22,20,0,True,0.11
SCEN_2023_LOW_oracle_actual_S0042,42,oracle_actual,4220.0,0,0.0,22,20,0,True,0.11
SCEN_2023_LOW_oracle_actual_S0043,43,oracle_actual,4220.0,0,0.0,22,20,0,True,0.11
SCEN_2023_LOW_oracle_actual_S0044,44,oracle_actual,4220.0,0,0.0,22,20,0,True,0.11
SCEN_2023_LOW_oracle_actual_S0045,45,oracle_actual,4220.0,0,0.0,22,20,0,True,0.11
SCEN_2023_LOW_oracle_actual_S0046,46,oracle_actual,4220.0,0,0.0,22,20,0,True,0.11
SCEN_2023_LOW_oracle_actual_S0047,47,oracle_actual,4220.0,0,0.0,22,20,0,True,0.11
SCEN_2023_LOW_oracle_actual_S0048,48,oracle_actual,4220.0,0,0.0,22,20,0,True,0.11
SCEN_2023_LOW_oracle_actual_S0049,49,oracle_actual,4220.0,0,0.0,22,20,0,True,0.11
SCEN_2023_LOW_oracle_actual_S0050,50,oracle_actual,4220.0,0,0.0,22,20,0,True,0.11
SCEN_2023_LOW_oracle_actual_S0051,51,oracle_actual,4220.0,0,0.0,22,20,0,True,0.11
SCEN_2023_LOW_oracle_actual_S0052,52,oracle_actual,4220.0,0,0.0,22,20,0,True,0.12
SCEN_2023_LOW_oracle_actual_S0053,53,oracle_actual,4220.0,0,0.0,22,20,0,True,0.11
SCEN_2023_LOW_oracle_actual_S0054,54,oracle_actual,4220.0,0,0.0,22,20,0,True,0.11
SCEN_2023_LOW_oracle_actual_S0055,55,oracle_actual,4220.0,0,0.0,22,20,0,True,0.11
SCEN_2023_LOW_oracle_actual_S0056,56,oracle_actual,4220.0,0,0.0,22,20,0,True,0.11
SCEN_2023_LOW_oracle_actual_S0057,57,oracle_actual,4220.0,0,0.0,22,20,0,True,0.11
SCEN_2023_LOW_oracle_actual_S0058,58,oracle_actual,4220.0,0,0.0,22,20,0,True,0.11
SCEN_2023_LOW_oracle_actual_S0059,59,oracle_actual,4220.0,0,0.0,22,20,0,True,0.11
SCEN_2023_LOW_oracle_actual_S0060,60,oracle_actual,4220.0,0,0.0,22,20,0,True,0.11
SCEN_2023_LOW_oracle_actual_S0061,61,oracle_actual,4220.0,0,0.0,22,20,0,True,0.11
SCEN_2023_LOW_oracle_actual_S0062,62,oracle_actual,4220.0,0,0.0,22,20,0,True,0.11
SCEN_2023_LOW_oracle_actual_S0063,63,oracle_actual,4220.0,0,0.0,22,20,0,True,0.11
SCEN_2023_LOW_oracle_actual_S0064,64,oracle_actual,4220.0,0,0.0,22,20,0,True,0.11
SCEN_2023_LOW_oracle_actual_S0065,65,oracle_actual,4220.0,0,0.0,22,20,0,True,0.11
SCEN_2023_LOW_oracle_actual_S0066,66,oracle_actual,4220.0,0,0.0,22,20,0,True,0.11
SCEN_2023_LOW_oracle_actual_S0067,67,oracle_actual,4220.0,0,0.0,22,20,0,True,0.11
SCEN_2023_LOW_oracle_actual_S0068,68,oracle_actual,4220.0,0,0.0,22,20,0,True,0.11
SCEN_2023_LOW_oracle_actual_S0069,69,oracle_actual,4220.0,0,0.0,22,20,0,True,0.11
SCEN_2023_LOW_oracle_actual_S0070,70,oracle_actual,4220.0,0,0.0,22,20,0,True,0.11
SCEN_2023_LOW_oracle_actual_S0071,71,oracle_actual,4220.0,0,0.0,22,20,0,True,0.11
SCEN_2023_LOW_oracle_actual_S0072,72,oracle_actual,4220.0,0,0.0,22,20,0,True,0.11
SCEN_2023_LOW_oracle_actual_S0073,73,oracle_actual,4220.0,0,0.0,22,20,0,True,0.11
SCEN_2023_LOW_oracle_actual_S0074,74,oracle_actual,4220.0,0,0.0,22,20,0,True,0.11
SCEN_2023_LOW_oracle_actual_S0075,75,oracle_actual,4220.0,0,0.0,22,20,0,True,0.11
SCEN_2023_LOW_oracle_actual_S0076,76,oracle_actual,4220.0,0,0.0,22,20,0,True,0.11
SCEN_2023_LOW_oracle_actual_S0077,77,oracle_actual,4220.0,0,0.0,22,20,0,True,0.11
SCEN_2023_LOW_oracle_actual_S0078,78,oracle_actual,4220.0,0,0.0,22,20,0,True,0.16
SCEN_2023_LOW_oracle_actual_S0079,79,oracle_actual,4220.0,0,0.0,22,20,0,True,0.11
SCEN_2023_LOW_oracle_actual_S0080,80,oracle_actual,4220.0,0,0.0,22,20,0,True,0.11
SCEN_2023_LOW_oracle_actual_S0081,81,oracle_actual,4220.0,0,0.0,22,20,0,True,0.11
SCEN_2023_LOW_oracle_actual_S0082,82,oracle_actual,4220.0,0,0.0,22,20,0,True,0.11
SCEN_2023_LOW_oracle_actual_S0083,83,oracle_actual,4220.0,0,0.0,22,20,0,True,0.11
SCEN_2023_LOW_oracle_actual_S0084,84,oracle_actual,4220.0,0,0.0,22,20,0,True,0.11
SCEN_2023_LOW_oracle_actual_S0085,85,oracle_actual,4220.0,0,0.0,22,20,0,True,0.11
SCEN_2023_LOW_oracle_actual_S0086,86,oracle_actual,4220.0,0,0.0,22,20,0,True,0.11
SCEN_2023_LOW_oracle_actual_S0087,87,oracle_actual,4220.0,0,0.0,22,20,0,True,0.11
SCEN_2023_LOW_oracle_actual_S0088,88,oracle_actual,4220.0,0,0.0,22,20,0,True,0.11
SCEN_2023_LOW_oracle_actual_S0089,89,oracle_actual,4220.0,0,0.0,22,20,0,True,0.11
SCEN_2023_LOW_oracle_actual_S0090,90,oracle_actual,4220.0,0,0.0,22,20,0,True,0.11
SCEN_2023_LOW_oracle_actual_S0091,91,oracle_actual,4220.0,0,0.0,22,20,0,True,0.11
SCEN_2023_LOW_oracle_actual_S0092,92,oracle_actual,4220.0,0,0.0,22,20,0,True,0.11
SCEN_2023_LOW_oracle_actual_S0093,93,oracle_actual,4220.0,0,0.0,22,20,0,True,0.11
SCEN_2023_LOW_oracle_actual_S0094,94,oracle_actual,4220.0,0,0.0,22,20,0,True,0.11
SCEN_2023_LOW_oracle_actual_S0095,95,oracle_actual,4220.0,0,0.0,22,20,0,True,0.11
SCEN_2023_LOW_oracle_actual_S0096,96,oracle_actual,4220.0,0,0.0,22,20,0,True,0.11
SCEN_2023_LOW_oracle_actual_S0097,97,oracle_actual,4220.0,0,0.0,22,20,0,True,0.11
SCEN_2023_LOW_oracle_actual_S0098,98,oracle_actual,4220.0,0,0.0,22,20,0,True,0.11
SCEN_2023_LOW_oracle_actual_S0099,99,oracle_actual,4220.0,0,0.0,22,20,0,True,0.11
SCEN_2023_LOW_oracle_actual_S0100,100,oracle_actual,4220.0,0,0.0,22,20,0,True,0.2
SCEN_2023_LOW_oracle_actual_S0101,101,oracle_actual,4220.0,0,0.0,22,20,0,True,0.12
SCEN_2023_LOW_oracle_actual_S0102,102,oracle_actual,4220.0,0,0.0,22,20,0,True,0.12
SCEN_2023_LOW_oracle_actual_S0103,103,oracle_actual,4220.0,0,0.0,22,20,0,True,0.11
SCEN_2023_LOW_oracle_actual_S0104,104,oracle_actual,4220.0,0,0.0,22,20,0,True,0.11
SCEN_2023_LOW_oracle_actual_S0105,105,oracle_actual,4220.0,0,0.0,22,20,0,True,0.11
SCEN_2023_LOW_oracle_actual_S0106,106,oracle_actual,4220.0,0,0.0,22,20,0,True,0.11
SCEN_2023_LOW_oracle_actual_S0107,107,oracle_actual,4220.0,0,0.0,22,20,0,True,0.12
SCEN_2023_LOW_oracle_actual_S0108,108,oracle_actual,4220.0,0,0.0,22,20,0,True,0.11
SCEN_2023_LOW_oracle_actual_S0109,109,oracle_actual,4220.0,0,0.0,22,20,0,True,0.11
SCEN_2023_LOW_oracle_actual_S0110,110,oracle_actual,4220.0,0,0.0,22,20,0,True,0.11
SCEN_2023_LOW_oracle_actual_S0111,111,oracle_actual,4220.0,0,0.0,22,20,0,True,0.11
SCEN_2023_LOW_oracle_actual_S0112,112,oracle_actual,4220.0,0,0.0,22,20,0,True,0.11
SCEN_2023_LOW_oracle_actual_S0113,113,oracle_actual,4220.0,0,0.0,22,20,0,True,0.12
SCEN_2023_LOW_oracle_actual_S0114,114,oracle_actual,4220.0,0,0.0,22,20,0,True,0.11
SCEN_2023_LOW_oracle_actual_S0115,115,oracle_actual,4220.0,0,0.0,22,20,0,True,0.11
SCEN_2023_LOW_oracle_actual_S0116,116,oracle_actual,4220.0,0,0.0,22,20,0,True,0.11
SCEN_2023_LOW_oracle_actual_S0117,117,oracle_actual,4220.0,0,0.0,22,20,0,True,0.11
SCEN_2023_LOW_oracle_actual_S0118,118,oracle_actual,4220.0,0,0.0,22,20,0,True,0.11
SCEN_2023_LOW_oracle_actual_S0119,119,oracle_actual,4220.0,0,0.0,22,20,0,True,0.11
SCEN_2023_LOW_oracle_actual_S0120,120,oracle_actual,4220.0,0,0.0,22,20,0,True,0.11
SCEN_2023_LOW_oracle_actual_S0121,121,oracle_actual,4220.0,0,0.0,22,20,0,True,0.11
SCEN_2023_LOW_oracle_actual_S0122,122,oracle_actual,4220.0,0,0.0,22,20,0,True,0.11
SCEN_2023_LOW_oracle_actual_S0123,123,oracle_actual,4220.0,0,0.0,22,20,0,True,0.11
SCEN_2023_LOW_oracle_actual_S0124,124,oracle_actual,4220.0,0,0.0,22,20,0,True,0.11
SCEN_2023_LOW_oracle_actual_S0125,125,oracle_actual,4220.0,0,0.0,22,20,0,True,0.11
SCEN_2023_LOW_oracle_actual_S0126,126,oracle_actual,4220.0,0,0.0,22,20,0,True,0.11
SCEN_2023_LOW_oracle_actual_S0127,127,oracle_actual,4220.0,0,0.0,22,20,0,True,0.13
SCEN_2023_LOW_oracle_actual_S0128,128,oracle_actual,4220.0,0,0.0,22,20,0,True,0.12
SCEN_2023_LOW_oracle_actual_S0129,129,oracle_actual,4220.0,0,0.0,22,20,0,True,0.11
SCEN_2023_LOW_oracle_actual_S0130,130,oracle_actual,4220.0,0,0.0,22,20,0,True,0.11
SCEN_2023_LOW_oracle_actual_S0131,131,oracle_actual,4220.0,0,0.0,22,20,0,True,0.11
SCEN_2023_LOW_oracle_actual_S0132,132,oracle_actual,4220.0,0,0.0,22,20,0,True,0.11
SCEN_2023_LOW_oracle_actual_S0133,133,oracle_actual,4220.0,0,0.0,22,20,0,True,0.11
SCEN_2023_LOW_oracle_actual_S0134,134,oracle_actual,4220.0,0,0.0,22,20,0,True,0.11
SCEN_2023_LOW_oracle_actual_S0135,135,oracle_actual,4220.0,0,0.0,22,20,0,True,0.11
SCEN_2023_LOW_oracle_actual_S0136,136,oracle_actual,4220.0,0,0.0,22,20,0,True,0.12
SCEN_2023_LOW_oracle_actual_S0137,137,oracle_actual,4220.0,0,0.0,22,20,0,True,0.11
SCEN_2023_LOW_oracle_actual_S0138,138,oracle_actual,4220.0,0,0.0,22,20,0,True,0.15
SCEN_2023_LOW_oracle_actual_S0139,139,oracle_actual,4220.0,0,0.0,22,20,0,True,0.14
SCEN_2023_LOW_oracle_actual_S0140,140,oracle_actual,4220.0,0,0.0,22,20,0,True,0.11
SCEN_2023_LOW_oracle_actual_S0141,141,oracle_actual,4220.0,0,0.0,22,20,0,True,0.12
SCEN_2023_LOW_oracle_actual_S0142,142,oracle_actual,4220.0,0,0.0,22,20,0,True,0.11
SCEN_2023_LOW_oracle_actual_S0143,143,oracle_actual,4220.0,0,0.0,22,20,0,True,0.12
SCEN_2023_LOW_oracle_actual_S0144,144,oracle_actual,4220.0,0,0.0,22,20,0,True,0.11
SCEN_2023_LOW_oracle_actual_S0145,145,oracle_actual,4220.0,0,0.0,22,20,0,True,0.11
SCEN_2023_LOW_oracle_actual_S0146,146,oracle_actual,4220.0,0,0.0,22,20,0,True,0.11
SCEN_2023_LOW_oracle_actual_S0147,147,oracle_actual,4220.0,0,0.0,22,20,0,True,0.11
SCEN_2023_LOW_oracle_actual_S0148,148,oracle_actual,4220.0,0,0.0,22,20,0,True,0.11
SCEN_2023_LOW_oracle_actual_S0149,149,oracle_actual,4220.0,0,0.0,22,20,0,True,0.11
SCEN_2023_LOW_oracle_actual_S0150,150,oracle_actual,4220.0,0,0.0,22,20,0,True,0.11
SCEN_2023_LOW_oracle_actual_S0151,151,oracle_actual,4220.0,0,0.0,22,20,0,True,0.11
SCEN_2023_LOW_oracle_actual_S0152,152,oracle_actual,4220.0,0,0.0,22,20,0,True,0.11
SCEN_2023_LOW_oracle_actual_S0153,153,oracle_actual,4220.0,0,0.0,22,20,0,True,0.12
SCEN_2023_LOW_oracle_actual_S0154,154,oracle_actual,4220.0,0,0.0,22,20,0,True,0.11
SCEN_2023_LOW_oracle_actual_S0155,155,oracle_actual,4220.0,0,0.0,22,20,0,True,0.11
SCEN_2023_LOW_oracle_actual_S0156,156,oracle_actual,4220.0,0,0.0,22,20,0,True,0.11
SCEN_2023_LOW_oracle_actual_S0157,157,oracle_actual,4220.0,0,0.0,22,20,0,True,0.11
SCEN_2023_LOW_oracle_actual_S0158,158,oracle_actual,4220.0,0,0.0,22,20,0,True,0.11
SCEN_2023_LOW_oracle_actual_S0159,159,oracle_actual,4220.0,0,0.0,22,20,0,True,0.11
SCEN_2023_LOW_oracle_actual_S0160,160,oracle_actual,4220.0,0,0.0,22,20,0,True,0.11
SCEN_2023_LOW_oracle_actual_S0161,161,oracle_actual,4220.0,0,0.0,22,20,0,True,0.11
SCEN_2023_LOW_oracle_actual_S0162,162,oracle_actual,4220.0,0,0.0,22,20,0,True,0.11
SCEN_2023_LOW_oracle_actual_S0163,163,oracle_actual,4220.0,0,0.0,22,20,0,True,0.11
SCEN_2023_LOW_oracle_actual_S0164,164,oracle_actual,4220.0,0,0.0,22,20,0,True,0.12
SCEN_2023_LOW_oracle_actual_S0165,165,oracle_actual,4220.0,0,0.0,22,20,0,True,0.11
SCEN_2023_LOW_oracle_actual_S0166,166,oracle_actual,4220.0,0,0.0,22,20,0,True,0.11
SCEN_2023_LOW_oracle_actual_S0167,167,oracle_actual,4220.0,0,0.0,22,20,0,True,0.11
SCEN_2023_LOW_oracle_actual_S0168,168,oracle_actual,4220.0,0,0.0,22,20,0,True,0.11
SCEN_2023_LOW_oracle_actual_S0169,169,oracle_actual,4220.0,0,0.0,22,20,0,True,0.12
SCEN_2023_LOW_oracle_actual_S0170,170,oracle_actual,4220.0,0,0.0,22,20,0,True,0.11
SCEN_2023_LOW_oracle_actual_S0171,171,oracle_actual,4220.0,0,0.0,22,20,0,True,0.14
SCEN_2023_LOW_oracle_actual_S0172,172,oracle_actual,4220.0,0,0.0,22,20,0,True,0.11
SCEN_2023_LOW_oracle_actual_S0173,173,oracle_actual,4220.0,0,0.0,22,20,0,True,0.11
SCEN_2023_LOW_oracle_actual_S0174,174,oracle_actual,4220.0,0,0.0,22,20,0,True,0.17
SCEN_2023_LOW_oracle_actual_S0175,175,oracle_actual,4220.0,0,0.0,22,20,0,True,0.12
SCEN_2023_LOW_oracle_actual_S0176,176,oracle_actual,4220.0,0,0.0,22,20,0,True,0.11
SCEN_2023_LOW_oracle_actual_S0177,177,oracle_actual,4220.0,0,0.0,22,20,0,True,0.11
SCEN_2023_LOW_oracle_actual_S0178,178,oracle_actual,4220.0,0,0.0,22,20,0,True,0.11
SCEN_2023_LOW_oracle_actual_S0179,179,oracle_actual,4220.0,0,0.0,22,20,0,True,0.11
SCEN_2023_LOW_oracle_actual_S0180,180,oracle_actual,4220.0,0,0.0,22,20,0,True,0.11
SCEN_2023_LOW_oracle_actual_S0181,181,oracle_actual,4220.0,0,0.0,22,20,0,True,0.11
SCEN_2023_LOW_oracle_actual_S0182,182,oracle_actual,4220.0,0,0.0,22,20,0,True,0.13
SCEN_2023_LOW_oracle_actual_S0183,183,oracle_actual,4220.0,0,0.0,22,20,0,True,0.13
SCEN_2023_LOW_oracle_actual_S0184,184,oracle_actual,4220.0,0,0.0,22,20,0,True,0.11
SCEN_2023_LOW_oracle_actual_S0185,185,oracle_actual,4220.0,0,0.0,22,20,0,True,0.11
SCEN_2023_LOW_oracle_actual_S0186,186,oracle_actual,4220.0,0,0.0,22,20,0,True,0.11
SCEN_2023_LOW_oracle_actual_S0187,187,oracle_actual,4220.0,0,0.0,22,20,0,True,0.11
SCEN_2023_LOW_oracle_actual_S0188,188,oracle_actual,4220.0,0,0.0,22,20,0,True,0.11
SCEN_2023_LOW_oracle_actual_S0189,189,oracle_actual,4220.0,0,0.0,22,20,0,True,0.11
SCEN_2023_LOW_oracle_actual_S0190,190,oracle_actual,4220.0,0,0.0,22,20,0,True,0.11
SCEN_2023_LOW_oracle_actual_S0191,191,oracle_actual,4220.0,0,0.0,22,20,0,True,0.11
SCEN_2023_LOW_oracle_actual_S0192,192,oracle_actual,4220.0,0,0.0,22,20,0,True,0.11
SCEN_2023_LOW_oracle_actual_S0193,193,oracle_actual,4220.0,0,0.0,22,20,0,True,0.13
SCEN_2023_LOW_oracle_actual_S0194,194,oracle_actual,4220.0,0,0.0,22,20,0,True,0.11
SCEN_2023_LOW_oracle_actual_S0195,195,oracle_actual,4220.0,0,0.0,22,20,0,True,0.12
SCEN_2023_LOW_oracle_actual_S0196,196,oracle_actual,4220.0,0,0.0,22,20,0,True,0.11
SCEN_2023_LOW_oracle_actual_S0197,197,oracle_actual,4220.0,0,0.0,22,20,0,True,0.11
SCEN_2023_LOW_oracle_actual_S0198,198,oracle_actual,4220.0,0,0.0,22,20,0,True,0.11
SCEN_2023_LOW_oracle_actual_S0199,199,oracle_actual,4220.0,0,0.0,22,20,0,True,0.11
SCEN_2023_LOW_oracle_actual_S0200,200,oracle_actual,4220.0,0,0.0,22,20,0,True,0.11
SCEN_2023_LOW_oracle_actual_S0201,201,oracle_actual,4220.0,0,0.0,22,20,0,True,0.11
SCEN_2023_LOW_oracle_actual_S0202,202,oracle_actual,4220.0,0,0.0,22,20,0,True,0.11
SCEN_2023_LOW_oracle_actual_S0203,203,oracle_actual,4220.0,0,0.0,22,20,0,True,0.11
SCEN_2023_LOW_oracle_actual_S0204,204,oracle_actual,4220.0,0,0.0,22,20,0,True,0.13
SCEN_2023_LOW_oracle_actual_S0205,205,oracle_actual,4220.0,0,0.0,22,20,0,True,0.22
SCEN_2023_LOW_oracle_actual_S0206,206,oracle_actual,4220.0,0,0.0,22,20,0,True,0.11
SCEN_2023_LOW_oracle_actual_S0207,207,oracle_actual,4220.0,0,0.0,22,20,0,True,0.11
SCEN_2023_LOW_oracle_actual_S0208,208,oracle_actual,4220.0,0,0.0,22,20,0,True,0.11
SCEN_2023_LOW_oracle_actual_S0209,209,oracle_actual,4220.0,0,0.0,22,20,0,True,0.11
SCEN_2023_LOW_oracle_actual_S0210,210,oracle_actual,4220.0,0,0.0,22,20,0,True,0.11
SCEN_2023_LOW_oracle_actual_S0211,211,oracle_actual,4220.0,0,0.0,22,20,0,True,0.13
SCEN_2023_LOW_oracle_actual_S0212,212,oracle_actual,4220.0,0,0.0,22,20,0,True,0.11
SCEN_2023_LOW_oracle_actual_S0213,213,oracle_actual,4220.0,0,0.0,22,20,0,True,0.11
SCEN_2023_LOW_oracle_actual_S0214,214,oracle_actual,4220.0,0,0.0,22,20,0,True,0.11
SCEN_2023_LOW_oracle_actual_S0215,215,oracle_actual,4220.0,0,0.0,22,20,0,True,0.11
SCEN_2023_LOW_oracle_actual_S0216,216,oracle_actual,4220.0,0,0.0,22,20,0,True,0.11
SCEN_2023_LOW_oracle_actual_S0217,217,oracle_actual,4220.0,0,0.0,22,20,0,True,0.12
SCEN_2023_LOW_oracle_actual_S0218,218,oracle_actual,4220.0,0,0.0,22,20,0,True,0.11
SCEN_2023_LOW_oracle_actual_S0219,219,oracle_actual,4220.0,0,0.0,22,20,0,True,0.11
SCEN_2023_LOW_oracle_actual_S0220,220,oracle_actual,4220.0,0,0.0,22,20,0,True,0.11
SCEN_2023_LOW_oracle_actual_S0221,221,oracle_actual,4220.0,0,0.0,22,20,0,True,0.11
SCEN_2023_LOW_oracle_actual_S0222,222,oracle_actual,4220.0,0,0.0,22,20,0,True,0.11
SCEN_2023_LOW_oracle_actual_S0223,223,oracle_actual,4220.0,0,0.0,22,20,0,True,0.12
SCEN_2023_LOW_oracle_actual_S0224,224,oracle_actual,4220.0,0,0.0,22,20,0,True,0.11
SCEN_2023_LOW_oracle_actual_S0225,225,oracle_actual,4220.0,0,0.0,22,20,0,True,0.11
SCEN_2023_LOW_oracle_actual_S0226,226,oracle_actual,4220.0,0,0.0,22,20,0,True,0.11
SCEN_2023_LOW_oracle_actual_S0227,227,oracle_actual,4220.0,0,0.0,22,20,0,True,0.11
SCEN_2023_LOW_oracle_actual_S0228,228,oracle_actual,4220.0,0,0.0,22,20,0,True,0.11
SCEN_2023_LOW_oracle_actual_S0229,229,oracle_actual,4220.0,0,0.0,22,20,0,True,0.11
SCEN_2023_LOW_oracle_actual_S0230,230,oracle_actual,4220.0,0,0.0,22,20,0,True,0.11
SCEN_2023_LOW_oracle_actual_S0231,231,oracle_actual,4220.0,0,0.0,22,20,0,True,0.11
SCEN_2023_LOW_oracle_actual_S0232,232,oracle_actual,4220.0,0,0.0,22,20,0,True,0.11
SCEN_2023_LOW_oracle_actual_S0233,233,oracle_actual,4220.0,0,0.0,22,20,0,True,0.11
SCEN_2023_LOW_oracle_actual_S0234,234,oracle_actual,4220.0,0,0.0,22,20,0,True,0.11
SCEN_2023_LOW_oracle_actual_S0235,235,oracle_actual,4220.0,0,0.0,22,20,0,True,0.11
SCEN_2023_LOW_oracle_actual_S0236,236,oracle_actual,4220.0,0,0.0,22,20,0,True,0.11
SCEN_2023_LOW_oracle_actual_S0237,237,oracle_actual,4220.0,0,0.0,22,20,0,True,0.11
SCEN_2023_LOW_oracle_actual_S0238,238,oracle_actual,4220.0,0,0.0,22,20,0,True,0.11
SCEN_2023_LOW_oracle_actual_S0239,239,oracle_actual,4220.0,0,0.0,22,20,0,True,0.11
SCEN_2023_LOW_oracle_actual_S0240,240,oracle_actual,4220.0,0,0.0,22,20,0,True,0.11
SCEN_2023_LOW_oracle_actual_S0241,241,oracle_actual,4220.0,0,0.0,22,20,0,True,0.11
SCEN_2023_LOW_oracle_actual_S0242,242,oracle_actual,4220.0,0,0.0,22,20,0,True,0.11
SCEN_2023_LOW_oracle_actual_S0243,243,oracle_actual,4220.0,0,0.0,22,20,0,True,0.11
SCEN_2023_LOW_oracle_actual_S0244,244,oracle_actual,4220.0,0,0.0,22,20,0,True,0.11
SCEN_2023_LOW_oracle_actual_S0245,245,oracle_actual,4220.0,0,0.0,22,20,0,True,0.11
SCEN_2023_LOW_oracle_actual_S0246,246,oracle_actual,4220.0,0,0.0,22,20,0,True,0.11
SCEN_2023_LOW_oracle_actual_S0247,247,oracle_actual,4220.0,0,0.0,22,20,0,True,0.11
SCEN_2023_LOW_oracle_actual_S0248,248,oracle_actual,4220.0,0,0.0,22,20,0,True,0.11
SCEN_2023_LOW_oracle_actual_S0249,249,oracle_actual,4220.0,0,0.0,22,20,0,True,0.11
SCEN_2023_LOW_oracle_actual_S0250,250,oracle_actual,4220.0,0,0.0,22,20,0,True,0.11
SCEN_2023_LOW_oracle_actual_S0251,251,oracle_actual,4220.0,0,0.0,22,20,0,True,0.12
SCEN_2023_LOW_oracle_actual_S0252,252,oracle_actual,4220.0,0,0.0,22,20,0,True,0.11
SCEN_2023_LOW_oracle_actual_S0253,253,oracle_actual,4220.0,0,0.0,22,20,0,True,0.11
SCEN_2023_LOW_oracle_actual_S0254,254,oracle_actual,4220.0,0,0.0,22,20,0,True,0.11
SCEN_2023_LOW_oracle_actual_S0255,255,oracle_actual,4220.0,0,0.0,22,20,0,True,0.11
SCEN_2023_LOW_oracle_actual_S0256,256,oracle_actual,4220.0,0,0.0,22,20,0,True,0.11
SCEN_2023_LOW_oracle_actual_S0257,257,oracle_actual,4220.0,0,0.0,22,20,0,True,0.11
SCEN_2023_LOW_oracle_actual_S0258,258,oracle_actual,4220.0,0,0.0,22,20,0,True,0.12
SCEN_2023_LOW_oracle_actual_S0259,259,oracle_actual,4220.0,0,0.0,22,20,0,True,0.11
SCEN_2023_LOW_oracle_actual_S0260,260,oracle_actual,4220.0,0,0.0,22,20,0,True,0.11
SCEN_2023_LOW_oracle_actual_S0261,261,oracle_actual,4220.0,0,0.0,22,20,0,True,0.11
SCEN_2023_LOW_oracle_actual_S0262,262,oracle_actual,4220.0,0,0.0,22,20,0,True,0.11
SCEN_2023_LOW_oracle_actual_S0263,263,oracle_actual,4220.0,0,0.0,22,20,0,True,0.11
SCEN_2023_LOW_oracle_actual_S0264,264,oracle_actual,4220.0,0,0.0,22,20,0,True,0.11
SCEN_2023_LOW_oracle_actual_S0265,265,oracle_actual,4220.0,0,0.0,22,20,0,True,0.11
SCEN_2023_LOW_oracle_actual_S0266,266,oracle_actual,4220.0,0,0.0,22,20,0,True,0.11
SCEN_2023_LOW_oracle_actual_S0267,267,oracle_actual,4220.0,0,0.0,22,20,0,True,0.11
SCEN_2023_LOW_oracle_actual_S0268,268,oracle_actual,4220.0,0,0.0,22,20,0,True,0.11
SCEN_2023_LOW_oracle_actual_S0269,269,oracle_actual,4220.0,0,0.0,22,20,0,True,0.11
SCEN_2023_LOW_oracle_actual_S0270,270,oracle_actual,4220.0,0,0.0,22,20,0,True,0.11
SCEN_2023_LOW_oracle_actual_S0271,271,oracle_actual,4220.0,0,0.0,22,20,0,True,0.11
SCEN_2023_LOW_oracle_actual_S0272,272,oracle_actual,4220.0,0,0.0,22,20,0,True,0.11
SCEN_2023_LOW_oracle_actual_S0273,273,oracle_actual,4220.0,0,0.0,22,20,0,True,0.11
SCEN_2023_LOW_oracle_actual_S0274,274,oracle_actual,4220.0,0,0.0,22,20,0,True,0.11
SCEN_2023_LOW_oracle_actual_S0275,275,oracle_actual,4220.0,0,0.0,22,20,0,True,0.11
SCEN_2023_LOW_oracle_actual_S0276,276,oracle_actual,4220.0,0,0.0,22,20,0,True,0.11
SCEN_2023_LOW_oracle_actual_S0277,277,oracle_actual,4220.0,0,0.0,22,20,0,True,0.11
SCEN_2023_LOW_oracle_actual_S0278,278,oracle_actual,4220.0,0,0.0,22,20,0,True,0.11
SCEN_2023_LOW_oracle_actual_S0279,279,oracle_actual,4220.0,0,0.0,22,20,0,True,0.11
SCEN_2023_LOW_oracle_actual_S0280,280,oracle_actual,4220.0,0,0.0,22,20,0,True,0.11
SCEN_2023_LOW_oracle_actual_S0281,281,oracle_actual,4220.0,0,0.0,22,20,0,True,0.13
SCEN_2023_LOW_oracle_actual_S0282,282,oracle_actual,4220.0,0,0.0,22,20,0,True,0.11
SCEN_2023_LOW_oracle_actual_S0283,283,oracle_actual,4220.0,0,0.0,22,20,0,True,0.11
SCEN_2023_LOW_oracle_actual_S0284,284,oracle_actual,4220.0,0,0.0,22,20,0,True,0.11
SCEN_2023_LOW_oracle_actual_S0285,285,oracle_actual,4220.0,0,0.0,22,20,0,True,0.11
SCEN_2023_LOW_oracle_actual_S0286,286,oracle_actual,4220.0,0,0.0,22,20,0,True,0.11
SCEN_2023_LOW_oracle_actual_S0287,287,oracle_actual,4220.0,0,0.0,22,20,0,True,0.11
SCEN_2023_LOW_oracle_actual_S0288,288,oracle_actual,4220.0,0,0.0,22,20,0,True,0.11
SCEN_2023_LOW_oracle_actual_S0289,289,oracle_actual,4220.0,0,0.0,22,20,0,True,0.12
SCEN_2023_LOW_oracle_actual_S0290,290,oracle_actual,4220.0,0,0.0,22,20,0,True,0.11
SCEN_2023_LOW_oracle_actual_S0291,291,oracle_actual,4220.0,0,0.0,22,20,0,True,0.11
SCEN_2023_LOW_oracle_actual_S0292,292,oracle_actual,4220.0,0,0.0,22,20,0,True,0.11
SCEN_2023_LOW_oracle_actual_S0293,293,oracle_actual,4220.0,0,0.0,22,20,0,True,0.11
SCEN_2023_LOW_oracle_actual_S0294,294,oracle_actual,4220.0,0,0.0,22,20,0,True,0.11
SCEN_2023_LOW_oracle_actual_S0295,295,oracle_actual,4220.0,0,0.0,22,20,0,True,0.11
SCEN_2023_LOW_oracle_actual_S0296,296,oracle_actual,4220.0,0,0.0,22,20,0,True,0.11
SCEN_2023_LOW_oracle_actual_S0297,297,oracle_actual,4220.0,0,0.0,22,20,0,True,0.11
SCEN_2023_LOW_oracle_actual_S0298,298,oracle_actual,4220.0,0,0.0,22,20,0,True,0.11
SCEN_2023_LOW_oracle_actual_S0299,299,oracle_actual,4220.0,0,0.0,22,20,0,True,0.11
SCEN_2023_LOW_oracle_actual_S0300,300,oracle_actual,4220.0,0,0.0,22,20,0,True,0.11
SCEN_2023_LOW_oracle_actual_S0301,301,oracle_actual,4220.0,0,0.0,22,20,0,True,0.11
SCEN_2023_LOW_oracle_actual_S0302,302,oracle_actual,4220.0,0,0.0,22,20,0,True,0.11
SCEN_2023_LOW_oracle_actual_S0303,303,oracle_actual,4220.0,0,0.0,22,20,0,True,0.11
SCEN_2023_LOW_oracle_actual_S0304,304,oracle_actual,4220.0,0,0.0,22,20,0,True,0.11
SCEN_2023_LOW_oracle_actual_S0305,305,oracle_actual,4220.0,0,0.0,22,20,0,True,0.11
SCEN_2023_LOW_oracle_actual_S0306,306,oracle_actual,4220.0,0,0.0,22,20,0,True,0.11
SCEN_2023_LOW_oracle_actual_S0307,307,oracle_actual,4220.0,0,0.0,22,20,0,True,0.11
SCEN_2023_LOW_oracle_actual_S0308,308,oracle_actual,4220.0,0,0.0,22,20,0,True,0.11
SCEN_2023_LOW_oracle_actual_S0309,309,oracle_actual,4220.0,0,0.0,22,20,0,True,0.11
SCEN_2023_LOW_oracle_actual_S0310,310,oracle_actual,4220.0,0,0.0,22,20,0,True,0.11
SCEN_2023_LOW_oracle_actual_S0311,311,oracle_actual,4220.0,0,0.0,22,20,0,True,0.11
SCEN_2023_LOW_oracle_actual_S0312,312,oracle_actual,4220.0,0,0.0,22,20,0,True,0.11
SCEN_2023_LOW_oracle_actual_S0313,313,oracle_actual,4220.0,0,0.0,22,20,0,True,0.11
SCEN_2023_LOW_oracle_actual_S0314,314,oracle_actual,4220.0,0,0.0,22,20,0,True,0.11
SCEN_2023_LOW_oracle_actual_S0315,315,oracle_actual,4220.0,0,0.0,22,20,0,True,0.11
SCEN_2023_LOW_oracle_actual_S0316,316,oracle_actual,4220.0,0,0.0,22,20,0,True,0.11
SCEN_2023_LOW_oracle_actual_S0317,317,oracle_actual,4220.0,0,0.0,22,20,0,True,0.11
SCEN_2023_LOW_oracle_actual_S0318,318,oracle_actual,4220.0,0,0.0,22,20,0,True,0.11
SCEN_2023_LOW_oracle_actual_S0319,319,oracle_actual,4220.0,0,0.0,22,20,0,True,0.11
SCEN_2023_LOW_oracle_actual_S0320,320,oracle_actual,4220.0,0,0.0,22,20,0,True,0.11
SCEN_2023_LOW_oracle_actual_S0321,321,oracle_actual,4220.0,0,0.0,22,20,0,True,0.11
SCEN_2023_LOW_oracle_actual_S0322,322,oracle_actual,4220.0,0,0.0,22,20,0,True,0.11
SCEN_2023_LOW_oracle_actual_S0323,323,oracle_actual,4220.0,0,0.0,22,20,0,True,0.11
SCEN_2023_LOW_oracle_actual_S0324,324,oracle_actual,4220.0,0,0.0,22,20,0,True,0.11
SCEN_2023_LOW_oracle_actual_S0325,325,oracle_actual,4220.0,0,0.0,22,20,0,True,0.11
SCEN_2023_LOW_oracle_actual_S0326,326,oracle_actual,4220.0,0,0.0,22,20,0,True,0.11
SCEN_2023_LOW_oracle_actual_S0327,327,oracle_actual,4220.0,0,0.0,22,20,0,True,0.17
SCEN_2023_LOW_oracle_actual_S0328,328,oracle_actual,4220.0,0,0.0,22,20,0,True,0.2
SCEN_2023_LOW_oracle_actual_S0329,329,oracle_actual,4220.0,0,0.0,22,20,0,True,0.18
SCEN_2023_LOW_oracle_actual_S0330,330,oracle_actual,4220.0,0,0.0,22,20,0,True,0.2
SCEN_2023_LOW_oracle_actual_S0331,331,oracle_actual,4220.0,0,0.0,22,20,0,True,0.19
SCEN_2023_LOW_oracle_actual_S0332,332,oracle_actual,4220.0,0,0.0,22,20,0,True,0.12
SCEN_2023_LOW_oracle_actual_S0333,333,oracle_actual,4220.0,0,0.0,22,20,0,True,0.2
SCEN_2023_LOW_oracle_actual_S0334,334,oracle_actual,4220.0,0,0.0,22,20,0,True,0.2
SCEN_2023_LOW_oracle_actual_S0335,335,oracle_actual,4220.0,0,0.0,22,20,0,True,0.12
SCEN_2023_LOW_oracle_actual_S0336,336,oracle_actual,4220.0,0,0.0,22,20,0,True,0.2
SCEN_2023_LOW_oracle_actual_S0337,337,oracle_actual,4220.0,0,0.0,22,20,0,True,0.28
SCEN_2023_LOW_oracle_actual_S0338,338,oracle_actual,4220.0,0,0.0,22,20,0,True,0.19
SCEN_2023_LOW_oracle_actual_S0339,339,oracle_actual,4220.0,0,0.0,22,20,0,True,0.19
SCEN_2023_LOW_oracle_actual_S0340,340,oracle_actual,4220.0,0,0.0,22,20,0,True,0.12
SCEN_2023_LOW_oracle_actual_S0341,341,oracle_actual,4220.0,0,0.0,22,20,0,True,0.18
SCEN_2023_LOW_oracle_actual_S0342,342,oracle_actual,4220.0,0,0.0,22,20,0,True,0.19
SCEN_2023_LOW_oracle_actual_S0343,343,oracle_actual,4220.0,0,0.0,22,20,0,True,0.24
SCEN_2023_LOW_oracle_actual_S0344,344,oracle_actual,4220.0,0,0.0,22,20,0,True,0.19
SCEN_2023_LOW_oracle_actual_S0345,345,oracle_actual,4220.0,0,0.0,22,20,0,True,0.18
SCEN_2023_LOW_oracle_actual_S0346,346,oracle_actual,4220.0,0,0.0,22,20,0,True,0.2
SCEN_2023_LOW_oracle_actual_S0347,347,oracle_actual,4220.0,0,0.0,22,20,0,True,0.2
SCEN_2023_LOW_oracle_actual_S0348,348,oracle_actual,4220.0,0,0.0,22,20,0,True,0.15
SCEN_2023_LOW_oracle_actual_S0349,349,oracle_actual,4220.0,0,0.0,22,20,0,True,0.12
SCEN_2023_LOW_oracle_actual_S0350,350,oracle_actual,4220.0,0,0.0,22,20,0,True,0.19
SCEN_2023_LOW_oracle_actual_S0351,351,oracle_actual,4220.0,0,0.0,22,20,0,True,0.19
SCEN_2023_LOW_oracle_actual_S0352,352,oracle_actual,4220.0,0,0.0,22,20,0,True,0.12
SCEN_2023_LOW_oracle_actual_S0353,353,oracle_actual,4220.0,0,0.0,22,20,0,True,0.11
SCEN_2023_LOW_oracle_actual_S0354,354,oracle_actual,4220.0,0,0.0,22,20,0,True,0.11
SCEN_2023_LOW_oracle_actual_S0355,355,oracle_actual,4220.0,0,0.0,22,20,0,True,0.11
SCEN_2023_LOW_oracle_actual_S0356,356,oracle_actual,4220.0,0,0.0,22,20,0,True,0.11
SCEN_2023_LOW_oracle_actual_S0357,357,oracle_actual,4220.0,0,0.0,22,20,0,True,0.19
SCEN_2023_LOW_oracle_actual_S0358,358,oracle_actual,4220.0,0,0.0,22,20,0,True,0.2
SCEN_2023_LOW_oracle_actual_S0359,359,oracle_actual,4220.0,0,0.0,22,20,0,True,0.12
SCEN_2023_LOW_oracle_actual_S0360,360,oracle_actual,4220.0,0,0.0,22,20,0,True,0.11
SCEN_2023_LOW_oracle_actual_S0361,361,oracle_actual,4220.0,0,0.0,22,20,0,True,0.13
SCEN_2023_LOW_oracle_actual_S0362,362,oracle_actual,4220.0,0,0.0,22,20,0,True,0.11
SCEN_2023_LOW_oracle_actual_S0363,363,oracle_actual,4220.0,0,0.0,22,20,0,True,0.11
SCEN_2023_LOW_oracle_actual_S0364,364,oracle_actual,4220.0,0,0.0,22,20,0,True,0.11
SCEN_2023_LOW_oracle_actual_S0365,365,oracle_actual,4220.0,0,0.0,22,20,0,True,0.11
SCEN_2023_LOW_oracle_actual_S0366,366,oracle_actual,4220.0,0,0.0,22,20,0,True,0.11
SCEN_2023_LOW_oracle_actual_S0367,367,oracle_actual,4220.0,0,0.0,22,20,0,True,0.11
SCEN_2023_LOW_oracle_actual_S0368,368,oracle_actual,4220.0,0,0.0,22,20,0,True,0.11
SCEN_2023_LOW_oracle_actual_S0369,369,oracle_actual,4220.0,0,0.0,22,20,0,True,0.11
SCEN_2023_LOW_oracle_actual_S0370,370,oracle_actual,4220.0,0,0.0,22,20,0,True,0.11
SCEN_2023_LOW_oracle_actual_S0371,371,oracle_actual,4220.0,0,0.0,22,20,0,True,0.11
SCEN_2023_LOW_oracle_actual_S0372,372,oracle_actual,4220.0,0,0.0,22,20,0,True,0.11
SCEN_2023_LOW_oracle_actual_S0373,373,oracle_actual,4220.0,0,0.0,22,20,0,True,0.11
SCEN_2023_LOW_oracle_actual_S0374,374,oracle_actual,4220.0,0,0.0,22,20,0,True,0.11
SCEN_2023_LOW_oracle_actual_S0375,375,oracle_actual,4220.0,0,0.0,22,20,0,True,0.11
SCEN_2023_LOW_oracle_actual_S0376,376,oracle_actual,4220.0,0,0.0,22,20,0,True,0.11
SCEN_2023_LOW_oracle_actual_S0377,377,oracle_actual,4220.0,0,0.0,22,20,0,True,0.11
SCEN_2023_LOW_oracle_actual_S0378,378,oracle_actual,4220.0,0,0.0,22,20,0,True,0.14
SCEN_2023_LOW_oracle_actual_S0379,379,oracle_actual,4220.0,0,0.0,22,20,0,True,0.11
SCEN_2023_LOW_oracle_actual_S0380,380,oracle_actual,4220.0,0,0.0,22,20,0,True,0.11
SCEN_2023_LOW_oracle_actual_S0381,381,oracle_actual,4220.0,0,0.0,22,20,0,True,0.11
SCEN_2023_LOW_oracle_actual_S0382,382,oracle_actual,4220.0,0,0.0,22,20,0,True,0.11
SCEN_2023_LOW_oracle_actual_S0383,383,oracle_actual,4220.0,0,0.0,22,20,0,True,0.11
SCEN_2023_LOW_oracle_actual_S0384,384,oracle_actual,4220.0,0,0.0,22,20,0,True,0.11
SCEN_2023_LOW_oracle_actual_S0385,385,oracle_actual,4220.0,0,0.0,22,20,0,True,0.11
SCEN_2023_LOW_oracle_actual_S0386,386,oracle_actual,4220.0,0,0.0,22,20,0,True,0.11
SCEN_2023_LOW_oracle_actual_S0387,387,oracle_actual,4220.0,0,0.0,22,20,0,True,0.11
SCEN_2023_LOW_oracle_actual_S0388,388,oracle_actual,4220.0,0,0.0,22,20,0,True,0.11
SCEN_2023_LOW_oracle_actual_S0389,389,oracle_actual,4220.0,0,0.0,22,20,0,True,0.14
SCEN_2023_LOW_oracle_actual_S0390,390,oracle_actual,4220.0,0,0.0,22,20,0,True,0.11
SCEN_2023_LOW_oracle_actual_S0391,391,oracle_actual,4220.0,0,0.0,22,20,0,True,0.11
SCEN_2023_LOW_oracle_actual_S0392,392,oracle_actual,4220.0,0,0.0,22,20,0,True,0.11
SCEN_2023_LOW_oracle_actual_S0393,393,oracle_actual,4220.0,0,0.0,22,20,0,True,0.11
SCEN_2023_LOW_oracle_actual_S0394,394,oracle_actual,4220.0,0,0.0,22,20,0,True,0.12
SCEN_2023_LOW_oracle_actual_S0395,395,oracle_actual,4220.0,0,0.0,22,20,0,True,0.11
SCEN_2023_LOW_oracle_actual_S0396,396,oracle_actual,4220.0,0,0.0,22,20,0,True,0.11
SCEN_2023_LOW_oracle_actual_S0397,397,oracle_actual,4220.0,0,0.0,22,20,0,True,0.11
SCEN_2023_LOW_oracle_actual_S0398,398,oracle_actual,4220.0,0,0.0,22,20,0,True,0.11
SCEN_2023_LOW_oracle_actual_S0399,399,oracle_actual,4220.0,0,0.0,22,20,0,True,0.11
SCEN_2023_LOW_oracle_actual_S0400,400,oracle_actual,4220.0,0,0.0,22,20,0,True,0.13
SCEN_2023_LOW_oracle_actual_S0401,401,oracle_actual,4220.0,0,0.0,22,20,0,True,0.16
SCEN_2023_LOW_oracle_actual_S0402,402,oracle_actual,4220.0,0,0.0,22,20,0,True,0.11
SCEN_2023_LOW_oracle_actual_S0403,403,oracle_actual,4220.0,0,0.0,22,20,0,True,0.11
SCEN_2023_LOW_oracle_actual_S0404,404,oracle_actual,4220.0,0,0.0,22,20,0,True,0.11
SCEN_2023_LOW_oracle_actual_S0405,405,oracle_actual,4220.0,0,0.0,22,20,0,True,0.11
SCEN_2023_LOW_oracle_actual_S0406,406,oracle_actual,4220.0,0,0.0,22,20,0,True,0.11
SCEN_2023_LOW_oracle_actual_S0407,407,oracle_actual,4220.0,0,0.0,22,20,0,True,0.12
SCEN_2023_LOW_oracle_actual_S0408,408,oracle_actual,4220.0,0,0.0,22,20,0,True,0.11
SCEN_2023_LOW_oracle_actual_S0409,409,oracle_actual,4220.0,0,0.0,22,20,0,True,0.11
SCEN_2023_LOW_oracle_actual_S0410,410,oracle_actual,4220.0,0,0.0,22,20,0,True,0.11
SCEN_2023_LOW_oracle_actual_S0411,411,oracle_actual,4220.0,0,0.0,22,20,0,True,0.12
SCEN_2023_LOW_oracle_actual_S0412,412,oracle_actual,4220.0,0,0.0,22,20,0,True,0.11
SCEN_2023_LOW_oracle_actual_S0413,413,oracle_actual,4220.0,0,0.0,22,20,0,True,0.11
SCEN_2023_LOW_oracle_actual_S0414,414,oracle_actual,4220.0,0,0.0,22,20,0,True,0.11
SCEN_2023_LOW_oracle_actual_S0415,415,oracle_actual,4220.0,0,0.0,22,20,0,True,0.11
SCEN_2023_LOW_oracle_actual_S0416,416,oracle_actual,4220.0,0,0.0,22,20,0,True,0.13
SCEN_2023_LOW_oracle_actual_S0417,417,oracle_actual,4220.0,0,0.0,22,20,0,True,0.11
SCEN_2023_LOW_oracle_actual_S0418,418,oracle_actual,4220.0,0,0.0,22,20,0,True,0.11
SCEN_2023_LOW_oracle_actual_S0419,419,oracle_actual,4220.0,0,0.0,22,20,0,True,0.12
SCEN_2023_LOW_oracle_actual_S0420,420,oracle_actual,4220.0,0,0.0,22,20,0,True,0.11
SCEN_2023_LOW_oracle_actual_S0421,421,oracle_actual,4220.0,0,0.0,22,20,0,True,0.11
SCEN_2023_LOW_oracle_actual_S0422,422,oracle_actual,4220.0,0,0.0,22,20,0,True,0.11
SCEN_2023_LOW_oracle_actual_S0423,423,oracle_actual,4220.0,0,0.0,22,20,0,True,0.11
SCEN_2023_LOW_oracle_actual_S0424,424,oracle_actual,4220.0,0,0.0,22,20,0,True,0.11
SCEN_2023_LOW_oracle_actual_S0425,425,oracle_actual,4220.0,0,0.0,22,20,0,True,0.11
SCEN_2023_LOW_oracle_actual_S0426,426,oracle_actual,4220.0,0,0.0,22,20,0,True,0.11
SCEN_2023_LOW_oracle_actual_S0427,427,oracle_actual,4220.0,0,0.0,22,20,0,True,0.11
SCEN_2023_LOW_oracle_actual_S0428,428,oracle_actual,4220.0,0,0.0,22,20,0,True,0.11
SCEN_2023_LOW_oracle_actual_S0429,429,oracle_actual,4220.0,0,0.0,22,20,0,True,0.11
SCEN_2023_LOW_oracle_actual_S0430,430,oracle_actual,4220.0,0,0.0,22,20,0,True,0.11
SCEN_2023_LOW_oracle_actual_S0431,431,oracle_actual,4220.0,0,0.0,22,20,0,True,0.11
SCEN_2023_LOW_oracle_actual_S0432,432,oracle_actual,4220.0,0,0.0,22,20,0,True,0.11
SCEN_2023_LOW_oracle_actual_S0433,433,oracle_actual,4220.0,0,0.0,22,20,0,True,0.11
SCEN_2023_LOW_oracle_actual_S0434,434,oracle_actual,4220.0,0,0.0,22,20,0,True,0.11
SCEN_2023_LOW_oracle_actual_S0435,435,oracle_actual,4220.0,0,0.0,22,20,0,True,0.11
SCEN_2023_LOW_oracle_actual_S0436,436,oracle_actual,4220.0,0,0.0,22,20,0,True,0.11
SCEN_2023_LOW_oracle_actual_S0437,437,oracle_actual,4220.0,0,0.0,22,20,0,True,0.11
SCEN_2023_LOW_oracle_actual_S0438,438,oracle_actual,4220.0,0,0.0,22,20,0,True,0.11
SCEN_2023_LOW_oracle_actual_S0439,439,oracle_actual,4220.0,0,0.0,22,20,0,True,0.11
SCEN_2023_LOW_oracle_actual_S0440,440,oracle_actual,4220.0,0,0.0,22,20,0,True,0.11
SCEN_2023_LOW_oracle_actual_S0441,441,oracle_actual,4220.0,0,0.0,22,20,0,True,0.11
SCEN_2023_LOW_oracle_actual_S0442,442,oracle_actual,4220.0,0,0.0,22,20,0,True,0.11
SCEN_2023_LOW_oracle_actual_S0443,443,oracle_actual,4220.0,0,0.0,22,20,0,True,0.13
SCEN_2023_LOW_oracle_actual_S0444,444,oracle_actual,4220.0,0,0.0,22,20,0,True,0.11
SCEN_2023_LOW_oracle_actual_S0445,445,oracle_actual,4220.0,0,0.0,22,20,0,True,0.11
SCEN_2023_LOW_oracle_actual_S0446,446,oracle_actual,4220.0,0,0.0,22,20,0,True,0.11
SCEN_2023_LOW_oracle_actual_S0447,447,oracle_actual,4220.0,0,0.0,22,20,0,True,0.11
SCEN_2023_LOW_oracle_actual_S0448,448,oracle_actual,4220.0,0,0.0,22,20,0,True,0.11
SCEN_2023_LOW_oracle_actual_S0449,449,oracle_actual,4220.0,0,0.0,22,20,0,True,0.11
SCEN_2023_LOW_oracle_actual_S0450,450,oracle_actual,4220.0,0,0.0,22,20,0,True,0.11
SCEN_2023_LOW_oracle_actual_S0451,451,oracle_actual,4220.0,0,0.0,22,20,0,True,0.11
SCEN_2023_LOW_oracle_actual_S0452,452,oracle_actual,4220.0,0,0.0,22,20,0,True,0.11
SCEN_2023_LOW_oracle_actual_S0453,453,oracle_actual,4220.0,0,0.0,22,20,0,True,0.11
SCEN_2023_LOW_oracle_actual_S0454,454,oracle_actual,4220.0,0,0.0,22,20,0,True,0.13
SCEN_2023_LOW_oracle_actual_S0455,455,oracle_actual,4220.0,0,0.0,22,20,0,True,0.11
SCEN_2023_LOW_oracle_actual_S0456,456,oracle_actual,4220.0,0,0.0,22,20,0,True,0.11
SCEN_2023_LOW_oracle_actual_S0457,457,oracle_actual,4220.0,0,0.0,22,20,0,True,0.11
SCEN_2023_LOW_oracle_actual_S0458,458,oracle_actual,4220.0,0,0.0,22,20,0,True,0.11
SCEN_2023_LOW_oracle_actual_S0459,459,oracle_actual,4220.0,0,0.0,22,20,0,True,0.11
SCEN_2023_LOW_oracle_actual_S0460,460,oracle_actual,4220.0,0,0.0,22,20,0,True,0.13
SCEN_2023_LOW_oracle_actual_S0461,461,oracle_actual,4220.0,0,0.0,22,20,0,True,0.11
SCEN_2023_LOW_oracle_actual_S0462,462,oracle_actual,4220.0,0,0.0,22,20,0,True,0.11
SCEN_2023_LOW_oracle_actual_S0463,463,oracle_actual,4220.0,0,0.0,22,20,0,True,0.12
SCEN_2023_LOW_oracle_actual_S0464,464,oracle_actual,4220.0,0,0.0,22,20,0,True,0.11
SCEN_2023_LOW_oracle_actual_S0465,465,oracle_actual,4220.0,0,0.0,22,20,0,True,0.11
SCEN_2023_LOW_oracle_actual_S0466,466,oracle_actual,4220.0,0,0.0,22,20,0,True,0.11
SCEN_2023_LOW_oracle_actual_S0467,467,oracle_actual,4220.0,0,0.0,22,20,0,True,0.11
SCEN_2023_LOW_oracle_actual_S0468,468,oracle_actual,4220.0,0,0.0,22,20,0,True,0.11
SCEN_2023_LOW_oracle_actual_S0469,469,oracle_actual,4220.0,0,0.0,22,20,0,True,0.11
SCEN_2023_LOW_oracle_actual_S0470,470,oracle_actual,4220.0,0,0.0,22,20,0,True,0.11
SCEN_2023_LOW_oracle_actual_S0471,471,oracle_actual,4220.0,0,0.0,22,20,0,True,0.11
SCEN_2023_LOW_oracle_actual_S0472,472,oracle_actual,4220.0,0,0.0,22,20,0,True,0.11
SCEN_2023_LOW_oracle_actual_S0473,473,oracle_actual,4220.0,0,0.0,22,20,0,True,0.11
SCEN_2023_LOW_oracle_actual_S0474,474,oracle_actual,4220.0,0,0.0,22,20,0,True,0.11
SCEN_2023_LOW_oracle_actual_S0475,475,oracle_actual,4220.0,0,0.0,22,20,0,True,0.11
SCEN_2023_LOW_oracle_actual_S0476,476,oracle_actual,4220.0,0,0.0,22,20,0,True,0.13
SCEN_2023_LOW_oracle_actual_S0477,477,oracle_actual,4220.0,0,0.0,22,20,0,True,0.11
SCEN_2023_LOW_oracle_actual_S0478,478,oracle_actual,4220.0,0,0.0,22,20,0,True,0.11
SCEN_2023_LOW_oracle_actual_S0479,479,oracle_actual,4220.0,0,0.0,22,20,0,True,0.11
SCEN_2023_LOW_oracle_actual_S0480,480,oracle_actual,4220.0,0,0.0,22,20,0,True,0.11
SCEN_2023_LOW_oracle_actual_S0481,481,oracle_actual,4220.0,0,0.0,22,20,0,True,0.11
SCEN_2023_LOW_oracle_actual_S0482,482,oracle_actual,4220.0,0,0.0,22,20,0,True,0.11
SCEN_2023_LOW_oracle_actual_S0483,483,oracle_actual,4220.0,0,0.0,22,20,0,True,0.11
SCEN_2023_LOW_oracle_actual_S0484,484,oracle_actual,4220.0,0,0.0,22,20,0,True,0.11
SCEN_2023_LOW_oracle_actual_S0485,485,oracle_actual,4220.0,0,0.0,22,20,0,True,0.11
SCEN_2023_LOW_oracle_actual_S0486,486,oracle_actual,4220.0,0,0.0,22,20,0,True,0.11
SCEN_2023_LOW_oracle_actual_S0487,487,oracle_actual,4220.0,0,0.0,22,20,0,True,0.11
SCEN_2023_LOW_oracle_actual_S0488,488,oracle_actual,4220.0,0,0.0,22,20,0,True,0.11
SCEN_2023_LOW_oracle_actual_S0489,489,oracle_actual,4220.0,0,0.0,22,20,0,True,0.11
SCEN_2023_LOW_oracle_actual_S0490,490,oracle_actual,4220.0,0,0.0,22,20,0,True,0.11
SCEN_2023_LOW_oracle_actual_S0491,491,oracle_actual,4220.0,0,0.0,22,20,0,True,0.11
SCEN_2023_LOW_oracle_actual_S0492,492,oracle_actual,4220.0,0,0.0,22,20,0,True,0.11
SCEN_2023_LOW_oracle_actual_S0493,493,oracle_actual,4220.0,0,0.0,22,20,0,True,0.11
SCEN_2023_LOW_oracle_actual_S0494,494,oracle_actual,4220.0,0,0.0,22,20,0,True,0.11
SCEN_2023_LOW_oracle_actual_S0495,495,oracle_actual,4220.0,0,0.0,22,20,0,True,0.11
SCEN_2023_LOW_oracle_actual_S0496,496,oracle_actual,4220.0,0,0.0,22,20,0,True,0.11
SCEN_2023_LOW_oracle_actual_S0497,497,oracle_actual,4220.0,0,0.0,22,20,0,True,0.11
SCEN_2023_LOW_oracle_actual_S0498,498,oracle_actual,4220.0,0,0.0,22,20,0,True,0.11
SCEN_2023_LOW_oracle_actual_S0499,499,oracle_actual,4220.0,0,0.0,22,20,0,True,0.11
SCEN_2023_LOW_oracle_actual_S0500,500,oracle_actual,4220.0,0,0.0,22,20,0,True,0.11
SCEN_2023_LOW_oracle_actual_S0501,501,oracle_actual,4220.0,0,0.0,22,20,0,True,0.12
SCEN_2023_LOW_oracle_actual_S0502,502,oracle_actual,4220.0,0,0.0,22,20,0,True,0.11
SCEN_2023_LOW_oracle_actual_S0503,503,oracle_actual,4220.0,0,0.0,22,20,0,True,0.11
SCEN_2023_LOW_oracle_actual_S0504,504,oracle_actual,4220.0,0,0.0,22,20,0,True,0.13
SCEN_2023_LOW_oracle_actual_S0505,505,oracle_actual,4220.0,0,0.0,22,20,0,True,0.12
SCEN_2023_LOW_oracle_actual_S0506,506,oracle_actual,4220.0,0,0.0,22,20,0,True,0.12
SCEN_2023_LOW_oracle_actual_S0507,507,oracle_actual,4220.0,0,0.0,22,20,0,True,0.11
SCEN_2023_LOW_oracle_actual_S0508,508,oracle_actual,4220.0,0,0.0,22,20,0,True,0.11
SCEN_2023_LOW_oracle_actual_S0509,509,oracle_actual,4220.0,0,0.0,22,20,0,True,0.11
SCEN_2023_LOW_oracle_actual_S0510,510,oracle_actual,4220.0,0,0.0,22,20,0,True,0.11
SCEN_2023_LOW_oracle_actual_S0511,511,oracle_actual,4220.0,0,0.0,22,20,0,True,0.11
SCEN_2023_LOW_oracle_actual_S0512,512,oracle_actual,4220.0,0,0.0,22,20,0,True,0.11
SCEN_2023_LOW_oracle_actual_S0513,513,oracle_actual,4220.0,0,0.0,22,20,0,True,0.11
SCEN_2023_LOW_oracle_actual_S0514,514,oracle_actual,4220.0,0,0.0,22,20,0,True,0.11
SCEN_2023_LOW_oracle_actual_S0515,515,oracle_actual,4220.0,0,0.0,22,20,0,True,0.11
SCEN_2023_LOW_oracle_actual_S0516,516,oracle_actual,4220.0,0,0.0,22,20,0,True,0.11
SCEN_2023_LOW_oracle_actual_S0517,517,oracle_actual,4220.0,0,0.0,22,20,0,True,0.11
SCEN_2023_LOW_oracle_actual_S0518,518,oracle_actual,4220.0,0,0.0,22,20,0,True,0.11
SCEN_2023_LOW_oracle_actual_S0519,519,oracle_actual,4220.0,0,0.0,22,20,0,True,0.11
SCEN_2023_LOW_oracle_actual_S0520,520,oracle_actual,4220.0,0,0.0,22,20,0,True,0.11
SCEN_2023_LOW_oracle_actual_S0521,521,oracle_actual,4220.0,0,0.0,22,20,0,True,0.11
SCEN_2023_LOW_oracle_actual_S0522,522,oracle_actual,4220.0,0,0.0,22,20,0,True,0.11
SCEN_2023_LOW_oracle_actual_S0523,523,oracle_actual,4220.0,0,0.0,22,20,0,True,0.11
SCEN_2023_LOW_oracle_actual_S0524,524,oracle_actual,4220.0,0,0.0,22,20,0,True,0.11
SCEN_2023_LOW_oracle_actual_S0525,525,oracle_actual,4220.0,0,0.0,22,20,0,True,0.11
SCEN_2023_LOW_oracle_actual_S0526,526,oracle_actual,4220.0,0,0.0,22,20,0,True,0.11
SCEN_2023_LOW_oracle_actual_S0527,527,oracle_actual,4220.0,0,0.0,22,20,0,True,0.11
SCEN_2023_LOW_oracle_actual_S0528,528,oracle_actual,4220.0,0,0.0,22,20,0,True,0.11
SCEN_2023_LOW_oracle_actual_S0529,529,oracle_actual,4220.0,0,0.0,22,20,0,True,0.11
SCEN_2023_LOW_oracle_actual_S0530,530,oracle_actual,4220.0,0,0.0,22,20,0,True,0.11
SCEN_2023_LOW_oracle_actual_S0531,531,oracle_actual,4220.0,0,0.0,22,20,0,True,0.11
SCEN_2023_LOW_oracle_actual_S0532,532,oracle_actual,4220.0,0,0.0,22,20,0,True,0.11
SCEN_2023_LOW_oracle_actual_S0533,533,oracle_actual,4220.0,0,0.0,22,20,0,True,0.12
SCEN_2023_LOW_oracle_actual_S0534,534,oracle_actual,4220.0,0,0.0,22,20,0,True,0.11
SCEN_2023_LOW_oracle_actual_S0535,535,oracle_actual,4220.0,0,0.0,22,20,0,True,0.11
SCEN_2023_LOW_oracle_actual_S0536,536,oracle_actual,4220.0,0,0.0,22,20,0,True,0.11
SCEN_2023_LOW_oracle_actual_S0537,537,oracle_actual,4220.0,0,0.0,22,20,0,True,0.11
SCEN_2023_LOW_oracle_actual_S0538,538,oracle_actual,4220.0,0,0.0,22,20,0,True,0.11
SCEN_2023_LOW_oracle_actual_S0539,539,oracle_actual,4220.0,0,0.0,22,20,0,True,0.11
SCEN_2023_LOW_oracle_actual_S0540,540,oracle_actual,4220.0,0,0.0,22,20,0,True,0.11
SCEN_2023_LOW_oracle_actual_S0541,541,oracle_actual,4220.0,0,0.0,22,20,0,True,0.11
SCEN_2023_LOW_oracle_actual_S0542,542,oracle_actual,4220.0,0,0.0,22,20,0,True,0.11
SCEN_2023_LOW_oracle_actual_S0543,543,oracle_actual,4220.0,0,0.0,22,20,0,True,0.11
SCEN_2023_LOW_oracle_actual_S0544,544,oracle_actual,4220.0,0,0.0,22,20,0,True,0.11
SCEN_2023_LOW_oracle_actual_S0545,545,oracle_actual,4220.0,0,0.0,22,20,0,True,0.14
SCEN_2023_LOW_oracle_actual_S0546,546,oracle_actual,4220.0,0,0.0,22,20,0,True,0.11
SCEN_2023_LOW_oracle_actual_S0547,547,oracle_actual,4220.0,0,0.0,22,20,0,True,0.11
SCEN_2023_LOW_oracle_actual_S0548,548,oracle_actual,4220.0,0,0.0,22,20,0,True,0.13
SCEN_2023_LOW_oracle_actual_S0549,549,oracle_actual,4220.0,0,0.0,22,20,0,True,0.11
SCEN_2023_LOW_oracle_actual_S0550,550,oracle_actual,4220.0,0,0.0,22,20,0,True,0.11
SCEN_2023_LOW_oracle_actual_S0551,551,oracle_actual,4220.0,0,0.0,22,20,0,True,0.13
SCEN_2023_LOW_oracle_actual_S0552,552,oracle_actual,4220.0,0,0.0,22,20,0,True,0.11
SCEN_2023_LOW_oracle_actual_S0553,553,oracle_actual,4220.0,0,0.0,22,20,0,True,0.11
SCEN_2023_LOW_oracle_actual_S0554,554,oracle_actual,4220.0,0,0.0,22,20,0,True,0.11
SCEN_2023_LOW_oracle_actual_S0555,555,oracle_actual,4220.0,0,0.0,22,20,0,True,0.11
SCEN_2023_LOW_oracle_actual_S0556,556,oracle_actual,4220.0,0,0.0,22,20,0,True,0.12
SCEN_2023_LOW_oracle_actual_S0557,557,oracle_actual,4220.0,0,0.0,22,20,0,True,0.11
SCEN_2023_LOW_oracle_actual_S0558,558,oracle_actual,4220.0,0,0.0,22,20,0,True,0.11
SCEN_2023_LOW_oracle_actual_S0559,559,oracle_actual,4220.0,0,0.0,22,20,0,True,0.13
SCEN_2023_LOW_oracle_actual_S0560,560,oracle_actual,4220.0,0,0.0,22,20,0,True,0.11
SCEN_2023_LOW_oracle_actual_S0561,561,oracle_actual,4220.0,0,0.0,22,20,0,True,0.11
SCEN_2023_LOW_oracle_actual_S0562,562,oracle_actual,4220.0,0,0.0,22,20,0,True,0.11
SCEN_2023_LOW_oracle_actual_S0563,563,oracle_actual,4220.0,0,0.0,22,20,0,True,0.11
SCEN_2023_LOW_oracle_actual_S0564,564,oracle_actual,4220.0,0,0.0,22,20,0,True,0.11
SCEN_2023_LOW_oracle_actual_S0565,565,oracle_actual,4220.0,0,0.0,22,20,0,True,0.11
SCEN_2023_LOW_oracle_actual_S0566,566,oracle_actual,4220.0,0,0.0,22,20,0,True,0.11
SCEN_2023_LOW_oracle_actual_S0567,567,oracle_actual,4220.0,0,0.0,22,20,0,True,0.11
SCEN_2023_LOW_oracle_actual_S0568,568,oracle_actual,4220.0,0,0.0,22,20,0,True,0.11
SCEN_2023_LOW_oracle_actual_S0569,569,oracle_actual,4220.0,0,0.0,22,20,0,True,0.11
SCEN_2023_LOW_oracle_actual_S0570,570,oracle_actual,4220.0,0,0.0,22,20,0,True,0.11
SCEN_2023_LOW_oracle_actual_S0571,571,oracle_actual,4220.0,0,0.0,22,20,0,True,0.11
SCEN_2023_LOW_oracle_actual_S0572,572,oracle_actual,4220.0,0,0.0,22,20,0,True,0.11
SCEN_2023_LOW_oracle_actual_S0573,573,oracle_actual,4220.0,0,0.0,22,20,0,True,0.11
SCEN_2023_LOW_oracle_actual_S0574,574,oracle_actual,4220.0,0,0.0,22,20,0,True,0.14
SCEN_2023_LOW_oracle_actual_S0575,575,oracle_actual,4220.0,0,0.0,22,20,0,True,0.11
SCEN_2023_LOW_oracle_actual_S0576,576,oracle_actual,4220.0,0,0.0,22,20,0,True,0.11
SCEN_2023_LOW_oracle_actual_S0577,577,oracle_actual,4220.0,0,0.0,22,20,0,True,0.11
SCEN_2023_LOW_oracle_actual_S0578,578,oracle_actual,4220.0,0,0.0,22,20,0,True,0.11
SCEN_2023_LOW_oracle_actual_S0579,579,oracle_actual,4220.0,0,0.0,22,20,0,True,0.11
SCEN_2023_LOW_oracle_actual_S0580,580,oracle_actual,4220.0,0,0.0,22,20,0,True,0.11
SCEN_2023_LOW_oracle_actual_S0581,581,oracle_actual,4220.0,0,0.0,22,20,0,True,0.11
SCEN_2023_LOW_oracle_actual_S0582,582,oracle_actual,4220.0,0,0.0,22,20,0,True,0.11
SCEN_2023_LOW_oracle_actual_S0583,583,oracle_actual,4220.0,0,0.0,22,20,0,True,0.11
SCEN_2023_LOW_oracle_actual_S0584,584,oracle_actual,4220.0,0,0.0,22,20,0,True,0.11
SCEN_2023_LOW_oracle_actual_S0585,585,oracle_actual,4220.0,0,0.0,22,20,0,True,0.14
SCEN_2023_LOW_oracle_actual_S0586,586,oracle_actual,4220.0,0,0.0,22,20,0,True,0.11
SCEN_2023_LOW_oracle_actual_S0587,587,oracle_actual,4220.0,0,0.0,22,20,0,True,0.11
SCEN_2023_LOW_oracle_actual_S0588,588,oracle_actual,4220.0,0,0.0,22,20,0,True,0.11
SCEN_2023_LOW_oracle_actual_S0589,589,oracle_actual,4220.0,0,0.0,22,20,0,True,0.11
SCEN_2023_LOW_oracle_actual_S0590,590,oracle_actual,4220.0,0,0.0,22,20,0,True,0.11
SCEN_2023_LOW_oracle_actual_S0591,591,oracle_actual,4220.0,0,0.0,22,20,0,True,0.11
SCEN_2023_LOW_oracle_actual_S0592,592,oracle_actual,4220.0,0,0.0,22,20,0,True,0.11
SCEN_2023_LOW_oracle_actual_S0593,593,oracle_actual,4220.0,0,0.0,22,20,0,True,0.11
SCEN_2023_LOW_oracle_actual_S0594,594,oracle_actual,4220.0,0,0.0,22,20,0,True,0.11
SCEN_2023_LOW_oracle_actual_S0595,595,oracle_actual,4220.0,0,0.0,22,20,0,True,0.11
SCEN_2023_LOW_oracle_actual_S0596,596,oracle_actual,4220.0,0,0.0,22,20,0,True,0.14
SCEN_2023_LOW_oracle_actual_S0597,597,oracle_actual,4220.0,0,0.0,22,20,0,True,0.11
SCEN_2023_LOW_oracle_actual_S0598,598,oracle_actual,4220.0,0,0.0,22,20,0,True,0.11
SCEN_2023_LOW_oracle_actual_S0599,599,oracle_actual,4220.0,0,0.0,22,20,0,True,0.11
SCEN_2023_LOW_oracle_actual_S0600,600,oracle_actual,4220.0,0,0.0,22,20,0,True,0.11
SCEN_2023_LOW_oracle_actual_S0601,601,oracle_actual,4220.0,0,0.0,22,20,0,True,0.11
SCEN_2023_LOW_oracle_actual_S0602,602,oracle_actual,4220.0,0,0.0,22,20,0,True,0.11
SCEN_2023_LOW_oracle_actual_S0603,603,oracle_actual,4220.0,0,0.0,22,20,0,True,0.13
SCEN_2023_LOW_oracle_actual_S0604,604,oracle_actual,4220.0,0,0.0,22,20,0,True,0.11
SCEN_2023_LOW_oracle_actual_S0605,605,oracle_actual,4220.0,0,0.0,22,20,0,True,0.11
SCEN_2023_LOW_oracle_actual_S0606,606,oracle_actual,4220.0,0,0.0,22,20,0,True,0.13
SCEN_2023_LOW_oracle_actual_S0607,607,oracle_actual,4220.0,0,0.0,22,20,0,True,0.15
SCEN_2023_LOW_oracle_actual_S0608,608,oracle_actual,4220.0,0,0.0,22,20,0,True,0.21
SCEN_2023_LOW_oracle_actual_S0609,609,oracle_actual,4220.0,0,0.0,22,20,0,True,0.11
SCEN_2023_LOW_oracle_actual_S0610,610,oracle_actual,4220.0,0,0.0,22,20,0,True,0.11
SCEN_2023_LOW_oracle_actual_S0611,611,oracle_actual,4220.0,0,0.0,22,20,0,True,0.21
SCEN_2023_LOW_oracle_actual_S0612,612,oracle_actual,4220.0,0,0.0,22,20,0,True,0.11
SCEN_2023_LOW_oracle_actual_S0613,613,oracle_actual,4220.0,0,0.0,22,20,0,True,0.12
SCEN_2023_LOW_oracle_actual_S0614,614,oracle_actual,4220.0,0,0.0,22,20,0,True,0.11
SCEN_2023_LOW_oracle_actual_S0615,615,oracle_actual,4220.0,0,0.0,22,20,0,True,0.11
SCEN_2023_LOW_oracle_actual_S0616,616,oracle_actual,4220.0,0,0.0,22,20,0,True,0.11
SCEN_2023_LOW_oracle_actual_S0617,617,oracle_actual,4220.0,0,0.0,22,20,0,True,0.11
SCEN_2023_LOW_oracle_actual_S0618,618,oracle_actual,4220.0,0,0.0,22,20,0,True,0.11
SCEN_2023_LOW_oracle_actual_S0619,619,oracle_actual,4220.0,0,0.0,22,20,0,True,0.13
SCEN_2023_LOW_oracle_actual_S0620,620,oracle_actual,4220.0,0,0.0,22,20,0,True,0.11
SCEN_2023_LOW_oracle_actual_S0621,621,oracle_actual,4220.0,0,0.0,22,20,0,True,0.12
SCEN_2023_LOW_oracle_actual_S0622,622,oracle_actual,4220.0,0,0.0,22,20,0,True,0.11
SCEN_2023_LOW_oracle_actual_S0623,623,oracle_actual,4220.0,0,0.0,22,20,0,True,0.11
SCEN_2023_LOW_oracle_actual_S0624,624,oracle_actual,4220.0,0,0.0,22,20,0,True,0.11
SCEN_2023_LOW_oracle_actual_S0625,625,oracle_actual,4220.0,0,0.0,22,20,0,True,0.12
SCEN_2023_LOW_oracle_actual_S0626,626,oracle_actual,4220.0,0,0.0,22,20,0,True,0.11
SCEN_2023_LOW_oracle_actual_S0627,627,oracle_actual,4220.0,0,0.0,22,20,0,True,0.11
SCEN_2023_LOW_oracle_actual_S0628,628,oracle_actual,4220.0,0,0.0,22,20,0,True,0.11
SCEN_2023_LOW_oracle_actual_S0629,629,oracle_actual,4220.0,0,0.0,22,20,0,True,0.11
SCEN_2023_LOW_oracle_actual_S0630,630,oracle_actual,4220.0,0,0.0,22,20,0,True,0.12
SCEN_2023_LOW_oracle_actual_S0631,631,oracle_actual,4220.0,0,0.0,22,20,0,True,0.11
SCEN_2023_LOW_oracle_actual_S0632,632,oracle_actual,4220.0,0,0.0,22,20,0,True,0.11
SCEN_2023_LOW_oracle_actual_S0633,633,oracle_actual,4220.0,0,0.0,22,20,0,True,0.11
SCEN_2023_LOW_oracle_actual_S0634,634,oracle_actual,4220.0,0,0.0,22,20,0,True,0.11
SCEN_2023_LOW_oracle_actual_S0635,635,oracle_actual,4220.0,0,0.0,22,20,0,True,0.12
SCEN_2023_LOW_oracle_actual_S0636,636,oracle_actual,4220.0,0,0.0,22,20,0,True,0.11
SCEN_2023_LOW_oracle_actual_S0637,637,oracle_actual,4220.0,0,0.0,22,20,0,True,0.11
SCEN_2023_LOW_oracle_actual_S0638,638,oracle_actual,4220.0,0,0.0,22,20,0,True,0.11
SCEN_2023_LOW_oracle_actual_S0639,639,oracle_actual,4220.0,0,0.0,22,20,0,True,0.13
SCEN_2023_LOW_oracle_actual_S0640,640,oracle_actual,4220.0,0,0.0,22,20,0,True,0.18
SCEN_2023_LOW_oracle_actual_S0641,641,oracle_actual,4220.0,0,0.0,22,20,0,True,0.12
SCEN_2023_LOW_oracle_actual_S0642,642,oracle_actual,4220.0,0,0.0,22,20,0,True,0.11
SCEN_2023_LOW_oracle_actual_S0643,643,oracle_actual,4220.0,0,0.0,22,20,0,True,0.11
SCEN_2023_LOW_oracle_actual_S0644,644,oracle_actual,4220.0,0,0.0,22,20,0,True,0.11
SCEN_2023_LOW_oracle_actual_S0645,645,oracle_actual,4220.0,0,0.0,22,20,0,True,0.11
SCEN_2023_LOW_oracle_actual_S0646,646,oracle_actual,4220.0,0,0.0,22,20,0,True,0.11
SCEN_2023_LOW_oracle_actual_S0647,647,oracle_actual,4220.0,0,0.0,22,20,0,True,0.11
SCEN_2023_LOW_oracle_actual_S0648,648,oracle_actual,4220.0,0,0.0,22,20,0,True,0.11
SCEN_2023_LOW_oracle_actual_S0649,649,oracle_actual,4220.0,0,0.0,22,20,0,True,0.11
SCEN_2023_LOW_oracle_actual_S0650,650,oracle_actual,4220.0,0,0.0,22,20,0,True,0.11
SCEN_2023_LOW_oracle_actual_S0651,651,oracle_actual,4220.0,0,0.0,22,20,0,True,0.11
SCEN_2023_LOW_oracle_actual_S0652,652,oracle_actual,4220.0,0,0.0,22,20,0,True,0.11
SCEN_2023_LOW_oracle_actual_S0653,653,oracle_actual,4220.0,0,0.0,22,20,0,True,0.11
SCEN_2023_LOW_oracle_actual_S0654,654,oracle_actual,4220.0,0,0.0,22,20,0,True,0.11
SCEN_2023_LOW_oracle_actual_S0655,655,oracle_actual,4220.0,0,0.0,22,20,0,True,0.11
SCEN_2023_LOW_oracle_actual_S0656,656,oracle_actual,4220.0,0,0.0,22,20,0,True,0.12
SCEN_2023_LOW_oracle_actual_S0657,657,oracle_actual,4220.0,0,0.0,22,20,0,True,0.11
SCEN_2023_LOW_oracle_actual_S0658,658,oracle_actual,4220.0,0,0.0,22,20,0,True,0.12
SCEN_2023_LOW_oracle_actual_S0659,659,oracle_actual,4220.0,0,0.0,22,20,0,True,0.12
SCEN_2023_LOW_oracle_actual_S0660,660,oracle_actual,4220.0,0,0.0,22,20,0,True,0.19
SCEN_2023_LOW_oracle_actual_S0661,661,oracle_actual,4220.0,0,0.0,22,20,0,True,0.12
SCEN_2023_LOW_oracle_actual_S0662,662,oracle_actual,4220.0,0,0.0,22,20,0,True,0.11
SCEN_2023_LOW_oracle_actual_S0663,663,oracle_actual,4220.0,0,0.0,22,20,0,True,0.11
SCEN_2023_LOW_oracle_actual_S0664,664,oracle_actual,4220.0,0,0.0,22,20,0,True,0.11
SCEN_2023_LOW_oracle_actual_S0665,665,oracle_actual,4220.0,0,0.0,22,20,0,True,0.11
SCEN_2023_LOW_oracle_actual_S0666,666,oracle_actual,4220.0,0,0.0,22,20,0,True,0.12
SCEN_2023_LOW_oracle_actual_S0667,667,oracle_actual,4220.0,0,0.0,22,20,0,True,0.11
SCEN_2023_LOW_oracle_actual_S0668,668,oracle_actual,4220.0,0,0.0,22,20,0,True,0.2
SCEN_2023_LOW_oracle_actual_S0669,669,oracle_actual,4220.0,0,0.0,22,20,0,True,0.11
SCEN_2023_LOW_oracle_actual_S0670,670,oracle_actual,4220.0,0,0.0,22,20,0,True,0.11
SCEN_2023_LOW_oracle_actual_S0671,671,oracle_actual,4220.0,0,0.0,22,20,0,True,0.11
SCEN_2023_LOW_oracle_actual_S0672,672,oracle_actual,4220.0,0,0.0,22,20,0,True,0.11
SCEN_2023_LOW_oracle_actual_S0673,673,oracle_actual,4220.0,0,0.0,22,20,0,True,0.11
SCEN_2023_LOW_oracle_actual_S0674,674,oracle_actual,4220.0,0,0.0,22,20,0,True,0.11
SCEN_2023_LOW_oracle_actual_S0675,675,oracle_actual,4220.0,0,0.0,22,20,0,True,0.11
SCEN_2023_LOW_oracle_actual_S0676,676,oracle_actual,4220.0,0,0.0,22,20,0,True,0.11
SCEN_2023_LOW_oracle_actual_S0677,677,oracle_actual,4220.0,0,0.0,22,20,0,True,0.11
SCEN_2023_LOW_oracle_actual_S0678,678,oracle_actual,4220.0,0,0.0,22,20,0,True,0.11
SCEN_2023_LOW_oracle_actual_S0679,679,oracle_actual,4220.0,0,0.0,22,20,0,True,0.11
SCEN_2023_LOW_oracle_actual_S0680,680,oracle_actual,4220.0,0,0.0,22,20,0,True,0.11
SCEN_2023_LOW_oracle_actual_S0681,681,oracle_actual,4220.0,0,0.0,22,20,0,True,0.11
SCEN_2023_LOW_oracle_actual_S0682,682,oracle_actual,4220.0,0,0.0,22,20,0,True,0.12
SCEN_2023_LOW_oracle_actual_S0683,683,oracle_actual,4220.0,0,0.0,22,20,0,True,0.11
SCEN_2023_LOW_oracle_actual_S0684,684,oracle_actual,4220.0,0,0.0,22,20,0,True,0.11
SCEN_2023_LOW_oracle_actual_S0685,685,oracle_actual,4220.0,0,0.0,22,20,0,True,0.11
SCEN_2023_LOW_oracle_actual_S0686,686,oracle_actual,4220.0,0,0.0,22,20,0,True,0.11
SCEN_2023_LOW_oracle_actual_S0687,687,oracle_actual,4220.0,0,0.0,22,20,0,True,0.11
SCEN_2023_LOW_oracle_actual_S0688,688,oracle_actual,4220.0,0,0.0,22,20,0,True,0.11
SCEN_2023_LOW_oracle_actual_S0689,689,oracle_actual,4220.0,0,0.0,22,20,0,True,0.11
SCEN_2023_LOW_oracle_actual_S0690,690,oracle_actual,4220.0,0,0.0,22,20,0,True,0.12
SCEN_2023_LOW_oracle_actual_S0691,691,oracle_actual,4220.0,0,0.0,22,20,0,True,0.11
SCEN_2023_LOW_oracle_actual_S0692,692,oracle_actual,4220.0,0,0.0,22,20,0,True,0.11
SCEN_2023_LOW_oracle_actual_S0693,693,oracle_actual,4220.0,0,0.0,22,20,0,True,0.11
SCEN_2023_LOW_oracle_actual_S0694,694,oracle_actual,4220.0,0,0.0,22,20,0,True,0.11
SCEN_2023_LOW_oracle_actual_S0695,695,oracle_actual,4220.0,0,0.0,22,20,0,True,0.12
SCEN_2023_LOW_oracle_actual_S0696,696,oracle_actual,4220.0,0,0.0,22,20,0,True,0.11
SCEN_2023_LOW_oracle_actual_S0697,697,oracle_actual,4220.0,0,0.0,22,20,0,True,0.11
SCEN_2023_LOW_oracle_actual_S0698,698,oracle_actual,4220.0,0,0.0,22,20,0,True,0.11
SCEN_2023_LOW_oracle_actual_S0699,699,oracle_actual,4220.0,0,0.0,22,20,0,True,0.11
SCEN_2023_LOW_oracle_actual_S0700,700,oracle_actual,4220.0,0,0.0,22,20,0,True,0.11
SCEN_2023_LOW_oracle_actual_S0701,701,oracle_actual,4220.0,0,0.0,22,20,0,True,0.11
SCEN_2023_LOW_oracle_actual_S0702,702,oracle_actual,4220.0,0,0.0,22,20,0,True,0.11
SCEN_2023_LOW_oracle_actual_S0703,703,oracle_actual,4220.0,0,0.0,22,20,0,True,0.11
SCEN_2023_LOW_oracle_actual_S0704,704,oracle_actual,4220.0,0,0.0,22,20,0,True,0.12
SCEN_2023_LOW_oracle_actual_S0705,705,oracle_actual,4220.0,0,0.0,22,20,0,True,0.11
SCEN_2023_LOW_oracle_actual_S0706,706,oracle_actual,4220.0,0,0.0,22,20,0,True,0.13
SCEN_2023_LOW_oracle_actual_S0707,707,oracle_actual,4220.0,0,0.0,22,20,0,True,0.11
SCEN_2023_LOW_oracle_actual_S0708,708,oracle_actual,4220.0,0,0.0,22,20,0,True,0.13
SCEN_2023_LOW_oracle_actual_S0709,709,oracle_actual,4220.0,0,0.0,22,20,0,True,0.11
SCEN_2023_LOW_oracle_actual_S0710,710,oracle_actual,4220.0,0,0.0,22,20,0,True,0.11
SCEN_2023_LOW_oracle_actual_S0711,711,oracle_actual,4220.0,0,0.0,22,20,0,True,0.11
SCEN_2023_LOW_oracle_actual_S0712,712,oracle_actual,4220.0,0,0.0,22,20,0,True,0.11
SCEN_2023_LOW_oracle_actual_S0713,713,oracle_actual,4220.0,0,0.0,22,20,0,True,0.11
SCEN_2023_LOW_oracle_actual_S0714,714,oracle_actual,4220.0,0,0.0,22,20,0,True,0.11
SCEN_2023_LOW_oracle_actual_S0715,715,oracle_actual,4220.0,0,0.0,22,20,0,True,0.11
SCEN_2023_LOW_oracle_actual_S0716,716,oracle_actual,4220.0,0,0.0,22,20,0,True,0.11
SCEN_2023_LOW_oracle_actual_S0717,717,oracle_actual,4220.0,0,0.0,22,20,0,True,0.11
SCEN_2023_LOW_oracle_actual_S0718,718,oracle_actual,4220.0,0,0.0,22,20,0,True,0.11
SCEN_2023_LOW_oracle_actual_S0719,719,oracle_actual,4220.0,0,0.0,22,20,0,True,0.13
SCEN_2023_LOW_oracle_actual_S0720,720,oracle_actual,4220.0,0,0.0,22,20,0,True,0.11
SCEN_2023_LOW_oracle_actual_S0721,721,oracle_actual,4220.0,0,0.0,22,20,0,True,0.11
SCEN_2023_LOW_oracle_actual_S0722,722,oracle_actual,4220.0,0,0.0,22,20,0,True,0.11
SCEN_2023_LOW_oracle_actual_S0723,723,oracle_actual,4220.0,0,0.0,22,20,0,True,0.11
SCEN_2023_LOW_oracle_actual_S0724,724,oracle_actual,4220.0,0,0.0,22,20,0,True,0.11
SCEN_2023_LOW_oracle_actual_S0725,725,oracle_actual,4220.0,0,0.0,22,20,0,True,0.14
SCEN_2023_LOW_oracle_actual_S0726,726,oracle_actual,4220.0,0,0.0,22,20,0,True,0.11
SCEN_2023_LOW_oracle_actual_S0727,727,oracle_actual,4220.0,0,0.0,22,20,0,True,0.11
SCEN_2023_LOW_oracle_actual_S0728,728,oracle_actual,4220.0,0,0.0,22,20,0,True,0.11
SCEN_2023_LOW_oracle_actual_S0729,729,oracle_actual,4220.0,0,0.0,22,20,0,True,0.11
SCEN_2023_LOW_oracle_actual_S0730,730,oracle_actual,4220.0,0,0.0,22,20,0,True,0.13
SCEN_2023_LOW_oracle_actual_S0731,731,oracle_actual,4220.0,0,0.0,22,20,0,True,0.11
SCEN_2023_LOW_oracle_actual_S0732,732,oracle_actual,4220.0,0,0.0,22,20,0,True,0.11
SCEN_2023_LOW_oracle_actual_S0733,733,oracle_actual,4220.0,0,0.0,22,20,0,True,0.11
SCEN_2023_LOW_oracle_actual_S0734,734,oracle_actual,4220.0,0,0.0,22,20,0,True,0.15
SCEN_2023_LOW_oracle_actual_S0735,735,oracle_actual,4220.0,0,0.0,22,20,0,True,0.11
SCEN_2023_LOW_oracle_actual_S0736,736,oracle_actual,4220.0,0,0.0,22,20,0,True,0.11
SCEN_2023_LOW_oracle_actual_S0737,737,oracle_actual,4220.0,0,0.0,22,20,0,True,0.11
SCEN_2023_LOW_oracle_actual_S0738,738,oracle_actual,4220.0,0,0.0,22,20,0,True,0.11
SCEN_2023_LOW_oracle_actual_S0739,739,oracle_actual,4220.0,0,0.0,22,20,0,True,0.11
SCEN_2023_LOW_oracle_actual_S0740,740,oracle_actual,4220.0,0,0.0,22,20,0,True,0.11
SCEN_2023_LOW_oracle_actual_S0741,741,oracle_actual,4220.0,0,0.0,22,20,0,True,0.11
SCEN_2023_LOW_oracle_actual_S0742,742,oracle_actual,4220.0,0,0.0,22,20,0,True,0.11
SCEN_2023_LOW_oracle_actual_S0743,743,oracle_actual,4220.0,0,0.0,22,20,0,True,0.11
SCEN_2023_LOW_oracle_actual_S0744,744,oracle_actual,4220.0,0,0.0,22,20,0,True,0.11
SCEN_2023_LOW_oracle_actual_S0745,745,oracle_actual,4220.0,0,0.0,22,20,0,True,0.11
SCEN_2023_LOW_oracle_actual_S0746,746,oracle_actual,4220.0,0,0.0,22,20,0,True,0.11
SCEN_2023_LOW_oracle_actual_S0747,747,oracle_actual,4220.0,0,0.0,22,20,0,True,0.11
SCEN_2023_LOW_oracle_actual_S0748,748,oracle_actual,4220.0,0,0.0,22,20,0,True,0.11
SCEN_2023_LOW_oracle_actual_S0749,749,oracle_actual,4220.0,0,0.0,22,20,0,True,0.13
SCEN_2023_LOW_oracle_actual_S0750,750,oracle_actual,4220.0,0,0.0,22,20,0,True,0.11
SCEN_2023_LOW_oracle_actual_S0751,751,oracle_actual,4220.0,0,0.0,22,20,0,True,0.11
SCEN_2023_LOW_oracle_actual_S0752,752,oracle_actual,4220.0,0,0.0,22,20,0,True,0.11
SCEN_2023_LOW_oracle_actual_S0753,753,oracle_actual,4220.0,0,0.0,22,20,0,True,0.11
SCEN_2023_LOW_oracle_actual_S0754,754,oracle_actual,4220.0,0,0.0,22,20,0,True,0.11
SCEN_2023_LOW_oracle_actual_S0755,755,oracle_actual,4220.0,0,0.0,22,20,0,True,0.11
SCEN_2023_LOW_oracle_actual_S0756,756,oracle_actual,4220.0,0,0.0,22,20,0,True,0.11
SCEN_2023_LOW_oracle_actual_S0757,757,oracle_actual,4220.0,0,0.0,22,20,0,True,0.11
SCEN_2023_LOW_oracle_actual_S0758,758,oracle_actual,4220.0,0,0.0,22,20,0,True,0.11
SCEN_2023_LOW_oracle_actual_S0759,759,oracle_actual,4220.0,0,0.0,22,20,0,True,0.11
SCEN_2023_LOW_oracle_actual_S0760,760,oracle_actual,4220.0,0,0.0,22,20,0,True,0.11
SCEN_2023_LOW_oracle_actual_S0761,761,oracle_actual,4220.0,0,0.0,22,20,0,True,0.11
SCEN_2023_LOW_oracle_actual_S0762,762,oracle_actual,4220.0,0,0.0,22,20,0,True,0.11
SCEN_2023_LOW_oracle_actual_S0763,763,oracle_actual,4220.0,0,0.0,22,20,0,True,0.11
SCEN_2023_LOW_oracle_actual_S0764,764,oracle_actual,4220.0,0,0.0,22,20,0,True,0.11
SCEN_2023_LOW_oracle_actual_S0765,765,oracle_actual,4220.0,0,0.0,22,20,0,True,0.11
SCEN_2023_LOW_oracle_actual_S0766,766,oracle_actual,4220.0,0,0.0,22,20,0,True,0.21
SCEN_2023_LOW_oracle_actual_S0767,767,oracle_actual,4220.0,0,0.0,22,20,0,True,0.11
SCEN_2023_LOW_oracle_actual_S0768,768,oracle_actual,4220.0,0,0.0,22,20,0,True,0.11
SCEN_2023_LOW_oracle_actual_S0769,769,oracle_actual,4220.0,0,0.0,22,20,0,True,0.11
SCEN_2023_LOW_oracle_actual_S0770,770,oracle_actual,4220.0,0,0.0,22,20,0,True,0.11
SCEN_2023_LOW_oracle_actual_S0771,771,oracle_actual,4220.0,0,0.0,22,20,0,True,0.11
SCEN_2023_LOW_oracle_actual_S0772,772,oracle_actual,4220.0,0,0.0,22,20,0,True,0.12
SCEN_2023_LOW_oracle_actual_S0773,773,oracle_actual,4220.0,0,0.0,22,20,0,True,0.11
SCEN_2023_LOW_oracle_actual_S0774,774,oracle_actual,4220.0,0,0.0,22,20,0,True,0.11
SCEN_2023_LOW_oracle_actual_S0775,775,oracle_actual,4220.0,0,0.0,22,20,0,True,0.11
SCEN_2023_LOW_oracle_actual_S0776,776,oracle_actual,4220.0,0,0.0,22,20,0,True,0.11
SCEN_2023_LOW_oracle_actual_S0777,777,oracle_actual,4220.0,0,0.0,22,20,0,True,0.11
SCEN_2023_LOW_oracle_actual_S0778,778,oracle_actual,4220.0,0,0.0,22,20,0,True,0.11
SCEN_2023_LOW_oracle_actual_S0779,779,oracle_actual,4220.0,0,0.0,22,20,0,True,0.11
SCEN_2023_LOW_oracle_actual_S0780,780,oracle_actual,4220.0,0,0.0,22,20,0,True,0.11
SCEN_2023_LOW_oracle_actual_S0781,781,oracle_actual,4220.0,0,0.0,22,20,0,True,0.11
SCEN_2023_LOW_oracle_actual_S0782,782,oracle_actual,4220.0,0,0.0,22,20,0,True,0.11
SCEN_2023_LOW_oracle_actual_S0783,783,oracle_actual,4220.0,0,0.0,22,20,0,True,0.11
SCEN_2023_LOW_oracle_actual_S0784,784,oracle_actual,4220.0,0,0.0,22,20,0,True,0.14
SCEN_2023_LOW_oracle_actual_S0785,785,oracle_actual,4220.0,0,0.0,22,20,0,True,0.11
SCEN_2023_LOW_oracle_actual_S0786,786,oracle_actual,4220.0,0,0.0,22,20,0,True,0.11
SCEN_2023_LOW_oracle_actual_S0787,787,oracle_actual,4220.0,0,0.0,22,20,0,True,0.11
SCEN_2023_LOW_oracle_actual_S0788,788,oracle_actual,4220.0,0,0.0,22,20,0,True,0.12
SCEN_2023_LOW_oracle_actual_S0789,789,oracle_actual,4220.0,0,0.0,22,20,0,True,0.11
SCEN_2023_LOW_oracle_actual_S0790,790,oracle_actual,4220.0,0,0.0,22,20,0,True,0.11
SCEN_2023_LOW_oracle_actual_S0791,791,oracle_actual,4220.0,0,0.0,22,20,0,True,0.11
SCEN_2023_LOW_oracle_actual_S0792,792,oracle_actual,4220.0,0,0.0,22,20,0,True,0.11
SCEN_2023_LOW_oracle_actual_S0793,793,oracle_actual,4220.0,0,0.0,22,20,0,True,0.11
SCEN_2023_LOW_oracle_actual_S0794,794,oracle_actual,4220.0,0,0.0,22,20,0,True,0.11
SCEN_2023_LOW_oracle_actual_S0795,795,oracle_actual,4220.0,0,0.0,22,20,0,True,0.12
SCEN_2023_LOW_oracle_actual_S0796,796,oracle_actual,4220.0,0,0.0,22,20,0,True,0.11
SCEN_2023_LOW_oracle_actual_S0797,797,oracle_actual,4220.0,0,0.0,22,20,0,True,0.11
SCEN_2023_LOW_oracle_actual_S0798,798,oracle_actual,4220.0,0,0.0,22,20,0,True,0.11
SCEN_2023_LOW_oracle_actual_S0799,799,oracle_actual,4220.0,0,0.0,22,20,0,True,0.11
SCEN_2023_LOW_oracle_actual_S0800,800,oracle_actual,4220.0,0,0.0,22,20,0,True,0.11
SCEN_2023_LOW_oracle_actual_S0801,801,oracle_actual,4220.0,0,0.0,22,20,0,True,0.11
SCEN_2023_LOW_oracle_actual_S0802,802,oracle_actual,4220.0,0,0.0,22,20,0,True,0.11
SCEN_2023_LOW_oracle_actual_S0803,803,oracle_actual,4220.0,0,0.0,22,20,0,True,0.11
SCEN_2023_LOW_oracle_actual_S0804,804,oracle_actual,4220.0,0,0.0,22,20,0,True,0.11
SCEN_2023_LOW_oracle_actual_S0805,805,oracle_actual,4220.0,0,0.0,22,20,0,True,0.11
SCEN_2023_LOW_oracle_actual_S0806,806,oracle_actual,4220.0,0,0.0,22,20,0,True,0.11
SCEN_2023_LOW_oracle_actual_S0807,807,oracle_actual,4220.0,0,0.0,22,20,0,True,0.11
SCEN_2023_LOW_oracle_actual_S0808,808,oracle_actual,4220.0,0,0.0,22,20,0,True,0.11
SCEN_2023_LOW_oracle_actual_S0809,809,oracle_actual,4220.0,0,0.0,22,20,0,True,0.11
SCEN_2023_LOW_oracle_actual_S0810,810,oracle_actual,4220.0,0,0.0,22,20,0,True,0.11
SCEN_2023_LOW_oracle_actual_S0811,811,oracle_actual,4220.0,0,0.0,22,20,0,True,0.11
SCEN_2023_LOW_oracle_actual_S0812,812,oracle_actual,4220.0,0,0.0,22,20,0,True,0.11
SCEN_2023_LOW_oracle_actual_S0813,813,oracle_actual,4220.0,0,0.0,22,20,0,True,0.12
SCEN_2023_LOW_oracle_actual_S0814,814,oracle_actual,4220.0,0,0.0,22,20,0,True,0.11
SCEN_2023_LOW_oracle_actual_S0815,815,oracle_actual,4220.0,0,0.0,22,20,0,True,0.11
SCEN_2023_LOW_oracle_actual_S0816,816,oracle_actual,4220.0,0,0.0,22,20,0,True,0.11
SCEN_2023_LOW_oracle_actual_S0817,817,oracle_actual,4220.0,0,0.0,22,20,0,True,0.11
SCEN_2023_LOW_oracle_actual_S0818,818,oracle_actual,4220.0,0,0.0,22,20,0,True,0.12
SCEN_2023_LOW_oracle_actual_S0819,819,oracle_actual,4220.0,0,0.0,22,20,0,True,0.11
SCEN_2023_LOW_oracle_actual_S0820,820,oracle_actual,4220.0,0,0.0,22,20,0,True,0.11
SCEN_2023_LOW_oracle_actual_S0821,821,oracle_actual,4220.0,0,0.0,22,20,0,True,0.11
SCEN_2023_LOW_oracle_actual_S0822,822,oracle_actual,4220.0,0,0.0,22,20,0,True,0.11
SCEN_2023_LOW_oracle_actual_S0823,823,oracle_actual,4220.0,0,0.0,22,20,0,True,0.11
SCEN_2023_LOW_oracle_actual_S0824,824,oracle_actual,4220.0,0,0.0,22,20,0,True,0.11
SCEN_2023_LOW_oracle_actual_S0825,825,oracle_actual,4220.0,0,0.0,22,20,0,True,0.11
SCEN_2023_LOW_oracle_actual_S0826,826,oracle_actual,4220.0,0,0.0,22,20,0,True,0.11
SCEN_2023_LOW_oracle_actual_S0827,827,oracle_actual,4220.0,0,0.0,22,20,0,True,0.11
SCEN_2023_LOW_oracle_actual_S0828,828,oracle_actual,4220.0,0,0.0,22,20,0,True,0.11
SCEN_2023_LOW_oracle_actual_S0829,829,oracle_actual,4220.0,0,0.0,22,20,0,True,0.11
SCEN_2023_LOW_oracle_actual_S0830,830,oracle_actual,4220.0,0,0.0,22,20,0,True,0.11
SCEN_2023_LOW_oracle_actual_S0831,831,oracle_actual,4220.0,0,0.0,22,20,0,True,0.11
SCEN_2023_LOW_oracle_actual_S0832,832,oracle_actual,4220.0,0,0.0,22,20,0,True,0.12
SCEN_2023_LOW_oracle_actual_S0833,833,oracle_actual,4220.0,0,0.0,22,20,0,True,0.17
SCEN_2023_LOW_oracle_actual_S0834,834,oracle_actual,4220.0,0,0.0,22,20,0,True,0.11
SCEN_2023_LOW_oracle_actual_S0835,835,oracle_actual,4220.0,0,0.0,22,20,0,True,0.11
SCEN_2023_LOW_oracle_actual_S0836,836,oracle_actual,4220.0,0,0.0,22,20,0,True,0.11
SCEN_2023_LOW_oracle_actual_S0837,837,oracle_actual,4220.0,0,0.0,22,20,0,True,0.11
SCEN_2023_LOW_oracle_actual_S0838,838,oracle_actual,4220.0,0,0.0,22,20,0,True,0.11
SCEN_2023_LOW_oracle_actual_S0839,839,oracle_actual,4220.0,0,0.0,22,20,0,True,0.11
SCEN_2023_LOW_oracle_actual_S0840,840,oracle_actual,4220.0,0,0.0,22,20,0,True,0.11
SCEN_2023_LOW_oracle_actual_S0841,841,oracle_actual,4220.0,0,0.0,22,20,0,True,0.11
SCEN_2023_LOW_oracle_actual_S0842,842,oracle_actual,4220.0,0,0.0,22,20,0,True,0.11
SCEN_2023_LOW_oracle_actual_S0843,843,oracle_actual,4220.0,0,0.0,22,20,0,True,0.11
SCEN_2023_LOW_oracle_actual_S0844,844,oracle_actual,4220.0,0,0.0,22,20,0,True,0.11
SCEN_2023_LOW_oracle_actual_S0845,845,oracle_actual,4220.0,0,0.0,22,20,0,True,0.11
SCEN_2023_LOW_oracle_actual_S0846,846,oracle_actual,4220.0,0,0.0,22,20,0,True,0.11
SCEN_2023_LOW_oracle_actual_S0847,847,oracle_actual,4220.0,0,0.0,22,20,0,True,0.11
SCEN_2023_LOW_oracle_actual_S0848,848,oracle_actual,4220.0,0,0.0,22,20,0,True,0.11
SCEN_2023_LOW_oracle_actual_S0849,849,oracle_actual,4220.0,0,0.0,22,20,0,True,0.11
SCEN_2023_LOW_oracle_actual_S0850,850,oracle_actual,4220.0,0,0.0,22,20,0,True,0.11
SCEN_2023_LOW_oracle_actual_S0851,851,oracle_actual,4220.0,0,0.0,22,20,0,True,0.11
SCEN_2023_LOW_oracle_actual_S0852,852,oracle_actual,4220.0,0,0.0,22,20,0,True,0.11
SCEN_2023_LOW_oracle_actual_S0853,853,oracle_actual,4220.0,0,0.0,22,20,0,True,0.11
SCEN_2023_LOW_oracle_actual_S0854,854,oracle_actual,4220.0,0,0.0,22,20,0,True,0.11
SCEN_2023_LOW_oracle_actual_S0855,855,oracle_actual,4220.0,0,0.0,22,20,0,True,0.11
SCEN_2023_LOW_oracle_actual_S0856,856,oracle_actual,4220.0,0,0.0,22,20,0,True,0.11
SCEN_2023_LOW_oracle_actual_S0857,857,oracle_actual,4220.0,0,0.0,22,20,0,True,0.11
SCEN_2023_LOW_oracle_actual_S0858,858,oracle_actual,4220.0,0,0.0,22,20,0,True,0.11
SCEN_2023_LOW_oracle_actual_S0859,859,oracle_actual,4220.0,0,0.0,22,20,0,True,0.12
SCEN_2023_LOW_oracle_actual_S0860,860,oracle_actual,4220.0,0,0.0,22,20,0,True,0.14
SCEN_2023_LOW_oracle_actual_S0861,861,oracle_actual,4220.0,0,0.0,22,20,0,True,0.11
SCEN_2023_LOW_oracle_actual_S0862,862,oracle_actual,4220.0,0,0.0,22,20,0,True,0.11
SCEN_2023_LOW_oracle_actual_S0863,863,oracle_actual,4220.0,0,0.0,22,20,0,True,0.11
SCEN_2023_LOW_oracle_actual_S0864,864,oracle_actual,4220.0,0,0.0,22,20,0,True,0.12
SCEN_2023_LOW_oracle_actual_S0865,865,oracle_actual,4220.0,0,0.0,22,20,0,True,0.12
SCEN_2023_LOW_oracle_actual_S0866,866,oracle_actual,4220.0,0,0.0,22,20,0,True,0.12
SCEN_2023_LOW_oracle_actual_S0867,867,oracle_actual,4220.0,0,0.0,22,20,0,True,0.11
SCEN_2023_LOW_oracle_actual_S0868,868,oracle_actual,4220.0,0,0.0,22,20,0,True,0.11
SCEN_2023_LOW_oracle_actual_S0869,869,oracle_actual,4220.0,0,0.0,22,20,0,True,0.11
SCEN_2023_LOW_oracle_actual_S0870,870,oracle_actual,4220.0,0,0.0,22,20,0,True,0.11
SCEN_2023_LOW_oracle_actual_S0871,871,oracle_actual,4220.0,0,0.0,22,20,0,True,0.12
SCEN_2023_LOW_oracle_actual_S0872,872,oracle_actual,4220.0,0,0.0,22,20,0,True,0.11
SCEN_2023_LOW_oracle_actual_S0873,873,oracle_actual,4220.0,0,0.0,22,20,0,True,0.11
SCEN_2023_LOW_oracle_actual_S0874,874,oracle_actual,4220.0,0,0.0,22,20,0,True,0.11
SCEN_2023_LOW_oracle_actual_S0875,875,oracle_actual,4220.0,0,0.0,22,20,0,True,0.11
SCEN_2023_LOW_oracle_actual_S0876,876,oracle_actual,4220.0,0,0.0,22,20,0,True,0.11
SCEN_2023_LOW_oracle_actual_S0877,877,oracle_actual,4220.0,0,0.0,22,20,0,True,0.11
SCEN_2023_LOW_oracle_actual_S0878,878,oracle_actual,4220.0,0,0.0,22,20,0,True,0.11
SCEN_2023_LOW_oracle_actual_S0879,879,oracle_actual,4220.0,0,0.0,22,20,0,True,0.11
SCEN_2023_LOW_oracle_actual_S0880,880,oracle_actual,4220.0,0,0.0,22,20,0,True,0.11
SCEN_2023_LOW_oracle_actual_S0881,881,oracle_actual,4220.0,0,0.0,22,20,0,True,0.11
SCEN_2023_LOW_oracle_actual_S0882,882,oracle_actual,4220.0,0,0.0,22,20,0,True,0.11
SCEN_2023_LOW_oracle_actual_S0883,883,oracle_actual,4220.0,0,0.0,22,20,0,True,0.11
SCEN_2023_LOW_oracle_actual_S0884,884,oracle_actual,4220.0,0,0.0,22,20,0,True,0.11
SCEN_2023_LOW_oracle_actual_S0885,885,oracle_actual,4220.0,0,0.0,22,20,0,True,0.11
SCEN_2023_LOW_oracle_actual_S0886,886,oracle_actual,4220.0,0,0.0,22,20,0,True,0.11
SCEN_2023_LOW_oracle_actual_S0887,887,oracle_actual,4220.0,0,0.0,22,20,0,True,0.11
SCEN_2023_LOW_oracle_actual_S0888,888,oracle_actual,4220.0,0,0.0,22,20,0,True,0.12
SCEN_2023_LOW_oracle_actual_S0889,889,oracle_actual,4220.0,0,0.0,22,20,0,True,0.11
SCEN_2023_LOW_oracle_actual_S0890,890,oracle_actual,4220.0,0,0.0,22,20,0,True,0.11
SCEN_2023_LOW_oracle_actual_S0891,891,oracle_actual,4220.0,0,0.0,22,20,0,True,0.11
SCEN_2023_LOW_oracle_actual_S0892,892,oracle_actual,4220.0,0,0.0,22,20,0,True,0.11
SCEN_2023_LOW_oracle_actual_S0893,893,oracle_actual,4220.0,0,0.0,22,20,0,True,0.11
SCEN_2023_LOW_oracle_actual_S0894,894,oracle_actual,4220.0,0,0.0,22,20,0,True,0.11
SCEN_2023_LOW_oracle_actual_S0895,895,oracle_actual,4220.0,0,0.0,22,20,0,True,0.11
SCEN_2023_LOW_oracle_actual_S0896,896,oracle_actual,4220.0,0,0.0,22,20,0,True,0.11
SCEN_2023_LOW_oracle_actual_S0897,897,oracle_actual,4220.0,0,0.0,22,20,0,True,0.11
SCEN_2023_LOW_oracle_actual_S0898,898,oracle_actual,4220.0,0,0.0,22,20,0,True,0.11
SCEN_2023_LOW_oracle_actual_S0899,899,oracle_actual,4220.0,0,0.0,22,20,0,True,0.11
SCEN_2023_LOW_oracle_actual_S0900,900,oracle_actual,4220.0,0,0.0,22,20,0,True,0.11
SCEN_2023_LOW_oracle_actual_S0901,901,oracle_actual,4220.0,0,0.0,22,20,0,True,0.11
SCEN_2023_LOW_oracle_actual_S0902,902,oracle_actual,4220.0,0,0.0,22,20,0,True,0.11
SCEN_2023_LOW_oracle_actual_S0903,903,oracle_actual,4220.0,0,0.0,22,20,0,True,0.11
SCEN_2023_LOW_oracle_actual_S0904,904,oracle_actual,4220.0,0,0.0,22,20,0,True,0.14
SCEN_2023_LOW_oracle_actual_S0905,905,oracle_actual,4220.0,0,0.0,22,20,0,True,0.11
SCEN_2023_LOW_oracle_actual_S0906,906,oracle_actual,4220.0,0,0.0,22,20,0,True,0.11
SCEN_2023_LOW_oracle_actual_S0907,907,oracle_actual,4220.0,0,0.0,22,20,0,True,0.11
SCEN_2023_LOW_oracle_actual_S0908,908,oracle_actual,4220.0,0,0.0,22,20,0,True,0.11
SCEN_2023_LOW_oracle_actual_S0909,909,oracle_actual,4220.0,0,0.0,22,20,0,True,0.11
SCEN_2023_LOW_oracle_actual_S0910,910,oracle_actual,4220.0,0,0.0,22,20,0,True,0.11
SCEN_2023_LOW_oracle_actual_S0911,911,oracle_actual,4220.0,0,0.0,22,20,0,True,0.11
SCEN_2023_LOW_oracle_actual_S0912,912,oracle_actual,4220.0,0,0.0,22,20,0,True,0.11
SCEN_2023_LOW_oracle_actual_S0913,913,oracle_actual,4220.0,0,0.0,22,20,0,True,0.11
SCEN_2023_LOW_oracle_actual_S0914,914,oracle_actual,4220.0,0,0.0,22,20,0,True,0.12
SCEN_2023_LOW_oracle_actual_S0915,915,oracle_actual,4220.0,0,0.0,22,20,0,True,0.11
SCEN_2023_LOW_oracle_actual_S0916,916,oracle_actual,4220.0,0,0.0,22,20,0,True,0.11
SCEN_2023_LOW_oracle_actual_S0917,917,oracle_actual,4220.0,0,0.0,22,20,0,True,0.11
SCEN_2023_LOW_oracle_actual_S0918,918,oracle_actual,4220.0,0,0.0,22,20,0,True,0.11
SCEN_2023_LOW_oracle_actual_S0919,919,oracle_actual,4220.0,0,0.0,22,20,0,True,0.11
SCEN_2023_LOW_oracle_actual_S0920,920,oracle_actual,4220.0,0,0.0,22,20,0,True,0.16
SCEN_2023_LOW_oracle_actual_S0921,921,oracle_actual,4220.0,0,0.0,22,20,0,True,0.17
SCEN_2023_LOW_oracle_actual_S0922,922,oracle_actual,4220.0,0,0.0,22,20,0,True,0.11
SCEN_2023_LOW_oracle_actual_S0923,923,oracle_actual,4220.0,0,0.0,22,20,0,True,0.12
SCEN_2023_LOW_oracle_actual_S0924,924,oracle_actual,4220.0,0,0.0,22,20,0,True,0.11
SCEN_2023_LOW_oracle_actual_S0925,925,oracle_actual,4220.0,0,0.0,22,20,0,True,0.11
SCEN_2023_LOW_oracle_actual_S0926,926,oracle_actual,4220.0,0,0.0,22,20,0,True,0.11
SCEN_2023_LOW_oracle_actual_S0927,927,oracle_actual,4220.0,0,0.0,22,20,0,True,0.11
SCEN_2023_LOW_oracle_actual_S0928,928,oracle_actual,4220.0,0,0.0,22,20,0,True,0.15
SCEN_2023_LOW_oracle_actual_S0929,929,oracle_actual,4220.0,0,0.0,22,20,0,True,0.11
SCEN_2023_LOW_oracle_actual_S0930,930,oracle_actual,4220.0,0,0.0,22,20,0,True,0.11
SCEN_2023_LOW_oracle_actual_S0931,931,oracle_actual,4220.0,0,0.0,22,20,0,True,0.11
SCEN_2023_LOW_oracle_actual_S0932,932,oracle_actual,4220.0,0,0.0,22,20,0,True,0.11
SCEN_2023_LOW_oracle_actual_S0933,933,oracle_actual,4220.0,0,0.0,22,20,0,True,0.11
SCEN_2023_LOW_oracle_actual_S0934,934,oracle_actual,4220.0,0,0.0,22,20,0,True,0.11
SCEN_2023_LOW_oracle_actual_S0935,935,oracle_actual,4220.0,0,0.0,22,20,0,True,0.11
SCEN_2023_LOW_oracle_actual_S0936,936,oracle_actual,4220.0,0,0.0,22,20,0,True,0.2
SCEN_2023_LOW_oracle_actual_S0937,937,oracle_actual,4220.0,0,0.0,22,20,0,True,0.11
SCEN_2023_LOW_oracle_actual_S0938,938,oracle_actual,4220.0,0,0.0,22,20,0,True,0.11
SCEN_2023_LOW_oracle_actual_S0939,939,oracle_actual,4220.0,0,0.0,22,20,0,True,0.11
SCEN_2023_LOW_oracle_actual_S0940,940,oracle_actual,4220.0,0,0.0,22,20,0,True,0.11
SCEN_2023_LOW_oracle_actual_S0941,941,oracle_actual,4220.0,0,0.0,22,20,0,True,0.11
SCEN_2023_LOW_oracle_actual_S0942,942,oracle_actual,4220.0,0,0.0,22,20,0,True,0.11
SCEN_2023_LOW_oracle_actual_S0943,943,oracle_actual,4220.0,0,0.0,22,20,0,True,0.11
SCEN_2023_LOW_oracle_actual_S0944,944,oracle_actual,4220.0,0,0.0,22,20,0,True,0.11
SCEN_2023_LOW_oracle_actual_S0945,945,oracle_actual,4220.0,0,0.0,22,20,0,True,0.12
SCEN_2023_LOW_oracle_actual_S0946,946,oracle_actual,4220.0,0,0.0,22,20,0,True,0.11
SCEN_2023_LOW_oracle_actual_S0947,947,oracle_actual,4220.0,0,0.0,22,20,0,True,0.11
SCEN_2023_LOW_oracle_actual_S0948,948,oracle_actual,4220.0,0,0.0,22,20,0,True,0.11
SCEN_2023_LOW_oracle_actual_S0949,949,oracle_actual,4220.0,0,0.0,22,20,0,True,0.11
SCEN_2023_LOW_oracle_actual_S0950,950,oracle_actual,4220.0,0,0.0,22,20,0,True,0.11
SCEN_2023_LOW_oracle_actual_S0951,951,oracle_actual,4220.0,0,0.0,22,20,0,True,0.11
SCEN_2023_LOW_oracle_actual_S0952,952,oracle_actual,4220.0,0,0.0,22,20,0,True,0.11
SCEN_2023_LOW_oracle_actual_S0953,953,oracle_actual,4220.0,0,0.0,22,20,0,True,0.12
SCEN_2023_LOW_oracle_actual_S0954,954,oracle_actual,4220.0,0,0.0,22,20,0,True,0.11
SCEN_2023_LOW_oracle_actual_S0955,955,oracle_actual,4220.0,0,0.0,22,20,0,True,0.11
SCEN_2023_LOW_oracle_actual_S0956,956,oracle_actual,4220.0,0,0.0,22,20,0,True,0.11
SCEN_2023_LOW_oracle_actual_S0957,957,oracle_actual,4220.0,0,0.0,22,20,0,True,0.11
SCEN_2023_LOW_oracle_actual_S0958,958,oracle_actual,4220.0,0,0.0,22,20,0,True,0.11
SCEN_2023_LOW_oracle_actual_S0959,959,oracle_actual,4220.0,0,0.0,22,20,0,True,0.11
SCEN_2023_LOW_oracle_actual_S0960,960,oracle_actual,4220.0,0,0.0,22,20,0,True,0.11
SCEN_2023_LOW_oracle_actual_S0961,961,oracle_actual,4220.0,0,0.0,22,20,0,True,0.11
SCEN_2023_LOW_oracle_actual_S0962,962,oracle_actual,4220.0,0,0.0,22,20,0,True,0.11
SCEN_2023_LOW_oracle_actual_S0963,963,oracle_actual,4220.0,0,0.0,22,20,0,True,0.12
SCEN_2023_LOW_oracle_actual_S0964,964,oracle_actual,4220.0,0,0.0,22,20,0,True,0.11
SCEN_2023_LOW_oracle_actual_S0965,965,oracle_actual,4220.0,0,0.0,22,20,0,True,0.11
SCEN_2023_LOW_oracle_actual_S0966,966,oracle_actual,4220.0,0,0.0,22,20,0,True,0.11
SCEN_2023_LOW_oracle_actual_S0967,967,oracle_actual,4220.0,0,0.0,22,20,0,True,0.11
SCEN_2023_LOW_oracle_actual_S0968,968,oracle_actual,4220.0,0,0.0,22,20,0,True,0.11
SCEN_2023_LOW_oracle_actual_S0969,969,oracle_actual,4220.0,0,0.0,22,20,0,True,0.11
SCEN_2023_LOW_oracle_actual_S0970,970,oracle_actual,4220.0,0,0.0,22,20,0,True,0.11
SCEN_2023_LOW_oracle_actual_S0971,971,oracle_actual,4220.0,0,0.0,22,20,0,True,0.11
SCEN_2023_LOW_oracle_actual_S0972,972,oracle_actual,4220.0,0,0.0,22,20,0,True,0.11
SCEN_2023_LOW_oracle_actual_S0973,973,oracle_actual,4220.0,0,0.0,22,20,0,True,0.11
SCEN_2023_LOW_oracle_actual_S0974,974,oracle_actual,4220.0,0,0.0,22,20,0,True,0.12
SCEN_2023_LOW_oracle_actual_S0975,975,oracle_actual,4220.0,0,0.0,22,20,0,True,0.14
SCEN_2023_LOW_oracle_actual_S0976,976,oracle_actual,4220.0,0,0.0,22,20,0,True,0.11
SCEN_2023_LOW_oracle_actual_S0977,977,oracle_actual,4220.0,0,0.0,22,20,0,True,0.11
SCEN_2023_LOW_oracle_actual_S0978,978,oracle_actual,4220.0,0,0.0,22,20,0,True,0.11
SCEN_2023_LOW_oracle_actual_S0979,979,oracle_actual,4220.0,0,0.0,22,20,0,True,0.11
SCEN_2023_LOW_oracle_actual_S0980,980,oracle_actual,4220.0,0,0.0,22,20,0,True,0.11
SCEN_2023_LOW_oracle_actual_S0981,981,oracle_actual,4220.0,0,0.0,22,20,0,True,0.11
SCEN_2023_LOW_oracle_actual_S0982,982,oracle_actual,4220.0,0,0.0,22,20,0,True,0.11
SCEN_2023_LOW_oracle_actual_S0983,983,oracle_actual,4220.0,0,0.0,22,20,0,True,0.12
SCEN_2023_LOW_oracle_actual_S0984,984,oracle_actual,4220.0,0,0.0,22,20,0,True,0.11
SCEN_2023_LOW_oracle_actual_S0985,985,oracle_actual,4220.0,0,0.0,22,20,0,True,0.11
SCEN_2023_LOW_oracle_actual_S0986,986,oracle_actual,4220.0,0,0.0,22,20,0,True,0.11
SCEN_2023_LOW_oracle_actual_S0987,987,oracle_actual,4220.0,0,0.0,22,20,0,True,0.11
SCEN_2023_LOW_oracle_actual_S0988,988,oracle_actual,4220.0,0,0.0,22,20,0,True,0.11
SCEN_2023_LOW_oracle_actual_S0989,989,oracle_actual,4220.0,0,0.0,22,20,0,True,0.11
SCEN_2023_LOW_oracle_actual_S0990,990,oracle_actual,4220.0,0,0.0,22,20,0,True,0.11
SCEN_2023_LOW_oracle_actual_S0991,991,oracle_actual,4220.0,0,0.0,22,20,0,True,0.11
SCEN_2023_LOW_oracle_actual_S0992,992,oracle_actual,4220.0,0,0.0,22,20,0,True,0.11
SCEN_2023_LOW_oracle_actual_S0993,993,oracle_actual,4220.0,0,0.0,22,20,0,True,0.11
SCEN_2023_LOW_oracle_actual_S0994,994,oracle_actual,4220.0,0,0.0,22,20,0,True,0.11
SCEN_2023_LOW_oracle_actual_S0995,995,oracle_actual,4220.0,0,0.0,22,20,0,True,0.11
SCEN_2023_LOW_oracle_actual_S0996,996,oracle_actual,4220.0,0,0.0,22,20,0,True,0.11
SCEN_2023_LOW_oracle_actual_S0997,997,oracle_actual,4220.0,0,0.0,22,20,0,True,0.11
SCEN_2023_LOW_oracle_actual_S0998,998,oracle_actual,4220.0,0,0.0,22,20,0,True,0.11
SCEN_2023_LOW_oracle_actual_S0999,999,oracle_actual,4220.0,0,0.0,22,20,0,True,0.11
SCEN_2023_LOW_oracle_actual_S1000,1000,oracle_actual,4220.0,0,0.0,22,20,0,True,0.11
SCEN_2023_LOW_oracle_actual_S1001,1001,oracle_actual,4220.0,0,0.0,22,20,0,True,0.11
SCEN_2023_LOW_oracle_actual_S1002,1002,oracle_actual,4220.0,0,0.0,22,20,0,True,0.11
SCEN_2023_LOW_oracle_actual_S1003,1003,oracle_actual,4220.0,0,0.0,22,20,0,True,0.11
SCEN_2023_LOW_oracle_actual_S1004,1004,oracle_actual,4220.0,0,0.0,22,20,0,True,0.11
SCEN_2023_LOW_oracle_actual_S1005,1005,oracle_actual,4220.0,0,0.0,22,20,0,True,0.11
SCEN_2023_LOW_oracle_actual_S1006,1006,oracle_actual,4220.0,0,0.0,22,20,0,True,0.11
SCEN_2023_LOW_oracle_actual_S1007,1007,oracle_actual,4220.0,0,0.0,22,20,0,True,0.11
SCEN_2023_LOW_oracle_actual_S1008,1008,oracle_actual,4220.0,0,0.0,22,20,0,True,0.11
SCEN_2023_LOW_oracle_actual_S1009,1009,oracle_actual,4220.0,0,0.0,22,20,0,True,0.11
SCEN_2023_LOW_oracle_actual_S1010,1010,oracle_actual,4220.0,0,0.0,22,20,0,True,0.11
SCEN_2023_LOW_oracle_actual_S1011,1011,oracle_actual,4220.0,0,0.0,22,20,0,True,0.11
SCEN_2023_LOW_oracle_actual_S1012,1012,oracle_actual,4220.0,0,0.0,22,20,0,True,0.11
SCEN_2023_LOW_oracle_actual_S1013,1013,oracle_actual,4220.0,0,0.0,22,20,0,True,0.11
SCEN_2023_LOW_oracle_actual_S1014,1014,oracle_actual,4220.0,0,0.0,22,20,0,True,0.11
SCEN_2023_LOW_oracle_actual_S1015,1015,oracle_actual,4220.0,0,0.0,22,20,0,True,0.11
SCEN_2023_LOW_oracle_actual_S1016,1016,oracle_actual,4220.0,0,0.0,22,20,0,True,0.11
SCEN_2023_LOW_oracle_actual_S1017,1017,oracle_actual,4220.0,0,0.0,22,20,0,True,0.11
SCEN_2023_LOW_oracle_actual_S1018,1018,oracle_actual,4220.0,0,0.0,22,20,0,True,0.11
SCEN_2023_LOW_oracle_actual_S1019,1019,oracle_actual,4220.0,0,0.0,22,20,0,True,0.12
SCEN_2023_LOW_oracle_actual_S1020,1020,oracle_actual,4220.0,0,0.0,22,20,0,True,0.11
SCEN_2023_LOW_oracle_actual_S1021,1021,oracle_actual,4220.0,0,0.0,22,20,0,True,0.11
SCEN_2023_LOW_oracle_actual_S1022,1022,oracle_actual,4220.0,0,0.0,22,20,0,True,0.11
SCEN_2023_LOW_oracle_actual_S1023,1023,oracle_actual,4220.0,0,0.0,22,20,0,True,0.11
SCEN_2023_LOW_oracle_actual_S1024,1024,oracle_actual,4220.0,0,0.0,22,20,0,True,0.12
SCEN_2023_LOW_oracle_actual_S1025,1025,oracle_actual,4220.0,0,0.0,22,20,0,True,0.11
SCEN_2023_LOW_oracle_actual_S1026,1026,oracle_actual,4220.0,0,0.0,22,20,0,True,0.11
SCEN_2023_LOW_oracle_actual_S1027,1027,oracle_actual,4220.0,0,0.0,22,20,0,True,0.11
SCEN_2023_LOW_oracle_actual_S1028,1028,oracle_actual,4220.0,0,0.0,22,20,0,True,0.11
SCEN_2023_LOW_oracle_actual_S1029,1029,oracle_actual,4220.0,0,0.0,22,20,0,True,0.11
SCEN_2023_LOW_oracle_actual_S1030,1030,oracle_actual,4220.0,0,0.0,22,20,0,True,0.11
SCEN_2023_LOW_oracle_actual_S1031,1031,oracle_actual,4220.0,0,0.0,22,20,0,True,0.11
SCEN_2023_LOW_oracle_actual_S1032,1032,oracle_actual,4220.0,0,0.0,22,20,0,True,0.11
SCEN_2023_LOW_oracle_actual_S1033,1033,oracle_actual,4220.0,0,0.0,22,20,0,True,0.11
SCEN_2023_LOW_oracle_actual_S1034,1034,oracle_actual,4220.0,0,0.0,22,20,0,True,0.11
SCEN_2023_LOW_oracle_actual_S1035,1035,oracle_actual,4220.0,0,0.0,22,20,0,True,0.11
SCEN_2023_LOW_oracle_actual_S1036,1036,oracle_actual,4220.0,0,0.0,22,20,0,True,0.16
SCEN_2023_LOW_oracle_actual_S1037,1037,oracle_actual,4220.0,0,0.0,22,20,0,True,0.11
SCEN_2023_LOW_oracle_actual_S1038,1038,oracle_actual,4220.0,0,0.0,22,20,0,True,0.11
SCEN_2023_LOW_oracle_actual_S1039,1039,oracle_actual,4220.0,0,0.0,22,20,0,True,0.11
SCEN_2023_LOW_oracle_actual_S1040,1040,oracle_actual,4220.0,0,0.0,22,20,0,True,0.11
SCEN_2023_LOW_oracle_actual_S1041,1041,oracle_actual,4220.0,0,0.0,22,20,0,True,0.11
SCEN_2023_LOW_oracle_actual_S1042,1042,oracle_actual,4220.0,0,0.0,22,20,0,True,0.11
SCEN_2023_LOW_oracle_actual_S1043,1043,oracle_actual,4220.0,0,0.0,22,20,0,True,0.11
SCEN_2023_LOW_oracle_actual_S1044,1044,oracle_actual,4220.0,0,0.0,22,20,0,True,0.11
SCEN_2023_LOW_oracle_actual_S1045,1045,oracle_actual,4220.0,0,0.0,22,20,0,True,0.11
SCEN_2023_LOW_oracle_actual_S1046,1046,oracle_actual,4220.0,0,0.0,22,20,0,True,0.12
SCEN_2023_LOW_oracle_actual_S1047,1047,oracle_actual,4220.0,0,0.0,22,20,0,True,0.11
SCEN_2023_LOW_oracle_actual_S1048,1048,oracle_actual,4220.0,0,0.0,22,20,0,True,0.11
SCEN_2023_LOW_oracle_actual_S1049,1049,oracle_actual,4220.0,0,0.0,22,20,0,True,0.11
SCEN_2023_LOW_oracle_actual_S1050,1050,oracle_actual,4220.0,0,0.0,22,20,0,True,0.11
SCEN_2023_LOW_oracle_actual_S1051,1051,oracle_actual,4220.0,0,0.0,22,20,0,True,0.11
SCEN_2023_LOW_oracle_actual_S1052,1052,oracle_actual,4220.0,0,0.0,22,20,0,True,0.11
SCEN_2023_LOW_oracle_actual_S1053,1053,oracle_actual,4220.0,0,0.0,22,20,0,True,0.11
SCEN_2023_LOW_oracle_actual_S1054,1054,oracle_actual,4220.0,0,0.0,22,20,0,True,0.11
SCEN_2023_LOW_oracle_actual_S1055,1055,oracle_actual,4220.0,0,0.0,22,20,0,True,0.11
SCEN_2023_LOW_oracle_actual_S1056,1056,oracle_actual,4220.0,0,0.0,22,20,0,True,0.11
SCEN_2023_LOW_oracle_actual_S1057,1057,oracle_actual,4220.0,0,0.0,22,20,0,True,0.11
SCEN_2023_LOW_oracle_actual_S1058,1058,oracle_actual,4220.0,0,0.0,22,20,0,True,0.12
SCEN_2023_LOW_oracle_actual_S1059,1059,oracle_actual,4220.0,0,0.0,22,20,0,True,0.11
SCEN_2023_LOW_oracle_actual_S1060,1060,oracle_actual,4220.0,0,0.0,22,20,0,True,0.11
SCEN_2023_LOW_oracle_actual_S1061,1061,oracle_actual,4220.0,0,0.0,22,20,0,True,0.11
SCEN_2023_LOW_oracle_actual_S1062,1062,oracle_actual,4220.0,0,0.0,22,20,0,True,0.11
SCEN_2023_LOW_oracle_actual_S1063,1063,oracle_actual,4220.0,0,0.0,22,20,0,True,0.11
SCEN_2023_LOW_oracle_actual_S1064,1064,oracle_actual,4220.0,0,0.0,22,20,0,True,0.11
SCEN_2023_LOW_oracle_actual_S1065,1065,oracle_actual,4220.0,0,0.0,22,20,0,True,0.11
SCEN_2023_LOW_oracle_actual_S1066,1066,oracle_actual,4220.0,0,0.0,22,20,0,True,0.11
SCEN_2023_LOW_oracle_actual_S1067,1067,oracle_actual,4220.0,0,0.0,22,20,0,True,0.11
SCEN_2023_LOW_oracle_actual_S1068,1068,oracle_actual,4220.0,0,0.0,22,20,0,True,0.11
SCEN_2023_LOW_oracle_actual_S1069,1069,oracle_actual,4220.0,0,0.0,22,20,0,True,0.11
SCEN_2023_LOW_oracle_actual_S1070,1070,oracle_actual,4220.0,0,0.0,22,20,0,True,0.11
SCEN_2023_LOW_oracle_actual_S1071,1071,oracle_actual,4220.0,0,0.0,22,20,0,True,0.11
SCEN_2023_LOW_oracle_actual_S1072,1072,oracle_actual,4220.0,0,0.0,22,20,0,True,0.11
SCEN_2023_LOW_oracle_actual_S1073,1073,oracle_actual,4220.0,0,0.0,22,20,0,True,0.11
SCEN_2023_LOW_oracle_actual_S1074,1074,oracle_actual,4220.0,0,0.0,22,20,0,True,0.11
SCEN_2023_LOW_oracle_actual_S1075,1075,oracle_actual,4220.0,0,0.0,22,20,0,True,0.11
SCEN_2023_LOW_oracle_actual_S1076,1076,oracle_actual,4220.0,0,0.0,22,20,0,True,0.11
SCEN_2023_LOW_oracle_actual_S1077,1077,oracle_actual,4220.0,0,0.0,22,20,0,True,0.11
SCEN_2023_LOW_oracle_actual_S1078,1078,oracle_actual,4220.0,0,0.0,22,20,0,True,0.14
SCEN_2023_LOW_oracle_actual_S1079,1079,oracle_actual,4220.0,0,0.0,22,20,0,True,0.11
SCEN_2023_LOW_oracle_actual_S1080,1080,oracle_actual,4220.0,0,0.0,22,20,0,True,0.19
SCEN_2023_LOW_oracle_actual_S1081,1081,oracle_actual,4220.0,0,0.0,22,20,0,True,0.12
SCEN_2023_LOW_oracle_actual_S1082,1082,oracle_actual,4220.0,0,0.0,22,20,0,True,0.11
SCEN_2023_LOW_oracle_actual_S1083,1083,oracle_actual,4220.0,0,0.0,22,20,0,True,0.11
SCEN_2023_LOW_oracle_actual_S1084,1084,oracle_actual,4220.0,0,0.0,22,20,0,True,0.11
SCEN_2023_LOW_oracle_actual_S1085,1085,oracle_actual,4220.0,0,0.0,22,20,0,True,0.11
SCEN_2023_LOW_oracle_actual_S1086,1086,oracle_actual,4220.0,0,0.0,22,20,0,True,0.11
SCEN_2023_LOW_oracle_actual_S1087,1087,oracle_actual,4220.0,0,0.0,22,20,0,True,0.11
SCEN_2023_LOW_oracle_actual_S1088,1088,oracle_actual,4220.0,0,0.0,22,20,0,True,0.14
SCEN_2023_LOW_oracle_actual_S1089,1089,oracle_actual,4220.0,0,0.0,22,20,0,True,0.11
SCEN_2023_LOW_oracle_actual_S1090,1090,oracle_actual,4220.0,0,0.0,22,20,0,True,0.11
SCEN_2023_LOW_oracle_actual_S1091,1091,oracle_actual,4220.0,0,0.0,22,20,0,True,0.11
SCEN_2023_LOW_oracle_actual_S1092,1092,oracle_actual,4220.0,0,0.0,22,20,0,True,0.11
SCEN_2023_LOW_oracle_actual_S1093,1093,oracle_actual,4220.0,0,0.0,22,20,0,True,0.11
SCEN_2023_LOW_oracle_actual_S1094,1094,oracle_actual,4220.0,0,0.0,22,20,0,True,0.11
SCEN_2023_LOW_oracle_actual_S1095,1095,oracle_actual,4220.0,0,0.0,22,20,0,True,0.11
SCEN_2023_LOW_oracle_actual_S1096,1096,oracle_actual,4220.0,0,0.0,22,20,0,True,0.11
SCEN_2023_LOW_oracle_actual_S1097,1097,oracle_actual,4220.0,0,0.0,22,20,0,True,0.11
SCEN_2023_LOW_oracle_actual_S1098,1098,oracle_actual,4220.0,0,0.0,22,20,0,True,0.11
SCEN_2023_LOW_oracle_actual_S1099,1099,oracle_actual,4220.0,0,0.0,22,20,0,True,0.11
SCEN_2023_LOW_oracle_actual_S1100,1100,oracle_actual,4220.0,0,0.0,22,20,0,True,0.11
SCEN_2023_LOW_oracle_actual_S1101,1101,oracle_actual,4220.0,0,0.0,22,20,0,True,0.11
SCEN_2023_LOW_oracle_actual_S1102,1102,oracle_actual,4220.0,0,0.0,22,20,0,True,0.11
SCEN_2023_LOW_oracle_actual_S1103,1103,oracle_actual,4220.0,0,0.0,22,20,0,True,0.11
SCEN_2023_LOW_oracle_actual_S1104,1104,oracle_actual,4220.0,0,0.0,22,20,0,True,0.11
SCEN_2023_LOW_oracle_actual_S1105,1105,oracle_actual,4220.0,0,0.0,22,20,0,True,0.11
SCEN_2023_LOW_oracle_actual_S1106,1106,oracle_actual,4220.0,0,0.0,22,20,0,True,0.11
SCEN_2023_LOW_oracle_actual_S1107,1107,oracle_actual,4220.0,0,0.0,22,20,0,True,0.11
SCEN_2023_LOW_oracle_actual_S1108,1108,oracle_actual,4220.0,0,0.0,22,20,0,True,0.11
SCEN_2023_LOW_oracle_actual_S1109,1109,oracle_actual,4220.0,0,0.0,22,20,0,True,0.11
SCEN_2023_LOW_oracle_actual_S1110,1110,oracle_actual,4220.0,0,0.0,22,20,0,True,0.13
SCEN_2023_LOW_oracle_actual_S1111,1111,oracle_actual,4220.0,0,0.0,22,20,0,True,0.11
SCEN_2023_LOW_oracle_actual_S1112,1112,oracle_actual,4220.0,0,0.0,22,20,0,True,0.12
SCEN_2023_LOW_oracle_actual_S1113,1113,oracle_actual,4220.0,0,0.0,22,20,0,True,0.12
SCEN_2023_LOW_oracle_actual_S1114,1114,oracle_actual,4220.0,0,0.0,22,20,0,True,0.11
SCEN_2023_LOW_oracle_actual_S1115,1115,oracle_actual,4220.0,0,0.0,22,20,0,True,0.11
SCEN_2023_LOW_oracle_actual_S1116,1116,oracle_actual,4220.0,0,0.0,22,20,0,True,0.11
SCEN_2023_LOW_oracle_actual_S1117,1117,oracle_actual,4220.0,0,0.0,22,20,0,True,0.11
SCEN_2023_LOW_oracle_actual_S1118,1118,oracle_actual,4220.0,0,0.0,22,20,0,True,0.11
SCEN_2023_LOW_oracle_actual_S1119,1119,oracle_actual,4220.0,0,0.0,22,20,0,True,0.12
SCEN_2023_LOW_oracle_actual_S1120,1120,oracle_actual,4220.0,0,0.0,22,20,0,True,0.11
SCEN_2023_LOW_oracle_actual_S1121,1121,oracle_actual,4220.0,0,0.0,22,20,0,True,0.12
SCEN_2023_LOW_oracle_actual_S1122,1122,oracle_actual,4220.0,0,0.0,22,20,0,True,0.11
SCEN_2023_LOW_oracle_actual_S1123,1123,oracle_actual,4220.0,0,0.0,22,20,0,True,0.11
SCEN_2023_LOW_oracle_actual_S1124,1124,oracle_actual,4220.0,0,0.0,22,20,0,True,0.11
SCEN_2023_LOW_oracle_actual_S1125,1125,oracle_actual,4220.0,0,0.0,22,20,0,True,0.12
SCEN_2023_LOW_oracle_actual_S1126,1126,oracle_actual,4220.0,0,0.0,22,20,0,True,0.11
SCEN_2023_LOW_oracle_actual_S1127,1127,oracle_actual,4220.0,0,0.0,22,20,0,True,0.11
SCEN_2023_LOW_oracle_actual_S1128,1128,oracle_actual,4220.0,0,0.0,22,20,0,True,0.13
SCEN_2023_LOW_oracle_actual_S1129,1129,oracle_actual,4220.0,0,0.0,22,20,0,True,0.11
SCEN_2023_LOW_oracle_actual_S1130,1130,oracle_actual,4220.0,0,0.0,22,20,0,True,0.13
SCEN_2023_LOW_oracle_actual_S1131,1131,oracle_actual,4220.0,0,0.0,22,20,0,True,0.13
SCEN_2023_LOW_oracle_actual_S1132,1132,oracle_actual,4220.0,0,0.0,22,20,0,True,0.12
SCEN_2023_LOW_oracle_actual_S1133,1133,oracle_actual,4220.0,0,0.0,22,20,0,True,0.11
SCEN_2023_LOW_oracle_actual_S1134,1134,oracle_actual,4220.0,0,0.0,22,20,0,True,0.11
SCEN_2023_LOW_oracle_actual_S1135,1135,oracle_actual,4220.0,0,0.0,22,20,0,True,0.12
SCEN_2023_LOW_oracle_actual_S1136,1136,oracle_actual,4220.0,0,0.0,22,20,0,True,0.11
SCEN_2023_LOW_oracle_actual_S1137,1137,oracle_actual,4220.0,0,0.0,22,20,0,True,0.11
SCEN_2023_LOW_oracle_actual_S1138,1138,oracle_actual,4220.0,0,0.0,22,20,0,True,0.11
SCEN_2023_LOW_oracle_actual_S1139,1139,oracle_actual,4220.0,0,0.0,22,20,0,True,0.11
SCEN_2023_LOW_oracle_actual_S1140,1140,oracle_actual,4220.0,0,0.0,22,20,0,True,0.11
SCEN_2023_LOW_oracle_actual_S1141,1141,oracle_actual,4220.0,0,0.0,22,20,0,True,0.11
SCEN_2023_LOW_oracle_actual_S1142,1142,oracle_actual,4220.0,0,0.0,22,20,0,True,0.11
SCEN_2023_LOW_oracle_actual_S1143,1143,oracle_actual,4220.0,0,0.0,22,20,0,True,0.11
SCEN_2023_LOW_oracle_actual_S1144,1144,oracle_actual,4220.0,0,0.0,22,20,0,True,0.11
SCEN_2023_LOW_oracle_actual_S1145,1145,oracle_actual,4220.0,0,0.0,22,20,0,True,0.11
SCEN_2023_LOW_oracle_actual_S1146,1146,oracle_actual,4220.0,0,0.0,22,20,0,True,0.12
SCEN_2023_LOW_oracle_actual_S1147,1147,oracle_actual,4220.0,0,0.0,22,20,0,True,0.11
SCEN_2023_LOW_oracle_actual_S1148,1148,oracle_actual,4220.0,0,0.0,22,20,0,True,0.11
SCEN_2023_LOW_oracle_actual_S1149,1149,oracle_actual,4220.0,0,0.0,22,20,0,True,0.11
SCEN_2023_LOW_oracle_actual_S1150,1150,oracle_actual,4220.0,0,0.0,22,20,0,True,0.11
SCEN_2023_LOW_oracle_actual_S1151,1151,oracle_actual,4220.0,0,0.0,22,20,0,True,0.11
SCEN_2023_LOW_oracle_actual_S1152,1152,oracle_actual,4220.0,0,0.0,22,20,0,True,0.11
SCEN_2023_LOW_oracle_actual_S1153,1153,oracle_actual,4220.0,0,0.0,22,20,0,True,0.11
SCEN_2023_LOW_oracle_actual_S1154,1154,oracle_actual,4220.0,0,0.0,22,20,0,True,0.11
SCEN_2023_LOW_oracle_actual_S1155,1155,oracle_actual,4220.0,0,0.0,22,20,0,True,0.11
SCEN_2023_LOW_oracle_actual_S1156,1156,oracle_actual,4220.0,0,0.0,22,20,0,True,0.12
SCEN_2023_LOW_oracle_actual_S1157,1157,oracle_actual,4220.0,0,0.0,22,20,0,True,0.11
SCEN_2023_LOW_oracle_actual_S1158,1158,oracle_actual,4220.0,0,0.0,22,20,0,True,0.11
SCEN_2023_LOW_oracle_actual_S1159,1159,oracle_actual,4220.0,0,0.0,22,20,0,True,0.11
SCEN_2023_LOW_oracle_actual_S1160,1160,oracle_actual,4220.0,0,0.0,22,20,0,True,0.11
SCEN_2023_LOW_oracle_actual_S1161,1161,oracle_actual,4220.0,0,0.0,22,20,0,True,0.16
SCEN_2023_LOW_oracle_actual_S1162,1162,oracle_actual,4220.0,0,0.0,22,20,0,True,0.11
SCEN_2023_LOW_oracle_actual_S1163,1163,oracle_actual,4220.0,0,0.0,22,20,0,True,0.11
SCEN_2023_LOW_oracle_actual_S1164,1164,oracle_actual,4220.0,0,0.0,22,20,0,True,0.11
SCEN_2023_LOW_oracle_actual_S1165,1165,oracle_actual,4220.0,0,0.0,22,20,0,True,0.11
SCEN_2023_LOW_oracle_actual_S1166,1166,oracle_actual,4220.0,0,0.0,22,20,0,True,0.11
SCEN_2023_LOW_oracle_actual_S1167,1167,oracle_actual,4220.0,0,0.0,22,20,0,True,0.11
SCEN_2023_LOW_oracle_actual_S1168,1168,oracle_actual,4220.0,0,0.0,22,20,0,True,0.11
SCEN_2023_LOW_oracle_actual_S1169,1169,oracle_actual,4220.0,0,0.0,22,20,0,True,0.11
SCEN_2023_LOW_oracle_actual_S1170,1170,oracle_actual,4220.0,0,0.0,22,20,0,True,0.11
SCEN_2023_LOW_oracle_actual_S1171,1171,oracle_actual,4220.0,0,0.0,22,20,0,True,0.11
SCEN_2023_LOW_oracle_actual_S1172,1172,oracle_actual,4220.0,0,0.0,22,20,0,True,0.11
SCEN_2023_LOW_oracle_actual_S1173,1173,oracle_actual,4220.0,0,0.0,22,20,0,True,0.11
SCEN_2023_LOW_oracle_actual_S1174,1174,oracle_actual,4220.0,0,0.0,22,20,0,True,0.11
SCEN_2023_LOW_oracle_actual_S1175,1175,oracle_actual,4220.0,0,0.0,22,20,0,True,0.11
SCEN_2023_LOW_oracle_actual_S1176,1176,oracle_actual,4220.0,0,0.0,22,20,0,True,0.12
SCEN_2023_LOW_oracle_actual_S1177,1177,oracle_actual,4220.0,0,0.0,22,20,0,True,0.11
SCEN_2023_LOW_oracle_actual_S1178,1178,oracle_actual,4220.0,0,0.0,22,20,0,True,0.11
SCEN_2023_LOW_oracle_actual_S1179,1179,oracle_actual,4220.0,0,0.0,22,20,0,True,0.11
SCEN_2023_LOW_oracle_actual_S1180,1180,oracle_actual,4220.0,0,0.0,22,20,0,True,0.11
SCEN_2023_LOW_oracle_actual_S1181,1181,oracle_actual,4220.0,0,0.0,22,20,0,True,0.14
SCEN_2023_LOW_oracle_actual_S1182,1182,oracle_actual,4220.0,0,0.0,22,20,0,True,0.11
SCEN_2023_LOW_oracle_actual_S1183,1183,oracle_actual,4220.0,0,0.0,22,20,0,True,0.11
SCEN_2023_LOW_oracle_actual_S1184,1184,oracle_actual,4220.0,0,0.0,22,20,0,True,0.11
SCEN_2023_LOW_oracle_actual_S1185,1185,oracle_actual,4220.0,0,0.0,22,20,0,True,0.11
SCEN_2023_LOW_oracle_actual_S1186,1186,oracle_actual,4220.0,0,0.0,22,20,0,True,0.11
SCEN_2023_LOW_oracle_actual_S1187,1187,oracle_actual,4220.0,0,0.0,22,20,0,True,0.11
SCEN_2023_LOW_oracle_actual_S1188,1188,oracle_actual,4220.0,0,0.0,22,20,0,True,0.11
SCEN_2023_LOW_oracle_actual_S1189,1189,oracle_actual,4220.0,0,0.0,22,20,0,True,0.11
SCEN_2023_LOW_oracle_actual_S1190,1190,oracle_actual,4220.0,0,0.0,22,20,0,True,0.11
SCEN_2023_LOW_oracle_actual_S1191,1191,oracle_actual,4220.0,0,0.0,22,20,0,True,0.11
SCEN_2023_LOW_oracle_actual_S1192,1192,oracle_actual,4220.0,0,0.0,22,20,0,True,0.11
SCEN_2023_LOW_oracle_actual_S1193,1193,oracle_actual,4220.0,0,0.0,22,20,0,True,0.11
SCEN_2023_LOW_oracle_actual_S1194,1194,oracle_actual,4220.0,0,0.0,22,20,0,True,0.12
SCEN_2023_LOW_oracle_actual_S1195,1195,oracle_actual,4220.0,0,0.0,22,20,0,True,0.11
SCEN_2023_LOW_oracle_actual_S1196,1196,oracle_actual,4220.0,0,0.0,22,20,0,True,0.11
SCEN_2023_LOW_oracle_actual_S1197,1197,oracle_actual,4220.0,0,0.0,22,20,0,True,0.11
SCEN_2023_LOW_oracle_actual_S1198,1198,oracle_actual,4220.0,0,0.0,22,20,0,True,0.11
SCEN_2023_LOW_oracle_actual_S1199,1199,oracle_actual,4220.0,0,0.0,22,20,0,True,0.11
SCEN_2023_LOW_oracle_actual_S1200,1200,oracle_actual,4220.0,0,0.0,22,20,0,True,0.11
SCEN_2023_LOW_oracle_actual_S1201,1201,oracle_actual,4220.0,0,0.0,22,20,0,True,0.11
SCEN_2023_LOW_oracle_actual_S1202,1202,oracle_actual,4220.0,0,0.0,22,20,0,True,0.12
SCEN_2023_LOW_oracle_actual_S1203,1203,oracle_actual,4220.0,0,0.0,22,20,0,True,0.11
SCEN_2023_LOW_oracle_actual_S1204,1204,oracle_actual,4220.0,0,0.0,22,20,0,True,0.11
SCEN_2023_LOW_oracle_actual_S1205,1205,oracle_actual,4220.0,0,0.0,22,20,0,True,0.11
SCEN_2023_LOW_oracle_actual_S1206,1206,oracle_actual,4220.0,0,0.0,22,20,0,True,0.11
SCEN_2023_LOW_oracle_actual_S1207,1207,oracle_actual,4220.0,0,0.0,22,20,0,True,0.11
SCEN_2023_LOW_oracle_actual_S1208,1208,oracle_actual,4220.0,0,0.0,22,20,0,True,0.11
SCEN_2023_LOW_oracle_actual_S1209,1209,oracle_actual,4220.0,0,0.0,22,20,0,True,0.11
SCEN_2023_LOW_oracle_actual_S1210,1210,oracle_actual,4220.0,0,0.0,22,20,0,True,0.11
SCEN_2023_LOW_oracle_actual_S1211,1211,oracle_actual,4220.0,0,0.0,22,20,0,True,0.11
SCEN_2023_LOW_oracle_actual_S1212,1212,oracle_actual,4220.0,0,0.0,22,20,0,True,0.12
SCEN_2023_LOW_oracle_actual_S1213,1213,oracle_actual,4220.0,0,0.0,22,20,0,True,0.11
SCEN_2023_LOW_oracle_actual_S1214,1214,oracle_actual,4220.0,0,0.0,22,20,0,True,0.11
SCEN_2023_LOW_oracle_actual_S1215,1215,oracle_actual,4220.0,0,0.0,22,20,0,True,0.11
SCEN_2023_LOW_oracle_actual_S1216,1216,oracle_actual,4220.0,0,0.0,22,20,0,True,0.12
SCEN_2023_LOW_oracle_actual_S1217,1217,oracle_actual,4220.0,0,0.0,22,20,0,True,0.11
SCEN_2023_LOW_oracle_actual_S1218,1218,oracle_actual,4220.0,0,0.0,22,20,0,True,0.11
SCEN_2023_LOW_oracle_actual_S1219,1219,oracle_actual,4220.0,0,0.0,22,20,0,True,0.11
SCEN_2023_LOW_oracle_actual_S1220,1220,oracle_actual,4220.0,0,0.0,22,20,0,True,0.15
SCEN_2023_LOW_oracle_actual_S1221,1221,oracle_actual,4220.0,0,0.0,22,20,0,True,0.11
SCEN_2023_LOW_oracle_actual_S1222,1222,oracle_actual,4220.0,0,0.0,22,20,0,True,0.11
SCEN_2023_LOW_oracle_actual_S1223,1223,oracle_actual,4220.0,0,0.0,22,20,0,True,0.11
SCEN_2023_LOW_oracle_actual_S1224,1224,oracle_actual,4220.0,0,0.0,22,20,0,True,0.12
SCEN_2023_LOW_oracle_actual_S1225,1225,oracle_actual,4220.0,0,0.0,22,20,0,True,0.11
SCEN_2023_LOW_oracle_actual_S1226,1226,oracle_actual,4220.0,0,0.0,22,20,0,True,0.11
SCEN_2023_LOW_oracle_actual_S1227,1227,oracle_actual,4220.0,0,0.0,22,20,0,True,0.11
SCEN_2023_LOW_oracle_actual_S1228,1228,oracle_actual,4220.0,0,0.0,22,20,0,True,0.12
SCEN_2023_LOW_oracle_actual_S1229,1229,oracle_actual,4220.0,0,0.0,22,20,0,True,0.12
SCEN_2023_LOW_oracle_actual_S1230,1230,oracle_actual,4220.0,0,0.0,22,20,0,True,0.11
SCEN_2023_LOW_oracle_actual_S1231,1231,oracle_actual,4220.0,0,0.0,22,20,0,True,0.13
SCEN_2023_LOW_oracle_actual_S1232,1232,oracle_actual,4220.0,0,0.0,22,20,0,True,0.11
SCEN_2023_LOW_oracle_actual_S1233,1233,oracle_actual,4220.0,0,0.0,22,20,0,True,0.22
SCEN_2023_LOW_oracle_actual_S1234,1234,oracle_actual,4220.0,0,0.0,22,20,0,True,0.13
SCEN_2023_LOW_oracle_actual_S1235,1235,oracle_actual,4220.0,0,0.0,22,20,0,True,0.11
SCEN_2023_LOW_oracle_actual_S1236,1236,oracle_actual,4220.0,0,0.0,22,20,0,True,0.12
SCEN_2023_LOW_oracle_actual_S1237,1237,oracle_actual,4220.0,0,0.0,22,20,0,True,0.11
SCEN_2023_LOW_oracle_actual_S1238,1238,oracle_actual,4220.0,0,0.0,22,20,0,True,0.15
SCEN_2023_LOW_oracle_actual_S1239,1239,oracle_actual,4220.0,0,0.0,22,20,0,True,0.11
SCEN_2023_LOW_oracle_actual_S1240,1240,oracle_actual,4220.0,0,0.0,22,20,0,True,0.11
SCEN_2023_LOW_oracle_actual_S1241,1241,oracle_actual,4220.0,0,0.0,22,20,0,True,0.11
SCEN_2023_LOW_oracle_actual_S1242,1242,oracle_actual,4220.0,0,0.0,22,20,0,True,0.11
SCEN_2023_LOW_oracle_actual_S1243,1243,oracle_actual,4220.0,0,0.0,22,20,0,True,0.11
SCEN_2023_LOW_oracle_actual_S1244,1244,oracle_actual,4220.0,0,0.0,22,20,0,True,0.11
SCEN_2023_LOW_oracle_actual_S1245,1245,oracle_actual,4220.0,0,0.0,22,20,0,True,0.16
SCEN_2023_LOW_oracle_actual_S1246,1246,oracle_actual,4220.0,0,0.0,22,20,0,True,0.11
SCEN_2023_LOW_oracle_actual_S1247,1247,oracle_actual,4220.0,0,0.0,22,20,0,True,0.11
SCEN_2023_LOW_oracle_actual_S1248,1248,oracle_actual,4220.0,0,0.0,22,20,0,True,0.11
SCEN_2023_LOW_oracle_actual_S1249,1249,oracle_actual,4220.0,0,0.0,22,20,0,True,0.11
SCEN_2023_LOW_oracle_actual_S1250,1250,oracle_actual,4220.0,0,0.0,22,20,0,True,0.11
SCEN_2023_LOW_oracle_actual_S1251,1251,oracle_actual,4220.0,0,0.0,22,20,0,True,0.11
SCEN_2023_LOW_oracle_actual_S1252,1252,oracle_actual,4220.0,0,0.0,22,20,0,True,0.11
SCEN_2023_LOW_oracle_actual_S1253,1253,oracle_actual,4220.0,0,0.0,22,20,0,True,0.11
SCEN_2023_LOW_oracle_actual_S1254,1254,oracle_actual,4220.0,0,0.0,22,20,0,True,0.11
SCEN_2023_LOW_oracle_actual_S1255,1255,oracle_actual,4220.0,0,0.0,22,20,0,True,0.11
SCEN_2023_LOW_oracle_actual_S1256,1256,oracle_actual,4220.0,0,0.0,22,20,0,True,0.18
SCEN_2023_LOW_oracle_actual_S1257,1257,oracle_actual,4220.0,0,0.0,22,20,0,True,0.11
SCEN_2023_LOW_oracle_actual_S1258,1258,oracle_actual,4220.0,0,0.0,22,20,0,True,0.11
SCEN_2023_LOW_oracle_actual_S1259,1259,oracle_actual,4220.0,0,0.0,22,20,0,True,0.11
SCEN_2023_LOW_oracle_actual_S1260,1260,oracle_actual,4220.0,0,0.0,22,20,0,True,0.11
SCEN_2023_LOW_oracle_actual_S1261,1261,oracle_actual,4220.0,0,0.0,22,20,0,True,0.11
SCEN_2023_LOW_oracle_actual_S1262,1262,oracle_actual,4220.0,0,0.0,22,20,0,True,0.11
SCEN_2023_LOW_oracle_actual_S1263,1263,oracle_actual,4220.0,0,0.0,22,20,0,True,0.11
SCEN_2023_LOW_oracle_actual_S1264,1264,oracle_actual,4220.0,0,0.0,22,20,0,True,0.11
SCEN_2023_LOW_oracle_actual_S1265,1265,oracle_actual,4220.0,0,0.0,22,20,0,True,0.11
SCEN_2023_LOW_oracle_actual_S1266,1266,oracle_actual,4220.0,0,0.0,22,20,0,True,0.11
SCEN_2023_LOW_oracle_actual_S1267,1267,oracle_actual,4220.0,0,0.0,22,20,0,True,0.13
SCEN_2023_LOW_oracle_actual_S1268,1268,oracle_actual,4220.0,0,0.0,22,20,0,True,0.11
SCEN_2023_LOW_oracle_actual_S1269,1269,oracle_actual,4220.0,0,0.0,22,20,0,True,0.11
SCEN_2023_LOW_oracle_actual_S1270,1270,oracle_actual,4220.0,0,0.0,22,20,0,True,0.11
SCEN_2023_LOW_oracle_actual_S1271,1271,oracle_actual,4220.0,0,0.0,22,20,0,True,0.11
SCEN_2023_LOW_oracle_actual_S1272,1272,oracle_actual,4220.0,0,0.0,22,20,0,True,0.11
SCEN_2023_LOW_oracle_actual_S1273,1273,oracle_actual,4220.0,0,0.0,22,20,0,True,0.11
SCEN_2023_LOW_oracle_actual_S1274,1274,oracle_actual,4220.0,0,0.0,22,20,0,True,0.11
SCEN_2023_LOW_oracle_actual_S1275,1275,oracle_actual,4220.0,0,0.0,22,20,0,True,0.11
SCEN_2023_LOW_oracle_actual_S1276,1276,oracle_actual,4220.0,0,0.0,22,20,0,True,0.11
SCEN_2023_LOW_oracle_actual_S1277,1277,oracle_actual,4220.0,0,0.0,22,20,0,True,0.11
SCEN_2023_LOW_oracle_actual_S1278,1278,oracle_actual,4220.0,0,0.0,22,20,0,True,0.11
SCEN_2023_LOW_oracle_actual_S1279,1279,oracle_actual,4220.0,0,0.0,22,20,0,True,0.11
SCEN_2023_LOW_oracle_actual_S1280,1280,oracle_actual,4220.0,0,0.0,22,20,0,True,0.11
SCEN_2023_LOW_oracle_actual_S1281,1281,oracle_actual,4220.0,0,0.0,22,20,0,True,0.11
SCEN_2023_LOW_oracle_actual_S1282,1282,oracle_actual,4220.0,0,0.0,22,20,0,True,0.11
SCEN_2023_LOW_oracle_actual_S1283,1283,oracle_actual,4220.0,0,0.0,22,20,0,True,0.11
SCEN_2023_LOW_oracle_actual_S1284,1284,oracle_actual,4220.0,0,0.0,22,20,0,True,0.11
SCEN_2023_LOW_oracle_actual_S1285,1285,oracle_actual,4220.0,0,0.0,22,20,0,True,0.11
SCEN_2023_LOW_oracle_actual_S1286,1286,oracle_actual,4220.0,0,0.0,22,20,0,True,0.12
SCEN_2023_LOW_oracle_actual_S1287,1287,oracle_actual,4220.0,0,0.0,22,20,0,True,0.11
SCEN_2023_LOW_oracle_actual_S1288,1288,oracle_actual,4220.0,0,0.0,22,20,0,True,0.11
SCEN_2023_LOW_oracle_actual_S1289,1289,oracle_actual,4220.0,0,0.0,22,20,0,True,0.11
SCEN_2023_LOW_oracle_actual_S1290,1290,oracle_actual,4220.0,0,0.0,22,20,0,True,0.11
SCEN_2023_LOW_oracle_actual_S1291,1291,oracle_actual,4220.0,0,0.0,22,20,0,True,0.11
SCEN_2023_LOW_oracle_actual_S1292,1292,oracle_actual,4220.0,0,0.0,22,20,0,True,0.11
SCEN_2023_LOW_oracle_actual_S1293,1293,oracle_actual,4220.0,0,0.0,22,20,0,True,0.11
SCEN_2023_LOW_oracle_actual_S1294,1294,oracle_actual,4220.0,0,0.0,22,20,0,True,0.11
SCEN_2023_LOW_oracle_actual_S1295,1295,oracle_actual,4220.0,0,0.0,22,20,0,True,0.11
SCEN_2023_LOW_oracle_actual_S1296,1296,oracle_actual,4220.0,0,0.0,22,20,0,True,0.11
SCEN_2023_LOW_oracle_actual_S1297,1297,oracle_actual,4220.0,0,0.0,22,20,0,True,0.11
SCEN_2023_LOW_oracle_actual_S1298,1298,oracle_actual,4220.0,0,0.0,22,20,0,True,0.11
SCEN_2023_LOW_oracle_actual_S1299,1299,oracle_actual,4220.0,0,0.0,22,20,0,True,0.11
SCEN_2023_LOW_oracle_actual_S1300,1300,oracle_actual,4220.0,0,0.0,22,20,0,True,0.11
SCEN_2023_LOW_oracle_actual_S1301,1301,oracle_actual,4220.0,0,0.0,22,20,0,True,0.11
SCEN_2023_LOW_oracle_actual_S1302,1302,oracle_actual,4220.0,0,0.0,22,20,0,True,0.11
SCEN_2023_LOW_oracle_actual_S1303,1303,oracle_actual,4220.0,0,0.0,22,20,0,True,0.11
SCEN_2023_LOW_oracle_actual_S1304,1304,oracle_actual,4220.0,0,0.0,22,20,0,True,0.11
SCEN_2023_LOW_oracle_actual_S1305,1305,oracle_actual,4220.0,0,0.0,22,20,0,True,0.11
SCEN_2023_LOW_oracle_actual_S1306,1306,oracle_actual,4220.0,0,0.0,22,20,0,True,0.11
SCEN_2023_LOW_oracle_actual_S1307,1307,oracle_actual,4220.0,0,0.0,22,20,0,True,0.11
SCEN_2023_LOW_oracle_actual_S1308,1308,oracle_actual,4220.0,0,0.0,22,20,0,True,0.11
SCEN_2023_LOW_oracle_actual_S1309,1309,oracle_actual,4220.0,0,0.0,22,20,0,True,0.11
SCEN_2023_LOW_oracle_actual_S1310,1310,oracle_actual,4220.0,0,0.0,22,20,0,True,0.11
SCEN_2023_LOW_oracle_actual_S1311,1311,oracle_actual,4220.0,0,0.0,22,20,0,True,0.12
SCEN_2023_LOW_oracle_actual_S1312,1312,oracle_actual,4220.0,0,0.0,22,20,0,True,0.11
SCEN_2023_LOW_oracle_actual_S1313,1313,oracle_actual,4220.0,0,0.0,22,20,0,True,0.11
SCEN_2023_LOW_oracle_actual_S1314,1314,oracle_actual,4220.0,0,0.0,22,20,0,True,0.11
SCEN_2023_LOW_oracle_actual_S1315,1315,oracle_actual,4220.0,0,0.0,22,20,0,True,0.17
SCEN_2023_LOW_oracle_actual_S1316,1316,oracle_actual,4220.0,0,0.0,22,20,0,True,0.11
SCEN_2023_LOW_oracle_actual_S1317,1317,oracle_actual,4220.0,0,0.0,22,20,0,True,0.11
SCEN_2023_LOW_oracle_actual_S1318,1318,oracle_actual,4220.0,0,0.0,22,20,0,True,0.11
SCEN_2023_LOW_oracle_actual_S1319,1319,oracle_actual,4220.0,0,0.0,22,20,0,True,0.11
SCEN_2023_LOW_oracle_actual_S1320,1320,oracle_actual,4220.0,0,0.0,22,20,0,True,0.11
SCEN_2023_LOW_oracle_actual_S1321,1321,oracle_actual,4220.0,0,0.0,22,20,0,True,0.11
SCEN_2023_LOW_oracle_actual_S1322,1322,oracle_actual,4220.0,0,0.0,22,20,0,True,0.11
SCEN_2023_LOW_oracle_actual_S1323,1323,oracle_actual,4220.0,0,0.0,22,20,0,True,0.11
SCEN_2023_LOW_oracle_actual_S1324,1324,oracle_actual,4220.0,0,0.0,22,20,0,True,0.11
SCEN_2023_LOW_oracle_actual_S1325,1325,oracle_actual,4220.0,0,0.0,22,20,0,True,0.11
SCEN_2023_LOW_oracle_actual_S1326,1326,oracle_actual,4220.0,0,0.0,22,20,0,True,0.11
SCEN_2023_LOW_oracle_actual_S1327,1327,oracle_actual,4220.0,0,0.0,22,20,0,True,0.11
SCEN_2023_LOW_oracle_actual_S1328,1328,oracle_actual,4220.0,0,0.0,22,20,0,True,0.11
SCEN_2023_LOW_oracle_actual_S1329,1329,oracle_actual,4220.0,0,0.0,22,20,0,True,0.11
SCEN_2023_LOW_oracle_actual_S1330,1330,oracle_actual,4220.0,0,0.0,22,20,0,True,0.11
SCEN_2023_LOW_oracle_actual_S1331,1331,oracle_actual,4220.0,0,0.0,22,20,0,True,0.11
SCEN_2023_LOW_oracle_actual_S1332,1332,oracle_actual,4220.0,0,0.0,22,20,0,True,0.11
SCEN_2023_LOW_oracle_actual_S1333,1333,oracle_actual,4220.0,0,0.0,22,20,0,True,0.11
SCEN_2023_LOW_oracle_actual_S1334,1334,oracle_actual,4220.0,0,0.0,22,20,0,True,0.11
SCEN_2023_LOW_oracle_actual_S1335,1335,oracle_actual,4220.0,0,0.0,22,20,0,True,0.11
SCEN_2023_LOW_oracle_actual_S1336,1336,oracle_actual,4220.0,0,0.0,22,20,0,True,0.11
SCEN_2023_LOW_oracle_actual_S1337,1337,oracle_actual,4220.0,0,0.0,22,20,0,True,0.11
SCEN_2023_LOW_oracle_actual_S1338,1338,oracle_actual,4220.0,0,0.0,22,20,0,True,0.2
SCEN_2023_LOW_oracle_actual_S1339,1339,oracle_actual,4220.0,0,0.0,22,20,0,True,0.11
SCEN_2023_LOW_oracle_actual_S1340,1340,oracle_actual,4220.0,0,0.0,22,20,0,True,0.11
SCEN_2023_LOW_oracle_actual_S1341,1341,oracle_actual,4220.0,0,0.0,22,20,0,True,0.11
SCEN_2023_LOW_oracle_actual_S1342,1342,oracle_actual,4220.0,0,0.0,22,20,0,True,0.11
SCEN_2023_LOW_oracle_actual_S1343,1343,oracle_actual,4220.0,0,0.0,22,20,0,True,0.12
SCEN_2023_LOW_oracle_actual_S1344,1344,oracle_actual,4220.0,0,0.0,22,20,0,True,0.11
SCEN_2023_LOW_oracle_actual_S1345,1345,oracle_actual,4220.0,0,0.0,22,20,0,True,0.11
SCEN_2023_LOW_oracle_actual_S1346,1346,oracle_actual,4220.0,0,0.0,22,20,0,True,0.11
SCEN_2023_LOW_oracle_actual_S1347,1347,oracle_actual,4220.0,0,0.0,22,20,0,True,0.11
SCEN_2023_LOW_oracle_actual_S1348,1348,oracle_actual,4220.0,0,0.0,22,20,0,True,0.12
SCEN_2023_LOW_oracle_actual_S1349,1349,oracle_actual,4220.0,0,0.0,22,20,0,True,0.16
SCEN_2023_LOW_oracle_actual_S1350,1350,oracle_actual,4220.0,0,0.0,22,20,0,True,0.12
SCEN_2023_LOW_oracle_actual_S1351,1351,oracle_actual,4220.0,0,0.0,22,20,0,True,0.11
SCEN_2023_LOW_oracle_actual_S1352,1352,oracle_actual,4220.0,0,0.0,22,20,0,True,0.11
SCEN_2023_LOW_oracle_actual_S1353,1353,oracle_actual,4220.0,0,0.0,22,20,0,True,0.11
SCEN_2023_LOW_oracle_actual_S1354,1354,oracle_actual,4220.0,0,0.0,22,20,0,True,0.11
SCEN_2023_LOW_oracle_actual_S1355,1355,oracle_actual,4220.0,0,0.0,22,20,0,True,0.11
SCEN_2023_LOW_oracle_actual_S1356,1356,oracle_actual,4220.0,0,0.0,22,20,0,True,0.11
SCEN_2023_LOW_oracle_actual_S1357,1357,oracle_actual,4220.0,0,0.0,22,20,0,True,0.11
SCEN_2023_LOW_oracle_actual_S1358,1358,oracle_actual,4220.0,0,0.0,22,20,0,True,0.11
SCEN_2023_LOW_oracle_actual_S1359,1359,oracle_actual,4220.0,0,0.0,22,20,0,True,0.11
SCEN_2023_LOW_oracle_actual_S1360,1360,oracle_actual,4220.0,0,0.0,22,20,0,True,0.11
SCEN_2023_LOW_oracle_actual_S1361,1361,oracle_actual,4220.0,0,0.0,22,20,0,True,0.11
SCEN_2023_LOW_oracle_actual_S1362,1362,oracle_actual,4220.0,0,0.0,22,20,0,True,0.11
SCEN_2023_LOW_oracle_actual_S1363,1363,oracle_actual,4220.0,0,0.0,22,20,0,True,0.11
SCEN_2023_LOW_oracle_actual_S1364,1364,oracle_actual,4220.0,0,0.0,22,20,0,True,0.12
SCEN_2023_LOW_oracle_actual_S1365,1365,oracle_actual,4220.0,0,0.0,22,20,0,True,0.11
SCEN_2023_LOW_oracle_actual_S1366,1366,oracle_actual,4220.0,0,0.0,22,20,0,True,0.11
SCEN_2023_LOW_oracle_actual_S1367,1367,oracle_actual,4220.0,0,0.0,22,20,0,True,0.11
SCEN_2023_LOW_oracle_actual_S1368,1368,oracle_actual,4220.0,0,0.0,22,20,0,True,0.11
SCEN_2023_LOW_oracle_actual_S1369,1369,oracle_actual,4220.0,0,0.0,22,20,0,True,0.11
SCEN_2023_LOW_oracle_actual_S1370,1370,oracle_actual,4220.0,0,0.0,22,20,0,True,0.11
SCEN_2023_LOW_oracle_actual_S1371,1371,oracle_actual,4220.0,0,0.0,22,20,0,True,0.11
SCEN_2023_LOW_oracle_actual_S1372,1372,oracle_actual,4220.0,0,0.0,22,20,0,True,0.11
SCEN_2023_LOW_oracle_actual_S1373,1373,oracle_actual,4220.0,0,0.0,22,20,0,True,0.11
SCEN_2023_LOW_oracle_actual_S1374,1374,oracle_actual,4220.0,0,0.0,22,20,0,True,0.11
SCEN_2023_LOW_oracle_actual_S1375,1375,oracle_actual,4220.0,0,0.0,22,20,0,True,0.11
SCEN_2023_LOW_oracle_actual_S1376,1376,oracle_actual,4220.0,0,0.0,22,20,0,True,0.11
SCEN_2023_LOW_oracle_actual_S1377,1377,oracle_actual,4220.0,0,0.0,22,20,0,True,0.11
SCEN_2023_LOW_oracle_actual_S1378,1378,oracle_actual,4220.0,0,0.0,22,20,0,True,0.11
SCEN_2023_LOW_oracle_actual_S1379,1379,oracle_actual,4220.0,0,0.0,22,20,0,True,0.11
SCEN_2023_LOW_oracle_actual_S1380,1380,oracle_actual,4220.0,0,0.0,22,20,0,True,0.11
SCEN_2023_LOW_oracle_actual_S1381,1381,oracle_actual,4220.0,0,0.0,22,20,0,True,0.11
SCEN_2023_LOW_oracle_actual_S1382,1382,oracle_actual,4220.0,0,0.0,22,20,0,True,0.12
SCEN_2023_LOW_oracle_actual_S1383,1383,oracle_actual,4220.0,0,0.0,22,20,0,True,0.14
SCEN_2023_LOW_oracle_actual_S1384,1384,oracle_actual,4220.0,0,0.0,22,20,0,True,0.11
SCEN_2023_LOW_oracle_actual_S1385,1385,oracle_actual,4220.0,0,0.0,22,20,0,True,0.11
SCEN_2023_LOW_oracle_actual_S1386,1386,oracle_actual,4220.0,0,0.0,22,20,0,True,0.11
SCEN_2023_LOW_oracle_actual_S1387,1387,oracle_actual,4220.0,0,0.0,22,20,0,True,0.11
SCEN_2023_LOW_oracle_actual_S1388,1388,oracle_actual,4220.0,0,0.0,22,20,0,True,0.13
SCEN_2023_LOW_oracle_actual_S1389,1389,oracle_actual,4220.0,0,0.0,22,20,0,True,0.11
SCEN_2023_LOW_oracle_actual_S1390,1390,oracle_actual,4220.0,0,0.0,22,20,0,True,0.17
SCEN_2023_LOW_oracle_actual_S1391,1391,oracle_actual,4220.0,0,0.0,22,20,0,True,0.11
SCEN_2023_LOW_oracle_actual_S1392,1392,oracle_actual,4220.0,0,0.0,22,20,0,True,0.11
SCEN_2023_LOW_oracle_actual_S1393,1393,oracle_actual,4220.0,0,0.0,22,20,0,True,0.11
SCEN_2023_LOW_oracle_actual_S1394,1394,oracle_actual,4220.0,0,0.0,22,20,0,True,0.12
SCEN_2023_LOW_oracle_actual_S1395,1395,oracle_actual,4220.0,0,0.0,22,20,0,True,0.11
SCEN_2023_LOW_oracle_actual_S1396,1396,oracle_actual,4220.0,0,0.0,22,20,0,True,0.11
SCEN_2023_LOW_oracle_actual_S1397,1397,oracle_actual,4220.0,0,0.0,22,20,0,True,0.13
SCEN_2023_LOW_oracle_actual_S1398,1398,oracle_actual,4220.0,0,0.0,22,20,0,True,0.14
SCEN_2023_LOW_oracle_actual_S1399,1399,oracle_actual,4220.0,0,0.0,22,20,0,True,0.21
SCEN_2023_LOW_oracle_actual_S1400,1400,oracle_actual,4220.0,0,0.0,22,20,0,True,0.11
SCEN_2023_LOW_oracle_actual_S1401,1401,oracle_actual,4220.0,0,0.0,22,20,0,True,0.11
SCEN_2023_LOW_oracle_actual_S1402,1402,oracle_actual,4220.0,0,0.0,22,20,0,True,0.11
SCEN_2023_LOW_oracle_actual_S1403,1403,oracle_actual,4220.0,0,0.0,22,20,0,True,0.11
SCEN_2023_LOW_oracle_actual_S1404,1404,oracle_actual,4220.0,0,0.0,22,20,0,True,0.25
SCEN_2023_LOW_oracle_actual_S1405,1405,oracle_actual,4220.0,0,0.0,22,20,0,True,0.11
SCEN_2023_LOW_oracle_actual_S1406,1406,oracle_actual,4220.0,0,0.0,22,20,0,True,0.12
SCEN_2023_LOW_oracle_actual_S1407,1407,oracle_actual,4220.0,0,0.0,22,20,0,True,0.11
SCEN_2023_LOW_oracle_actual_S1408,1408,oracle_actual,4220.0,0,0.0,22,20,0,True,0.11
SCEN_2023_LOW_oracle_actual_S1409,1409,oracle_actual,4220.0,0,0.0,22,20,0,True,0.18
SCEN_2023_LOW_oracle_actual_S1410,1410,oracle_actual,4220.0,0,0.0,22,20,0,True,0.11
SCEN_2023_LOW_oracle_actual_S1411,1411,oracle_actual,4220.0,0,0.0,22,20,0,True,0.11
SCEN_2023_LOW_oracle_actual_S1412,1412,oracle_actual,4220.0,0,0.0,22,20,0,True,0.11
SCEN_2023_LOW_oracle_actual_S1413,1413,oracle_actual,4220.0,0,0.0,22,20,0,True,0.11
SCEN_2023_LOW_oracle_actual_S1414,1414,oracle_actual,4220.0,0,0.0,22,20,0,True,0.11
SCEN_2023_LOW_oracle_actual_S1415,1415,oracle_actual,4220.0,0,0.0,22,20,0,True,0.11
SCEN_2023_LOW_oracle_actual_S1416,1416,oracle_actual,4220.0,0,0.0,22,20,0,True,0.11
SCEN_2023_LOW_oracle_actual_S1417,1417,oracle_actual,4220.0,0,0.0,22,20,0,True,0.11
SCEN_2023_LOW_oracle_actual_S1418,1418,oracle_actual,4220.0,0,0.0,22,20,0,True,0.11
SCEN_2023_LOW_oracle_actual_S1419,1419,oracle_actual,4220.0,0,0.0,22,20,0,True,0.11
SCEN_2023_LOW_oracle_actual_S1420,1420,oracle_actual,4220.0,0,0.0,22,20,0,True,0.11
SCEN_2023_LOW_oracle_actual_S1421,1421,oracle_actual,4220.0,0,0.0,22,20,0,True,0.14
SCEN_2023_LOW_oracle_actual_S1422,1422,oracle_actual,4220.0,0,0.0,22,20,0,True,0.12
SCEN_2023_LOW_oracle_actual_S1423,1423,oracle_actual,4220.0,0,0.0,22,20,0,True,0.11
SCEN_2023_LOW_oracle_actual_S1424,1424,oracle_actual,4220.0,0,0.0,22,20,0,True,0.11
SCEN_2023_LOW_oracle_actual_S1425,1425,oracle_actual,4220.0,0,0.0,22,20,0,True,0.12
SCEN_2023_LOW_oracle_actual_S1426,1426,oracle_actual,4220.0,0,0.0,22,20,0,True,0.11
SCEN_2023_LOW_oracle_actual_S1427,1427,oracle_actual,4220.0,0,0.0,22,20,0,True,0.11
SCEN_2023_LOW_oracle_actual_S1428,1428,oracle_actual,4220.0,0,0.0,22,20,0,True,0.11
SCEN_2023_LOW_oracle_actual_S1429,1429,oracle_actual,4220.0,0,0.0,22,20,0,True,0.14
SCEN_2023_LOW_oracle_actual_S1430,1430,oracle_actual,4220.0,0,0.0,22,20,0,True,0.11
SCEN_2023_LOW_oracle_actual_S1431,1431,oracle_actual,4220.0,0,0.0,22,20,0,True,0.11
SCEN_2023_LOW_oracle_actual_S1432,1432,oracle_actual,4220.0,0,0.0,22,20,0,True,0.11
SCEN_2023_LOW_oracle_actual_S1433,1433,oracle_actual,4220.0,0,0.0,22,20,0,True,0.11
SCEN_2023_LOW_oracle_actual_S1434,1434,oracle_actual,4220.0,0,0.0,22,20,0,True,0.11
SCEN_2023_LOW_oracle_actual_S1435,1435,oracle_actual,4220.0,0,0.0,22,20,0,True,0.11
SCEN_2023_LOW_oracle_actual_S1436,1436,oracle_actual,4220.0,0,0.0,22,20,0,True,0.14
SCEN_2023_LOW_oracle_actual_S1437,1437,oracle_actual,4220.0,0,0.0,22,20,0,True,0.11
SCEN_2023_LOW_oracle_actual_S1438,1438,oracle_actual,4220.0,0,0.0,22,20,0,True,0.11
SCEN_2023_LOW_oracle_actual_S1439,1439,oracle_actual,4220.0,0,0.0,22,20,0,True,0.11
SCEN_2023_LOW_oracle_actual_S1440,1440,oracle_actual,4220.0,0,0.0,22,20,0,True,0.11
SCEN_2023_LOW_oracle_actual_S1441,1441,oracle_actual,4220.0,0,0.0,22,20,0,True,0.11
SCEN_2023_LOW_oracle_actual_S1442,1442,oracle_actual,4220.0,0,0.0,22,20,0,True,0.11
SCEN_2023_LOW_oracle_actual_S1443,1443,oracle_actual,4220.0,0,0.0,22,20,0,True,0.11
SCEN_2023_LOW_oracle_actual_S1444,1444,oracle_actual,4220.0,0,0.0,22,20,0,True,0.11
SCEN_2023_LOW_oracle_actual_S1445,1445,oracle_actual,4220.0,0,0.0,22,20,0,True,0.14
SCEN_2023_LOW_oracle_actual_S1446,1446,oracle_actual,4220.0,0,0.0,22,20,0,True,0.12
SCEN_2023_LOW_oracle_actual_S1447,1447,oracle_actual,4220.0,0,0.0,22,20,0,True,0.12
SCEN_2023_LOW_oracle_actual_S1448,1448,oracle_actual,4220.0,0,0.0,22,20,0,True,0.11
SCEN_2023_LOW_oracle_actual_S1449,1449,oracle_actual,4220.0,0,0.0,22,20,0,True,0.13
SCEN_2023_LOW_oracle_actual_S1450,1450,oracle_actual,4220.0,0,0.0,22,20,0,True,0.15
SCEN_2023_LOW_oracle_actual_S1451,1451,oracle_actual,4220.0,0,0.0,22,20,0,True,0.15
SCEN_2023_LOW_oracle_actual_S1452,1452,oracle_actual,4220.0,0,0.0,22,20,0,True,0.11
SCEN_2023_LOW_oracle_actual_S1453,1453,oracle_actual,4220.0,0,0.0,22,20,0,True,0.11
SCEN_2023_LOW_oracle_actual_S1454,1454,oracle_actual,4220.0,0,0.0,22,20,0,True,0.11
SCEN_2023_LOW_oracle_actual_S1455,1455,oracle_actual,4220.0,0,0.0,22,20,0,True,0.11
SCEN_2023_LOW_oracle_actual_S1456,1456,oracle_actual,4220.0,0,0.0,22,20,0,True,0.11
SCEN_2023_LOW_oracle_actual_S1457,1457,oracle_actual,4220.0,0,0.0,22,20,0,True,0.11
SCEN_2023_LOW_oracle_actual_S1458,1458,oracle_actual,4220.0,0,0.0,22,20,0,True,0.11
SCEN_2023_LOW_oracle_actual_S1459,1459,oracle_actual,4220.0,0,0.0,22,20,0,True,0.11
SCEN_2023_LOW_oracle_actual_S1460,1460,oracle_actual,4220.0,0,0.0,22,20,0,True,0.13
SCEN_2023_LOW_oracle_actual_S1461,1461,oracle_actual,4220.0,0,0.0,22,20,0,True,0.11
SCEN_2023_LOW_oracle_actual_S1462,1462,oracle_actual,4220.0,0,0.0,22,20,0,True,0.11
SCEN_2023_LOW_oracle_actual_S1463,1463,oracle_actual,4220.0,0,0.0,22,20,0,True,0.11
SCEN_2023_LOW_oracle_actual_S1464,1464,oracle_actual,4220.0,0,0.0,22,20,0,True,0.11
SCEN_2023_LOW_oracle_actual_S1465,1465,oracle_actual,4220.0,0,0.0,22,20,0,True,0.11
SCEN_2023_LOW_oracle_actual_S1466,1466,oracle_actual,4220.0,0,0.0,22,20,0,True,0.11
SCEN_2023_LOW_oracle_actual_S1467,1467,oracle_actual,4220.0,0,0.0,22,20,0,True,0.11
SCEN_2023_LOW_oracle_actual_S1468,1468,oracle_actual,4220.0,0,0.0,22,20,0,True,0.12
SCEN_2023_LOW_oracle_actual_S1469,1469,oracle_actual,4220.0,0,0.0,22,20,0,True,0.11
SCEN_2023_LOW_oracle_actual_S1470,1470,oracle_actual,4220.0,0,0.0,22,20,0,True,0.11
SCEN_2023_LOW_oracle_actual_S1471,1471,oracle_actual,4220.0,0,0.0,22,20,0,True,0.11
SCEN_2023_LOW_oracle_actual_S1472,1472,oracle_actual,4220.0,0,0.0,22,20,0,True,0.11
SCEN_2023_LOW_oracle_actual_S1473,1473,oracle_actual,4220.0,0,0.0,22,20,0,True,0.12
SCEN_2023_LOW_oracle_actual_S1474,1474,oracle_actual,4220.0,0,0.0,22,20,0,True,0.11
SCEN_2023_LOW_oracle_actual_S1475,1475,oracle_actual,4220.0,0,0.0,22,20,0,True,0.11
SCEN_2023_LOW_oracle_actual_S1476,1476,oracle_actual,4220.0,0,0.0,22,20,0,True,0.11
SCEN_2023_LOW_oracle_actual_S1477,1477,oracle_actual,4220.0,0,0.0,22,20,0,True,0.11
SCEN_2023_LOW_oracle_actual_S1478,1478,oracle_actual,4220.0,0,0.0,22,20,0,True,0.11
SCEN_2023_LOW_oracle_actual_S1479,1479,oracle_actual,4220.0,0,0.0,22,20,0,True,0.12
SCEN_2023_LOW_oracle_actual_S1480,1480,oracle_actual,4220.0,0,0.0,22,20,0,True,0.11
SCEN_2023_LOW_oracle_actual_S1481,1481,oracle_actual,4220.0,0,0.0,22,20,0,True,0.11
SCEN_2023_LOW_oracle_actual_S1482,1482,oracle_actual,4220.0,0,0.0,22,20,0,True,0.11
SCEN_2023_LOW_oracle_actual_S1483,1483,oracle_actual,4220.0,0,0.0,22,20,0,True,0.12
SCEN_2023_LOW_oracle_actual_S1484,1484,oracle_actual,4220.0,0,0.0,22,20,0,True,0.11
SCEN_2023_LOW_oracle_actual_S1485,1485,oracle_actual,4220.0,0,0.0,22,20,0,True,0.11
SCEN_2023_LOW_oracle_actual_S1486,1486,oracle_actual,4220.0,0,0.0,22,20,0,True,0.11
SCEN_2023_LOW_oracle_actual_S1487,1487,oracle_actual,4220.0,0,0.0,22,20,0,True,0.11
SCEN_2023_LOW_oracle_actual_S1488,1488,oracle_actual,4220.0,0,0.0,22,20,0,True,0.11
SCEN_2023_LOW_oracle_actual_S1489,1489,oracle_actual,4220.0,0,0.0,22,20,0,True,0.11
SCEN_2023_LOW_oracle_actual_S1490,1490,oracle_actual,4220.0,0,0.0,22,20,0,True,0.16
SCEN_2023_LOW_oracle_actual_S1491,1491,oracle_actual,4220.0,0,0.0,22,20,0,True,0.11
SCEN_2023_LOW_oracle_actual_S1492,1492,oracle_actual,4220.0,0,0.0,22,20,0,True,0.11
SCEN_2023_LOW_oracle_actual_S1493,1493,oracle_actual,4220.0,0,0.0,22,20,0,True,0.11
SCEN_2023_LOW_oracle_actual_S1494,1494,oracle_actual,4220.0,0,0.0,22,20,0,True,0.11
SCEN_2023_LOW_oracle_actual_S1495,1495,oracle_actual,4220.0,0,0.0,22,20,0,True,0.11
SCEN_2023_LOW_oracle_actual_S1496,1496,oracle_actual,4220.0,0,0.0,22,20,0,True,0.11
SCEN_2023_LOW_oracle_actual_S1497,1497,oracle_actual,4220.0,0,0.0,22,20,0,True,0.11
SCEN_2023_LOW_oracle_actual_S1498,1498,oracle_actual,4220.0,0,0.0,22,20,0,True,0.11
SCEN_2023_LOW_oracle_actual_S1499,1499,oracle_actual,4220.0,0,0.0,22,20,0,True,0.11
SCEN_2023_LOW_oracle_actual_S1500,1500,oracle_actual,4220.0,0,0.0,22,20,0,True,0.11
SCEN_2023_LOW_oracle_actual_S1501,1501,oracle_actual,4220.0,0,0.0,22,20,0,True,0.11
SCEN_2023_LOW_oracle_actual_S1502,1502,oracle_actual,4220.0,0,0.0,22,20,0,True,0.11
SCEN_2023_LOW_oracle_actual_S1503,1503,oracle_actual,4220.0,0,0.0,22,20,0,True,0.11
SCEN_2023_LOW_oracle_actual_S1504,1504,oracle_actual,4220.0,0,0.0,22,20,0,True,0.11
SCEN_2023_LOW_oracle_actual_S1505,1505,oracle_actual,4220.0,0,0.0,22,20,0,True,0.11
SCEN_2023_LOW_oracle_actual_S1506,1506,oracle_actual,4220.0,0,0.0,22,20,0,True,0.11
SCEN_2023_LOW_oracle_actual_S1507,1507,oracle_actual,4220.0,0,0.0,22,20,0,True,0.11
SCEN_2023_LOW_oracle_actual_S1508,1508,oracle_actual,4220.0,0,0.0,22,20,0,True,0.11
SCEN_2023_LOW_oracle_actual_S1509,1509,oracle_actual,4220.0,0,0.0,22,20,0,True,0.11
SCEN_2023_LOW_oracle_actual_S1510,1510,oracle_actual,4220.0,0,0.0,22,20,0,True,0.11
SCEN_2023_LOW_oracle_actual_S1511,1511,oracle_actual,4220.0,0,0.0,22,20,0,True,0.11
SCEN_2023_LOW_oracle_actual_S1512,1512,oracle_actual,4220.0,0,0.0,22,20,0,True,0.11
SCEN_2023_LOW_oracle_actual_S1513,1513,oracle_actual,4220.0,0,0.0,22,20,0,True,0.11
SCEN_2023_LOW_oracle_actual_S1514,1514,oracle_actual,4220.0,0,0.0,22,20,0,True,0.11
SCEN_2023_LOW_oracle_actual_S1515,1515,oracle_actual,4220.0,0,0.0,22,20,0,True,0.12
SCEN_2023_LOW_oracle_actual_S1516,1516,oracle_actual,4220.0,0,0.0,22,20,0,True,0.11
SCEN_2023_LOW_oracle_actual_S1517,1517,oracle_actual,4220.0,0,0.0,22,20,0,True,0.11
SCEN_2023_LOW_oracle_actual_S1518,1518,oracle_actual,4220.0,0,0.0,22,20,0,True,0.11
SCEN_2023_LOW_oracle_actual_S1519,1519,oracle_actual,4220.0,0,0.0,22,20,0,True,0.24
SCEN_2023_LOW_oracle_actual_S1520,1520,oracle_actual,4220.0,0,0.0,22,20,0,True,0.11
SCEN_2023_LOW_oracle_actual_S1521,1521,oracle_actual,4220.0,0,0.0,22,20,0,True,0.11
SCEN_2023_LOW_oracle_actual_S1522,1522,oracle_actual,4220.0,0,0.0,22,20,0,True,0.13
SCEN_2023_LOW_oracle_actual_S1523,1523,oracle_actual,4220.0,0,0.0,22,20,0,True,0.11
SCEN_2023_LOW_oracle_actual_S1524,1524,oracle_actual,4220.0,0,0.0,22,20,0,True,0.11
SCEN_2023_LOW_oracle_actual_S1525,1525,oracle_actual,4220.0,0,0.0,22,20,0,True,0.11
SCEN_2023_LOW_oracle_actual_S1526,1526,oracle_actual,4220.0,0,0.0,22,20,0,True,0.11
SCEN_2023_LOW_oracle_actual_S1527,1527,oracle_actual,4220.0,0,0.0,22,20,0,True,0.11
SCEN_2023_LOW_oracle_actual_S1528,1528,oracle_actual,4220.0,0,0.0,22,20,0,True,0.11
SCEN_2023_LOW_oracle_actual_S1529,1529,oracle_actual,4220.0,0,0.0,22,20,0,True,0.11
SCEN_2023_LOW_oracle_actual_S1530,1530,oracle_actual,4220.0,0,0.0,22,20,0,True,0.11
SCEN_2023_LOW_oracle_actual_S1531,1531,oracle_actual,4220.0,0,0.0,22,20,0,True,0.11
SCEN_2023_LOW_oracle_actual_S1532,1532,oracle_actual,4220.0,0,0.0,22,20,0,True,0.11
SCEN_2023_LOW_oracle_actual_S1533,1533,oracle_actual,4220.0,0,0.0,22,20,0,True,0.12
SCEN_2023_LOW_oracle_actual_S1534,1534,oracle_actual,4220.0,0,0.0,22,20,0,True,0.13
SCEN_2023_LOW_oracle_actual_S1535,1535,oracle_actual,4220.0,0,0.0,22,20,0,True,0.11
SCEN_2023_LOW_oracle_actual_S1536,1536,oracle_actual,4220.0,0,0.0,22,20,0,True,0.11
SCEN_2023_LOW_oracle_actual_S1537,1537,oracle_actual,4220.0,0,0.0,22,20,0,True,0.11
SCEN_2023_LOW_oracle_actual_S1538,1538,oracle_actual,4220.0,0,0.0,22,20,0,True,0.16
SCEN_2023_LOW_oracle_actual_S1539,1539,oracle_actual,4220.0,0,0.0,22,20,0,True,0.12
SCEN_2023_LOW_oracle_actual_S1540,1540,oracle_actual,4220.0,0,0.0,22,20,0,True,0.11
SCEN_2023_LOW_oracle_actual_S1541,1541,oracle_actual,4220.0,0,0.0,22,20,0,True,0.11
SCEN_2023_LOW_oracle_actual_S1542,1542,oracle_actual,4220.0,0,0.0,22,20,0,True,0.11
SCEN_2023_LOW_oracle_actual_S1543,1543,oracle_actual,4220.0,0,0.0,22,20,0,True,0.12
SCEN_2023_LOW_oracle_actual_S1544,1544,oracle_actual,4220.0,0,0.0,22,20,0,True,0.11
SCEN_2023_LOW_oracle_actual_S1545,1545,oracle_actual,4220.0,0,0.0,22,20,0,True,0.11
SCEN_2023_LOW_oracle_actual_S1546,1546,oracle_actual,4220.0,0,0.0,22,20,0,True,0.12
SCEN_2023_LOW_oracle_actual_S1547,1547,oracle_actual,4220.0,0,0.0,22,20,0,True,0.12
SCEN_2023_LOW_oracle_actual_S1548,1548,oracle_actual,4220.0,0,0.0,22,20,0,True,0.18
SCEN_2023_LOW_oracle_actual_S1549,1549,oracle_actual,4220.0,0,0.0,22,20,0,True,0.12
SCEN_2023_LOW_oracle_actual_S1550,1550,oracle_actual,4220.0,0,0.0,22,20,0,True,0.11
SCEN_2023_LOW_oracle_actual_S1551,1551,oracle_actual,4220.0,0,0.0,22,20,0,True,0.11
SCEN_2023_LOW_oracle_actual_S1552,1552,oracle_actual,4220.0,0,0.0,22,20,0,True,0.11
SCEN_2023_LOW_oracle_actual_S1553,1553,oracle_actual,4220.0,0,0.0,22,20,0,True,0.11
SCEN_2023_LOW_oracle_actual_S1554,1554,oracle_actual,4220.0,0,0.0,22,20,0,True,0.11
SCEN_2023_LOW_oracle_actual_S1555,1555,oracle_actual,4220.0,0,0.0,22,20,0,True,0.11
SCEN_2023_LOW_oracle_actual_S1556,1556,oracle_actual,4220.0,0,0.0,22,20,0,True,0.11
SCEN_2023_LOW_oracle_actual_S1557,1557,oracle_actual,4220.0,0,0.0,22,20,0,True,0.11
SCEN_2023_LOW_oracle_actual_S1558,1558,oracle_actual,4220.0,0,0.0,22,20,0,True,0.11
SCEN_2023_LOW_oracle_actual_S1559,1559,oracle_actual,4220.0,0,0.0,22,20,0,True,0.11
SCEN_2023_LOW_oracle_actual_S1560,1560,oracle_actual,4220.0,0,0.0,22,20,0,True,0.11
SCEN_2023_LOW_oracle_actual_S1561,1561,oracle_actual,4220.0,0,0.0,22,20,0,True,0.11
SCEN_2023_LOW_oracle_actual_S1562,1562,oracle_actual,4220.0,0,0.0,22,20,0,True,0.11
SCEN_2023_LOW_oracle_actual_S1563,1563,oracle_actual,4220.0,0,0.0,22,20,0,True,0.11
SCEN_2023_LOW_oracle_actual_S1564,1564,oracle_actual,4220.0,0,0.0,22,20,0,True,0.11
SCEN_2023_LOW_oracle_actual_S1565,1565,oracle_actual,4220.0,0,0.0,22,20,0,True,0.11
SCEN_2023_LOW_oracle_actual_S1566,1566,oracle_actual,4220.0,0,0.0,22,20,0,True,0.11
SCEN_2023_LOW_oracle_actual_S1567,1567,oracle_actual,4220.0,0,0.0,22,20,0,True,0.12
SCEN_2023_LOW_oracle_actual_S1568,1568,oracle_actual,4220.0,0,0.0,22,20,0,True,0.11
SCEN_2023_LOW_oracle_actual_S1569,1569,oracle_actual,4220.0,0,0.0,22,20,0,True,0.11
SCEN_2023_LOW_oracle_actual_S1570,1570,oracle_actual,4220.0,0,0.0,22,20,0,True,0.11
SCEN_2023_LOW_oracle_actual_S1571,1571,oracle_actual,4220.0,0,0.0,22,20,0,True,0.12
SCEN_2023_LOW_oracle_actual_S1572,1572,oracle_actual,4220.0,0,0.0,22,20,0,True,0.13
SCEN_2023_LOW_oracle_actual_S1573,1573,oracle_actual,4220.0,0,0.0,22,20,0,True,0.11
SCEN_2023_LOW_oracle_actual_S1574,1574,oracle_actual,4220.0,0,0.0,22,20,0,True,0.11
SCEN_2023_LOW_oracle_actual_S1575,1575,oracle_actual,4220.0,0,0.0,22,20,0,True,0.11
SCEN_2023_LOW_oracle_actual_S1576,1576,oracle_actual,4220.0,0,0.0,22,20,0,True,0.11
SCEN_2023_LOW_oracle_actual_S1577,1577,oracle_actual,4220.0,0,0.0,22,20,0,True,0.11
SCEN_2023_LOW_oracle_actual_S1578,1578,oracle_actual,4220.0,0,0.0,22,20,0,True,0.11
SCEN_2023_LOW_oracle_actual_S1579,1579,oracle_actual,4220.0,0,0.0,22,20,0,True,0.13
SCEN_2023_LOW_oracle_actual_S1580,1580,oracle_actual,4220.0,0,0.0,22,20,0,True,0.11
SCEN_2023_LOW_oracle_actual_S1581,1581,oracle_actual,4220.0,0,0.0,22,20,0,True,0.11
SCEN_2023_LOW_oracle_actual_S1582,1582,oracle_actual,4220.0,0,0.0,22,20,0,True,0.11
SCEN_2023_LOW_oracle_actual_S1583,1583,oracle_actual,4220.0,0,0.0,22,20,0,True,0.11
SCEN_2023_LOW_oracle_actual_S1584,1584,oracle_actual,4220.0,0,0.0,22,20,0,True,0.18
SCEN_2023_LOW_oracle_actual_S1585,1585,oracle_actual,4220.0,0,0.0,22,20,0,True,0.13
SCEN_2023_LOW_oracle_actual_S1586,1586,oracle_actual,4220.0,0,0.0,22,20,0,True,0.11
SCEN_2023_LOW_oracle_actual_S1587,1587,oracle_actual,4220.0,0,0.0,22,20,0,True,0.11
SCEN_2023_LOW_oracle_actual_S1588,1588,oracle_actual,4220.0,0,0.0,22,20,0,True,0.11
SCEN_2023_LOW_oracle_actual_S1589,1589,oracle_actual,4220.0,0,0.0,22,20,0,True,0.11
SCEN_2023_LOW_oracle_actual_S1590,1590,oracle_actual,4220.0,0,0.0,22,20,0,True,0.11
SCEN_2023_LOW_oracle_actual_S1591,1591,oracle_actual,4220.0,0,0.0,22,20,0,True,0.11
SCEN_2023_LOW_oracle_actual_S1592,1592,oracle_actual,4220.0,0,0.0,22,20,0,True,0.11
SCEN_2023_LOW_oracle_actual_S1593,1593,oracle_actual,4220.0,0,0.0,22,20,0,True,0.11
SCEN_2023_LOW_oracle_actual_S1594,1594,oracle_actual,4220.0,0,0.0,22,20,0,True,0.11
SCEN_2023_LOW_oracle_actual_S1595,1595,oracle_actual,4220.0,0,0.0,22,20,0,True,0.11
SCEN_2023_LOW_oracle_actual_S1596,1596,oracle_actual,4220.0,0,0.0,22,20,0,True,0.11
SCEN_2023_LOW_oracle_actual_S1597,1597,oracle_actual,4220.0,0,0.0,22,20,0,True,0.18
SCEN_2023_LOW_oracle_actual_S1598,1598,oracle_actual,4220.0,0,0.0,22,20,0,True,0.11
SCEN_2023_LOW_oracle_actual_S1599,1599,oracle_actual,4220.0,0,0.0,22,20,0,True,0.11
SCEN_2023_LOW_oracle_actual_S1600,1600,oracle_actual,4220.0,0,0.0,22,20,0,True,0.11
SCEN_2023_LOW_oracle_actual_S1601,1601,oracle_actual,4220.0,0,0.0,22,20,0,True,0.11
SCEN_2023_LOW_oracle_actual_S1602,1602,oracle_actual,4220.0,0,0.0,22,20,0,True,0.11
SCEN_2023_LOW_oracle_actual_S1603,1603,oracle_actual,4220.0,0,0.0,22,20,0,True,0.13
SCEN_2023_LOW_oracle_actual_S1604,1604,oracle_actual,4220.0,0,0.0,22,20,0,True,0.11
SCEN_2023_LOW_oracle_actual_S1605,1605,oracle_actual,4220.0,0,0.0,22,20,0,True,0.11
SCEN_2023_LOW_oracle_actual_S1606,1606,oracle_actual,4220.0,0,0.0,22,20,0,True,0.11
SCEN_2023_LOW_oracle_actual_S1607,1607,oracle_actual,4220.0,0,0.0,22,20,0,True,0.11
SCEN_2023_LOW_oracle_actual_S1608,1608,oracle_actual,4220.0,0,0.0,22,20,0,True,0.14
SCEN_2023_LOW_oracle_actual_S1609,1609,oracle_actual,4220.0,0,0.0,22,20,0,True,0.11
SCEN_2023_LOW_oracle_actual_S1610,1610,oracle_actual,4220.0,0,0.0,22,20,0,True,0.11
SCEN_2023_LOW_oracle_actual_S1611,1611,oracle_actual,4220.0,0,0.0,22,20,0,True,0.11
SCEN_2023_LOW_oracle_actual_S1612,1612,oracle_actual,4220.0,0,0.0,22,20,0,True,0.11
SCEN_2023_LOW_oracle_actual_S1613,1613,oracle_actual,4220.0,0,0.0,22,20,0,True,0.11
SCEN_2023_LOW_oracle_actual_S1614,1614,oracle_actual,4220.0,0,0.0,22,20,0,True,0.11
SCEN_2023_LOW_oracle_actual_S1615,1615,oracle_actual,4220.0,0,0.0,22,20,0,True,0.11
SCEN_2023_LOW_oracle_actual_S1616,1616,oracle_actual,4220.0,0,0.0,22,20,0,True,0.11
SCEN_2023_LOW_oracle_actual_S1617,1617,oracle_actual,4220.0,0,0.0,22,20,0,True,0.11
SCEN_2023_LOW_oracle_actual_S1618,1618,oracle_actual,4220.0,0,0.0,22,20,0,True,0.11
SCEN_2023_LOW_oracle_actual_S1619,1619,oracle_actual,4220.0,0,0.0,22,20,0,True,0.14
SCEN_2023_LOW_oracle_actual_S1620,1620,oracle_actual,4220.0,0,0.0,22,20,0,True,0.11
SCEN_2023_LOW_oracle_actual_S1621,1621,oracle_actual,4220.0,0,0.0,22,20,0,True,0.11
SCEN_2023_LOW_oracle_actual_S1622,1622,oracle_actual,4220.0,0,0.0,22,20,0,True,0.11
SCEN_2023_LOW_oracle_actual_S1623,1623,oracle_actual,4220.0,0,0.0,22,20,0,True,0.11
SCEN_2023_LOW_oracle_actual_S1624,1624,oracle_actual,4220.0,0,0.0,22,20,0,True,0.11
SCEN_2023_LOW_oracle_actual_S1625,1625,oracle_actual,4220.0,0,0.0,22,20,0,True,0.11
SCEN_2023_LOW_oracle_actual_S1626,1626,oracle_actual,4220.0,0,0.0,22,20,0,True,0.11
SCEN_2023_LOW_oracle_actual_S1627,1627,oracle_actual,4220.0,0,0.0,22,20,0,True,0.11
SCEN_2023_LOW_oracle_actual_S1628,1628,oracle_actual,4220.0,0,0.0,22,20,0,True,0.11
SCEN_2023_LOW_oracle_actual_S1629,1629,oracle_actual,4220.0,0,0.0,22,20,0,True,0.11
SCEN_2023_LOW_oracle_actual_S1630,1630,oracle_actual,4220.0,0,0.0,22,20,0,True,0.11
SCEN_2023_LOW_oracle_actual_S1631,1631,oracle_actual,4220.0,0,0.0,22,20,0,True,0.11
SCEN_2023_LOW_oracle_actual_S1632,1632,oracle_actual,4220.0,0,0.0,22,20,0,True,0.11
SCEN_2023_LOW_oracle_actual_S1633,1633,oracle_actual,4220.0,0,0.0,22,20,0,True,0.11
SCEN_2023_LOW_oracle_actual_S1634,1634,oracle_actual,4220.0,0,0.0,22,20,0,True,0.11
SCEN_2023_LOW_oracle_actual_S1635,1635,oracle_actual,4220.0,0,0.0,22,20,0,True,0.11
SCEN_2023_LOW_oracle_actual_S1636,1636,oracle_actual,4220.0,0,0.0,22,20,0,True,0.11
SCEN_2023_LOW_oracle_actual_S1637,1637,oracle_actual,4220.0,0,0.0,22,20,0,True,0.13
SCEN_2023_LOW_oracle_actual_S1638,1638,oracle_actual,4220.0,0,0.0,22,20,0,True,0.11
SCEN_2023_LOW_oracle_actual_S1639,1639,oracle_actual,4220.0,0,0.0,22,20,0,True,0.11
SCEN_2023_LOW_oracle_actual_S1640,1640,oracle_actual,4220.0,0,0.0,22,20,0,True,0.11
SCEN_2023_LOW_oracle_actual_S1641,1641,oracle_actual,4220.0,0,0.0,22,20,0,True,0.11
SCEN_2023_LOW_oracle_actual_S1642,1642,oracle_actual,4220.0,0,0.0,22,20,0,True,0.11
SCEN_2023_LOW_oracle_actual_S1643,1643,oracle_actual,4220.0,0,0.0,22,20,0,True,0.11
SCEN_2023_LOW_oracle_actual_S1644,1644,oracle_actual,4220.0,0,0.0,22,20,0,True,0.11
SCEN_2023_LOW_oracle_actual_S1645,1645,oracle_actual,4220.0,0,0.0,22,20,0,True,0.11
SCEN_2023_LOW_oracle_actual_S1646,1646,oracle_actual,4220.0,0,0.0,22,20,0,True,0.11
SCEN_2023_LOW_oracle_actual_S1647,1647,oracle_actual,4220.0,0,0.0,22,20,0,True,0.12
SCEN_2023_LOW_oracle_actual_S1648,1648,oracle_actual,4220.0,0,0.0,22,20,0,True,0.12
SCEN_2023_LOW_oracle_actual_S1649,1649,oracle_actual,4220.0,0,0.0,22,20,0,True,0.11
SCEN_2023_LOW_oracle_actual_S1650,1650,oracle_actual,4220.0,0,0.0,22,20,0,True,0.13
SCEN_2023_LOW_oracle_actual_S1651,1651,oracle_actual,4220.0,0,0.0,22,20,0,True,0.11
SCEN_2023_LOW_oracle_actual_S1652,1652,oracle_actual,4220.0,0,0.0,22,20,0,True,0.11
SCEN_2023_LOW_oracle_actual_S1653,1653,oracle_actual,4220.0,0,0.0,22,20,0,True,0.11
SCEN_2023_LOW_oracle_actual_S1654,1654,oracle_actual,4220.0,0,0.0,22,20,0,True,0.11
SCEN_2023_LOW_oracle_actual_S1655,1655,oracle_actual,4220.0,0,0.0,22,20,0,True,0.13
SCEN_2023_LOW_oracle_actual_S1656,1656,oracle_actual,4220.0,0,0.0,22,20,0,True,0.11
SCEN_2023_LOW_oracle_actual_S1657,1657,oracle_actual,4220.0,0,0.0,22,20,0,True,0.11
SCEN_2023_LOW_oracle_actual_S1658,1658,oracle_actual,4220.0,0,0.0,22,20,0,True,0.11
SCEN_2023_LOW_oracle_actual_S1659,1659,oracle_actual,4220.0,0,0.0,22,20,0,True,0.12
SCEN_2023_LOW_oracle_actual_S1660,1660,oracle_actual,4220.0,0,0.0,22,20,0,True,0.11
SCEN_2023_LOW_oracle_actual_S1661,1661,oracle_actual,4220.0,0,0.0,22,20,0,True,0.11
SCEN_2023_LOW_oracle_actual_S1662,1662,oracle_actual,4220.0,0,0.0,22,20,0,True,0.12
SCEN_2023_LOW_oracle_actual_S1663,1663,oracle_actual,4220.0,0,0.0,22,20,0,True,0.11
SCEN_2023_LOW_oracle_actual_S1664,1664,oracle_actual,4220.0,0,0.0,22,20,0,True,0.11
SCEN_2023_LOW_oracle_actual_S1665,1665,oracle_actual,4220.0,0,0.0,22,20,0,True,0.12
SCEN_2023_LOW_oracle_actual_S1666,1666,oracle_actual,4220.0,0,0.0,22,20,0,True,0.14
SCEN_2023_LOW_oracle_actual_S1667,1667,oracle_actual,4220.0,0,0.0,22,20,0,True,0.15
SCEN_2023_LOW_oracle_actual_S1668,1668,oracle_actual,4220.0,0,0.0,22,20,0,True,0.11
SCEN_2023_LOW_oracle_actual_S1669,1669,oracle_actual,4220.0,0,0.0,22,20,0,True,0.11
SCEN_2023_LOW_oracle_actual_S1670,1670,oracle_actual,4220.0,0,0.0,22,20,0,True,0.11
SCEN_2023_LOW_oracle_actual_S1671,1671,oracle_actual,4220.0,0,0.0,22,20,0,True,0.11
SCEN_2023_LOW_oracle_actual_S1672,1672,oracle_actual,4220.0,0,0.0,22,20,0,True,0.11
SCEN_2023_LOW_oracle_actual_S1673,1673,oracle_actual,4220.0,0,0.0,22,20,0,True,0.11
SCEN_2023_LOW_oracle_actual_S1674,1674,oracle_actual,4220.0,0,0.0,22,20,0,True,0.12
SCEN_2023_LOW_oracle_actual_S1675,1675,oracle_actual,4220.0,0,0.0,22,20,0,True,0.11
SCEN_2023_LOW_oracle_actual_S1676,1676,oracle_actual,4220.0,0,0.0,22,20,0,True,0.11
SCEN_2023_LOW_oracle_actual_S1677,1677,oracle_actual,4220.0,0,0.0,22,20,0,True,0.13
SCEN_2023_LOW_oracle_actual_S1678,1678,oracle_actual,4220.0,0,0.0,22,20,0,True,0.11
SCEN_2023_LOW_oracle_actual_S1679,1679,oracle_actual,4220.0,0,0.0,22,20,0,True,0.11
SCEN_2023_LOW_oracle_actual_S1680,1680,oracle_actual,4220.0,0,0.0,22,20,0,True,0.11
SCEN_2023_LOW_oracle_actual_S1681,1681,oracle_actual,4220.0,0,0.0,22,20,0,True,0.11
SCEN_2023_LOW_oracle_actual_S1682,1682,oracle_actual,4220.0,0,0.0,22,20,0,True,0.11
SCEN_2023_LOW_oracle_actual_S1683,1683,oracle_actual,4220.0,0,0.0,22,20,0,True,0.11
SCEN_2023_LOW_oracle_actual_S1684,1684,oracle_actual,4220.0,0,0.0,22,20,0,True,0.11
SCEN_2023_LOW_oracle_actual_S1685,1685,oracle_actual,4220.0,0,0.0,22,20,0,True,0.11
SCEN_2023_LOW_oracle_actual_S1686,1686,oracle_actual,4220.0,0,0.0,22,20,0,True,0.11
SCEN_2023_LOW_oracle_actual_S1687,1687,oracle_actual,4220.0,0,0.0,22,20,0,True,0.11
SCEN_2023_LOW_oracle_actual_S1688,1688,oracle_actual,4220.0,0,0.0,22,20,0,True,0.11
SCEN_2023_LOW_oracle_actual_S1689,1689,oracle_actual,4220.0,0,0.0,22,20,0,True,0.11
SCEN_2023_LOW_oracle_actual_S1690,1690,oracle_actual,4220.0,0,0.0,22,20,0,True,0.11
SCEN_2023_LOW_oracle_actual_S1691,1691,oracle_actual,4220.0,0,0.0,22,20,0,True,0.11
SCEN_2023_LOW_oracle_actual_S1692,1692,oracle_actual,4220.0,0,0.0,22,20,0,True,0.11
SCEN_2023_LOW_oracle_actual_S1693,1693,oracle_actual,4220.0,0,0.0,22,20,0,True,0.12
SCEN_2023_LOW_oracle_actual_S1694,1694,oracle_actual,4220.0,0,0.0,22,20,0,True,0.11
SCEN_2023_LOW_oracle_actual_S1695,1695,oracle_actual,4220.0,0,0.0,22,20,0,True,0.11
SCEN_2023_LOW_oracle_actual_S1696,1696,oracle_actual,4220.0,0,0.0,22,20,0,True,0.11
SCEN_2023_LOW_oracle_actual_S1697,1697,oracle_actual,4220.0,0,0.0,22,20,0,True,0.11
SCEN_2023_LOW_oracle_actual_S1698,1698,oracle_actual,4220.0,0,0.0,22,20,0,True,0.11
SCEN_2023_LOW_oracle_actual_S1699,1699,oracle_actual,4220.0,0,0.0,22,20,0,True,0.11
SCEN_2023_LOW_oracle_actual_S1700,1700,oracle_actual,4220.0,0,0.0,22,20,0,True,0.27
SCEN_2023_LOW_oracle_actual_S1701,1701,oracle_actual,4220.0,0,0.0,22,20,0,True,0.16
SCEN_2023_LOW_oracle_actual_S1702,1702,oracle_actual,4220.0,0,0.0,22,20,0,True,0.12
SCEN_2023_LOW_oracle_actual_S1703,1703,oracle_actual,4220.0,0,0.0,22,20,0,True,0.12
SCEN_2023_LOW_oracle_actual_S1704,1704,oracle_actual,4220.0,0,0.0,22,20,0,True,0.11
SCEN_2023_LOW_oracle_actual_S1705,1705,oracle_actual,4220.0,0,0.0,22,20,0,True,0.14
SCEN_2023_LOW_oracle_actual_S1706,1706,oracle_actual,4220.0,0,0.0,22,20,0,True,0.11
SCEN_2023_LOW_oracle_actual_S1707,1707,oracle_actual,4220.0,0,0.0,22,20,0,True,0.11
SCEN_2023_LOW_oracle_actual_S1708,1708,oracle_actual,4220.0,0,0.0,22,20,0,True,0.11
SCEN_2023_LOW_oracle_actual_S1709,1709,oracle_actual,4220.0,0,0.0,22,20,0,True,0.12
SCEN_2023_LOW_oracle_actual_S1710,1710,oracle_actual,4220.0,0,0.0,22,20,0,True,0.11
SCEN_2023_LOW_oracle_actual_S1711,1711,oracle_actual,4220.0,0,0.0,22,20,0,True,0.11
SCEN_2023_LOW_oracle_actual_S1712,1712,oracle_actual,4220.0,0,0.0,22,20,0,True,0.11
SCEN_2023_LOW_oracle_actual_S1713,1713,oracle_actual,4220.0,0,0.0,22,20,0,True,0.11
SCEN_2023_LOW_oracle_actual_S1714,1714,oracle_actual,4220.0,0,0.0,22,20,0,True,0.11
SCEN_2023_LOW_oracle_actual_S1715,1715,oracle_actual,4220.0,0,0.0,22,20,0,True,0.11
SCEN_2023_LOW_oracle_actual_S1716,1716,oracle_actual,4220.0,0,0.0,22,20,0,True,0.14
SCEN_2023_LOW_oracle_actual_S1717,1717,oracle_actual,4220.0,0,0.0,22,20,0,True,0.11
SCEN_2023_LOW_oracle_actual_S1718,1718,oracle_actual,4220.0,0,0.0,22,20,0,True,0.11
SCEN_2023_LOW_oracle_actual_S1719,1719,oracle_actual,4220.0,0,0.0,22,20,0,True,0.11
SCEN_2023_LOW_oracle_actual_S1720,1720,oracle_actual,4220.0,0,0.0,22,20,0,True,0.11
SCEN_2023_LOW_oracle_actual_S1721,1721,oracle_actual,4220.0,0,0.0,22,20,0,True,0.11
SCEN_2023_LOW_oracle_actual_S1722,1722,oracle_actual,4220.0,0,0.0,22,20,0,True,0.11
SCEN_2023_LOW_oracle_actual_S1723,1723,oracle_actual,4220.0,0,0.0,22,20,0,True,0.11
SCEN_2023_LOW_oracle_actual_S1724,1724,oracle_actual,4220.0,0,0.0,22,20,0,True,0.11
SCEN_2023_LOW_oracle_actual_S1725,1725,oracle_actual,4220.0,0,0.0,22,20,0,True,0.11
SCEN_2023_LOW_oracle_actual_S1726,1726,oracle_actual,4220.0,0,0.0,22,20,0,True,0.11
SCEN_2023_LOW_oracle_actual_S1727,1727,oracle_actual,4220.0,0,0.0,22,20,0,True,0.11
SCEN_2023_LOW_oracle_actual_S1728,1728,oracle_actual,4220.0,0,0.0,22,20,0,True,0.11
SCEN_2023_LOW_oracle_actual_S1729,1729,oracle_actual,4220.0,0,0.0,22,20,0,True,0.11
SCEN_2023_LOW_oracle_actual_S1730,1730,oracle_actual,4220.0,0,0.0,22,20,0,True,0.11
SCEN_2023_LOW_oracle_actual_S1731,1731,oracle_actual,4220.0,0,0.0,22,20,0,True,0.11
SCEN_2023_LOW_oracle_actual_S1732,1732,oracle_actual,4220.0,0,0.0,22,20,0,True,0.11
SCEN_2023_LOW_oracle_actual_S1733,1733,oracle_actual,4220.0,0,0.0,22,20,0,True,0.11
SCEN_2023_LOW_oracle_actual_S1734,1734,oracle_actual,4220.0,0,0.0,22,20,0,True,0.12
SCEN_2023_LOW_oracle_actual_S1735,1735,oracle_actual,4220.0,0,0.0,22,20,0,True,0.19
SCEN_2023_LOW_oracle_actual_S1736,1736,oracle_actual,4220.0,0,0.0,22,20,0,True,0.12
SCEN_2023_LOW_oracle_actual_S1737,1737,oracle_actual,4220.0,0,0.0,22,20,0,True,0.11
SCEN_2023_LOW_oracle_actual_S1738,1738,oracle_actual,4220.0,0,0.0,22,20,0,True,0.11
SCEN_2023_LOW_oracle_actual_S1739,1739,oracle_actual,4220.0,0,0.0,22,20,0,True,0.11
SCEN_2023_LOW_oracle_actual_S1740,1740,oracle_actual,4220.0,0,0.0,22,20,0,True,0.11
SCEN_2023_LOW_oracle_actual_S1741,1741,oracle_actual,4220.0,0,0.0,22,20,0,True,0.11
SCEN_2023_LOW_oracle_actual_S1742,1742,oracle_actual,4220.0,0,0.0,22,20,0,True,0.11
SCEN_2023_LOW_oracle_actual_S1743,1743,oracle_actual,4220.0,0,0.0,22,20,0,True,0.11
SCEN_2023_LOW_oracle_actual_S1744,1744,oracle_actual,4220.0,0,0.0,22,20,0,True,0.11
SCEN_2023_LOW_oracle_actual_S1745,1745,oracle_actual,4220.0,0,0.0,22,20,0,True,0.11
SCEN_2023_LOW_oracle_actual_S1746,1746,oracle_actual,4220.0,0,0.0,22,20,0,True,0.11
SCEN_2023_LOW_oracle_actual_S1747,1747,oracle_actual,4220.0,0,0.0,22,20,0,True,0.11
SCEN_2023_LOW_oracle_actual_S1748,1748,oracle_actual,4220.0,0,0.0,22,20,0,True,0.11
SCEN_2023_LOW_oracle_actual_S1749,1749,oracle_actual,4220.0,0,0.0,22,20,0,True,0.11
SCEN_2023_LOW_oracle_actual_S1750,1750,oracle_actual,4220.0,0,0.0,22,20,0,True,0.11
SCEN_2023_LOW_oracle_actual_S1751,1751,oracle_actual,4220.0,0,0.0,22,20,0,True,0.12
SCEN_2023_LOW_oracle_actual_S1752,1752,oracle_actual,4220.0,0,0.0,22,20,0,True,0.12
SCEN_2023_LOW_oracle_actual_S1753,1753,oracle_actual,4220.0,0,0.0,22,20,0,True,0.11
SCEN_2023_LOW_oracle_actual_S1754,1754,oracle_actual,4220.0,0,0.0,22,20,0,True,0.11
SCEN_2023_LOW_oracle_actual_S1755,1755,oracle_actual,4220.0,0,0.0,22,20,0,True,0.11
SCEN_2023_LOW_oracle_actual_S1756,1756,oracle_actual,4220.0,0,0.0,22,20,0,True,0.11
SCEN_2023_LOW_oracle_actual_S1757,1757,oracle_actual,4220.0,0,0.0,22,20,0,True,0.11
SCEN_2023_LOW_oracle_actual_S1758,1758,oracle_actual,4220.0,0,0.0,22,20,0,True,0.11
SCEN_2023_LOW_oracle_actual_S1759,1759,oracle_actual,4220.0,0,0.0,22,20,0,True,0.11
SCEN_2023_LOW_oracle_actual_S1760,1760,oracle_actual,4220.0,0,0.0,22,20,0,True,0.11
SCEN_2023_LOW_oracle_actual_S1761,1761,oracle_actual,4220.0,0,0.0,22,20,0,True,0.11
SCEN_2023_LOW_oracle_actual_S1762,1762,oracle_actual,4220.0,0,0.0,22,20,0,True,0.11
SCEN_2023_LOW_oracle_actual_S1763,1763,oracle_actual,4220.0,0,0.0,22,20,0,True,0.11
SCEN_2023_LOW_oracle_actual_S1764,1764,oracle_actual,4220.0,0,0.0,22,20,0,True,0.11
SCEN_2023_LOW_oracle_actual_S1765,1765,oracle_actual,4220.0,0,0.0,22,20,0,True,0.11
SCEN_2023_LOW_oracle_actual_S1766,1766,oracle_actual,4220.0,0,0.0,22,20,0,True,0.11
SCEN_2023_LOW_oracle_actual_S1767,1767,oracle_actual,4220.0,0,0.0,22,20,0,True,0.11
SCEN_2023_LOW_oracle_actual_S1768,1768,oracle_actual,4220.0,0,0.0,22,20,0,True,0.11
SCEN_2023_LOW_oracle_actual_S1769,1769,oracle_actual,4220.0,0,0.0,22,20,0,True,0.11
SCEN_2023_LOW_oracle_actual_S1770,1770,oracle_actual,4220.0,0,0.0,22,20,0,True,0.14
SCEN_2023_LOW_oracle_actual_S1771,1771,oracle_actual,4220.0,0,0.0,22,20,0,True,0.11
SCEN_2023_LOW_oracle_actual_S1772,1772,oracle_actual,4220.0,0,0.0,22,20,0,True,0.11
SCEN_2023_LOW_oracle_actual_S1773,1773,oracle_actual,4220.0,0,0.0,22,20,0,True,0.12
SCEN_2023_LOW_oracle_actual_S1774,1774,oracle_actual,4220.0,0,0.0,22,20,0,True,0.11
SCEN_2023_LOW_oracle_actual_S1775,1775,oracle_actual,4220.0,0,0.0,22,20,0,True,0.11
SCEN_2023_LOW_oracle_actual_S1776,1776,oracle_actual,4220.0,0,0.0,22,20,0,True,0.11
SCEN_2023_LOW_oracle_actual_S1777,1777,oracle_actual,4220.0,0,0.0,22,20,0,True,0.12
SCEN_2023_LOW_oracle_actual_S1778,1778,oracle_actual,4220.0,0,0.0,22,20,0,True,0.11
SCEN_2023_LOW_oracle_actual_S1779,1779,oracle_actual,4220.0,0,0.0,22,20,0,True,0.11
SCEN_2023_LOW_oracle_actual_S1780,1780,oracle_actual,4220.0,0,0.0,22,20,0,True,0.11
SCEN_2023_LOW_oracle_actual_S1781,1781,oracle_actual,4220.0,0,0.0,22,20,0,True,0.13
SCEN_2023_LOW_oracle_actual_S1782,1782,oracle_actual,4220.0,0,0.0,22,20,0,True,0.12
SCEN_2023_LOW_oracle_actual_S1783,1783,oracle_actual,4220.0,0,0.0,22,20,0,True,0.11
SCEN_2023_LOW_oracle_actual_S1784,1784,oracle_actual,4220.0,0,0.0,22,20,0,True,0.11
SCEN_2023_LOW_oracle_actual_S1785,1785,oracle_actual,4220.0,0,0.0,22,20,0,True,0.11
SCEN_2023_LOW_oracle_actual_S1786,1786,oracle_actual,4220.0,0,0.0,22,20,0,True,0.11
SCEN_2023_LOW_oracle_actual_S1787,1787,oracle_actual,4220.0,0,0.0,22,20,0,True,0.11
SCEN_2023_LOW_oracle_actual_S1788,1788,oracle_actual,4220.0,0,0.0,22,20,0,True,0.11
SCEN_2023_LOW_oracle_actual_S1789,1789,oracle_actual,4220.0,0,0.0,22,20,0,True,0.11
SCEN_2023_LOW_oracle_actual_S1790,1790,oracle_actual,4220.0,0,0.0,22,20,0,True,0.11
SCEN_2023_LOW_oracle_actual_S1791,1791,oracle_actual,4220.0,0,0.0,22,20,0,True,0.11
SCEN_2023_LOW_oracle_actual_S1792,1792,oracle_actual,4220.0,0,0.0,22,20,0,True,0.13
SCEN_2023_LOW_oracle_actual_S1793,1793,oracle_actual,4220.0,0,0.0,22,20,0,True,0.11
SCEN_2023_LOW_oracle_actual_S1794,1794,oracle_actual,4220.0,0,0.0,22,20,0,True,0.11
SCEN_2023_LOW_oracle_actual_S1795,1795,oracle_actual,4220.0,0,0.0,22,20,0,True,0.11
SCEN_2023_LOW_oracle_actual_S1796,1796,oracle_actual,4220.0,0,0.0,22,20,0,True,0.11
SCEN_2023_LOW_oracle_actual_S1797,1797,oracle_actual,4220.0,0,0.0,22,20,0,True,0.11
SCEN_2023_LOW_oracle_actual_S1798,1798,oracle_actual,4220.0,0,0.0,22,20,0,True,0.11
SCEN_2023_LOW_oracle_actual_S1799,1799,oracle_actual,4220.0,0,0.0,22,20,0,True,0.11
SCEN_2023_LOW_oracle_actual_S1800,1800,oracle_actual,4220.0,0,0.0,22,20,0,True,0.11
SCEN_2023_LOW_oracle_actual_S1801,1801,oracle_actual,4220.0,0,0.0,22,20,0,True,0.11
SCEN_2023_LOW_oracle_actual_S1802,1802,oracle_actual,4220.0,0,0.0,22,20,0,True,0.11
SCEN_2023_LOW_oracle_actual_S1803,1803,oracle_actual,4220.0,0,0.0,22,20,0,True,0.11
SCEN_2023_LOW_oracle_actual_S1804,1804,oracle_actual,4220.0,0,0.0,22,20,0,True,0.11
SCEN_2023_LOW_oracle_actual_S1805,1805,oracle_actual,4220.0,0,0.0,22,20,0,True,0.11
SCEN_2023_LOW_oracle_actual_S1806,1806,oracle_actual,4220.0,0,0.0,22,20,0,True,0.11
SCEN_2023_LOW_oracle_actual_S1807,1807,oracle_actual,4220.0,0,0.0,22,20,0,True,0.11
SCEN_2023_LOW_oracle_actual_S1808,1808,oracle_actual,4220.0,0,0.0,22,20,0,True,0.11
SCEN_2023_LOW_oracle_actual_S1809,1809,oracle_actual,4220.0,0,0.0,22,20,0,True,0.11
SCEN_2023_LOW_oracle_actual_S1810,1810,oracle_actual,4220.0,0,0.0,22,20,0,True,0.11
SCEN_2023_LOW_oracle_actual_S1811,1811,oracle_actual,4220.0,0,0.0,22,20,0,True,0.11
SCEN_2023_LOW_oracle_actual_S1812,1812,oracle_actual,4220.0,0,0.0,22,20,0,True,0.11
SCEN_2023_LOW_oracle_actual_S1813,1813,oracle_actual,4220.0,0,0.0,22,20,0,True,0.11
SCEN_2023_LOW_oracle_actual_S1814,1814,oracle_actual,4220.0,0,0.0,22,20,0,True,0.11
SCEN_2023_LOW_oracle_actual_S1815,1815,oracle_actual,4220.0,0,0.0,22,20,0,True,0.11
SCEN_2023_LOW_oracle_actual_S1816,1816,oracle_actual,4220.0,0,0.0,22,20,0,True,0.11
SCEN_2023_LOW_oracle_actual_S1817,1817,oracle_actual,4220.0,0,0.0,22,20,0,True,0.13
SCEN_2023_LOW_oracle_actual_S1818,1818,oracle_actual,4220.0,0,0.0,22,20,0,True,0.11
SCEN_2023_LOW_oracle_actual_S1819,1819,oracle_actual,4220.0,0,0.0,22,20,0,True,0.11
SCEN_2023_LOW_oracle_actual_S1820,1820,oracle_actual,4220.0,0,0.0,22,20,0,True,0.11
SCEN_2023_LOW_oracle_actual_S1821,1821,oracle_actual,4220.0,0,0.0,22,20,0,True,0.11
SCEN_2023_LOW_oracle_actual_S1822,1822,oracle_actual,4220.0,0,0.0,22,20,0,True,0.11
SCEN_2023_LOW_oracle_actual_S1823,1823,oracle_actual,4220.0,0,0.0,22,20,0,True,0.11
SCEN_2023_LOW_oracle_actual_S1824,1824,oracle_actual,4220.0,0,0.0,22,20,0,True,0.11
SCEN_2023_LOW_oracle_actual_S1825,1825,oracle_actual,4220.0,0,0.0,22,20,0,True,0.14
SCEN_2023_LOW_oracle_actual_S1826,1826,oracle_actual,4220.0,0,0.0,22,20,0,True,0.11
SCEN_2023_LOW_oracle_actual_S1827,1827,oracle_actual,4220.0,0,0.0,22,20,0,True,0.11
SCEN_2023_LOW_oracle_actual_S1828,1828,oracle_actual,4220.0,0,0.0,22,20,0,True,0.11
SCEN_2023_LOW_oracle_actual_S1829,1829,oracle_actual,4220.0,0,0.0,22,20,0,True,0.11
SCEN_2023_LOW_oracle_actual_S1830,1830,oracle_actual,4220.0,0,0.0,22,20,0,True,0.11
SCEN_2023_LOW_oracle_actual_S1831,1831,oracle_actual,4220.0,0,0.0,22,20,0,True,0.11
SCEN_2023_LOW_oracle_actual_S1832,1832,oracle_actual,4220.0,0,0.0,22,20,0,True,0.11
SCEN_2023_LOW_oracle_actual_S1833,1833,oracle_actual,4220.0,0,0.0,22,20,0,True,0.11
SCEN_2023_LOW_oracle_actual_S1834,1834,oracle_actual,4220.0,0,0.0,22,20,0,True,0.11
SCEN_2023_LOW_oracle_actual_S1835,1835,oracle_actual,4220.0,0,0.0,22,20,0,True,0.11
SCEN_2023_LOW_oracle_actual_S1836,1836,oracle_actual,4220.0,0,0.0,22,20,0,True,0.11
SCEN_2023_LOW_oracle_actual_S1837,1837,oracle_actual,4220.0,0,0.0,22,20,0,True,0.11
SCEN_2023_LOW_oracle_actual_S1838,1838,oracle_actual,4220.0,0,0.0,22,20,0,True,0.11
SCEN_2023_LOW_oracle_actual_S1839,1839,oracle_actual,4220.0,0,0.0,22,20,0,True,0.11
SCEN_2023_LOW_oracle_actual_S1840,1840,oracle_actual,4220.0,0,0.0,22,20,0,True,0.11
SCEN_2023_LOW_oracle_actual_S1841,1841,oracle_actual,4220.0,0,0.0,22,20,0,True,0.11
SCEN_2023_LOW_oracle_actual_S1842,1842,oracle_actual,4220.0,0,0.0,22,20,0,True,0.12
SCEN_2023_LOW_oracle_actual_S1843,1843,oracle_actual,4220.0,0,0.0,22,20,0,True,0.11
SCEN_2023_LOW_oracle_actual_S1844,1844,oracle_actual,4220.0,0,0.0,22,20,0,True,0.11
SCEN_2023_LOW_oracle_actual_S1845,1845,oracle_actual,4220.0,0,0.0,22,20,0,True,0.11
SCEN_2023_LOW_oracle_actual_S1846,1846,oracle_actual,4220.0,0,0.0,22,20,0,True,0.11
SCEN_2023_LOW_oracle_actual_S1847,1847,oracle_actual,4220.0,0,0.0,22,20,0,True,0.11
SCEN_2023_LOW_oracle_actual_S1848,1848,oracle_actual,4220.0,0,0.0,22,20,0,True,0.11
SCEN_2023_LOW_oracle_actual_S1849,1849,oracle_actual,4220.0,0,0.0,22,20,0,True,0.11
SCEN_2023_LOW_oracle_actual_S1850,1850,oracle_actual,4220.0,0,0.0,22,20,0,True,0.12
SCEN_2023_LOW_oracle_actual_S1851,1851,oracle_actual,4220.0,0,0.0,22,20,0,True,0.11
SCEN_2023_LOW_oracle_actual_S1852,1852,oracle_actual,4220.0,0,0.0,22,20,0,True,0.11
SCEN_2023_LOW_oracle_actual_S1853,1853,oracle_actual,4220.0,0,0.0,22,20,0,True,0.11
SCEN_2023_LOW_oracle_actual_S1854,1854,oracle_actual,4220.0,0,0.0,22,20,0,True,0.11
SCEN_2023_LOW_oracle_actual_S1855,1855,oracle_actual,4220.0,0,0.0,22,20,0,True,0.11
SCEN_2023_LOW_oracle_actual_S1856,1856,oracle_actual,4220.0,0,0.0,22,20,0,True,0.11
SCEN_2023_LOW_oracle_actual_S1857,1857,oracle_actual,4220.0,0,0.0,22,20,0,True,0.11
SCEN_2023_LOW_oracle_actual_S1858,1858,oracle_actual,4220.0,0,0.0,22,20,0,True,0.11
SCEN_2023_LOW_oracle_actual_S1859,1859,oracle_actual,4220.0,0,0.0,22,20,0,True,0.11
SCEN_2023_LOW_oracle_actual_S1860,1860,oracle_actual,4220.0,0,0.0,22,20,0,True,0.11
SCEN_2023_LOW_oracle_actual_S1861,1861,oracle_actual,4220.0,0,0.0,22,20,0,True,0.11
SCEN_2023_LOW_oracle_actual_S1862,1862,oracle_actual,4220.0,0,0.0,22,20,0,True,0.13
SCEN_2023_LOW_oracle_actual_S1863,1863,oracle_actual,4220.0,0,0.0,22,20,0,True,0.11
SCEN_2023_LOW_oracle_actual_S1864,1864,oracle_actual,4220.0,0,0.0,22,20,0,True,0.11
SCEN_2023_LOW_oracle_actual_S1865,1865,oracle_actual,4220.0,0,0.0,22,20,0,True,0.11
SCEN_2023_LOW_oracle_actual_S1866,1866,oracle_actual,4220.0,0,0.0,22,20,0,True,0.11
SCEN_2023_LOW_oracle_actual_S1867,1867,oracle_actual,4220.0,0,0.0,22,20,0,True,0.11
SCEN_2023_LOW_oracle_actual_S1868,1868,oracle_actual,4220.0,0,0.0,22,20,0,True,0.11
SCEN_2023_LOW_oracle_actual_S1869,1869,oracle_actual,4220.0,0,0.0,22,20,0,True,0.11
SCEN_2023_LOW_oracle_actual_S1870,1870,oracle_actual,4220.0,0,0.0,22,20,0,True,0.11
SCEN_2023_LOW_oracle_actual_S1871,1871,oracle_actual,4220.0,0,0.0,22,20,0,True,0.11
SCEN_2023_LOW_oracle_actual_S1872,1872,oracle_actual,4220.0,0,0.0,22,20,0,True,0.11
SCEN_2023_LOW_oracle_actual_S1873,1873,oracle_actual,4220.0,0,0.0,22,20,0,True,0.11
SCEN_2023_LOW_oracle_actual_S1874,1874,oracle_actual,4220.0,0,0.0,22,20,0,True,0.11
SCEN_2023_LOW_oracle_actual_S1875,1875,oracle_actual,4220.0,0,0.0,22,20,0,True,0.13
SCEN_2023_LOW_oracle_actual_S1876,1876,oracle_actual,4220.0,0,0.0,22,20,0,True,0.11
SCEN_2023_LOW_oracle_actual_S1877,1877,oracle_actual,4220.0,0,0.0,22,20,0,True,0.11
SCEN_2023_LOW_oracle_actual_S1878,1878,oracle_actual,4220.0,0,0.0,22,20,0,True,0.11
SCEN_2023_LOW_oracle_actual_S1879,1879,oracle_actual,4220.0,0,0.0,22,20,0,True,0.11
SCEN_2023_LOW_oracle_actual_S1880,1880,oracle_actual,4220.0,0,0.0,22,20,0,True,0.11
SCEN_2023_LOW_oracle_actual_S1881,1881,oracle_actual,4220.0,0,0.0,22,20,0,True,0.11
SCEN_2023_LOW_oracle_actual_S1882,1882,oracle_actual,4220.0,0,0.0,22,20,0,True,0.11
SCEN_2023_LOW_oracle_actual_S1883,1883,oracle_actual,4220.0,0,0.0,22,20,0,True,0.11
SCEN_2023_LOW_oracle_actual_S1884,1884,oracle_actual,4220.0,0,0.0,22,20,0,True,0.11
SCEN_2023_LOW_oracle_actual_S1885,1885,oracle_actual,4220.0,0,0.0,22,20,0,True,0.11
SCEN_2023_LOW_oracle_actual_S1886,1886,oracle_actual,4220.0,0,0.0,22,20,0,True,0.11
SCEN_2023_LOW_oracle_actual_S1887,1887,oracle_actual,4220.0,0,0.0,22,20,0,True,0.11
SCEN_2023_LOW_oracle_actual_S1888,1888,oracle_actual,4220.0,0,0.0,22,20,0,True,0.11
SCEN_2023_LOW_oracle_actual_S1889,1889,oracle_actual,4220.0,0,0.0,22,20,0,True,0.11
SCEN_2023_LOW_oracle_actual_S1890,1890,oracle_actual,4220.0,0,0.0,22,20,0,True,0.11
SCEN_2023_LOW_oracle_actual_S1891,1891,oracle_actual,4220.0,0,0.0,22,20,0,True,0.11
SCEN_2023_LOW_oracle_actual_S1892,1892,oracle_actual,4220.0,0,0.0,22,20,0,True,0.11
SCEN_2023_LOW_oracle_actual_S1893,1893,oracle_actual,4220.0,0,0.0,22,20,0,True,0.11
SCEN_2023_LOW_oracle_actual_S1894,1894,oracle_actual,4220.0,0,0.0,22,20,0,True,0.11
SCEN_2023_LOW_oracle_actual_S1895,1895,oracle_actual,4220.0,0,0.0,22,20,0,True,0.11
SCEN_2023_LOW_oracle_actual_S1896,1896,oracle_actual,4220.0,0,0.0,22,20,0,True,0.11
SCEN_2023_LOW_oracle_actual_S1897,1897,oracle_actual,4220.0,0,0.0,22,20,0,True,0.11
SCEN_2023_LOW_oracle_actual_S1898,1898,oracle_actual,4220.0,0,0.0,22,20,0,True,0.11
SCEN_2023_LOW_oracle_actual_S1899,1899,oracle_actual,4220.0,0,0.0,22,20,0,True,0.11
SCEN_2023_LOW_oracle_actual_S1900,1900,oracle_actual,4220.0,0,0.0,22,20,0,True,0.12
SCEN_2023_LOW_oracle_actual_S1901,1901,oracle_actual,4220.0,0,0.0,22,20,0,True,0.11
SCEN_2023_LOW_oracle_actual_S1902,1902,oracle_actual,4220.0,0,0.0,22,20,0,True,0.11
SCEN_2023_LOW_oracle_actual_S1903,1903,oracle_actual,4220.0,0,0.0,22,20,0,True,0.19
SCEN_2023_LOW_oracle_actual_S1904,1904,oracle_actual,4220.0,0,0.0,22,20,0,True,0.12
SCEN_2023_LOW_oracle_actual_S1905,1905,oracle_actual,4220.0,0,0.0,22,20,0,True,0.11
SCEN_2023_LOW_oracle_actual_S1906,1906,oracle_actual,4220.0,0,0.0,22,20,0,True,0.11
SCEN_2023_LOW_oracle_actual_S1907,1907,oracle_actual,4220.0,0,0.0,22,20,0,True,0.11
SCEN_2023_LOW_oracle_actual_S1908,1908,oracle_actual,4220.0,0,0.0,22,20,0,True,0.11
SCEN_2023_LOW_oracle_actual_S1909,1909,oracle_actual,4220.0,0,0.0,22,20,0,True,0.25
SCEN_2023_LOW_oracle_actual_S1910,1910,oracle_actual,4220.0,0,0.0,22,20,0,True,0.15
SCEN_2023_LOW_oracle_actual_S1911,1911,oracle_actual,4220.0,0,0.0,22,20,0,True,0.11
SCEN_2023_LOW_oracle_actual_S1912,1912,oracle_actual,4220.0,0,0.0,22,20,0,True,0.12
SCEN_2023_LOW_oracle_actual_S1913,1913,oracle_actual,4220.0,0,0.0,22,20,0,True,0.12
SCEN_2023_LOW_oracle_actual_S1914,1914,oracle_actual,4220.0,0,0.0,22,20,0,True,0.11
SCEN_2023_LOW_oracle_actual_S1915,1915,oracle_actual,4220.0,0,0.0,22,20,0,True,0.11
SCEN_2023_LOW_oracle_actual_S1916,1916,oracle_actual,4220.0,0,0.0,22,20,0,True,0.11
SCEN_2023_LOW_oracle_actual_S1917,1917,oracle_actual,4220.0,0,0.0,22,20,0,True,0.11
SCEN_2023_LOW_oracle_actual_S1918,1918,oracle_actual,4220.0,0,0.0,22,20,0,True,0.11
SCEN_2023_LOW_oracle_actual_S1919,1919,oracle_actual,4220.0,0,0.0,22,20,0,True,0.15
SCEN_2023_LOW_oracle_actual_S1920,1920,oracle_actual,4220.0,0,0.0,22,20,0,True,0.11
SCEN_2023_LOW_oracle_actual_S1921,1921,oracle_actual,4220.0,0,0.0,22,20,0,True,0.12
SCEN_2023_LOW_oracle_actual_S1922,1922,oracle_actual,4220.0,0,0.0,22,20,0,True,0.11
SCEN_2023_LOW_oracle_actual_S1923,1923,oracle_actual,4220.0,0,0.0,22,20,0,True,0.11
SCEN_2023_LOW_oracle_actual_S1924,1924,oracle_actual,4220.0,0,0.0,22,20,0,True,0.11
SCEN_2023_LOW_oracle_actual_S1925,1925,oracle_actual,4220.0,0,0.0,22,20,0,True,0.11
SCEN_2023_LOW_oracle_actual_S1926,1926,oracle_actual,4220.0,0,0.0,22,20,0,True,0.12
SCEN_2023_LOW_oracle_actual_S1927,1927,oracle_actual,4220.0,0,0.0,22,20,0,True,0.11
SCEN_2023_LOW_oracle_actual_S1928,1928,oracle_actual,4220.0,0,0.0,22,20,0,True,0.15
SCEN_2023_LOW_oracle_actual_S1929,1929,oracle_actual,4220.0,0,0.0,22,20,0,True,0.21
SCEN_2023_LOW_oracle_actual_S1930,1930,oracle_actual,4220.0,0,0.0,22,20,0,True,0.11
SCEN_2023_LOW_oracle_actual_S1931,1931,oracle_actual,4220.0,0,0.0,22,20,0,True,0.11
SCEN_2023_LOW_oracle_actual_S1932,1932,oracle_actual,4220.0,0,0.0,22,20,0,True,0.12
SCEN_2023_LOW_oracle_actual_S1933,1933,oracle_actual,4220.0,0,0.0,22,20,0,True,0.12
SCEN_2023_LOW_oracle_actual_S1934,1934,oracle_actual,4220.0,0,0.0,22,20,0,True,0.11
SCEN_2023_LOW_oracle_actual_S1935,1935,oracle_actual,4220.0,0,0.0,22,20,0,True,0.11
SCEN_2023_LOW_oracle_actual_S1936,1936,oracle_actual,4220.0,0,0.0,22,20,0,True,0.11
SCEN_2023_LOW_oracle_actual_S1937,1937,oracle_actual,4220.0,0,0.0,22,20,0,True,0.11
SCEN_2023_LOW_oracle_actual_S1938,1938,oracle_actual,4220.0,0,0.0,22,20,0,True,0.11
SCEN_2023_LOW_oracle_actual_S1939,1939,oracle_actual,4220.0,0,0.0,22,20,0,True,0.17
SCEN_2023_LOW_oracle_actual_S1940,1940,oracle_actual,4220.0,0,0.0,22,20,0,True,0.11
SCEN_2023_LOW_oracle_actual_S1941,1941,oracle_actual,4220.0,0,0.0,22,20,0,True,0.13
SCEN_2023_LOW_oracle_actual_S1942,1942,oracle_actual,4220.0,0,0.0,22,20,0,True,0.11
SCEN_2023_LOW_oracle_actual_S1943,1943,oracle_actual,4220.0,0,0.0,22,20,0,True,0.12
SCEN_2023_LOW_oracle_actual_S1944,1944,oracle_actual,4220.0,0,0.0,22,20,0,True,0.11
SCEN_2023_LOW_oracle_actual_S1945,1945,oracle_actual,4220.0,0,0.0,22,20,0,True,0.11
SCEN_2023_LOW_oracle_actual_S1946,1946,oracle_actual,4220.0,0,0.0,22,20,0,True,0.11
SCEN_2023_LOW_oracle_actual_S1947,1947,oracle_actual,4220.0,0,0.0,22,20,0,True,0.11
SCEN_2023_LOW_oracle_actual_S1948,1948,oracle_actual,4220.0,0,0.0,22,20,0,True,0.11
SCEN_2023_LOW_oracle_actual_S1949,1949,oracle_actual,4220.0,0,0.0,22,20,0,True,0.11
SCEN_2023_LOW_oracle_actual_S1950,1950,oracle_actual,4220.0,0,0.0,22,20,0,True,0.11
SCEN_2023_LOW_oracle_actual_S1951,1951,oracle_actual,4220.0,0,0.0,22,20,0,True,0.11
SCEN_2023_LOW_oracle_actual_S1952,1952,oracle_actual,4220.0,0,0.0,22,20,0,True,0.1
SCEN_2023_LOW_oracle_actual_S1953,1953,oracle_actual,4220.0,0,0.0,22,20,0,True,0.11
SCEN_2023_LOW_oracle_actual_S1954,1954,oracle_actual,4220.0,0,0.0,22,20,0,True,0.11
SCEN_2023_LOW_oracle_actual_S1955,1955,oracle_actual,4220.0,0,0.0,22,20,0,True,0.11
SCEN_2023_LOW_oracle_actual_S1956,1956,oracle_actual,4220.0,0,0.0,22,20,0,True,0.11
SCEN_2023_LOW_oracle_actual_S1957,1957,oracle_actual,4220.0,0,0.0,22,20,0,True,0.11
SCEN_2023_LOW_oracle_actual_S1958,1958,oracle_actual,4220.0,0,0.0,22,20,0,True,0.11
SCEN_2023_LOW_oracle_actual_S1959,1959,oracle_actual,4220.0,0,0.0,22,20,0,True,0.11
SCEN_2023_LOW_oracle_actual_S1960,1960,oracle_actual,4220.0,0,0.0,22,20,0,True,0.11
SCEN_2023_LOW_oracle_actual_S1961,1961,oracle_actual,4220.0,0,0.0,22,20,0,True,0.11
SCEN_2023_LOW_oracle_actual_S1962,1962,oracle_actual,4220.0,0,0.0,22,20,0,True,0.11
SCEN_2023_LOW_oracle_actual_S1963,1963,oracle_actual,4220.0,0,0.0,22,20,0,True,0.11
SCEN_2023_LOW_oracle_actual_S1964,1964,oracle_actual,4220.0,0,0.0,22,20,0,True,0.11
SCEN_2023_LOW_oracle_actual_S1965,1965,oracle_actual,4220.0,0,0.0,22,20,0,True,0.11
SCEN_2023_LOW_oracle_actual_S1966,1966,oracle_actual,4220.0,0,0.0,22,20,0,True,0.14
SCEN_2023_LOW_oracle_actual_S1967,1967,oracle_actual,4220.0,0,0.0,22,20,0,True,0.11
SCEN_2023_LOW_oracle_actual_S1968,1968,oracle_actual,4220.0,0,0.0,22,20,0,True,0.12
SCEN_2023_LOW_oracle_actual_S1969,1969,oracle_actual,4220.0,0,0.0,22,20,0,True,0.11
SCEN_2023_LOW_oracle_actual_S1970,1970,oracle_actual,4220.0,0,0.0,22,20,0,True,0.11
SCEN_2023_LOW_oracle_actual_S1971,1971,oracle_actual,4220.0,0,0.0,22,20,0,True,0.11
SCEN_2023_LOW_oracle_actual_S1972,1972,oracle_actual,4220.0,0,0.0,22,20,0,True,0.11
SCEN_2023_LOW_oracle_actual_S1973,1973,oracle_actual,4220.0,0,0.0,22,20,0,True,0.11
SCEN_2023_LOW_oracle_actual_S1974,1974,oracle_actual,4220.0,0,0.0,22,20,0,True,0.11
SCEN_2023_LOW_oracle_actual_S1975,1975,oracle_actual,4220.0,0,0.0,22,20,0,True,0.11
SCEN_2023_LOW_oracle_actual_S1976,1976,oracle_actual,4220.0,0,0.0,22,20,0,True,0.11
SCEN_2023_LOW_oracle_actual_S1977,1977,oracle_actual,4220.0,0,0.0,22,20,0,True,0.11
SCEN_2023_LOW_oracle_actual_S1978,1978,oracle_actual,4220.0,0,0.0,22,20,0,True,0.11
SCEN_2023_LOW_oracle_actual_S1979,1979,oracle_actual,4220.0,0,0.0,22,20,0,True,0.11
SCEN_2023_LOW_oracle_actual_S1980,1980,oracle_actual,4220.0,0,0.0,22,20,0,True,0.11
SCEN_2023_LOW_oracle_actual_S1981,1981,oracle_actual,4220.0,0,0.0,22,20,0,True,0.11
SCEN_2023_LOW_oracle_actual_S1982,1982,oracle_actual,4220.0,0,0.0,22,20,0,True,0.11
SCEN_2023_LOW_oracle_actual_S1983,1983,oracle_actual,4220.0,0,0.0,22,20,0,True,0.11
SCEN_2023_LOW_oracle_actual_S1984,1984,oracle_actual,4220.0,0,0.0,22,20,0,True,0.13
SCEN_2023_LOW_oracle_actual_S1985,1985,oracle_actual,4220.0,0,0.0,22,20,0,True,0.12
SCEN_2023_LOW_oracle_actual_S1986,1986,oracle_actual,4220.0,0,0.0,22,20,0,True,0.11
SCEN_2023_LOW_oracle_actual_S1987,1987,oracle_actual,4220.0,0,0.0,22,20,0,True,0.11
SCEN_2023_LOW_oracle_actual_S1988,1988,oracle_actual,4220.0,0,0.0,22,20,0,True,0.11
SCEN_2023_LOW_oracle_actual_S1989,1989,oracle_actual,4220.0,0,0.0,22,20,0,True,0.11
SCEN_2023_LOW_oracle_actual_S1990,1990,oracle_actual,4220.0,0,0.0,22,20,0,True,0.11
SCEN_2023_LOW_oracle_actual_S1991,1991,oracle_actual,4220.0,0,0.0,22,20,0,True,0.11
SCEN_2023_LOW_oracle_actual_S1992,1992,oracle_actual,4220.0,0,0.0,22,20,0,True,0.13
SCEN_2023_LOW_oracle_actual_S1993,1993,oracle_actual,4220.0,0,0.0,22,20,0,True,0.11
SCEN_2023_LOW_oracle_actual_S1994,1994,oracle_actual,4220.0,0,0.0,22,20,0,True,0.11
SCEN_2023_LOW_oracle_actual_S1995,1995,oracle_actual,4220.0,0,0.0,22,20,0,True,0.11
SCEN_2023_LOW_oracle_actual_S1996,1996,oracle_actual,4220.0,0,0.0,22,20,0,True,0.11
SCEN_2023_LOW_oracle_actual_S1997,1997,oracle_actual,4220.0,0,0.0,22,20,0,True,0.11
SCEN_2023_LOW_oracle_actual_S1998,1998,oracle_actual,4220.0,0,0.0,22,20,0,True,0.11
SCEN_2023_LOW_oracle_actual_S1999,1999,oracle_actual,4220.0,0,0.0,22,20,0,True,0.11
SCEN_2023_LOW_oracle_actual_S2000,2000,oracle_actual,4220.0,0,0.0,22,20,0,True,0.11
SCEN_2023_LOW_oracle_actual_S2001,2001,oracle_actual,4220.0,0,0.0,22,20,0,True,0.11
SCEN_2023_LOW_oracle_actual_S2002,2002,oracle_actual,4220.0,0,0.0,22,20,0,True,0.11
SCEN_2023_LOW_oracle_actual_S2003,2003,oracle_actual,4220.0,0,0.0,22,20,0,True,0.11
SCEN_2023_LOW_oracle_actual_S2004,2004,oracle_actual,4220.0,0,0.0,22,20,0,True,0.12
SCEN_2023_LOW_oracle_actual_S2005,2005,oracle_actual,4220.0,0,0.0,22,20,0,True,0.11
SCEN_2023_LOW_oracle_actual_S2006,2006,oracle_actual,4220.0,0,0.0,22,20,0,True,0.11
SCEN_2023_LOW_oracle_actual_S2007,2007,oracle_actual,4220.0,0,0.0,22,20,0,True,0.11
SCEN_2023_LOW_oracle_actual_S2008,2008,oracle_actual,4220.0,0,0.0,22,20,0,True,0.11
SCEN_2023_LOW_oracle_actual_S2009,2009,oracle_actual,4220.0,0,0.0,22,20,0,True,0.11
SCEN_2023_LOW_oracle_actual_S2010,2010,oracle_actual,4220.0,0,0.0,22,20,0,True,0.13
SCEN_2023_LOW_oracle_actual_S2011,2011,oracle_actual,4220.0,0,0.0,22,20,0,True,0.11
SCEN_2023_LOW_oracle_actual_S2012,2012,oracle_actual,4220.0,0,0.0,22,20,0,True,0.11
SCEN_2023_LOW_oracle_actual_S2013,2013,oracle_actual,4220.0,0,0.0,22,20,0,True,0.12
SCEN_2023_LOW_oracle_actual_S2014,2014,oracle_actual,4220.0,0,0.0,22,20,0,True,0.11
SCEN_2023_LOW_oracle_actual_S2015,2015,oracle_actual,4220.0,0,0.0,22,20,0,True,0.11
SCEN_2023_LOW_oracle_actual_S2016,2016,oracle_actual,4220.0,0,0.0,22,20,0,True,0.11
SCEN_2023_LOW_oracle_actual_S2017,2017,oracle_actual,4220.0,0,0.0,22,20,0,True,0.11
SCEN_2023_LOW_oracle_actual_S2018,2018,oracle_actual,4220.0,0,0.0,22,20,0,True,0.11
SCEN_2023_LOW_oracle_actual_S2019,2019,oracle_actual,4220.0,0,0.0,22,20,0,True,0.11
SCEN_2023_LOW_oracle_actual_S2020,2020,oracle_actual,4220.0,0,0.0,22,20,0,True,0.11
SCEN_2023_LOW_oracle_actual_S2021,2021,oracle_actual,4220.0,0,0.0,22,20,0,True,0.13
SCEN_2023_LOW_oracle_actual_S2022,2022,oracle_actual,4220.0,0,0.0,22,20,0,True,0.11
SCEN_2023_LOW_oracle_actual_S2023,2023,oracle_actual,4220.0,0,0.0,22,20,0,True,0.11
SCEN_2023_LOW_oracle_actual_S2024,2024,oracle_actual,4220.0,0,0.0,22,20,0,True,0.11
SCEN_2023_LOW_oracle_actual_S2025,2025,oracle_actual,4220.0,0,0.0,22,20,0,True,0.11
SCEN_2023_LOW_oracle_actual_S2026,2026,oracle_actual,4220.0,0,0.0,22,20,0,True,0.11
SCEN_2023_LOW_oracle_actual_S2027,2027,oracle_actual,4220.0,0,0.0,22,20,0,True,0.11
SCEN_2023_LOW_oracle_actual_S2028,2028,oracle_actual,4220.0,0,0.0,22,20,0,True,0.11
SCEN_2023_LOW_oracle_actual_S2029,2029,oracle_actual,4220.0,0,0.0,22,20,0,True,0.11
SCEN_2023_LOW_oracle_actual_S2030,2030,oracle_actual,4220.0,0,0.0,22,20,0,True,0.11
SCEN_2023_LOW_oracle_actual_S2031,2031,oracle_actual,4220.0,0,0.0,22,20,0,True,0.11
SCEN_2023_LOW_oracle_actual_S2032,2032,oracle_actual,4220.0,0,0.0,22,20,0,True,0.11
SCEN_2023_LOW_oracle_actual_S2033,2033,oracle_actual,4220.0,0,0.0,22,20,0,True,0.11
SCEN_2023_LOW_oracle_actual_S2034,2034,oracle_actual,4220.0,0,0.0,22,20,0,True,0.11
SCEN_2023_LOW_oracle_actual_S2035,2035,oracle_actual,4220.0,0,0.0,22,20,0,True,0.11
SCEN_2023_LOW_oracle_actual_S2036,2036,oracle_actual,4220.0,0,0.0,22,20,0,True,0.11
SCEN_2023_LOW_oracle_actual_S2037,2037,oracle_actual,4220.0,0,0.0,22,20,0,True,0.13
SCEN_2023_LOW_oracle_actual_S2038,2038,oracle_actual,4220.0,0,0.0,22,20,0,True,0.11
SCEN_2023_LOW_oracle_actual_S2039,2039,oracle_actual,4220.0,0,0.0,22,20,0,True,0.11
SCEN_2023_LOW_oracle_actual_S2040,2040,oracle_actual,4220.0,0,0.0,22,20,0,True,0.11
SCEN_2023_LOW_oracle_actual_S2041,2041,oracle_actual,4220.0,0,0.0,22,20,0,True,0.11
SCEN_2023_LOW_oracle_actual_S2042,2042,oracle_actual,4220.0,0,0.0,22,20,0,True,0.11
SCEN_2023_LOW_oracle_actual_S2043,2043,oracle_actual,4220.0,0,0.0,22,20,0,True,0.11
SCEN_2023_LOW_oracle_actual_S2044,2044,oracle_actual,4220.0,0,0.0,22,20,0,True,0.11
SCEN_2023_LOW_oracle_actual_S2045,2045,oracle_actual,4220.0,0,0.0,22,20,0,True,0.11
SCEN_2023_LOW_oracle_actual_S2046,2046,oracle_actual,4220.0,0,0.0,22,20,0,True,0.11
SCEN_2023_LOW_oracle_actual_S2047,2047,oracle_actual,4220.0,0,0.0,22,20,0,True,0.12
SCEN_2023_LOW_oracle_actual_S2048,2048,oracle_actual,4220.0,0,0.0,22,20,0,True,0.13
SCEN_2023_LOW_oracle_actual_S2049,2049,oracle_actual,4220.0,0,0.0,22,20,0,True,0.11
SCEN_2023_LOW_oracle_actual_S2050,2050,oracle_actual,4220.0,0,0.0,22,20,0,True,0.11
SCEN_2023_LOW_oracle_actual_S2051,2051,oracle_actual,4220.0,0,0.0,22,20,0,True,0.16
SCEN_2023_LOW_oracle_actual_S2052,2052,oracle_actual,4220.0,0,0.0,22,20,0,True,0.11
SCEN_2023_LOW_oracle_actual_S2053,2053,oracle_actual,4220.0,0,0.0,22,20,0,True,0.11
SCEN_2023_LOW_oracle_actual_S2054,2054,oracle_actual,4220.0,0,0.0,22,20,0,True,0.11
SCEN_2023_LOW_oracle_actual_S2055,2055,oracle_actual,4220.0,0,0.0,22,20,0,True,0.11
SCEN_2023_LOW_oracle_actual_S2056,2056,oracle_actual,4220.0,0,0.0,22,20,0,True,0.11
SCEN_2023_LOW_oracle_actual_S2057,2057,oracle_actual,4220.0,0,0.0,22,20,0,True,0.11
SCEN_2023_LOW_oracle_actual_S2058,2058,oracle_actual,4220.0,0,0.0,22,20,0,True,0.11
SCEN_2023_LOW_oracle_actual_S2059,2059,oracle_actual,4220.0,0,0.0,22,20,0,True,0.11
SCEN_2023_LOW_oracle_actual_S2060,2060,oracle_actual,4220.0,0,0.0,22,20,0,True,0.11
SCEN_2023_LOW_oracle_actual_S2061,2061,oracle_actual,4220.0,0,0.0,22,20,0,True,0.11
SCEN_2023_LOW_oracle_actual_S2062,2062,oracle_actual,4220.0,0,0.0,22,20,0,True,0.11
SCEN_2023_LOW_oracle_actual_S2063,2063,oracle_actual,4220.0,0,0.0,22,20,0,True,0.11
SCEN_2023_LOW_oracle_actual_S2064,2064,oracle_actual,4220.0,0,0.0,22,20,0,True,0.11
SCEN_2023_LOW_oracle_actual_S2065,2065,oracle_actual,4220.0,0,0.0,22,20,0,True,0.13
SCEN_2023_LOW_oracle_actual_S2066,2066,oracle_actual,4220.0,0,0.0,22,20,0,True,0.11
SCEN_2023_LOW_oracle_actual_S2067,2067,oracle_actual,4220.0,0,0.0,22,20,0,True,0.11
SCEN_2023_LOW_oracle_actual_S2068,2068,oracle_actual,4220.0,0,0.0,22,20,0,True,0.11
SCEN_2023_LOW_oracle_actual_S2069,2069,oracle_actual,4220.0,0,0.0,22,20,0,True,0.11
SCEN_2023_LOW_oracle_actual_S2070,2070,oracle_actual,4220.0,0,0.0,22,20,0,True,0.11
SCEN_2023_LOW_oracle_actual_S2071,2071,oracle_actual,4220.0,0,0.0,22,20,0,True,0.11
SCEN_2023_LOW_oracle_actual_S2072,2072,oracle_actual,4220.0,0,0.0,22,20,0,True,0.11
SCEN_2023_LOW_oracle_actual_S2073,2073,oracle_actual,4220.0,0,0.0,22,20,0,True,0.11
SCEN_2023_LOW_oracle_actual_S2074,2074,oracle_actual,4220.0,0,0.0,22,20,0,True,0.11
SCEN_2023_LOW_oracle_actual_S2075,2075,oracle_actual,4220.0,0,0.0,22,20,0,True,0.11
SCEN_2023_LOW_oracle_actual_S2076,2076,oracle_actual,4220.0,0,0.0,22,20,0,True,0.11
SCEN_2023_LOW_oracle_actual_S2077,2077,oracle_actual,4220.0,0,0.0,22,20,0,True,0.11
SCEN_2023_LOW_oracle_actual_S2078,2078,oracle_actual,4220.0,0,0.0,22,20,0,True,0.11
SCEN_2023_LOW_oracle_actual_S2079,2079,oracle_actual,4220.0,0,0.0,22,20,0,True,0.11
SCEN_2023_LOW_oracle_actual_S2080,2080,oracle_actual,4220.0,0,0.0,22,20,0,True,0.11
SCEN_2023_LOW_oracle_actual_S2081,2081,oracle_actual,4220.0,0,0.0,22,20,0,True,0.17
SCEN_2023_LOW_oracle_actual_S2082,2082,oracle_actual,4220.0,0,0.0,22,20,0,True,0.13
SCEN_2023_LOW_oracle_actual_S2083,2083,oracle_actual,4220.0,0,0.0,22,20,0,True,0.11
SCEN_2023_LOW_oracle_actual_S2084,2084,oracle_actual,4220.0,0,0.0,22,20,0,True,0.14
SCEN_2023_LOW_oracle_actual_S2085,2085,oracle_actual,4220.0,0,0.0,22,20,0,True,0.11
SCEN_2023_LOW_oracle_actual_S2086,2086,oracle_actual,4220.0,0,0.0,22,20,0,True,0.11
SCEN_2023_LOW_oracle_actual_S2087,2087,oracle_actual,4220.0,0,0.0,22,20,0,True,0.11
SCEN_2023_LOW_oracle_actual_S2088,2088,oracle_actual,4220.0,0,0.0,22,20,0,True,0.11
SCEN_2023_LOW_oracle_actual_S2089,2089,oracle_actual,4220.0,0,0.0,22,20,0,True,0.11
SCEN_2023_LOW_oracle_actual_S2090,2090,oracle_actual,4220.0,0,0.0,22,20,0,True,0.11
SCEN_2023_LOW_oracle_actual_S2091,2091,oracle_actual,4220.0,0,0.0,22,20,0,True,0.12
SCEN_2023_LOW_oracle_actual_S2092,2092,oracle_actual,4220.0,0,0.0,22,20,0,True,0.13
SCEN_2023_LOW_oracle_actual_S2093,2093,oracle_actual,4220.0,0,0.0,22,20,0,True,0.11
SCEN_2023_LOW_oracle_actual_S2094,2094,oracle_actual,4220.0,0,0.0,22,20,0,True,0.11
SCEN_2023_LOW_oracle_actual_S2095,2095,oracle_actual,4220.0,0,0.0,22,20,0,True,0.11
SCEN_2023_LOW_oracle_actual_S2096,2096,oracle_actual,4220.0,0,0.0,22,20,0,True,0.11
SCEN_2023_LOW_oracle_actual_S2097,2097,oracle_actual,4220.0,0,0.0,22,20,0,True,0.12
SCEN_2023_LOW_oracle_actual_S2098,2098,oracle_actual,4220.0,0,0.0,22,20,0,True,0.11
SCEN_2023_LOW_oracle_actual_S2099,2099,oracle_actual,4220.0,0,0.0,22,20,0,True,0.11
SCEN_2023_LOW_oracle_actual_S2100,2100,oracle_actual,4220.0,0,0.0,22,20,0,True,0.11
SCEN_2023_LOW_oracle_actual_S2101,2101,oracle_actual,4220.0,0,0.0,22,20,0,True,0.11
SCEN_2023_LOW_oracle_actual_S2102,2102,oracle_actual,4220.0,0,0.0,22,20,0,True,0.14
SCEN_2023_LOW_oracle_actual_S2103,2103,oracle_actual,4220.0,0,0.0,22,20,0,True,0.11
SCEN_2023_LOW_oracle_actual_S2104,2104,oracle_actual,4220.0,0,0.0,22,20,0,True,0.11
SCEN_2023_LOW_oracle_actual_S2105,2105,oracle_actual,4220.0,0,0.0,22,20,0,True,0.11
SCEN_2023_LOW_oracle_actual_S2106,2106,oracle_actual,4220.0,0,0.0,22,20,0,True,0.11
SCEN_2023_LOW_oracle_actual_S2107,2107,oracle_actual,4220.0,0,0.0,22,20,0,True,0.11
SCEN_2023_LOW_oracle_actual_S2108,2108,oracle_actual,4220.0,0,0.0,22,20,0,True,0.13
SCEN_2023_LOW_oracle_actual_S2109,2109,oracle_actual,4220.0,0,0.0,22,20,0,True,0.11
SCEN_2023_LOW_oracle_actual_S2110,2110,oracle_actual,4220.0,0,0.0,22,20,0,True,0.11
SCEN_2023_LOW_oracle_actual_S2111,2111,oracle_actual,4220.0,0,0.0,22,20,0,True,0.11
SCEN_2023_LOW_oracle_actual_S2112,2112,oracle_actual,4220.0,0,0.0,22,20,0,True,0.2
SCEN_2023_LOW_oracle_actual_S2113,2113,oracle_actual,4220.0,0,0.0,22,20,0,True,0.11
SCEN_2023_LOW_oracle_actual_S2114,2114,oracle_actual,4220.0,0,0.0,22,20,0,True,0.11
SCEN_2023_LOW_oracle_actual_S2115,2115,oracle_actual,4220.0,0,0.0,22,20,0,True,0.11
SCEN_2023_LOW_oracle_actual_S2116,2116,oracle_actual,4220.0,0,0.0,22,20,0,True,0.11
SCEN_2023_LOW_oracle_actual_S2117,2117,oracle_actual,4220.0,0,0.0,22,20,0,True,0.11
SCEN_2023_LOW_oracle_actual_S2118,2118,oracle_actual,4220.0,0,0.0,22,20,0,True,0.11
SCEN_2023_LOW_oracle_actual_S2119,2119,oracle_actual,4220.0,0,0.0,22,20,0,True,0.11
SCEN_2023_LOW_oracle_actual_S2120,2120,oracle_actual,4220.0,0,0.0,22,20,0,True,0.11
SCEN_2023_LOW_oracle_actual_S2121,2121,oracle_actual,4220.0,0,0.0,22,20,0,True,0.11
SCEN_2023_LOW_oracle_actual_S2122,2122,oracle_actual,4220.0,0,0.0,22,20,0,True,0.11
SCEN_2023_LOW_oracle_actual_S2123,2123,oracle_actual,4220.0,0,0.0,22,20,0,True,0.12
SCEN_2023_LOW_oracle_actual_S2124,2124,oracle_actual,4220.0,0,0.0,22,20,0,True,0.11
SCEN_2023_LOW_oracle_actual_S2125,2125,oracle_actual,4220.0,0,0.0,22,20,0,True,0.11
SCEN_2023_LOW_oracle_actual_S2126,2126,oracle_actual,4220.0,0,0.0,22,20,0,True,0.11
SCEN_2023_LOW_oracle_actual_S2127,2127,oracle_actual,4220.0,0,0.0,22,20,0,True,0.11
SCEN_2023_LOW_oracle_actual_S2128,2128,oracle_actual,4220.0,0,0.0,22,20,0,True,0.12
SCEN_2023_LOW_oracle_actual_S2129,2129,oracle_actual,4220.0,0,0.0,22,20,0,True,0.11
SCEN_2023_LOW_oracle_actual_S2130,2130,oracle_actual,4220.0,0,0.0,22,20,0,True,0.11
SCEN_2023_LOW_oracle_actual_S2131,2131,oracle_actual,4220.0,0,0.0,22,20,0,True,0.12
SCEN_2023_LOW_oracle_actual_S2132,2132,oracle_actual,4220.0,0,0.0,22,20,0,True,0.11
SCEN_2023_LOW_oracle_actual_S2133,2133,oracle_actual,4220.0,0,0.0,22,20,0,True,0.13
SCEN_2023_LOW_oracle_actual_S2134,2134,oracle_actual,4220.0,0,0.0,22,20,0,True,0.11
SCEN_2023_LOW_oracle_actual_S2135,2135,oracle_actual,4220.0,0,0.0,22,20,0,True,0.11
SCEN_2023_LOW_oracle_actual_S2136,2136,oracle_actual,4220.0,0,0.0,22,20,0,True,0.11
SCEN_2023_LOW_oracle_actual_S2137,2137,oracle_actual,4220.0,0,0.0,22,20,0,True,0.11
SCEN_2023_LOW_oracle_actual_S2138,2138,oracle_actual,4220.0,0,0.0,22,20,0,True,0.11
SCEN_2023_LOW_oracle_actual_S2139,2139,oracle_actual,4220.0,0,0.0,22,20,0,True,0.11
SCEN_2023_LOW_oracle_actual_S2140,2140,oracle_actual,4220.0,0,0.0,22,20,0,True,0.11
SCEN_2023_LOW_oracle_actual_S2141,2141,oracle_actual,4220.0,0,0.0,22,20,0,True,0.11
SCEN_2023_LOW_oracle_actual_S2142,2142,oracle_actual,4220.0,0,0.0,22,20,0,True,0.13
SCEN_2023_LOW_oracle_actual_S2143,2143,oracle_actual,4220.0,0,0.0,22,20,0,True,0.11
SCEN_2023_LOW_oracle_actual_S2144,2144,oracle_actual,4220.0,0,0.0,22,20,0,True,0.11
SCEN_2023_LOW_oracle_actual_S2145,2145,oracle_actual,4220.0,0,0.0,22,20,0,True,0.11
SCEN_2023_LOW_oracle_actual_S2146,2146,oracle_actual,4220.0,0,0.0,22,20,0,True,0.11
SCEN_2023_LOW_oracle_actual_S2147,2147,oracle_actual,4220.0,0,0.0,22,20,0,True,0.11
SCEN_2023_LOW_oracle_actual_S2148,2148,oracle_actual,4220.0,0,0.0,22,20,0,True,0.12
SCEN_2023_LOW_oracle_actual_S2149,2149,oracle_actual,4220.0,0,0.0,22,20,0,True,0.11
SCEN_2023_LOW_oracle_actual_S2150,2150,oracle_actual,4220.0,0,0.0,22,20,0,True,0.11
SCEN_2023_LOW_oracle_actual_S2151,2151,oracle_actual,4220.0,0,0.0,22,20,0,True,0.11
SCEN_2023_LOW_oracle_actual_S2152,2152,oracle_actual,4220.0,0,0.0,22,20,0,True,0.11
SCEN_2023_LOW_oracle_actual_S2153,2153,oracle_actual,4220.0,0,0.0,22,20,0,True,0.12
SCEN_2023_LOW_oracle_actual_S2154,2154,oracle_actual,4220.0,0,0.0,22,20,0,True,0.11
SCEN_2023_LOW_oracle_actual_S2155,2155,oracle_actual,4220.0,0,0.0,22,20,0,True,0.11
SCEN_2023_LOW_oracle_actual_S2156,2156,oracle_actual,4220.0,0,0.0,22,20,0,True,0.11
SCEN_2023_LOW_oracle_actual_S2157,2157,oracle_actual,4220.0,0,0.0,22,20,0,True,0.11
SCEN_2023_LOW_oracle_actual_S2158,2158,oracle_actual,4220.0,0,0.0,22,20,0,True,0.11
SCEN_2023_LOW_oracle_actual_S2159,2159,oracle_actual,4220.0,0,0.0,22,20,0,True,0.11
SCEN_2023_LOW_oracle_actual_S2160,2160,oracle_actual,4220.0,0,0.0,22,20,0,True,0.11
SCEN_2023_LOW_oracle_actual_S2161,2161,oracle_actual,4220.0,0,0.0,22,20,0,True,0.11
SCEN_2023_LOW_oracle_actual_S2162,2162,oracle_actual,4220.0,0,0.0,22,20,0,True,0.11
SCEN_2023_LOW_oracle_actual_S2163,2163,oracle_actual,4220.0,0,0.0,22,20,0,True,0.11
SCEN_2023_LOW_oracle_actual_S2164,2164,oracle_actual,4220.0,0,0.0,22,20,0,True,0.11
SCEN_2023_LOW_oracle_actual_S2165,2165,oracle_actual,4220.0,0,0.0,22,20,0,True,0.11
SCEN_2023_LOW_oracle_actual_S2166,2166,oracle_actual,4220.0,0,0.0,22,20,0,True,0.11
SCEN_2023_LOW_oracle_actual_S2167,2167,oracle_actual,4220.0,0,0.0,22,20,0,True,0.11
SCEN_2023_LOW_oracle_actual_S2168,2168,oracle_actual,4220.0,0,0.0,22,20,0,True,0.11
SCEN_2023_LOW_oracle_actual_S2169,2169,oracle_actual,4220.0,0,0.0,22,20,0,True,0.11
SCEN_2023_LOW_oracle_actual_S2170,2170,oracle_actual,4220.0,0,0.0,22,20,0,True,0.12
SCEN_2023_LOW_oracle_actual_S2171,2171,oracle_actual,4220.0,0,0.0,22,20,0,True,0.11
SCEN_2023_LOW_oracle_actual_S2172,2172,oracle_actual,4220.0,0,0.0,22,20,0,True,0.11
SCEN_2023_LOW_oracle_actual_S2173,2173,oracle_actual,4220.0,0,0.0,22,20,0,True,0.12
SCEN_2023_LOW_oracle_actual_S2174,2174,oracle_actual,4220.0,0,0.0,22,20,0,True,0.11
SCEN_2023_LOW_oracle_actual_S2175,2175,oracle_actual,4220.0,0,0.0,22,20,0,True,0.11
SCEN_2023_LOW_oracle_actual_S2176,2176,oracle_actual,4220.0,0,0.0,22,20,0,True,0.11
SCEN_2023_LOW_oracle_actual_S2177,2177,oracle_actual,4220.0,0,0.0,22,20,0,True,0.11
SCEN_2023_LOW_oracle_actual_S2178,2178,oracle_actual,4220.0,0,0.0,22,20,0,True,0.11
SCEN_2023_LOW_oracle_actual_S2179,2179,oracle_actual,4220.0,0,0.0,22,20,0,True,0.11
SCEN_2023_LOW_oracle_actual_S2180,2180,oracle_actual,4220.0,0,0.0,22,20,0,True,0.11
SCEN_2023_LOW_oracle_actual_S2181,2181,oracle_actual,4220.0,0,0.0,22,20,0,True,0.11
SCEN_2023_LOW_oracle_actual_S2182,2182,oracle_actual,4220.0,0,0.0,22,20,0,True,0.11
SCEN_2023_LOW_oracle_actual_S2183,2183,oracle_actual,4220.0,0,0.0,22,20,0,True,0.12
SCEN_2023_LOW_oracle_actual_S2184,2184,oracle_actual,4220.0,0,0.0,22,20,0,True,0.11
SCEN_2023_LOW_oracle_actual_S2185,2185,oracle_actual,4220.0,0,0.0,22,20,0,True,0.11
SCEN_2023_LOW_oracle_actual_S2186,2186,oracle_actual,4220.0,0,0.0,22,20,0,True,0.14
SCEN_2023_LOW_oracle_actual_S2187,2187,oracle_actual,4220.0,0,0.0,22,20,0,True,0.11
SCEN_2023_LOW_oracle_actual_S2188,2188,oracle_actual,4220.0,0,0.0,22,20,0,True,0.11
SCEN_2023_LOW_oracle_actual_S2189,2189,oracle_actual,4220.0,0,0.0,22,20,0,True,0.11
SCEN_2023_LOW_oracle_actual_S2190,2190,oracle_actual,4220.0,0,0.0,22,20,0,True,0.11
SCEN_2023_LOW_oracle_actual_S2191,2191,oracle_actual,4220.0,0,0.0,22,20,0,True,0.11
SCEN_2023_LOW_oracle_actual_S2192,2192,oracle_actual,4220.0,0,0.0,22,20,0,True,0.11
SCEN_2023_LOW_oracle_actual_S2193,2193,oracle_actual,4220.0,0,0.0,22,20,0,True,0.11
SCEN_2023_LOW_oracle_actual_S2194,2194,oracle_actual,4220.0,0,0.0,22,20,0,True,0.11
SCEN_2023_LOW_oracle_actual_S2195,2195,oracle_actual,4220.0,0,0.0,22,20,0,True,0.11
SCEN_2023_LOW_oracle_actual_S2196,2196,oracle_actual,4220.0,0,0.0,22,20,0,True,0.11
SCEN_2023_LOW_oracle_actual_S2197,2197,oracle_actual,4220.0,0,0.0,22,20,0,True,0.11
SCEN_2023_LOW_oracle_actual_S2198,2198,oracle_actual,4220.0,0,0.0,22,20,0,True,0.12
SCEN_2023_LOW_oracle_actual_S2199,2199,oracle_actual,4220.0,0,0.0,22,20,0,True,0.11
SCEN_2023_LOW_oracle_actual_S2200,2200,oracle_actual,4220.0,0,0.0,22,20,0,True,0.11
SCEN_2023_LOW_oracle_actual_S2201,2201,oracle_actual,4220.0,0,0.0,22,20,0,True,0.11
SCEN_2023_LOW_oracle_actual_S2202,2202,oracle_actual,4220.0,0,0.0,22,20,0,True,0.11
SCEN_2023_LOW_oracle_actual_S2203,2203,oracle_actual,4220.0,0,0.0,22,20,0,True,0.11
SCEN_2023_LOW_oracle_actual_S2204,2204,oracle_actual,4220.0,0,0.0,22,20,0,True,0.11
SCEN_2023_LOW_oracle_actual_S2205,2205,oracle_actual,4220.0,0,0.0,22,20,0,True,0.11
SCEN_2023_LOW_oracle_actual_S2206,2206,oracle_actual,4220.0,0,0.0,22,20,0,True,0.11
SCEN_2023_LOW_oracle_actual_S2207,2207,oracle_actual,4220.0,0,0.0,22,20,0,True,0.11
SCEN_2023_LOW_oracle_actual_S2208,2208,oracle_actual,4220.0,0,0.0,22,20,0,True,0.11
SCEN_2023_LOW_oracle_actual_S2209,2209,oracle_actual,4220.0,0,0.0,22,20,0,True,0.11
SCEN_2023_LOW_oracle_actual_S2210,2210,oracle_actual,4220.0,0,0.0,22,20,0,True,0.11
SCEN_2023_LOW_oracle_actual_S2211,2211,oracle_actual,4220.0,0,0.0,22,20,0,True,0.11
SCEN_2023_LOW_oracle_actual_S2212,2212,oracle_actual,4220.0,0,0.0,22,20,0,True,0.11
SCEN_2023_LOW_oracle_actual_S2213,2213,oracle_actual,4220.0,0,0.0,22,20,0,True,0.11
SCEN_2023_LOW_oracle_actual_S2214,2214,oracle_actual,4220.0,0,0.0,22,20,0,True,0.11
SCEN_2023_LOW_oracle_actual_S2215,2215,oracle_actual,4220.0,0,0.0,22,20,0,True,0.11
SCEN_2023_LOW_oracle_actual_S2216,2216,oracle_actual,4220.0,0,0.0,22,20,0,True,0.11
SCEN_2023_LOW_oracle_actual_S2217,2217,oracle_actual,4220.0,0,0.0,22,20,0,True,0.12
SCEN_2023_LOW_oracle_actual_S2218,2218,oracle_actual,4220.0,0,0.0,22,20,0,True,0.11
SCEN_2023_LOW_oracle_actual_S2219,2219,oracle_actual,4220.0,0,0.0,22,20,0,True,0.11
SCEN_2023_LOW_oracle_actual_S2220,2220,oracle_actual,4220.0,0,0.0,22,20,0,True,0.11
SCEN_2023_LOW_oracle_actual_S2221,2221,oracle_actual,4220.0,0,0.0,22,20,0,True,0.11
SCEN_2023_LOW_oracle_actual_S2222,2222,oracle_actual,4220.0,0,0.0,22,20,0,True,0.11
SCEN_2023_LOW_oracle_actual_S2223,2223,oracle_actual,4220.0,0,0.0,22,20,0,True,0.1
SCEN_2023_LOW_oracle_actual_S2224,2224,oracle_actual,4220.0,0,0.0,22,20,0,True,0.12
SCEN_2023_LOW_oracle_actual_S2225,2225,oracle_actual,4220.0,0,0.0,22,20,0,True,0.11
SCEN_2023_LOW_oracle_actual_S2226,2226,oracle_actual,4220.0,0,0.0,22,20,0,True,0.11
SCEN_2023_LOW_oracle_actual_S2227,2227,oracle_actual,4220.0,0,0.0,22,20,0,True,0.11
SCEN_2023_LOW_oracle_actual_S2228,2228,oracle_actual,4220.0,0,0.0,22,20,0,True,0.11
SCEN_2023_LOW_oracle_actual_S2229,2229,oracle_actual,4220.0,0,0.0,22,20,0,True,0.11
SCEN_2023_LOW_oracle_actual_S2230,2230,oracle_actual,4220.0,0,0.0,22,20,0,True,0.11
SCEN_2023_LOW_oracle_actual_S2231,2231,oracle_actual,4220.0,0,0.0,22,20,0,True,0.11
SCEN_2023_LOW_oracle_actual_S2232,2232,oracle_actual,4220.0,0,0.0,22,20,0,True,0.11
SCEN_2023_LOW_oracle_actual_S2233,2233,oracle_actual,4220.0,0,0.0,22,20,0,True,0.11
SCEN_2023_LOW_oracle_actual_S2234,2234,oracle_actual,4220.0,0,0.0,22,20,0,True,0.11
SCEN_2023_LOW_oracle_actual_S2235,2235,oracle_actual,4220.0,0,0.0,22,20,0,True,0.11
SCEN_2023_LOW_oracle_actual_S2236,2236,oracle_actual,4220.0,0,0.0,22,20,0,True,0.11
SCEN_2023_LOW_oracle_actual_S2237,2237,oracle_actual,4220.0,0,0.0,22,20,0,True,0.11
SCEN_2023_LOW_oracle_actual_S2238,2238,oracle_actual,4220.0,0,0.0,22,20,0,True,0.14
SCEN_2023_LOW_oracle_actual_S2239,2239,oracle_actual,4220.0,0,0.0,22,20,0,True,0.11
SCEN_2023_LOW_oracle_actual_S2240,2240,oracle_actual,4220.0,0,0.0,22,20,0,True,0.11
SCEN_2023_LOW_oracle_actual_S2241,2241,oracle_actual,4220.0,0,0.0,22,20,0,True,0.11
SCEN_2023_LOW_oracle_actual_S2242,2242,oracle_actual,4220.0,0,0.0,22,20,0,True,0.11
SCEN_2023_LOW_oracle_actual_S2243,2243,oracle_actual,4220.0,0,0.0,22,20,0,True,0.11
SCEN_2023_LOW_oracle_actual_S2244,2244,oracle_actual,4220.0,0,0.0,22,20,0,True,0.11
SCEN_2023_LOW_oracle_actual_S2245,2245,oracle_actual,4220.0,0,0.0,22,20,0,True,0.11
SCEN_2023_LOW_oracle_actual_S2246,2246,oracle_actual,4220.0,0,0.0,22,20,0,True,0.11
SCEN_2023_LOW_oracle_actual_S2247,2247,oracle_actual,4220.0,0,0.0,22,20,0,True,0.11
SCEN_2023_LOW_oracle_actual_S2248,2248,oracle_actual,4220.0,0,0.0,22,20,0,True,0.11
SCEN_2023_LOW_oracle_actual_S2249,2249,oracle_actual,4220.0,0,0.0,22,20,0,True,0.11
SCEN_2023_LOW_oracle_actual_S2250,2250,oracle_actual,4220.0,0,0.0,22,20,0,True,0.11
SCEN_2023_LOW_oracle_actual_S2251,2251,oracle_actual,4220.0,0,0.0,22,20,0,True,0.11
SCEN_2023_LOW_oracle_actual_S2252,2252,oracle_actual,4220.0,0,0.0,22,20,0,True,0.11
SCEN_2023_LOW_oracle_actual_S2253,2253,oracle_actual,4220.0,0,0.0,22,20,0,True,0.12
SCEN_2023_LOW_oracle_actual_S2254,2254,oracle_actual,4220.0,0,0.0,22,20,0,True,0.11
SCEN_2023_LOW_oracle_actual_S2255,2255,oracle_actual,4220.0,0,0.0,22,20,0,True,0.11
SCEN_2023_LOW_oracle_actual_S2256,2256,oracle_actual,4220.0,0,0.0,22,20,0,True,0.11
SCEN_2023_LOW_oracle_actual_S2257,2257,oracle_actual,4220.0,0,0.0,22,20,0,True,0.11
SCEN_2023_LOW_oracle_actual_S2258,2258,oracle_actual,4220.0,0,0.0,22,20,0,True,0.11
SCEN_2023_LOW_oracle_actual_S2259,2259,oracle_actual,4220.0,0,0.0,22,20,0,True,0.11
SCEN_2023_LOW_oracle_actual_S2260,2260,oracle_actual,4220.0,0,0.0,22,20,0,True,0.11
SCEN_2023_LOW_oracle_actual_S2261,2261,oracle_actual,4220.0,0,0.0,22,20,0,True,0.11
SCEN_2023_LOW_oracle_actual_S2262,2262,oracle_actual,4220.0,0,0.0,22,20,0,True,0.11
SCEN_2023_LOW_oracle_actual_S2263,2263,oracle_actual,4220.0,0,0.0,22,20,0,True,0.11
SCEN_2023_LOW_oracle_actual_S2264,2264,oracle_actual,4220.0,0,0.0,22,20,0,True,0.11
SCEN_2023_LOW_oracle_actual_S2265,2265,oracle_actual,4220.0,0,0.0,22,20,0,True,0.12
SCEN_2023_LOW_oracle_actual_S2266,2266,oracle_actual,4220.0,0,0.0,22,20,0,True,0.11
SCEN_2023_LOW_oracle_actual_S2267,2267,oracle_actual,4220.0,0,0.0,22,20,0,True,0.12
SCEN_2023_LOW_oracle_actual_S2268,2268,oracle_actual,4220.0,0,0.0,22,20,0,True,0.11
SCEN_2023_LOW_oracle_actual_S2269,2269,oracle_actual,4220.0,0,0.0,22,20,0,True,0.11
SCEN_2023_LOW_oracle_actual_S2270,2270,oracle_actual,4220.0,0,0.0,22,20,0,True,0.12
SCEN_2023_LOW_oracle_actual_S2271,2271,oracle_actual,4220.0,0,0.0,22,20,0,True,0.11
SCEN_2023_LOW_oracle_actual_S2272,2272,oracle_actual,4220.0,0,0.0,22,20,0,True,0.11
SCEN_2023_LOW_oracle_actual_S2273,2273,oracle_actual,4220.0,0,0.0,22,20,0,True,0.11
SCEN_2023_LOW_oracle_actual_S2274,2274,oracle_actual,4220.0,0,0.0,22,20,0,True,0.11
SCEN_2023_LOW_oracle_actual_S2275,2275,oracle_actual,4220.0,0,0.0,22,20,0,True,0.14
SCEN_2023_LOW_oracle_actual_S2276,2276,oracle_actual,4220.0,0,0.0,22,20,0,True,0.11
SCEN_2023_LOW_oracle_actual_S2277,2277,oracle_actual,4220.0,0,0.0,22,20,0,True,0.12
SCEN_2023_LOW_oracle_actual_S2278,2278,oracle_actual,4220.0,0,0.0,22,20,0,True,0.11
SCEN_2023_LOW_oracle_actual_S2279,2279,oracle_actual,4220.0,0,0.0,22,20,0,True,0.11
SCEN_2023_LOW_oracle_actual_S2280,2280,oracle_actual,4220.0,0,0.0,22,20,0,True,0.11
SCEN_2023_LOW_oracle_actual_S2281,2281,oracle_actual,4220.0,0,0.0,22,20,0,True,0.12
SCEN_2023_LOW_oracle_actual_S2282,2282,oracle_actual,4220.0,0,0.0,22,20,0,True,0.15
SCEN_2023_LOW_oracle_actual_S2283,2283,oracle_actual,4220.0,0,0.0,22,20,0,True,0.11
SCEN_2023_LOW_oracle_actual_S2284,2284,oracle_actual,4220.0,0,0.0,22,20,0,True,0.11
SCEN_2023_LOW_oracle_actual_S2285,2285,oracle_actual,4220.0,0,0.0,22,20,0,True,0.13
SCEN_2023_LOW_oracle_actual_S2286,2286,oracle_actual,4220.0,0,0.0,22,20,0,True,0.13
SCEN_2023_LOW_oracle_actual_S2287,2287,oracle_actual,4220.0,0,0.0,22,20,0,True,0.12
SCEN_2023_LOW_oracle_actual_S2288,2288,oracle_actual,4220.0,0,0.0,22,20,0,True,0.11
SCEN_2023_LOW_oracle_actual_S2289,2289,oracle_actual,4220.0,0,0.0,22,20,0,True,0.11
SCEN_2023_LOW_oracle_actual_S2290,2290,oracle_actual,4220.0,0,0.0,22,20,0,True,0.11
SCEN_2023_LOW_oracle_actual_S2291,2291,oracle_actual,4220.0,0,0.0,22,20,0,True,0.11
SCEN_2023_LOW_oracle_actual_S2292,2292,oracle_actual,4220.0,0,0.0,22,20,0,True,0.18
SCEN_2023_LOW_oracle_actual_S2293,2293,oracle_actual,4220.0,0,0.0,22,20,0,True,0.11
SCEN_2023_LOW_oracle_actual_S2294,2294,oracle_actual,4220.0,0,0.0,22,20,0,True,0.11
SCEN_2023_LOW_oracle_actual_S2295,2295,oracle_actual,4220.0,0,0.0,22,20,0,True,0.11
SCEN_2023_LOW_oracle_actual_S2296,2296,oracle_actual,4220.0,0,0.0,22,20,0,True,0.11
SCEN_2023_LOW_oracle_actual_S2297,2297,oracle_actual,4220.0,0,0.0,22,20,0,True,0.11
SCEN_2023_LOW_oracle_actual_S2298,2298,oracle_actual,4220.0,0,0.0,22,20,0,True,0.11
SCEN_2023_LOW_oracle_actual_S2299,2299,oracle_actual,4220.0,0,0.0,22,20,0,True,0.11
SCEN_2023_LOW_oracle_actual_S2300,2300,oracle_actual,4220.0,0,0.0,22,20,0,True,0.12
SCEN_2023_LOW_oracle_actual_S2301,2301,oracle_actual,4220.0,0,0.0,22,20,0,True,0.11
SCEN_2023_LOW_oracle_actual_S2302,2302,oracle_actual,4220.0,0,0.0,22,20,0,True,0.12
SCEN_2023_LOW_oracle_actual_S2303,2303,oracle_actual,4220.0,0,0.0,22,20,0,True,0.12
SCEN_2023_LOW_oracle_actual_S2304,2304,oracle_actual,4220.0,0,0.0,22,20,0,True,0.12
SCEN_2023_LOW_oracle_actual_S2305,2305,oracle_actual,4220.0,0,0.0,22,20,0,True,0.12
SCEN_2023_LOW_oracle_actual_S2306,2306,oracle_actual,4220.0,0,0.0,22,20,0,True,0.11
SCEN_2023_LOW_oracle_actual_S2307,2307,oracle_actual,4220.0,0,0.0,22,20,0,True,0.11
SCEN_2023_LOW_oracle_actual_S2308,2308,oracle_actual,4220.0,0,0.0,22,20,0,True,0.11
SCEN_2023_LOW_oracle_actual_S2309,2309,oracle_actual,4220.0,0,0.0,22,20,0,True,0.11
SCEN_2023_LOW_oracle_actual_S2310,2310,oracle_actual,4220.0,0,0.0,22,20,0,True,0.11
SCEN_2023_LOW_oracle_actual_S2311,2311,oracle_actual,4220.0,0,0.0,22,20,0,True,0.11
SCEN_2023_LOW_oracle_actual_S2312,2312,oracle_actual,4220.0,0,0.0,22,20,0,True,0.11
SCEN_2023_LOW_oracle_actual_S2313,2313,oracle_actual,4220.0,0,0.0,22,20,0,True,0.11
SCEN_2023_LOW_oracle_actual_S2314,2314,oracle_actual,4220.0,0,0.0,22,20,0,True,0.11
SCEN_2023_LOW_oracle_actual_S2315,2315,oracle_actual,4220.0,0,0.0,22,20,0,True,0.11
SCEN_2023_LOW_oracle_actual_S2316,2316,oracle_actual,4220.0,0,0.0,22,20,0,True,0.11
SCEN_2023_LOW_oracle_actual_S2317,2317,oracle_actual,4220.0,0,0.0,22,20,0,True,0.11
SCEN_2023_LOW_oracle_actual_S2318,2318,oracle_actual,4220.0,0,0.0,22,20,0,True,0.13
SCEN_2023_LOW_oracle_actual_S2319,2319,oracle_actual,4220.0,0,0.0,22,20,0,True,0.12
SCEN_2023_LOW_oracle_actual_S2320,2320,oracle_actual,4220.0,0,0.0,22,20,0,True,0.11
SCEN_2023_LOW_oracle_actual_S2321,2321,oracle_actual,4220.0,0,0.0,22,20,0,True,0.11
SCEN_2023_LOW_oracle_actual_S2322,2322,oracle_actual,4220.0,0,0.0,22,20,0,True,0.11
SCEN_2023_LOW_oracle_actual_S2323,2323,oracle_actual,4220.0,0,0.0,22,20,0,True,0.11
SCEN_2023_LOW_oracle_actual_S2324,2324,oracle_actual,4220.0,0,0.0,22,20,0,True,0.13
SCEN_2023_LOW_oracle_actual_S2325,2325,oracle_actual,4220.0,0,0.0,22,20,0,True,0.11
SCEN_2023_LOW_oracle_actual_S2326,2326,oracle_actual,4220.0,0,0.0,22,20,0,True,0.11
SCEN_2023_LOW_oracle_actual_S2327,2327,oracle_actual,4220.0,0,0.0,22,20,0,True,0.11
SCEN_2023_LOW_oracle_actual_S2328,2328,oracle_actual,4220.0,0,0.0,22,20,0,True,0.11
SCEN_2023_LOW_oracle_actual_S2329,2329,oracle_actual,4220.0,0,0.0,22,20,0,True,0.18
SCEN_2023_LOW_oracle_actual_S2330,2330,oracle_actual,4220.0,0,0.0,22,20,0,True,0.12
SCEN_2023_LOW_oracle_actual_S2331,2331,oracle_actual,4220.0,0,0.0,22,20,0,True,0.11
SCEN_2023_LOW_oracle_actual_S2332,2332,oracle_actual,4220.0,0,0.0,22,20,0,True,0.11
SCEN_2023_LOW_oracle_actual_S2333,2333,oracle_actual,4220.0,0,0.0,22,20,0,True,0.11
SCEN_2023_LOW_oracle_actual_S2334,2334,oracle_actual,4220.0,0,0.0,22,20,0,True,0.11
SCEN_2023_LOW_oracle_actual_S2335,2335,oracle_actual,4220.0,0,0.0,22,20,0,True,0.11
SCEN_2023_LOW_oracle_actual_S2336,2336,oracle_actual,4220.0,0,0.0,22,20,0,True,0.14
SCEN_2023_LOW_oracle_actual_S2337,2337,oracle_actual,4220.0,0,0.0,22,20,0,True,0.11
SCEN_2023_LOW_oracle_actual_S2338,2338,oracle_actual,4220.0,0,0.0,22,20,0,True,0.11
SCEN_2023_LOW_oracle_actual_S2339,2339,oracle_actual,4220.0,0,0.0,22,20,0,True,0.11
SCEN_2023_LOW_oracle_actual_S2340,2340,oracle_actual,4220.0,0,0.0,22,20,0,True,0.11
SCEN_2023_LOW_oracle_actual_S2341,2341,oracle_actual,4220.0,0,0.0,22,20,0,True,0.11
SCEN_2023_LOW_oracle_actual_S2342,2342,oracle_actual,4220.0,0,0.0,22,20,0,True,0.11
SCEN_2023_LOW_oracle_actual_S2343,2343,oracle_actual,4220.0,0,0.0,22,20,0,True,0.11
SCEN_2023_LOW_oracle_actual_S2344,2344,oracle_actual,4220.0,0,0.0,22,20,0,True,0.11
SCEN_2023_LOW_oracle_actual_S2345,2345,oracle_actual,4220.0,0,0.0,22,20,0,True,0.11
SCEN_2023_LOW_oracle_actual_S2346,2346,oracle_actual,4220.0,0,0.0,22,20,0,True,0.11
SCEN_2023_LOW_oracle_actual_S2347,2347,oracle_actual,4220.0,0,0.0,22,20,0,True,0.14
SCEN_2023_LOW_oracle_actual_S2348,2348,oracle_actual,4220.0,0,0.0,22,20,0,True,0.11
SCEN_2023_LOW_oracle_actual_S2349,2349,oracle_actual,4220.0,0,0.0,22,20,0,True,0.11
SCEN_2023_LOW_oracle_actual_S2350,2350,oracle_actual,4220.0,0,0.0,22,20,0,True,0.11
SCEN_2023_LOW_oracle_actual_S2351,2351,oracle_actual,4220.0,0,0.0,22,20,0,True,0.11
SCEN_2023_LOW_oracle_actual_S2352,2352,oracle_actual,4220.0,0,0.0,22,20,0,True,0.11
SCEN_2023_LOW_oracle_actual_S2353,2353,oracle_actual,4220.0,0,0.0,22,20,0,True,0.11
SCEN_2023_LOW_oracle_actual_S2354,2354,oracle_actual,4220.0,0,0.0,22,20,0,True,0.11
SCEN_2023_LOW_oracle_actual_S2355,2355,oracle_actual,4220.0,0,0.0,22,20,0,True,0.11
SCEN_2023_LOW_oracle_actual_S2356,2356,oracle_actual,4220.0,0,0.0,22,20,0,True,0.11
SCEN_2023_LOW_oracle_actual_S2357,2357,oracle_actual,4220.0,0,0.0,22,20,0,True,0.12
SCEN_2023_LOW_oracle_actual_S2358,2358,oracle_actual,4220.0,0,0.0,22,20,0,True,0.11
SCEN_2023_LOW_oracle_actual_S2359,2359,oracle_actual,4220.0,0,0.0,22,20,0,True,0.11
SCEN_2023_LOW_oracle_actual_S2360,2360,oracle_actual,4220.0,0,0.0,22,20,0,True,0.11
SCEN_2023_LOW_oracle_actual_S2361,2361,oracle_actual,4220.0,0,0.0,22,20,0,True,0.11
SCEN_2023_LOW_oracle_actual_S2362,2362,oracle_actual,4220.0,0,0.0,22,20,0,True,0.11
SCEN_2023_LOW_oracle_actual_S2363,2363,oracle_actual,4220.0,0,0.0,22,20,0,True,0.11
SCEN_2023_LOW_oracle_actual_S2364,2364,oracle_actual,4220.0,0,0.0,22,20,0,True,0.11
SCEN_2023_LOW_oracle_actual_S2365,2365,oracle_actual,4220.0,0,0.0,22,20,0,True,0.11
SCEN_2023_LOW_oracle_actual_S2366,2366,oracle_actual,4220.0,0,0.0,22,20,0,True,0.11
SCEN_2023_LOW_oracle_actual_S2367,2367,oracle_actual,4220.0,0,0.0,22,20,0,True,0.11
SCEN_2023_LOW_oracle_actual_S2368,2368,oracle_actual,4220.0,0,0.0,22,20,0,True,0.12
SCEN_2023_LOW_oracle_actual_S2369,2369,oracle_actual,4220.0,0,0.0,22,20,0,True,0.11
SCEN_2023_LOW_oracle_actual_S2370,2370,oracle_actual,4220.0,0,0.0,22,20,0,True,0.11
SCEN_2023_LOW_oracle_actual_S2371,2371,oracle_actual,4220.0,0,0.0,22,20,0,True,0.11
SCEN_2023_LOW_oracle_actual_S2372,2372,oracle_actual,4220.0,0,0.0,22,20,0,True,0.11
SCEN_2023_LOW_oracle_actual_S2373,2373,oracle_actual,4220.0,0,0.0,22,20,0,True,0.11
SCEN_2023_LOW_oracle_actual_S2374,2374,oracle_actual,4220.0,0,0.0,22,20,0,True,0.11
SCEN_2023_LOW_oracle_actual_S2375,2375,oracle_actual,4220.0,0,0.0,22,20,0,True,0.11
SCEN_2023_LOW_oracle_actual_S2376,2376,oracle_actual,4220.0,0,0.0,22,20,0,True,0.11
SCEN_2023_LOW_oracle_actual_S2377,2377,oracle_actual,4220.0,0,0.0,22,20,0,True,0.11
SCEN_2023_LOW_oracle_actual_S2378,2378,oracle_actual,4220.0,0,0.0,22,20,0,True,0.11
SCEN_2023_LOW_oracle_actual_S2379,2379,oracle_actual,4220.0,0,0.0,22,20,0,True,0.12
SCEN_2023_LOW_oracle_actual_S2380,2380,oracle_actual,4220.0,0,0.0,22,20,0,True,0.11
SCEN_2023_LOW_oracle_actual_S2381,2381,oracle_actual,4220.0,0,0.0,22,20,0,True,0.11
SCEN_2023_LOW_oracle_actual_S2382,2382,oracle_actual,4220.0,0,0.0,22,20,0,True,0.12
SCEN_2023_LOW_oracle_actual_S2383,2383,oracle_actual,4220.0,0,0.0,22,20,0,True,0.11
SCEN_2023_LOW_oracle_actual_S2384,2384,oracle_actual,4220.0,0,0.0,22,20,0,True,0.13
SCEN_2023_LOW_oracle_actual_S2385,2385,oracle_actual,4220.0,0,0.0,22,20,0,True,0.11
SCEN_2023_LOW_oracle_actual_S2386,2386,oracle_actual,4220.0,0,0.0,22,20,0,True,0.12
SCEN_2023_LOW_oracle_actual_S2387,2387,oracle_actual,4220.0,0,0.0,22,20,0,True,0.11
SCEN_2023_LOW_oracle_actual_S2388,2388,oracle_actual,4220.0,0,0.0,22,20,0,True,0.11
SCEN_2023_LOW_oracle_actual_S2389,2389,oracle_actual,4220.0,0,0.0,22,20,0,True,0.11
SCEN_2023_LOW_oracle_actual_S2390,2390,oracle_actual,4220.0,0,0.0,22,20,0,True,0.12
SCEN_2023_LOW_oracle_actual_S2391,2391,oracle_actual,4220.0,0,0.0,22,20,0,True,0.11
SCEN_2023_LOW_oracle_actual_S2392,2392,oracle_actual,4220.0,0,0.0,22,20,0,True,0.11
SCEN_2023_LOW_oracle_actual_S2393,2393,oracle_actual,4220.0,0,0.0,22,20,0,True,0.11
SCEN_2023_LOW_oracle_actual_S2394,2394,oracle_actual,4220.0,0,0.0,22,20,0,True,0.11
SCEN_2023_LOW_oracle_actual_S2395,2395,oracle_actual,4220.0,0,0.0,22,20,0,True,0.11
SCEN_2023_LOW_oracle_actual_S2396,2396,oracle_actual,4220.0,0,0.0,22,20,0,True,0.12
SCEN_2023_LOW_oracle_actual_S2397,2397,oracle_actual,4220.0,0,0.0,22,20,0,True,0.11
SCEN_2023_LOW_oracle_actual_S2398,2398,oracle_actual,4220.0,0,0.0,22,20,0,True,0.13
SCEN_2023_LOW_oracle_actual_S2399,2399,oracle_actual,4220.0,0,0.0,22,20,0,True,0.11
SCEN_2023_LOW_oracle_actual_S2400,2400,oracle_actual,4220.0,0,0.0,22,20,0,True,0.11
SCEN_2023_LOW_oracle_actual_S2401,2401,oracle_actual,4220.0,0,0.0,22,20,0,True,0.11
SCEN_2023_LOW_oracle_actual_S2402,2402,oracle_actual,4220.0,0,0.0,22,20,0,True,0.11
SCEN_2023_LOW_oracle_actual_S2403,2403,oracle_actual,4220.0,0,0.0,22,20,0,True,0.12
SCEN_2023_LOW_oracle_actual_S2404,2404,oracle_actual,4220.0,0,0.0,22,20,0,True,0.11
SCEN_2023_LOW_oracle_actual_S2405,2405,oracle_actual,4220.0,0,0.0,22,20,0,True,0.11
SCEN_2023_LOW_oracle_actual_S2406,2406,oracle_actual,4220.0,0,0.0,22,20,0,True,0.11
SCEN_2023_LOW_oracle_actual_S2407,2407,oracle_actual,4220.0,0,0.0,22,20,0,True,0.11
SCEN_2023_LOW_oracle_actual_S2408,2408,oracle_actual,4220.0,0,0.0,22,20,0,True,0.11
SCEN_2023_LOW_oracle_actual_S2409,2409,oracle_actual,4220.0,0,0.0,22,20,0,True,0.11
SCEN_2023_LOW_oracle_actual_S2410,2410,oracle_actual,4220.0,0,0.0,22,20,0,True,0.11
SCEN_2023_LOW_oracle_actual_S2411,2411,oracle_actual,4220.0,0,0.0,22,20,0,True,0.11
SCEN_2023_LOW_oracle_actual_S2412,2412,oracle_actual,4220.0,0,0.0,22,20,0,True,0.11
SCEN_2023_LOW_oracle_actual_S2413,2413,oracle_actual,4220.0,0,0.0,22,20,0,True,0.11
SCEN_2023_LOW_oracle_actual_S2414,2414,oracle_actual,4220.0,0,0.0,22,20,0,True,0.11
SCEN_2023_LOW_oracle_actual_S2415,2415,oracle_actual,4220.0,0,0.0,22,20,0,True,0.11
SCEN_2023_LOW_oracle_actual_S2416,2416,oracle_actual,4220.0,0,0.0,22,20,0,True,0.11
SCEN_2023_LOW_oracle_actual_S2417,2417,oracle_actual,4220.0,0,0.0,22,20,0,True,0.11
SCEN_2023_LOW_oracle_actual_S2418,2418,oracle_actual,4220.0,0,0.0,22,20,0,True,0.12
SCEN_2023_LOW_oracle_actual_S2419,2419,oracle_actual,4220.0,0,0.0,22,20,0,True,0.11
SCEN_2023_LOW_oracle_actual_S2420,2420,oracle_actual,4220.0,0,0.0,22,20,0,True,0.11
SCEN_2023_LOW_oracle_actual_S2421,2421,oracle_actual,4220.0,0,0.0,22,20,0,True,0.11
SCEN_2023_LOW_oracle_actual_S2422,2422,oracle_actual,4220.0,0,0.0,22,20,0,True,0.11
SCEN_2023_LOW_oracle_actual_S2423,2423,oracle_actual,4220.0,0,0.0,22,20,0,True,0.15
SCEN_2023_LOW_oracle_actual_S2424,2424,oracle_actual,4220.0,0,0.0,22,20,0,True,0.11
SCEN_2023_LOW_oracle_actual_S2425,2425,oracle_actual,4220.0,0,0.0,22,20,0,True,0.11
SCEN_2023_LOW_oracle_actual_S2426,2426,oracle_actual,4220.0,0,0.0,22,20,0,True,0.11
SCEN_2023_LOW_oracle_actual_S2427,2427,oracle_actual,4220.0,0,0.0,22,20,0,True,0.11
SCEN_2023_LOW_oracle_actual_S2428,2428,oracle_actual,4220.0,0,0.0,22,20,0,True,0.11
SCEN_2023_LOW_oracle_actual_S2429,2429,oracle_actual,4220.0,0,0.0,22,20,0,True,0.11
SCEN_2023_LOW_oracle_actual_S2430,2430,oracle_actual,4220.0,0,0.0,22,20,0,True,0.11
SCEN_2023_LOW_oracle_actual_S2431,2431,oracle_actual,4220.0,0,0.0,22,20,0,True,0.14
SCEN_2023_LOW_oracle_actual_S2432,2432,oracle_actual,4220.0,0,0.0,22,20,0,True,0.11
SCEN_2023_LOW_oracle_actual_S2433,2433,oracle_actual,4220.0,0,0.0,22,20,0,True,0.11
SCEN_2023_LOW_oracle_actual_S2434,2434,oracle_actual,4220.0,0,0.0,22,20,0,True,0.13
SCEN_2023_LOW_oracle_actual_S2435,2435,oracle_actual,4220.0,0,0.0,22,20,0,True,0.11
SCEN_2023_LOW_oracle_actual_S2436,2436,oracle_actual,4220.0,0,0.0,22,20,0,True,0.11
SCEN_2023_LOW_oracle_actual_S2437,2437,oracle_actual,4220.0,0,0.0,22,20,0,True,0.11
SCEN_2023_LOW_oracle_actual_S2438,2438,oracle_actual,4220.0,0,0.0,22,20,0,True,0.11
SCEN_2023_LOW_oracle_actual_S2439,2439,oracle_actual,4220.0,0,0.0,22,20,0,True,0.11
SCEN_2023_LOW_oracle_actual_S2440,2440,oracle_actual,4220.0,0,0.0,22,20,0,True,0.11
SCEN_2023_LOW_oracle_actual_S2441,2441,oracle_actual,4220.0,0,0.0,22,20,0,True,0.11
SCEN_2023_LOW_oracle_actual_S2442,2442,oracle_actual,4220.0,0,0.0,22,20,0,True,0.11
SCEN_2023_LOW_oracle_actual_S2443,2443,oracle_actual,4220.0,0,0.0,22,20,0,True,0.11
SCEN_2023_LOW_oracle_actual_S2444,2444,oracle_actual,4220.0,0,0.0,22,20,0,True,0.11
SCEN_2023_LOW_oracle_actual_S2445,2445,oracle_actual,4220.0,0,0.0,22,20,0,True,0.11
SCEN_2023_LOW_oracle_actual_S2446,2446,oracle_actual,4220.0,0,0.0,22,20,0,True,0.11
SCEN_2023_LOW_oracle_actual_S2447,2447,oracle_actual,4220.0,0,0.0,22,20,0,True,0.11
SCEN_2023_LOW_oracle_actual_S2448,2448,oracle_actual,4220.0,0,0.0,22,20,0,True,0.11
SCEN_2023_LOW_oracle_actual_S2449,2449,oracle_actual,4220.0,0,0.0,22,20,0,True,0.11
SCEN_2023_LOW_oracle_actual_S2450,2450,oracle_actual,4220.0,0,0.0,22,20,0,True,0.11
SCEN_2023_LOW_oracle_actual_S2451,2451,oracle_actual,4220.0,0,0.0,22,20,0,True,0.12
SCEN_2023_LOW_oracle_actual_S2452,2452,oracle_actual,4220.0,0,0.0,22,20,0,True,0.11
SCEN_2023_LOW_oracle_actual_S2453,2453,oracle_actual,4220.0,0,0.0,22,20,0,True,0.11
SCEN_2023_LOW_oracle_actual_S2454,2454,oracle_actual,4220.0,0,0.0,22,20,0,True,0.11
SCEN_2023_LOW_oracle_actual_S2455,2455,oracle_actual,4220.0,0,0.0,22,20,0,True,0.11
SCEN_2023_LOW_oracle_actual_S2456,2456,oracle_actual,4220.0,0,0.0,22,20,0,True,0.11
SCEN_2023_LOW_oracle_actual_S2457,2457,oracle_actual,4220.0,0,0.0,22,20,0,True,0.11
SCEN_2023_LOW_oracle_actual_S2458,2458,oracle_actual,4220.0,0,0.0,22,20,0,True,0.11
SCEN_2023_LOW_oracle_actual_S2459,2459,oracle_actual,4220.0,0,0.0,22,20,0,True,0.11
SCEN_2023_LOW_oracle_actual_S2460,2460,oracle_actual,4220.0,0,0.0,22,20,0,True,0.11
SCEN_2023_LOW_oracle_actual_S2461,2461,oracle_actual,4220.0,0,0.0,22,20,0,True,0.11
SCEN_2023_LOW_oracle_actual_S2462,2462,oracle_actual,4220.0,0,0.0,22,20,0,True,0.11
SCEN_2023_LOW_oracle_actual_S2463,2463,oracle_actual,4220.0,0,0.0,22,20,0,True,0.17
SCEN_2023_LOW_oracle_actual_S2464,2464,oracle_actual,4220.0,0,0.0,22,20,0,True,0.11
SCEN_2023_LOW_oracle_actual_S2465,2465,oracle_actual,4220.0,0,0.0,22,20,0,True,0.11
SCEN_2023_LOW_oracle_actual_S2466,2466,oracle_actual,4220.0,0,0.0,22,20,0,True,0.11
SCEN_2023_LOW_oracle_actual_S2467,2467,oracle_actual,4220.0,0,0.0,22,20,0,True,0.11
SCEN_2023_LOW_oracle_actual_S2468,2468,oracle_actual,4220.0,0,0.0,22,20,0,True,0.12
SCEN_2023_LOW_oracle_actual_S2469,2469,oracle_actual,4220.0,0,0.0,22,20,0,True,0.11
SCEN_2023_LOW_oracle_actual_S2470,2470,oracle_actual,4220.0,0,0.0,22,20,0,True,0.11
SCEN_2023_LOW_oracle_actual_S2471,2471,oracle_actual,4220.0,0,0.0,22,20,0,True,0.11
SCEN_2023_LOW_oracle_actual_S2472,2472,oracle_actual,4220.0,0,0.0,22,20,0,True,0.11
SCEN_2023_LOW_oracle_actual_S2473,2473,oracle_actual,4220.0,0,0.0,22,20,0,True,0.13
SCEN_2023_LOW_oracle_actual_S2474,2474,oracle_actual,4220.0,0,0.0,22,20,0,True,0.11
SCEN_2023_LOW_oracle_actual_S2475,2475,oracle_actual,4220.0,0,0.0,22,20,0,True,0.11
SCEN_2023_LOW_oracle_actual_S2476,2476,oracle_actual,4220.0,0,0.0,22,20,0,True,0.11
SCEN_2023_LOW_oracle_actual_S2477,2477,oracle_actual,4220.0,0,0.0,22,20,0,True,0.11
SCEN_2023_LOW_oracle_actual_S2478,2478,oracle_actual,4220.0,0,0.0,22,20,0,True,0.11
SCEN_2023_LOW_oracle_actual_S2479,2479,oracle_actual,4220.0,0,0.0,22,20,0,True,0.11
SCEN_2023_LOW_oracle_actual_S2480,2480,oracle_actual,4220.0,0,0.0,22,20,0,True,0.15
SCEN_2023_LOW_oracle_actual_S2481,2481,oracle_actual,4220.0,0,0.0,22,20,0,True,0.11
SCEN_2023_LOW_oracle_actual_S2482,2482,oracle_actual,4220.0,0,0.0,22,20,0,True,0.13
SCEN_2023_LOW_oracle_actual_S2483,2483,oracle_actual,4220.0,0,0.0,22,20,0,True,0.11
SCEN_2023_LOW_oracle_actual_S2484,2484,oracle_actual,4220.0,0,0.0,22,20,0,True,0.11
SCEN_2023_LOW_oracle_actual_S2485,2485,oracle_actual,4220.0,0,0.0,22,20,0,True,0.11
SCEN_2023_LOW_oracle_actual_S2486,2486,oracle_actual,4220.0,0,0.0,22,20,0,True,0.11
SCEN_2023_LOW_oracle_actual_S2487,2487,oracle_actual,4220.0,0,0.0,22,20,0,True,0.2
SCEN_2023_LOW_oracle_actual_S2488,2488,oracle_actual,4220.0,0,0.0,22,20,0,True,0.11
SCEN_2023_LOW_oracle_actual_S2489,2489,oracle_actual,4220.0,0,0.0,22,20,0,True,0.13
SCEN_2023_LOW_oracle_actual_S2490,2490,oracle_actual,4220.0,0,0.0,22,20,0,True,0.11
SCEN_2023_LOW_oracle_actual_S2491,2491,oracle_actual,4220.0,0,0.0,22,20,0,True,0.11
SCEN_2023_LOW_oracle_actual_S2492,2492,oracle_actual,4220.0,0,0.0,22,20,0,True,0.11
SCEN_2023_LOW_oracle_actual_S2493,2493,oracle_actual,4220.0,0,0.0,22,20,0,True,0.11
SCEN_2023_LOW_oracle_actual_S2494,2494,oracle_actual,4220.0,0,0.0,22,20,0,True,0.12
SCEN_2023_LOW_oracle_actual_S2495,2495,oracle_actual,4220.0,0,0.0,22,20,0,True,0.11
SCEN_2023_LOW_oracle_actual_S2496,2496,oracle_actual,4220.0,0,0.0,22,20,0,True,0.15
SCEN_2023_LOW_oracle_actual_S2497,2497,oracle_actual,4220.0,0,0.0,22,20,0,True,0.11
SCEN_2023_LOW_oracle_actual_S2498,2498,oracle_actual,4220.0,0,0.0,22,20,0,True,0.11
SCEN_2023_LOW_oracle_actual_S2499,2499,oracle_actual,4220.0,0,0.0,22,20,0,True,0.11
